email,hidden_ability,language,name,persona,preferred_paper_type,strong_chapter_ids,student_code,synthetic_student_index,target_grade,target_score,user_id,weak_chapter_ids
synthetic.student0001@mathsy.synthetic,0.6289,english,Synthetic Student 001 (B Level),Flexible Learner,kertas1,"[9, 17]",STU-SYN0001,1,B,61.2,14763,"[11, 12]"
synthetic.student0002@mathsy.synthetic,0.684,english,Synthetic Student 002 (B+ Level),Weekend Learner,kertas1,"[5, 12, 15, 4]",STU-SYN0002,2,B+,67.25,14764,"[7, 1]"
synthetic.student0003@mathsy.synthetic,0.9169,bm,Synthetic Student 003 (A Level),High Achiever,mixed,"[3, 4]",STU-SYN0003,3,A,88.89,14765,"[17, 7, 8, 15, 9]"
synthetic.student0004@mathsy.synthetic,0.6171,bm,Synthetic Student 004 (B Level),Consistent Climber,kertas2,"[1, 2, 6]",STU-SYN0004,4,B,61.56,14766,"[18, 11, 8, 4, 7]"
synthetic.student0005@mathsy.synthetic,0.7145,english,Synthetic Student 005 (B Level),Deep Focus Learner,kertas2,"[10, 9, 11]",STU-SYN0005,5,B,64.49,14767,"[18, 13, 16, 7, 2]"
synthetic.student0006@mathsy.synthetic,0.4613,english,Synthetic Student 006 (E Level),Flexible Learner,kertas1,"[16, 12]",STU-SYN0006,6,E,43.5,14768,"[4, 13, 17]"
synthetic.student0007@mathsy.synthetic,0.7147,english,Synthetic Student 007 (B+ Level),Flexible Learner,kertas1,"[12, 18, 15, 4]",STU-SYN0007,7,B+,68.18,14769,"[17, 5, 2, 10]"
synthetic.student0008@mathsy.synthetic,0.7637,bm,Synthetic Student 008 (A- Level),Deep Focus Learner,kertas1,"[14, 18, 10]",STU-SYN0008,8,A-,74.86,14770,"[11, 4]"
synthetic.student0009@mathsy.synthetic,0.7843,english,Synthetic Student 009 (A Level),Consistent Climber,mixed,"[17, 12]",STU-SYN0009,9,A,82.39,14771,"[13, 3]"
synthetic.student0010@mathsy.synthetic,0.6251,bm,Synthetic Student 010 (C+ Level),Deep Focus Learner,kertas1,"[1, 7, 3]",STU-SYN0010,10,C+,56.97,14772,"[18, 12, 15, 14, 4]"
synthetic.student0011@mathsy.synthetic,0.4573,english,Synthetic Student 011 (E Level),Flexible Learner,kertas1,"[2, 7, 11]",STU-SYN0011,11,E,44.4,14773,"[14, 1]"
synthetic.student0012@mathsy.synthetic,0.562,bm,Synthetic Student 012 (C Level),Weekend Learner,kertas1,"[9, 10, 6, 8]",STU-SYN0012,12,C,51.55,14774,"[13, 4, 14, 15]"
synthetic.student0013@mathsy.synthetic,0.7122,english,Synthetic Student 013 (B+ Level),Flexible Learner,kertas1,"[6, 12]",STU-SYN0013,13,B+,66.25,14775,"[3, 2, 14, 17, 8]"
synthetic.student0014@mathsy.synthetic,0.8408,bm,Synthetic Student 014 (A Level),Consistent Climber,mixed,"[9, 12, 11, 5]",STU-SYN0014,14,A,87.56,14776,"[4, 13]"
synthetic.student0015@mathsy.synthetic,0.745,bm,Synthetic Student 015 (A- Level),Consistent Climber,kertas2,"[6, 15]",STU-SYN0015,15,A-,75.47,14777,"[3, 13, 14, 10]"
synthetic.student0016@mathsy.synthetic,0.4618,bm,Synthetic Student 016 (G Level),Weekend Learner,kertas1,"[18, 12, 6, 13]",STU-SYN0016,16,G,38.99,14778,"[17, 1, 4, 14]"
synthetic.student0017@mathsy.synthetic,0.6887,bm,Synthetic Student 017 (B+ Level),Weekend Learner,kertas2,"[5, 13]",STU-SYN0017,17,B+,66.62,14779,"[15, 18, 16]"
synthetic.student0018@mathsy.synthetic,0.6891,bm,Synthetic Student 018 (B Level),Weekend Learner,mixed,"[7, 10, 15]",STU-SYN0018,18,B,62.44,14780,"[6, 1, 13, 9, 5]"
synthetic.student0019@mathsy.synthetic,0.6265,english,Synthetic Student 019 (C+ Level),Weekend Learner,mixed,"[8, 9]",STU-SYN0019,19,C+,56.99,14781,"[18, 15, 13, 10, 4]"
synthetic.student0020@mathsy.synthetic,0.696,english,Synthetic Student 020 (A- Level),Consistent Climber,kertas1,"[5, 14, 9]",STU-SYN0020,20,A-,74.3,14782,"[12, 1]"
synthetic.student0021@mathsy.synthetic,0.754,english,Synthetic Student 021 (A- Level),Consistent Climber,mixed,"[7, 2, 5, 8]",STU-SYN0021,21,A-,78.5,14783,"[9, 17, 3]"
synthetic.student0022@mathsy.synthetic,0.6267,english,Synthetic Student 022 (C+ Level),Flexible Learner,kertas1,"[10, 12, 14]",STU-SYN0022,22,C+,58.58,14784,"[7, 15, 18]"
synthetic.student0023@mathsy.synthetic,0.7066,bm,Synthetic Student 023 (B+ Level),Weekend Learner,kertas2,"[14, 5, 7, 16]",STU-SYN0023,23,B+,65.51,14785,"[15, 8, 12, 10, 9]"
synthetic.student0024@mathsy.synthetic,0.6645,english,Synthetic Student 024 (B Level),Weekend Learner,kertas2,"[7, 2, 13]",STU-SYN0024,24,B,62.19,14786,"[18, 16, 14, 3]"
synthetic.student0025@mathsy.synthetic,0.4649,english,Synthetic Student 025 (E Level),Flexible Learner,mixed,"[8, 13, 11, 6]",STU-SYN0025,25,E,40.91,14787,"[9, 4, 18, 7, 14]"
synthetic.student0026@mathsy.synthetic,0.6916,english,Synthetic Student 026 (B Level),Flexible Learner,kertas2,"[12, 3, 4]",STU-SYN0026,26,B,62.38,14788,"[10, 5, 8, 6, 1]"
synthetic.student0027@mathsy.synthetic,0.6127,bm,Synthetic Student 027 (C Level),Fresh Starter,kertas1,"[8, 13]",STU-SYN0027,27,C,50.03,14789,"[9, 2, 11]"
synthetic.student0028@mathsy.synthetic,0.5534,bm,Synthetic Student 028 (E Level),Fresh Starter,mixed,"[12, 1, 9, 11]",STU-SYN0028,28,E,43.57,14790,"[2, 16]"
synthetic.student0029@mathsy.synthetic,0.5121,english,Synthetic Student 029 (G Level),Fresh Starter,kertas1,"[7, 3, 4]",STU-SYN0029,29,G,38.62,14791,"[16, 9, 2, 13, 5]"
synthetic.student0030@mathsy.synthetic,0.6006,english,Synthetic Student 030 (C Level),Weekend Learner,kertas1,"[8, 4, 7, 18]",STU-SYN0030,30,C,52.38,14792,"[15, 6, 12, 13, 11]"
synthetic.student0031@mathsy.synthetic,0.6357,english,Synthetic Student 031 (B Level),Flexible Learner,kertas1,"[13, 18, 10]",STU-SYN0031,31,B,62.35,14793,"[7, 12, 2]"
synthetic.student0032@mathsy.synthetic,0.695,bm,Synthetic Student 032 (B+ Level),Flexible Learner,mixed,"[8, 13]",STU-SYN0032,32,B+,65.25,14794,"[18, 14, 10]"
synthetic.student0033@mathsy.synthetic,0.647,english,Synthetic Student 033 (C+ Level),Deep Focus Learner,kertas1,"[13, 17, 11]",STU-SYN0033,33,C+,58.65,14795,"[12, 18, 5, 3]"
synthetic.student0034@mathsy.synthetic,0.5822,english,Synthetic Student 034 (C Level),Flexible Learner,kertas2,"[3, 16, 7]",STU-SYN0034,34,C,53.24,14796,"[4, 11, 8, 9]"
synthetic.student0035@mathsy.synthetic,0.7146,english,Synthetic Student 035 (B+ Level),Weekend Learner,kertas1,"[8, 17, 2]",STU-SYN0035,35,B+,69.04,14797,"[14, 11, 4]"
synthetic.student0036@mathsy.synthetic,0.9252,english,Synthetic Student 036 (A+ Level),High Achiever,kertas2,"[6, 14, 17, 2]",STU-SYN0036,36,A+,97.0,14798,"[3, 18]"
synthetic.student0037@mathsy.synthetic,0.7096,bm,Synthetic Student 037 (B+ Level),Weekend Learner,kertas2,"[14, 1]",STU-SYN0037,37,B+,66.75,14799,"[15, 3, 6]"
synthetic.student0038@mathsy.synthetic,0.6965,english,Synthetic Student 038 (B Level),Deep Focus Learner,kertas1,"[16, 8, 11, 18]",STU-SYN0038,38,B,64.85,14800,"[12, 7]"
synthetic.student0039@mathsy.synthetic,0.5599,bm,Synthetic Student 039 (C Level),Deep Focus Learner,kertas2,"[9, 3]",STU-SYN0039,39,C,52.65,14801,"[11, 4, 1]"
synthetic.student0040@mathsy.synthetic,0.4522,bm,Synthetic Student 040 (D Level),Flexible Learner,mixed,"[3, 7, 4, 17]",STU-SYN0040,40,D,45.97,14802,"[18, 14]"
synthetic.student0041@mathsy.synthetic,0.5085,english,Synthetic Student 041 (E Level),Flexible Learner,kertas1,"[8, 12, 1, 4]",STU-SYN0041,41,E,44.92,14803,"[9, 17, 2, 16, 5]"
synthetic.student0042@mathsy.synthetic,0.4232,bm,Synthetic Student 042 (G Level),Weekend Learner,kertas1,"[12, 2, 18, 15]",STU-SYN0042,42,G,37.9,14804,"[10, 8, 6, 5, 7]"
synthetic.student0043@mathsy.synthetic,0.8591,english,Synthetic Student 043 (A+ Level),Consistent Climber,kertas1,"[16, 11, 4, 7]",STU-SYN0043,43,A+,92.19,14805,"[18, 10]"
synthetic.student0044@mathsy.synthetic,0.5448,english,Synthetic Student 044 (C Level),Deep Focus Learner,mixed,"[9, 11, 1, 10]",STU-SYN0044,44,C,50.56,14806,"[8, 7, 2, 4]"
synthetic.student0045@mathsy.synthetic,0.6511,english,Synthetic Student 045 (B+ Level),Consistent Climber,kertas1,"[16, 13, 11, 2]",STU-SYN0045,45,B+,65.75,14807,"[3, 15, 17]"
synthetic.student0046@mathsy.synthetic,0.6816,english,Synthetic Student 046 (B+ Level),Flexible Learner,kertas1,"[17, 11]",STU-SYN0046,46,B+,65.82,14808,"[2, 1, 3]"
synthetic.student0047@mathsy.synthetic,0.606,english,Synthetic Student 047 (D Level),Fresh Starter,kertas2,"[5, 11, 17]",STU-SYN0047,47,D,45.83,14809,"[12, 9, 7, 10]"
synthetic.student0048@mathsy.synthetic,0.5168,bm,Synthetic Student 048 (D Level),Flexible Learner,kertas2,"[11, 3, 6]",STU-SYN0048,48,D,45.7,14810,"[4, 10, 12, 5, 17]"
synthetic.student0049@mathsy.synthetic,0.4448,bm,Synthetic Student 049 (E Level),Weekend Learner,mixed,"[3, 12]",STU-SYN0049,49,E,42.29,14811,"[4, 18, 14]"
synthetic.student0050@mathsy.synthetic,0.8494,english,Synthetic Student 050 (A Level),Consistent Climber,kertas2,"[14, 18, 13, 16]",STU-SYN0050,50,A,85.7,14812,"[9, 4, 2, 8]"
synthetic.student0051@mathsy.synthetic,0.8563,english,Synthetic Student 051 (A Level),Consistent Climber,mixed,"[15, 9]",STU-SYN0051,51,A,85.08,14813,"[2, 18, 11, 17, 5]"
synthetic.student0052@mathsy.synthetic,0.396,english,Synthetic Student 052 (G Level),Fresh Starter,kertas2,"[9, 13]",STU-SYN0052,52,G,27.68,14814,"[14, 7, 15]"
synthetic.student0053@mathsy.synthetic,0.7048,english,Synthetic Student 053 (B+ Level),Deep Focus Learner,kertas1,"[17, 1, 5]",STU-SYN0053,53,B+,66.61,14815,"[3, 9]"
synthetic.student0054@mathsy.synthetic,0.7954,english,Synthetic Student 054 (A- Level),High Achiever,kertas2,"[8, 17, 10]",STU-SYN0054,54,A-,79.95,14816,"[5, 13, 2, 4, 18]"
synthetic.student0055@mathsy.synthetic,0.8152,bm,Synthetic Student 055 (A Level),High Achiever,kertas2,"[6, 3, 1]",STU-SYN0055,55,A,85.54,14817,"[4, 11]"
synthetic.student0056@mathsy.synthetic,0.5166,english,Synthetic Student 056 (D Level),Flexible Learner,kertas1,"[4, 9, 17, 16]",STU-SYN0056,56,D,46.18,14818,"[12, 13, 5, 6]"
synthetic.student0057@mathsy.synthetic,0.5225,english,Synthetic Student 057 (C Level),Flexible Learner,mixed,"[17, 13]",STU-SYN0057,57,C,52.25,14819,"[7, 8]"
synthetic.student0058@mathsy.synthetic,0.6621,english,Synthetic Student 058 (C+ Level),Flexible Learner,mixed,"[7, 17, 11]",STU-SYN0058,58,C+,59.6,14820,"[14, 1, 12, 18, 3]"
synthetic.student0059@mathsy.synthetic,0.5206,english,Synthetic Student 059 (D Level),Weekend Learner,kertas1,"[1, 17]",STU-SYN0059,59,D,45.83,14821,"[18, 10, 6]"
synthetic.student0060@mathsy.synthetic,0.7203,bm,Synthetic Student 060 (B+ Level),Flexible Learner,kertas2,"[8, 15, 9]",STU-SYN0060,60,B+,65.52,14822,"[7, 4, 1, 5, 11]"
synthetic.student0061@mathsy.synthetic,0.601,bm,Synthetic Student 061 (B Level),Consistent Climber,kertas1,"[12, 6, 15, 10]",STU-SYN0061,61,B,60.68,14823,"[11, 8, 2, 3]"
synthetic.student0062@mathsy.synthetic,0.403,english,Synthetic Student 062 (G Level),Fresh Starter,kertas1,"[12, 5, 4, 13]",STU-SYN0062,62,G,32.07,14824,"[17, 11]"
synthetic.student0063@mathsy.synthetic,0.4986,english,Synthetic Student 063 (D Level),Flexible Learner,kertas2,"[17, 9, 11, 16]",STU-SYN0063,63,D,47.18,14825,"[4, 3]"
synthetic.student0064@mathsy.synthetic,0.7405,bm,Synthetic Student 064 (B+ Level),Flexible Learner,kertas1,"[11, 16]",STU-SYN0064,64,B+,69.57,14826,"[7, 8, 3, 12, 6]"
synthetic.student0065@mathsy.synthetic,0.6058,english,Synthetic Student 065 (B Level),Consistent Climber,kertas2,"[16, 5, 12]",STU-SYN0065,65,B,62.12,14827,"[14, 4, 7]"
synthetic.student0066@mathsy.synthetic,0.6525,english,Synthetic Student 066 (B Level),Flexible Learner,mixed,"[2, 3, 16]",STU-SYN0066,66,B,64.2,14828,"[12, 18, 17]"
synthetic.student0067@mathsy.synthetic,0.669,english,Synthetic Student 067 (B Level),Deep Focus Learner,kertas2,"[15, 3, 13, 1]",STU-SYN0067,67,B,64.69,14829,"[9, 7]"
synthetic.student0068@mathsy.synthetic,0.5183,english,Synthetic Student 068 (D Level),Flexible Learner,mixed,"[13, 17]",STU-SYN0068,68,D,47.51,14830,"[3, 18, 5]"
synthetic.student0069@mathsy.synthetic,0.7416,english,Synthetic Student 069 (A- Level),Weekend Learner,kertas1,"[5, 18, 12, 9]",STU-SYN0069,69,A-,71.58,14831,"[7, 13]"
synthetic.student0070@mathsy.synthetic,0.5987,english,Synthetic Student 070 (C Level),Deep Focus Learner,kertas1,"[6, 16, 9, 1]",STU-SYN0070,70,C,53.81,14832,"[11, 15, 14, 12]"
synthetic.student0071@mathsy.synthetic,0.6238,english,Synthetic Student 071 (B+ Level),Consistent Climber,kertas1,"[12, 10, 16]",STU-SYN0071,71,B+,68.08,14833,"[18, 3]"
synthetic.student0072@mathsy.synthetic,0.3608,bm,Synthetic Student 072 (G Level),Fresh Starter,kertas1,"[11, 12]",STU-SYN0072,72,G,25,14834,"[15, 3, 4, 18]"
synthetic.student0073@mathsy.synthetic,0.3028,bm,Synthetic Student 073 (G Level),Fresh Starter,kertas1,"[15, 7, 18, 8]",STU-SYN0073,73,G,25,14835,"[5, 17]"
synthetic.student0074@mathsy.synthetic,0.5248,english,Synthetic Student 074 (D Level),Deep Focus Learner,kertas2,"[18, 17]",STU-SYN0074,74,D,47.51,14836,"[16, 3, 7, 10, 14]"
synthetic.student0075@mathsy.synthetic,0.67,bm,Synthetic Student 075 (B+ Level),Consistent Climber,kertas1,"[6, 17]",STU-SYN0075,75,B+,69.4,14837,"[3, 2, 7, 9]"
synthetic.student0076@mathsy.synthetic,0.474,english,Synthetic Student 076 (D Level),Flexible Learner,kertas1,"[13, 5, 7, 18]",STU-SYN0076,76,D,47.37,14838,"[8, 9]"
synthetic.student0077@mathsy.synthetic,0.4286,english,Synthetic Student 077 (G Level),Fresh Starter,kertas2,"[6, 2]",STU-SYN0077,77,G,31.65,14839,"[1, 9]"
synthetic.student0078@mathsy.synthetic,0.4595,english,Synthetic Student 078 (D Level),Weekend Learner,kertas2,"[17, 14, 5]",STU-SYN0078,78,D,45.81,14840,"[8, 11]"
synthetic.student0079@mathsy.synthetic,0.6812,bm,Synthetic Student 079 (B+ Level),Flexible Learner,kertas2,"[8, 4, 15, 5]",STU-SYN0079,79,B+,66.09,14841,"[17, 14, 18]"
synthetic.student0080@mathsy.synthetic,0.5465,bm,Synthetic Student 080 (D Level),Deep Focus Learner,mixed,"[17, 1, 4]",STU-SYN0080,80,D,48.57,14842,"[5, 7, 15, 6, 10]"
synthetic.student0081@mathsy.synthetic,0.5514,english,Synthetic Student 081 (C Level),Deep Focus Learner,kertas1,"[5, 11, 3, 8]",STU-SYN0081,81,C,50.2,14843,"[17, 12, 15, 4, 18]"
synthetic.student0082@mathsy.synthetic,0.6896,english,Synthetic Student 082 (A- Level),Consistent Climber,kertas1,"[7, 8, 15]",STU-SYN0082,82,A-,73.77,14844,"[5, 16, 3]"
synthetic.student0083@mathsy.synthetic,0.4205,english,Synthetic Student 083 (G Level),Weekend Learner,kertas2,"[13, 16]",STU-SYN0083,83,G,38.48,14845,"[6, 14, 10]"
synthetic.student0084@mathsy.synthetic,0.449,english,Synthetic Student 084 (G Level),Fresh Starter,kertas1,"[17, 6, 3, 13]",STU-SYN0084,84,G,32.23,14846,"[15, 14, 12]"
synthetic.student0085@mathsy.synthetic,0.6209,bm,Synthetic Student 085 (C+ Level),Flexible Learner,kertas1,"[4, 2, 10, 15]",STU-SYN0085,85,C+,56.95,14847,"[5, 3, 13, 12, 8]"
synthetic.student0086@mathsy.synthetic,0.8807,english,Synthetic Student 086 (A Level),High Achiever,kertas2,"[2, 10, 8]",STU-SYN0086,86,A,89.7,14848,"[9, 1, 15, 11]"
synthetic.student0087@mathsy.synthetic,0.4537,english,Synthetic Student 087 (E Level),Flexible Learner,kertas1,"[4, 13, 5, 7]",STU-SYN0087,87,E,40.36,14849,"[11, 17, 6, 15, 16]"
synthetic.student0088@mathsy.synthetic,0.4559,english,Synthetic Student 088 (G Level),Flexible Learner,mixed,"[18, 7]",STU-SYN0088,88,G,39.17,14850,"[13, 16, 8, 3, 14]"
synthetic.student0089@mathsy.synthetic,0.6654,bm,Synthetic Student 089 (B Level),Weekend Learner,kertas1,"[15, 14]",STU-SYN0089,89,B,62.67,14851,"[13, 4, 6]"
synthetic.student0090@mathsy.synthetic,0.8477,bm,Synthetic Student 090 (A Level),Consistent Climber,mixed,"[1, 18, 6]",STU-SYN0090,90,A,87.27,14852,"[12, 4, 16]"
synthetic.student0091@mathsy.synthetic,0.7996,bm,Synthetic Student 091 (A Level),High Achiever,mixed,"[9, 14, 5, 7]",STU-SYN0091,91,A,85.8,14853,"[8, 10]"
synthetic.student0092@mathsy.synthetic,0.5492,english,Synthetic Student 092 (C Level),Deep Focus Learner,mixed,"[1, 11, 5, 18]",STU-SYN0092,92,C,50.66,14854,"[7, 14, 13]"
synthetic.student0093@mathsy.synthetic,0.5169,english,Synthetic Student 093 (D Level),Flexible Learner,kertas1,"[5, 3]",STU-SYN0093,93,D,48.7,14855,"[9, 16, 11]"
synthetic.student0094@mathsy.synthetic,0.706,english,Synthetic Student 094 (B+ Level),Deep Focus Learner,kertas1,"[6, 13, 4]",STU-SYN0094,94,B+,68.81,14856,"[9, 10]"
synthetic.student0095@mathsy.synthetic,0.5957,english,Synthetic Student 095 (C+ Level),Flexible Learner,kertas1,"[7, 16, 1]",STU-SYN0095,95,C+,56.52,14857,"[17, 6, 9, 11, 10]"
synthetic.student0096@mathsy.synthetic,0.7352,english,Synthetic Student 096 (A- Level),Flexible Learner,kertas2,"[16, 6]",STU-SYN0096,96,A-,71.6,14858,"[4, 5]"
synthetic.student0097@mathsy.synthetic,0.8747,english,Synthetic Student 097 (A+ Level),High Achiever,kertas1,"[1, 12, 15]",STU-SYN0097,97,A+,93.41,14859,"[2, 3]"
synthetic.student0098@mathsy.synthetic,0.589,english,Synthetic Student 098 (B Level),Consistent Climber,mixed,"[18, 14]",STU-SYN0098,98,B,60.27,14860,"[10, 8, 2]"
synthetic.student0099@mathsy.synthetic,0.5134,english,Synthetic Student 099 (G Level),Fresh Starter,kertas1,"[10, 8]",STU-SYN0099,99,G,37.02,14861,"[5, 17, 9, 16, 13]"
synthetic.student0100@mathsy.synthetic,0.7959,bm,Synthetic Student 100 (A- Level),Deep Focus Learner,mixed,"[12, 7, 15, 10]",STU-SYN0100,100,A-,75.55,14862,"[6, 8, 17]"
synthetic.student0101@mathsy.synthetic,0.6798,english,Synthetic Student 101 (B+ Level),Consistent Climber,kertas2,"[14, 13, 4]",STU-SYN0101,101,B+,68.64,14863,"[8, 7, 11, 10, 3]"
synthetic.student0102@mathsy.synthetic,0.6345,english,Synthetic Student 102 (B Level),Flexible Learner,mixed,"[17, 15]",STU-SYN0102,102,B,62.01,14864,"[9, 8]"
synthetic.student0103@mathsy.synthetic,0.8398,bm,Synthetic Student 103 (A Level),Consistent Climber,kertas2,"[3, 7]",STU-SYN0103,103,A,87.96,14865,"[12, 14, 18]"
synthetic.student0104@mathsy.synthetic,0.7125,bm,Synthetic Student 104 (B+ Level),Flexible Learner,mixed,"[11, 6]",STU-SYN0104,104,B+,66.2,14866,"[3, 9, 7, 18]"
synthetic.student0105@mathsy.synthetic,0.6537,bm,Synthetic Student 105 (B Level),Deep Focus Learner,kertas1,"[3, 2]",STU-SYN0105,105,B,60.23,14867,"[7, 17, 4, 16, 13]"
synthetic.student0106@mathsy.synthetic,0.6616,english,Synthetic Student 106 (B Level),Deep Focus Learner,kertas1,"[16, 6, 18, 10]",STU-SYN0106,106,B,64.36,14868,"[7, 3]"
synthetic.student0107@mathsy.synthetic,0.6316,bm,Synthetic Student 107 (B+ Level),Consistent Climber,kertas2,"[2, 17]",STU-SYN0107,107,B+,66.88,14869,"[16, 13, 11]"
synthetic.student0108@mathsy.synthetic,0.6771,english,Synthetic Student 108 (B Level),Deep Focus Learner,kertas1,"[17, 8, 7]",STU-SYN0108,108,B,61.91,14870,"[9, 13, 14]"
synthetic.student0109@mathsy.synthetic,0.666,bm,Synthetic Student 109 (B Level),Flexible Learner,kertas1,"[2, 16, 5]",STU-SYN0109,109,B,63.3,14871,"[11, 10, 4, 13]"
synthetic.student0110@mathsy.synthetic,0.7426,english,Synthetic Student 110 (B+ Level),Deep Focus Learner,mixed,"[17, 5, 9, 1]",STU-SYN0110,110,B+,68.95,14872,"[14, 8, 6, 4]"
synthetic.student0111@mathsy.synthetic,0.5999,english,Synthetic Student 111 (C+ Level),Flexible Learner,kertas1,"[1, 18, 17, 10]",STU-SYN0111,111,C+,56.45,14873,"[3, 7, 15]"
synthetic.student0112@mathsy.synthetic,0.6075,english,Synthetic Student 112 (C+ Level),Flexible Learner,kertas2,"[13, 10, 15]",STU-SYN0112,112,C+,59.6,14874,"[4, 7]"
synthetic.student0113@mathsy.synthetic,0.8594,english,Synthetic Student 113 (A Level),Consistent Climber,kertas1,"[15, 9]",STU-SYN0113,113,A,87.89,14875,"[13, 18, 12]"
synthetic.student0114@mathsy.synthetic,0.7416,bm,Synthetic Student 114 (A- Level),Flexible Learner,mixed,"[17, 6, 14, 3]",STU-SYN0114,114,A-,71.26,14876,"[8, 13, 2, 15]"
synthetic.student0115@mathsy.synthetic,0.6432,english,Synthetic Student 115 (B+ Level),Consistent Climber,mixed,"[6, 8, 15, 18]",STU-SYN0115,115,B+,67.2,14877,"[9, 16]"
synthetic.student0116@mathsy.synthetic,0.4236,bm,Synthetic Student 116 (G Level),Weekend Learner,kertas1,"[2, 7, 15, 5]",STU-SYN0116,116,G,36.32,14878,"[18, 3, 9, 11, 12]"
synthetic.student0117@mathsy.synthetic,0.8416,english,Synthetic Student 117 (A Level),High Achiever,kertas1,"[1, 8]",STU-SYN0117,117,A,84.95,14879,"[7, 17, 15, 3, 6]"
synthetic.student0118@mathsy.synthetic,0.6715,english,Synthetic Student 118 (B Level),Deep Focus Learner,kertas1,"[3, 5, 8]",STU-SYN0118,118,B,62.69,14880,"[10, 2, 9, 4]"
synthetic.student0119@mathsy.synthetic,0.5693,english,Synthetic Student 119 (C Level),Weekend Learner,kertas1,"[15, 6, 18, 2]",STU-SYN0119,119,C,50.23,14881,"[14, 9, 10, 16, 13]"
synthetic.student0120@mathsy.synthetic,0.6814,english,Synthetic Student 120 (A- Level),Consistent Climber,mixed,"[1, 2, 7]",STU-SYN0120,120,A-,70.49,14882,"[16, 5, 14]"
synthetic.student0121@mathsy.synthetic,0.7325,bm,Synthetic Student 121 (A- Level),Weekend Learner,kertas1,"[18, 7, 1, 14]",STU-SYN0121,121,A-,70.53,14883,"[2, 16]"
synthetic.student0122@mathsy.synthetic,0.7068,english,Synthetic Student 122 (B+ Level),Flexible Learner,mixed,"[10, 12]",STU-SYN0122,122,B+,68.74,14884,"[13, 15, 7]"
synthetic.student0123@mathsy.synthetic,0.695,english,Synthetic Student 123 (B Level),Deep Focus Learner,mixed,"[4, 5, 8]",STU-SYN0123,123,B,64.03,14885,"[13, 9, 6, 12]"
synthetic.student0124@mathsy.synthetic,0.5989,bm,Synthetic Student 124 (C+ Level),Flexible Learner,kertas1,"[3, 6, 4, 10]",STU-SYN0124,124,C+,58.0,14886,"[18, 9]"
synthetic.student0125@mathsy.synthetic,0.5244,bm,Synthetic Student 125 (E Level),Fresh Starter,kertas2,"[10, 6, 15]",STU-SYN0125,125,E,41.45,14887,"[14, 8]"
synthetic.student0126@mathsy.synthetic,0.613,bm,Synthetic Student 126 (B Level),Consistent Climber,kertas2,"[13, 3]",STU-SYN0126,126,B,62.96,14888,"[1, 9, 8, 5, 18]"
synthetic.student0127@mathsy.synthetic,0.7958,english,Synthetic Student 127 (A Level),Consistent Climber,kertas2,"[15, 13, 14, 9]",STU-SYN0127,127,A,82.75,14889,"[6, 16]"
synthetic.student0128@mathsy.synthetic,0.6377,english,Synthetic Student 128 (B Level),Deep Focus Learner,kertas1,"[12, 17, 13, 1]",STU-SYN0128,128,B,60.6,14890,"[9, 8, 3]"
synthetic.student0129@mathsy.synthetic,0.7783,english,Synthetic Student 129 (A- Level),Deep Focus Learner,mixed,"[17, 10, 8]",STU-SYN0129,129,A-,72.28,14891,"[18, 13, 9]"
synthetic.student0130@mathsy.synthetic,0.6002,bm,Synthetic Student 130 (B+ Level),Consistent Climber,mixed,"[2, 14]",STU-SYN0130,130,B+,65.98,14892,"[7, 5]"
synthetic.student0131@mathsy.synthetic,0.5814,bm,Synthetic Student 131 (D Level),Fresh Starter,mixed,"[9, 1, 10]",STU-SYN0131,131,D,45.24,14893,"[18, 5, 6, 16, 14]"
synthetic.student0132@mathsy.synthetic,0.6287,english,Synthetic Student 132 (C+ Level),Weekend Learner,mixed,"[9, 17, 10]",STU-SYN0132,132,C+,58.69,14894,"[13, 16, 15]"
synthetic.student0133@mathsy.synthetic,0.851,english,Synthetic Student 133 (A Level),High Achiever,kertas1,"[8, 6, 15]",STU-SYN0133,133,A,87.35,14895,"[14, 3, 5, 7]"
synthetic.student0134@mathsy.synthetic,0.6981,english,Synthetic Student 134 (B Level),Deep Focus Learner,kertas2,"[8, 6, 10, 14]",STU-SYN0134,134,B,64.82,14896,"[5, 7, 9, 15]"
synthetic.student0135@mathsy.synthetic,0.8949,english,Synthetic Student 135 (A+ Level),High Achiever,kertas1,"[3, 5, 4]",STU-SYN0135,135,A+,91.42,14897,"[16, 7, 12, 9]"
synthetic.student0136@mathsy.synthetic,0.6547,english,Synthetic Student 136 (C+ Level),Weekend Learner,kertas2,"[5, 14, 4, 7]",STU-SYN0136,136,C+,59.4,14898,"[8, 2, 13]"
synthetic.student0137@mathsy.synthetic,0.7315,bm,Synthetic Student 137 (A- Level),Consistent Climber,kertas1,"[13, 3, 6]",STU-SYN0137,137,A-,73.44,14899,"[8, 7, 17, 16, 11]"
synthetic.student0138@mathsy.synthetic,0.5153,english,Synthetic Student 138 (G Level),Fresh Starter,kertas2,"[11, 6]",STU-SYN0138,138,G,40.0,14900,"[9, 12, 18]"
synthetic.student0139@mathsy.synthetic,0.4839,english,Synthetic Student 139 (E Level),Flexible Learner,kertas1,"[17, 3, 9, 5]",STU-SYN0139,139,E,44.45,14901,"[18, 2, 15]"
synthetic.student0140@mathsy.synthetic,0.8609,bm,Synthetic Student 140 (A Level),High Achiever,kertas1,"[7, 15]",STU-SYN0140,140,A,86.45,14902,"[4, 3, 17, 14, 10]"
synthetic.student0141@mathsy.synthetic,0.5797,english,Synthetic Student 141 (C Level),Weekend Learner,kertas2,"[8, 11, 15, 2]",STU-SYN0141,141,C,51.13,14903,"[7, 10, 14, 6]"
synthetic.student0142@mathsy.synthetic,0.9365,english,Synthetic Student 142 (A+ Level),High Achiever,mixed,"[11, 14, 2]",STU-SYN0142,142,A+,94.96,14904,"[3, 7, 17, 12, 4]"
synthetic.student0143@mathsy.synthetic,0.4593,english,Synthetic Student 143 (G Level),Fresh Starter,kertas1,"[7, 3, 13, 2]",STU-SYN0143,143,G,33.76,14905,"[1, 16]"
synthetic.student0144@mathsy.synthetic,0.6424,english,Synthetic Student 144 (B Level),Deep Focus Learner,kertas2,"[16, 5]",STU-SYN0144,144,B,61.25,14906,"[9, 17, 8, 4]"
synthetic.student0145@mathsy.synthetic,0.5004,bm,Synthetic Student 145 (E Level),Flexible Learner,kertas1,"[8, 11, 17, 13]",STU-SYN0145,145,E,43.81,14907,"[16, 6, 10, 7, 9]"
synthetic.student0146@mathsy.synthetic,0.7358,bm,Synthetic Student 146 (B+ Level),Flexible Learner,kertas1,"[6, 2, 15, 9]",STU-SYN0146,146,B+,69.99,14908,"[11, 3, 7, 17]"
synthetic.student0147@mathsy.synthetic,0.3229,english,Synthetic Student 147 (G Level),Fresh Starter,mixed,"[12, 15, 10]",STU-SYN0147,147,G,25,14909,"[18, 8, 11, 3, 14]"
synthetic.student0148@mathsy.synthetic,0.6529,english,Synthetic Student 148 (B+ Level),Flexible Learner,mixed,"[12, 5, 1]",STU-SYN0148,148,B+,65.19,14910,"[8, 15]"
synthetic.student0149@mathsy.synthetic,0.5832,bm,Synthetic Student 149 (C+ Level),Flexible Learner,mixed,"[7, 11, 12]",STU-SYN0149,149,C+,55.36,14911,"[6, 9, 17, 4]"
synthetic.student0150@mathsy.synthetic,0.8115,english,Synthetic Student 150 (A Level),High Achiever,mixed,"[8, 12, 1, 16]",STU-SYN0150,150,A,84.27,14912,"[7, 6, 11]"
synthetic.student0151@mathsy.synthetic,0.531,bm,Synthetic Student 151 (D Level),Flexible Learner,mixed,"[6, 14]",STU-SYN0151,151,D,49.37,14913,"[13, 8, 5, 17]"
synthetic.student0152@mathsy.synthetic,0.692,english,Synthetic Student 152 (B+ Level),Deep Focus Learner,kertas2,"[7, 11, 12]",STU-SYN0152,152,B+,66.76,14914,"[17, 3, 18]"
synthetic.student0153@mathsy.synthetic,0.6282,english,Synthetic Student 153 (C+ Level),Deep Focus Learner,kertas1,"[6, 10, 14, 5]",STU-SYN0153,153,C+,59.34,14915,"[15, 7, 17, 11]"
synthetic.student0154@mathsy.synthetic,0.7441,english,Synthetic Student 154 (A- Level),Deep Focus Learner,kertas1,"[18, 6]",STU-SYN0154,154,A-,70.02,14916,"[17, 1, 11, 12]"
synthetic.student0155@mathsy.synthetic,0.4946,english,Synthetic Student 155 (G Level),Fresh Starter,mixed,"[5, 9, 4, 16]",STU-SYN0155,155,G,32.24,14917,"[13, 10, 3, 8, 7]"
synthetic.student0156@mathsy.synthetic,0.4623,bm,Synthetic Student 156 (E Level),Flexible Learner,mixed,"[6, 14, 1, 2]",STU-SYN0156,156,E,41.98,14918,"[10, 18, 15, 5, 7]"
synthetic.student0157@mathsy.synthetic,0.6272,english,Synthetic Student 157 (C+ Level),Flexible Learner,kertas2,"[4, 3, 1, 10]",STU-SYN0157,157,C+,59.2,14919,"[15, 9, 14]"
synthetic.student0158@mathsy.synthetic,0.4833,english,Synthetic Student 158 (D Level),Weekend Learner,kertas2,"[5, 17, 7, 6]",STU-SYN0158,158,D,45.11,14920,"[14, 9, 8, 10]"
synthetic.student0159@mathsy.synthetic,0.4726,bm,Synthetic Student 159 (E Level),Weekend Learner,kertas2,"[16, 13]",STU-SYN0159,159,E,41.29,14921,"[12, 11, 14, 1, 7]"
synthetic.student0160@mathsy.synthetic,0.4683,bm,Synthetic Student 160 (E Level),Flexible Learner,kertas1,"[6, 11, 16]",STU-SYN0160,160,E,44.85,14922,"[5, 12, 13]"
synthetic.student0161@mathsy.synthetic,0.5742,english,Synthetic Student 161 (C Level),Flexible Learner,kertas1,"[7, 2, 5, 15]",STU-SYN0161,161,C,52.17,14923,"[4, 8, 14, 3, 16]"
synthetic.student0162@mathsy.synthetic,0.448,bm,Synthetic Student 162 (G Level),Weekend Learner,mixed,"[18, 17, 13]",STU-SYN0162,162,G,37.7,14924,"[9, 1, 12, 6, 11]"
synthetic.student0163@mathsy.synthetic,0.4686,english,Synthetic Student 163 (E Level),Flexible Learner,kertas1,"[10, 7, 12, 9]",STU-SYN0163,163,E,41.96,14925,"[14, 15, 6, 17]"
synthetic.student0164@mathsy.synthetic,0.6072,english,Synthetic Student 164 (C+ Level),Deep Focus Learner,kertas1,"[14, 3, 13]",STU-SYN0164,164,C+,55.25,14926,"[16, 5, 11, 2]"
synthetic.student0165@mathsy.synthetic,0.7218,english,Synthetic Student 165 (B+ Level),Weekend Learner,kertas1,"[10, 12, 4]",STU-SYN0165,165,B+,66.13,14927,"[3, 16, 15, 1, 17]"
synthetic.student0166@mathsy.synthetic,0.7019,english,Synthetic Student 166 (B+ Level),Weekend Learner,kertas2,"[17, 6, 12, 5]",STU-SYN0166,166,B+,65.37,14928,"[2, 4, 1]"
synthetic.student0167@mathsy.synthetic,0.5761,bm,Synthetic Student 167 (C Level),Flexible Learner,kertas1,"[11, 18, 3, 5]",STU-SYN0167,167,C,50.9,14929,"[8, 15, 10, 13, 4]"
synthetic.student0168@mathsy.synthetic,0.4427,bm,Synthetic Student 168 (G Level),Weekend Learner,kertas2,"[8, 14, 17]",STU-SYN0168,168,G,39.24,14930,"[3, 10, 2, 15]"
synthetic.student0169@mathsy.synthetic,0.8582,bm,Synthetic Student 169 (A Level),Consistent Climber,kertas1,"[7, 15, 16, 4]",STU-SYN0169,169,A,84.48,14931,"[5, 12, 13, 6]"
synthetic.student0170@mathsy.synthetic,0.6998,bm,Synthetic Student 170 (B Level),Deep Focus Learner,kertas1,"[1, 8, 17, 2]",STU-SYN0170,170,B,61.75,14932,"[12, 7, 13, 14, 11]"
synthetic.student0171@mathsy.synthetic,0.5971,bm,Synthetic Student 171 (C+ Level),Flexible Learner,kertas2,"[2, 8, 4, 10]",STU-SYN0171,171,C+,56.18,14933,"[18, 3, 13]"
synthetic.student0172@mathsy.synthetic,0.6318,english,Synthetic Student 172 (C+ Level),Deep Focus Learner,kertas2,"[15, 6, 17]",STU-SYN0172,172,C+,58.18,14934,"[13, 9, 8, 2]"
synthetic.student0173@mathsy.synthetic,0.7174,english,Synthetic Student 173 (B+ Level),Deep Focus Learner,kertas1,"[16, 17, 18]",STU-SYN0173,173,B+,67.52,14935,"[11, 1, 2]"
synthetic.student0174@mathsy.synthetic,0.7147,english,Synthetic Student 174 (A- Level),Flexible Learner,kertas1,"[12, 7, 6]",STU-SYN0174,174,A-,70.28,14936,"[13, 3]"
synthetic.student0175@mathsy.synthetic,0.6118,bm,Synthetic Student 175 (C+ Level),Flexible Learner,kertas2,"[10, 4, 6]",STU-SYN0175,175,C+,56.78,14937,"[11, 2, 15, 18]"
synthetic.student0176@mathsy.synthetic,0.6641,english,Synthetic Student 176 (C+ Level),Weekend Learner,kertas1,"[18, 1, 3]",STU-SYN0176,176,C+,58.14,14938,"[11, 17, 15, 6, 14]"
synthetic.student0177@mathsy.synthetic,0.5731,english,Synthetic Student 177 (C Level),Weekend Learner,kertas2,"[14, 7, 11, 9]",STU-SYN0177,177,C,53.96,14939,"[8, 18, 3, 16]"
synthetic.student0178@mathsy.synthetic,0.7288,bm,Synthetic Student 178 (B+ Level),Weekend Learner,mixed,"[17, 6, 10, 4]",STU-SYN0178,178,B+,67.21,14940,"[14, 3, 5, 13, 18]"
synthetic.student0179@mathsy.synthetic,0.6008,english,Synthetic Student 179 (C+ Level),Flexible Learner,kertas1,"[11, 17, 9, 6]",STU-SYN0179,179,C+,59.11,14941,"[1, 2]"
synthetic.student0180@mathsy.synthetic,0.4488,english,Synthetic Student 180 (E Level),Weekend Learner,kertas1,"[7, 2, 17]",STU-SYN0180,180,E,42.17,14942,"[6, 8, 14, 3]"
synthetic.student0181@mathsy.synthetic,0.7827,english,Synthetic Student 181 (A Level),High Achiever,kertas1,"[12, 7, 17]",STU-SYN0181,181,A,82.73,14943,"[13, 15, 10]"
synthetic.student0182@mathsy.synthetic,0.7719,english,Synthetic Student 182 (A- Level),Deep Focus Learner,kertas2,"[12, 4, 13, 3]",STU-SYN0182,182,A-,76.44,14944,"[2, 17]"
synthetic.student0183@mathsy.synthetic,0.4503,bm,Synthetic Student 183 (E Level),Weekend Learner,kertas1,"[12, 9, 16, 1]",STU-SYN0183,183,E,41.89,14945,"[14, 3, 5]"
synthetic.student0184@mathsy.synthetic,0.6089,english,Synthetic Student 184 (C+ Level),Consistent Climber,kertas2,"[17, 16]",STU-SYN0184,184,C+,59.39,14946,"[8, 3, 10, 5, 4]"
synthetic.student0185@mathsy.synthetic,0.7152,english,Synthetic Student 185 (A- Level),Consistent Climber,kertas2,"[4, 2, 13]",STU-SYN0185,185,A-,72.3,14947,"[12, 7]"
synthetic.student0186@mathsy.synthetic,0.5196,english,Synthetic Student 186 (C Level),Deep Focus Learner,kertas2,"[5, 10, 17]",STU-SYN0186,186,C,50.12,14948,"[4, 6]"
synthetic.student0187@mathsy.synthetic,0.6073,english,Synthetic Student 187 (C+ Level),Deep Focus Learner,kertas2,"[13, 6, 16]",STU-SYN0187,187,C+,57.26,14949,"[15, 8, 9]"
synthetic.student0188@mathsy.synthetic,0.6142,english,Synthetic Student 188 (B Level),Consistent Climber,kertas1,"[18, 3, 13]",STU-SYN0188,188,B,62.25,14950,"[8, 4, 14, 15]"
synthetic.student0189@mathsy.synthetic,0.7721,bm,Synthetic Student 189 (A- Level),Flexible Learner,mixed,"[5, 1, 12]",STU-SYN0189,189,A-,74.75,14951,"[16, 15, 18]"
synthetic.student0190@mathsy.synthetic,0.897,english,Synthetic Student 190 (A+ Level),High Achiever,kertas2,"[1, 6]",STU-SYN0190,190,A+,91.79,14952,"[2, 10, 12, 13]"
synthetic.student0191@mathsy.synthetic,0.5806,english,Synthetic Student 191 (C Level),Flexible Learner,kertas1,"[17, 4, 8]",STU-SYN0191,191,C,53.73,14953,"[12, 6, 9, 11, 7]"
synthetic.student0192@mathsy.synthetic,0.473,english,Synthetic Student 192 (E Level),Flexible Learner,kertas2,"[17, 5, 13]",STU-SYN0192,192,E,44.43,14954,"[1, 10, 15, 2]"
synthetic.student0193@mathsy.synthetic,0.5975,english,Synthetic Student 193 (B Level),Consistent Climber,kertas1,"[10, 14, 3, 13]",STU-SYN0193,193,B,61.75,14955,"[17, 1, 16]"
synthetic.student0194@mathsy.synthetic,0.6758,bm,Synthetic Student 194 (B Level),Flexible Learner,kertas1,"[13, 9, 11, 3]",STU-SYN0194,194,B,61.6,14956,"[12, 15, 14, 18, 5]"
synthetic.student0195@mathsy.synthetic,0.5108,bm,Synthetic Student 195 (E Level),Weekend Learner,mixed,"[18, 12, 1, 4]",STU-SYN0195,195,E,43.07,14957,"[6, 13, 10, 7, 2]"
synthetic.student0196@mathsy.synthetic,0.5857,english,Synthetic Student 196 (E Level),Fresh Starter,mixed,"[5, 18]",STU-SYN0196,196,E,41.5,14958,"[15, 17, 16, 13, 3]"
synthetic.student0197@mathsy.synthetic,0.6966,english,Synthetic Student 197 (B+ Level),Consistent Climber,mixed,"[14, 8, 2]",STU-SYN0197,197,B+,68.25,14959,"[7, 1, 15, 16]"
synthetic.student0198@mathsy.synthetic,0.5573,english,Synthetic Student 198 (D Level),Flexible Learner,mixed,"[9, 10, 1]",STU-SYN0198,198,D,49.92,14960,"[2, 16, 13, 18, 15]"
synthetic.student0199@mathsy.synthetic,0.5126,english,Synthetic Student 199 (D Level),Deep Focus Learner,kertas1,"[12, 2, 14, 17]",STU-SYN0199,199,D,45.62,14961,"[18, 10, 7]"
synthetic.student0200@mathsy.synthetic,0.3618,english,Synthetic Student 200 (G Level),Fresh Starter,kertas1,"[7, 11, 14, 16]",STU-SYN0200,200,G,25,14962,"[15, 13, 18, 1]"
synthetic.student0201@mathsy.synthetic,0.4877,english,Synthetic Student 201 (E Level),Weekend Learner,kertas2,"[5, 4, 6]",STU-SYN0201,201,E,41.88,14963,"[15, 1, 17, 12, 18]"
synthetic.student0202@mathsy.synthetic,0.5258,bm,Synthetic Student 202 (C Level),Deep Focus Learner,mixed,"[4, 8, 13, 1]",STU-SYN0202,202,C,51.76,14964,"[6, 18]"
synthetic.student0203@mathsy.synthetic,0.7,bm,Synthetic Student 203 (B+ Level),Deep Focus Learner,kertas2,"[17, 13, 10, 5]",STU-SYN0203,203,B+,67.62,14965,"[6, 3, 9, 12]"
synthetic.student0204@mathsy.synthetic,0.322,english,Synthetic Student 204 (G Level),Fresh Starter,kertas1,"[7, 2, 13]",STU-SYN0204,204,G,25,14966,"[8, 6, 11]"
synthetic.student0205@mathsy.synthetic,0.4914,bm,Synthetic Student 205 (G Level),Fresh Starter,mixed,"[18, 13, 1]",STU-SYN0205,205,G,36.42,14967,"[9, 4, 8, 12]"
synthetic.student0206@mathsy.synthetic,0.6841,english,Synthetic Student 206 (B+ Level),Weekend Learner,kertas1,"[7, 16]",STU-SYN0206,206,B+,68.95,14968,"[4, 1]"
synthetic.student0207@mathsy.synthetic,0.6192,english,Synthetic Student 207 (B Level),Flexible Learner,kertas1,"[8, 2]",STU-SYN0207,207,B,62.52,14969,"[15, 3]"
synthetic.student0208@mathsy.synthetic,0.6261,english,Synthetic Student 208 (B Level),Deep Focus Learner,mixed,"[1, 15, 2, 13]",STU-SYN0208,208,B,61.29,14970,"[7, 3]"
synthetic.student0209@mathsy.synthetic,0.5919,bm,Synthetic Student 209 (C Level),Deep Focus Learner,mixed,"[3, 10]",STU-SYN0209,209,C,53.9,14971,"[4, 9, 2, 1]"
synthetic.student0210@mathsy.synthetic,0.4752,bm,Synthetic Student 210 (D Level),Weekend Learner,kertas1,"[18, 11, 14]",STU-SYN0210,210,D,46.28,14972,"[1, 13, 5]"
synthetic.student0211@mathsy.synthetic,0.7763,english,Synthetic Student 211 (A- Level),Consistent Climber,kertas1,"[12, 10, 17, 5]",STU-SYN0211,211,A-,79.11,14973,"[6, 14, 11, 15]"
synthetic.student0212@mathsy.synthetic,0.5234,bm,Synthetic Student 212 (E Level),Flexible Learner,kertas2,"[12, 11, 8]",STU-SYN0212,212,E,43.96,14974,"[10, 17, 18, 6, 16]"
synthetic.student0213@mathsy.synthetic,0.6734,bm,Synthetic Student 213 (B+ Level),Weekend Learner,mixed,"[7, 5, 14]",STU-SYN0213,213,B+,65.31,14975,"[11, 17]"
synthetic.student0214@mathsy.synthetic,0.8053,english,Synthetic Student 214 (A Level),Consistent Climber,kertas1,"[9, 5, 3]",STU-SYN0214,214,A,80.35,14976,"[15, 16, 1, 7, 8]"
synthetic.student0215@mathsy.synthetic,0.8575,english,Synthetic Student 215 (A Level),Consistent Climber,kertas2,"[17, 11, 16, 5]",STU-SYN0215,215,A,87.66,14977,"[18, 4, 12]"
synthetic.student0216@mathsy.synthetic,0.6422,english,Synthetic Student 216 (B+ Level),Consistent Climber,kertas1,"[2, 5, 7, 4]",STU-SYN0216,216,B+,68.98,14978,"[11, 12]"
synthetic.student0217@mathsy.synthetic,0.6943,english,Synthetic Student 217 (A- Level),Consistent Climber,kertas1,"[16, 12]",STU-SYN0217,217,A-,71.33,14979,"[15, 17]"
synthetic.student0218@mathsy.synthetic,0.5438,bm,Synthetic Student 218 (C Level),Deep Focus Learner,mixed,"[6, 17, 3]",STU-SYN0218,218,C,50.86,14980,"[12, 16, 7, 2]"
synthetic.student0219@mathsy.synthetic,0.4007,english,Synthetic Student 219 (G Level),Fresh Starter,kertas1,"[15, 14, 10]",STU-SYN0219,219,G,28.3,14981,"[11, 17]"
synthetic.student0220@mathsy.synthetic,0.5764,english,Synthetic Student 220 (C Level),Weekend Learner,kertas1,"[1, 16, 5]",STU-SYN0220,220,C,54.04,14982,"[10, 6, 12, 17]"
synthetic.student0221@mathsy.synthetic,0.5322,english,Synthetic Student 221 (G Level),Fresh Starter,kertas1,"[16, 15, 14]",STU-SYN0221,221,G,37.9,14983,"[11, 12, 8, 18, 2]"
synthetic.student0222@mathsy.synthetic,0.9083,bm,Synthetic Student 222 (A+ Level),High Achiever,kertas1,"[11, 8]",STU-SYN0222,222,A+,95.4,14984,"[15, 9]"
synthetic.student0223@mathsy.synthetic,0.4643,bm,Synthetic Student 223 (E Level),Weekend Learner,kertas1,"[18, 4, 17, 5]",STU-SYN0223,223,E,42.63,14985,"[16, 15]"
synthetic.student0224@mathsy.synthetic,0.7808,english,Synthetic Student 224 (A- Level),Deep Focus Learner,mixed,"[15, 10, 6]",STU-SYN0224,224,A-,73.36,14986,"[5, 14, 12]"
synthetic.student0225@mathsy.synthetic,0.6286,english,Synthetic Student 225 (C+ Level),Flexible Learner,mixed,"[5, 7, 2]",STU-SYN0225,225,C+,57.66,14987,"[11, 17, 9, 18]"
synthetic.student0226@mathsy.synthetic,0.5017,bm,Synthetic Student 226 (D Level),Deep Focus Learner,kertas1,"[15, 18, 12]",STU-SYN0226,226,D,46.51,14988,"[16, 17, 5]"
synthetic.student0227@mathsy.synthetic,0.53,english,Synthetic Student 227 (D Level),Weekend Learner,kertas1,"[4, 16, 17, 3]",STU-SYN0227,227,D,47.46,14989,"[12, 9, 8, 15]"
synthetic.student0228@mathsy.synthetic,0.3857,bm,Synthetic Student 228 (G Level),Fresh Starter,mixed,"[17, 15, 9]",STU-SYN0228,228,G,25,14990,"[10, 1, 13, 16, 2]"
synthetic.student0229@mathsy.synthetic,0.4962,bm,Synthetic Student 229 (E Level),Flexible Learner,mixed,"[7, 2]",STU-SYN0229,229,E,44.56,14991,"[14, 17, 9, 4]"
synthetic.student0230@mathsy.synthetic,0.5288,english,Synthetic Student 230 (D Level),Weekend Learner,kertas2,"[3, 11, 1, 8]",STU-SYN0230,230,D,46.89,14992,"[12, 16, 4, 10]"
synthetic.student0231@mathsy.synthetic,0.7719,english,Synthetic Student 231 (A- Level),Deep Focus Learner,kertas2,"[15, 11, 13]",STU-SYN0231,231,A-,75.62,14993,"[12, 7]"
synthetic.student0232@mathsy.synthetic,0.5781,bm,Synthetic Student 232 (C+ Level),Weekend Learner,kertas1,"[13, 17]",STU-SYN0232,232,C+,57.21,14994,"[12, 16]"
synthetic.student0233@mathsy.synthetic,0.8249,english,Synthetic Student 233 (A Level),Consistent Climber,mixed,"[16, 14, 15]",STU-SYN0233,233,A,87.39,14995,"[6, 4]"
synthetic.student0234@mathsy.synthetic,0.8015,bm,Synthetic Student 234 (A Level),High Achiever,kertas2,"[15, 17]",STU-SYN0234,234,A,82.8,14996,"[4, 16]"
synthetic.student0235@mathsy.synthetic,0.7199,english,Synthetic Student 235 (B+ Level),Flexible Learner,kertas2,"[8, 12, 5, 4]",STU-SYN0235,235,B+,65.96,14997,"[16, 15, 17, 7, 2]"
synthetic.student0236@mathsy.synthetic,0.8048,english,Synthetic Student 236 (A- Level),Consistent Climber,kertas2,"[8, 10, 18]",STU-SYN0236,236,A-,78.55,14998,"[15, 7, 16, 14, 3]"
synthetic.student0237@mathsy.synthetic,0.5919,english,Synthetic Student 237 (C Level),Weekend Learner,kertas2,"[3, 9]",STU-SYN0237,237,C,51.09,14999,"[6, 8, 11, 18, 5]"
synthetic.student0238@mathsy.synthetic,0.7075,english,Synthetic Student 238 (B+ Level),Deep Focus Learner,mixed,"[18, 8]",STU-SYN0238,238,B+,66.74,15000,"[15, 16, 13]"
synthetic.student0239@mathsy.synthetic,0.4559,english,Synthetic Student 239 (G Level),Weekend Learner,mixed,"[14, 12, 5, 2]",STU-SYN0239,239,G,39.93,15001,"[13, 3, 11, 8, 15]"
synthetic.student0240@mathsy.synthetic,0.5943,bm,Synthetic Student 240 (C+ Level),Flexible Learner,mixed,"[3, 10]",STU-SYN0240,240,C+,55.33,15002,"[6, 13, 12, 4]"
synthetic.student0241@mathsy.synthetic,0.581,bm,Synthetic Student 241 (C+ Level),Flexible Learner,mixed,"[4, 16, 12]",STU-SYN0241,241,C+,57.17,15003,"[7, 6, 17]"
synthetic.student0242@mathsy.synthetic,0.4298,bm,Synthetic Student 242 (G Level),Fresh Starter,kertas2,"[12, 2]",STU-SYN0242,242,G,31.57,15004,"[5, 10]"
synthetic.student0243@mathsy.synthetic,0.3018,english,Synthetic Student 243 (G Level),Fresh Starter,kertas1,"[17, 4]",STU-SYN0243,243,G,25,15005,"[14, 11, 13, 3, 12]"
synthetic.student0244@mathsy.synthetic,0.6898,english,Synthetic Student 244 (B Level),Deep Focus Learner,kertas1,"[2, 11, 10, 5]",STU-SYN0244,244,B,64.59,15006,"[9, 1, 3]"
synthetic.student0245@mathsy.synthetic,0.696,english,Synthetic Student 245 (A- Level),Consistent Climber,mixed,"[10, 5, 8]",STU-SYN0245,245,A-,74.18,15007,"[7, 6]"
synthetic.student0246@mathsy.synthetic,0.7548,english,Synthetic Student 246 (A- Level),Flexible Learner,kertas2,"[11, 4, 17, 12]",STU-SYN0246,246,A-,71.51,15008,"[10, 15, 6, 16, 1]"
synthetic.student0247@mathsy.synthetic,0.6645,english,Synthetic Student 247 (B+ Level),Consistent Climber,mixed,"[1, 6, 18, 3]",STU-SYN0247,247,B+,65.46,15009,"[11, 8, 9, 13, 10]"
synthetic.student0248@mathsy.synthetic,0.6165,english,Synthetic Student 248 (B Level),Flexible Learner,mixed,"[7, 3, 4]",STU-SYN0248,248,B,60.18,15010,"[10, 17]"
synthetic.student0249@mathsy.synthetic,0.5093,bm,Synthetic Student 249 (D Level),Weekend Learner,kertas1,"[13, 11, 12, 17]",STU-SYN0249,249,D,49.03,15011,"[10, 1]"
synthetic.student0250@mathsy.synthetic,0.3568,bm,Synthetic Student 250 (G Level),Fresh Starter,mixed,"[14, 10, 5]",STU-SYN0250,250,G,25,15012,"[8, 4, 3]"
synthetic.student0251@mathsy.synthetic,0.6986,english,Synthetic Student 251 (A- Level),Consistent Climber,kertas1,"[12, 17, 1, 10]",STU-SYN0251,251,A-,71.86,15013,"[5, 2, 4]"
synthetic.student0252@mathsy.synthetic,0.5059,english,Synthetic Student 252 (D Level),Flexible Learner,mixed,"[12, 1, 11]",STU-SYN0252,252,D,46.69,15014,"[10, 9, 5]"
synthetic.student0253@mathsy.synthetic,0.5363,english,Synthetic Student 253 (D Level),Deep Focus Learner,kertas1,"[1, 12]",STU-SYN0253,253,D,48.68,15015,"[10, 3, 5, 9]"
synthetic.student0254@mathsy.synthetic,0.9429,english,Synthetic Student 254 (A+ Level),High Achiever,mixed,"[8, 18, 1]",STU-SYN0254,254,A+,94.52,15016,"[10, 2, 4, 7, 11]"
synthetic.student0255@mathsy.synthetic,0.7933,english,Synthetic Student 255 (A- Level),Deep Focus Learner,mixed,"[3, 15, 10]",STU-SYN0255,255,A-,77.55,15017,"[12, 1]"
synthetic.student0256@mathsy.synthetic,0.5584,english,Synthetic Student 256 (C Level),Weekend Learner,mixed,"[2, 18]",STU-SYN0256,256,C,51.08,15018,"[17, 10]"
synthetic.student0257@mathsy.synthetic,0.8818,english,Synthetic Student 257 (A Level),High Achiever,mixed,"[15, 17, 13, 6]",STU-SYN0257,257,A,86.65,15019,"[18, 10, 8, 12, 3]"
synthetic.student0258@mathsy.synthetic,0.7071,english,Synthetic Student 258 (A- Level),Consistent Climber,kertas1,"[11, 12]",STU-SYN0258,258,A-,73.84,15020,"[18, 1]"
synthetic.student0259@mathsy.synthetic,0.8689,bm,Synthetic Student 259 (A+ Level),High Achiever,kertas1,"[1, 4, 18, 14]",STU-SYN0259,259,A+,92.56,15021,"[12, 10]"
synthetic.student0260@mathsy.synthetic,0.6331,bm,Synthetic Student 260 (B Level),Flexible Learner,kertas1,"[16, 9, 10]",STU-SYN0260,260,B,60.55,15022,"[17, 3, 1]"
synthetic.student0261@mathsy.synthetic,0.5102,english,Synthetic Student 261 (D Level),Weekend Learner,kertas1,"[16, 1, 18, 13]",STU-SYN0261,261,D,49.55,15023,"[7, 10]"
synthetic.student0262@mathsy.synthetic,0.7011,english,Synthetic Student 262 (B+ Level),Flexible Learner,mixed,"[3, 5, 1, 9]",STU-SYN0262,262,B+,67.39,15024,"[8, 7, 4, 16]"
synthetic.student0263@mathsy.synthetic,0.43,english,Synthetic Student 263 (G Level),Weekend Learner,kertas1,"[16, 13]",STU-SYN0263,263,G,37.46,15025,"[2, 5, 12, 17, 8]"
synthetic.student0264@mathsy.synthetic,0.5304,bm,Synthetic Student 264 (E Level),Fresh Starter,kertas2,"[8, 11]",STU-SYN0264,264,E,42.12,15026,"[4, 16, 10]"
synthetic.student0265@mathsy.synthetic,0.7098,english,Synthetic Student 265 (A- Level),Consistent Climber,kertas1,"[9, 6]",STU-SYN0265,265,A-,72.92,15027,"[3, 1, 11]"
synthetic.student0266@mathsy.synthetic,0.4985,bm,Synthetic Student 266 (E Level),Deep Focus Learner,kertas1,"[14, 8, 1]",STU-SYN0266,266,E,43.37,15028,"[2, 18, 7, 15]"
synthetic.student0267@mathsy.synthetic,0.5524,bm,Synthetic Student 267 (C Level),Flexible Learner,kertas1,"[16, 3, 8]",STU-SYN0267,267,C,53.58,15029,"[2, 4, 15, 9, 10]"
synthetic.student0268@mathsy.synthetic,0.6169,english,Synthetic Student 268 (C+ Level),Flexible Learner,mixed,"[6, 14]",STU-SYN0268,268,C+,55.1,15030,"[2, 1, 8, 18, 10]"
synthetic.student0269@mathsy.synthetic,0.6866,english,Synthetic Student 269 (B Level),Deep Focus Learner,mixed,"[9, 11, 3]",STU-SYN0269,269,B,64.25,15031,"[8, 17, 2, 15]"
synthetic.student0270@mathsy.synthetic,0.5276,english,Synthetic Student 270 (D Level),Weekend Learner,kertas1,"[3, 15]",STU-SYN0270,270,D,45.72,15032,"[8, 7, 14, 18, 9]"
synthetic.student0271@mathsy.synthetic,0.5299,english,Synthetic Student 271 (G Level),Fresh Starter,kertas1,"[10, 4, 11, 8]",STU-SYN0271,271,G,36.4,15033,"[7, 5, 13, 18, 17]"
synthetic.student0272@mathsy.synthetic,0.7316,english,Synthetic Student 272 (A- Level),Consistent Climber,kertas2,"[11, 9, 13, 12]",STU-SYN0272,272,A-,73.76,15034,"[4, 6, 3, 10]"
synthetic.student0273@mathsy.synthetic,0.3343,english,Synthetic Student 273 (G Level),Fresh Starter,kertas2,"[15, 16, 12]",STU-SYN0273,273,G,25,15035,"[14, 2, 3, 5]"
synthetic.student0274@mathsy.synthetic,0.6925,english,Synthetic Student 274 (A- Level),Consistent Climber,kertas2,"[16, 11, 17, 1]",STU-SYN0274,274,A-,70.05,15036,"[15, 5, 6, 14]"
synthetic.student0275@mathsy.synthetic,0.7387,english,Synthetic Student 275 (B+ Level),Weekend Learner,mixed,"[3, 5, 4]",STU-SYN0275,275,B+,69.24,15037,"[9, 16, 15, 17, 6]"
synthetic.student0276@mathsy.synthetic,0.6217,bm,Synthetic Student 276 (B Level),Flexible Learner,kertas2,"[9, 3, 16, 13]",STU-SYN0276,276,B,60.88,15038,"[18, 10]"
synthetic.student0277@mathsy.synthetic,0.6725,english,Synthetic Student 277 (A- Level),Consistent Climber,kertas1,"[8, 3, 2]",STU-SYN0277,277,A-,70.59,15039,"[10, 16]"
synthetic.student0278@mathsy.synthetic,0.6277,english,Synthetic Student 278 (C+ Level),Flexible Learner,kertas1,"[13, 5, 7, 11]",STU-SYN0278,278,C+,55.99,15040,"[3, 18, 17, 16]"
synthetic.student0279@mathsy.synthetic,0.9411,english,Synthetic Student 279 (A+ Level),High Achiever,mixed,"[13, 18]",STU-SYN0279,279,A+,97.72,15041,"[5, 16, 15]"
synthetic.student0280@mathsy.synthetic,0.7339,english,Synthetic Student 280 (A- Level),Consistent Climber,mixed,"[10, 2, 14, 5]",STU-SYN0280,280,A-,74.8,15042,"[13, 9, 6]"
synthetic.student0281@mathsy.synthetic,0.4564,english,Synthetic Student 281 (E Level),Flexible Learner,kertas2,"[8, 1, 2]",STU-SYN0281,281,E,43.28,15043,"[6, 10, 12, 9]"
synthetic.student0282@mathsy.synthetic,0.9027,english,Synthetic Student 282 (A+ Level),High Achiever,kertas1,"[2, 10, 15, 4]",STU-SYN0282,282,A+,90.72,15044,"[1, 14, 12, 5]"
synthetic.student0283@mathsy.synthetic,0.8024,english,Synthetic Student 283 (A Level),Consistent Climber,mixed,"[8, 15]",STU-SYN0283,283,A,83.34,15045,"[14, 12]"
synthetic.student0284@mathsy.synthetic,0.6985,english,Synthetic Student 284 (A- Level),Consistent Climber,kertas1,"[4, 14]",STU-SYN0284,284,A-,71.91,15046,"[15, 16]"
synthetic.student0285@mathsy.synthetic,0.7208,english,Synthetic Student 285 (B+ Level),Weekend Learner,mixed,"[11, 12, 10, 3]",STU-SYN0285,285,B+,69.28,15047,"[6, 7]"
synthetic.student0286@mathsy.synthetic,0.3177,english,Synthetic Student 286 (G Level),Fresh Starter,kertas1,"[1, 6]",STU-SYN0286,286,G,25,15048,"[18, 9, 3]"
synthetic.student0287@mathsy.synthetic,0.6567,bm,Synthetic Student 287 (C+ Level),Deep Focus Learner,kertas1,"[11, 15, 5]",STU-SYN0287,287,C+,57.14,15049,"[6, 7, 14, 1, 12]"
synthetic.student0288@mathsy.synthetic,0.5248,bm,Synthetic Student 288 (G Level),Fresh Starter,kertas1,"[12, 7, 13, 6]",STU-SYN0288,288,G,37.91,15050,"[3, 4, 15, 1, 14]"
synthetic.student0289@mathsy.synthetic,0.6325,english,Synthetic Student 289 (C+ Level),Weekend Learner,kertas1,"[17, 3, 6]",STU-SYN0289,289,C+,58.69,15051,"[7, 1, 8, 13]"
synthetic.student0290@mathsy.synthetic,0.6083,bm,Synthetic Student 290 (C+ Level),Flexible Learner,kertas1,"[14, 9]",STU-SYN0290,290,C+,55.78,15052,"[7, 10, 8, 17, 1]"
synthetic.student0291@mathsy.synthetic,0.7154,english,Synthetic Student 291 (A- Level),Flexible Learner,kertas1,"[17, 3, 10]",STU-SYN0291,291,A-,71.5,15053,"[5, 8]"
synthetic.student0292@mathsy.synthetic,0.7707,bm,Synthetic Student 292 (A- Level),Consistent Climber,kertas1,"[9, 15, 18, 6]",STU-SYN0292,292,A-,76.68,15054,"[17, 13, 4, 8, 7]"
synthetic.student0293@mathsy.synthetic,0.7125,english,Synthetic Student 293 (B+ Level),Flexible Learner,kertas2,"[16, 4, 7, 15]",STU-SYN0293,293,B+,69.54,15055,"[11, 6, 17]"
synthetic.student0294@mathsy.synthetic,0.5608,english,Synthetic Student 294 (C Level),Flexible Learner,kertas1,"[15, 13, 3, 4]",STU-SYN0294,294,C,53.84,15056,"[2, 6, 11]"
synthetic.student0295@mathsy.synthetic,0.7771,english,Synthetic Student 295 (A- Level),Flexible Learner,kertas2,"[4, 3, 7]",STU-SYN0295,295,A-,70.66,15057,"[13, 6, 1, 17]"
synthetic.student0296@mathsy.synthetic,0.694,english,Synthetic Student 296 (A- Level),Consistent Climber,kertas2,"[6, 7, 5, 12]",STU-SYN0296,296,A-,72.45,15058,"[18, 8, 11]"
synthetic.student0297@mathsy.synthetic,0.88,english,Synthetic Student 297 (A Level),High Achiever,kertas2,"[5, 17, 1]",STU-SYN0297,297,A,89.93,15059,"[8, 7, 10, 11]"
synthetic.student0298@mathsy.synthetic,0.5856,english,Synthetic Student 298 (C+ Level),Deep Focus Learner,mixed,"[5, 11]",STU-SYN0298,298,C+,55.27,15060,"[14, 15, 4]"
synthetic.student0299@mathsy.synthetic,0.4514,english,Synthetic Student 299 (G Level),Weekend Learner,kertas2,"[15, 18]",STU-SYN0299,299,G,38.06,15061,"[1, 9, 14, 5, 7]"
synthetic.student0300@mathsy.synthetic,0.6828,english,Synthetic Student 300 (B+ Level),Weekend Learner,mixed,"[3, 7, 16, 4]",STU-SYN0300,300,B+,65.8,15062,"[17, 5, 6]"
synthetic.student0301@mathsy.synthetic,0.5014,english,Synthetic Student 301 (G Level),Fresh Starter,mixed,"[14, 4, 16, 8]",STU-SYN0301,301,G,33.93,15063,"[11, 2, 5, 13, 12]"
synthetic.student0302@mathsy.synthetic,0.6687,bm,Synthetic Student 302 (B Level),Flexible Learner,kertas2,"[9, 14]",STU-SYN0302,302,B,62.84,15064,"[5, 10, 4]"
synthetic.student0303@mathsy.synthetic,0.7698,english,Synthetic Student 303 (A- Level),Deep Focus Learner,mixed,"[14, 13, 1]",STU-SYN0303,303,A-,77.54,15065,"[17, 3]"
synthetic.student0304@mathsy.synthetic,0.4984,english,Synthetic Student 304 (D Level),Flexible Learner,kertas1,"[15, 8, 11, 4]",STU-SYN0304,304,D,45.78,15066,"[6, 1, 2, 12]"
synthetic.student0305@mathsy.synthetic,0.6071,english,Synthetic Student 305 (C+ Level),Deep Focus Learner,kertas2,"[16, 1, 15, 14]",STU-SYN0305,305,C+,56.48,15067,"[7, 3, 6, 17]"
synthetic.student0306@mathsy.synthetic,0.7289,english,Synthetic Student 306 (B+ Level),Weekend Learner,kertas2,"[7, 8, 11]",STU-SYN0306,306,B+,67.04,15068,"[12, 18, 2, 17, 13]"
synthetic.student0307@mathsy.synthetic,0.7363,english,Synthetic Student 307 (A- Level),Consistent Climber,kertas2,"[5, 11, 6, 10]",STU-SYN0307,307,A-,73.89,15069,"[4, 1, 13, 14]"
synthetic.student0308@mathsy.synthetic,0.7754,bm,Synthetic Student 308 (A- Level),Flexible Learner,kertas1,"[15, 12]",STU-SYN0308,308,A-,71.65,15070,"[2, 10, 5, 4, 7]"
synthetic.student0309@mathsy.synthetic,0.6475,bm,Synthetic Student 309 (B Level),Deep Focus Learner,kertas2,"[8, 4]",STU-SYN0309,309,B,61.65,15071,"[7, 11, 9]"
synthetic.student0310@mathsy.synthetic,0.8194,english,Synthetic Student 310 (A Level),Consistent Climber,mixed,"[16, 7, 15]",STU-SYN0310,310,A,82.67,15072,"[14, 2, 18, 9, 3]"
synthetic.student0311@mathsy.synthetic,0.5372,bm,Synthetic Student 311 (D Level),Weekend Learner,kertas1,"[8, 10, 6, 14]",STU-SYN0311,311,D,49.32,15073,"[3, 11, 16]"
synthetic.student0312@mathsy.synthetic,0.5674,english,Synthetic Student 312 (C Level),Weekend Learner,kertas2,"[15, 8]",STU-SYN0312,312,C,52.95,15074,"[13, 14, 4]"
synthetic.student0313@mathsy.synthetic,0.953,english,Synthetic Student 313 (A+ Level),High Achiever,mixed,"[15, 7, 13]",STU-SYN0313,313,A+,98,15075,"[8, 14, 17]"
synthetic.student0314@mathsy.synthetic,0.5704,english,Synthetic Student 314 (C Level),Deep Focus Learner,mixed,"[4, 3]",STU-SYN0314,314,C,52.26,15076,"[17, 2, 10, 16]"
synthetic.student0315@mathsy.synthetic,0.8918,bm,Synthetic Student 315 (A+ Level),High Achiever,kertas2,"[9, 5]",STU-SYN0315,315,A+,93.0,15077,"[8, 13, 16]"
synthetic.student0316@mathsy.synthetic,0.9336,english,Synthetic Student 316 (A+ Level),High Achiever,kertas2,"[2, 12, 15]",STU-SYN0316,316,A+,94.74,15078,"[9, 18, 5, 6, 17]"
synthetic.student0317@mathsy.synthetic,0.6099,english,Synthetic Student 317 (C Level),Deep Focus Learner,kertas1,"[9, 18, 4]",STU-SYN0317,317,C,51.38,15079,"[3, 1, 17, 11, 16]"
synthetic.student0318@mathsy.synthetic,0.5582,english,Synthetic Student 318 (C+ Level),Flexible Learner,kertas1,"[10, 1, 2]",STU-SYN0318,318,C+,57.85,15080,"[11, 12]"
synthetic.student0319@mathsy.synthetic,0.6243,english,Synthetic Student 319 (C+ Level),Weekend Learner,kertas1,"[13, 7]",STU-SYN0319,319,C+,59.18,15081,"[3, 11, 16]"
synthetic.student0320@mathsy.synthetic,0.8477,english,Synthetic Student 320 (A Level),Consistent Climber,kertas2,"[7, 8, 15, 14]",STU-SYN0320,320,A,87.03,15082,"[18, 11, 12]"
synthetic.student0321@mathsy.synthetic,0.469,english,Synthetic Student 321 (G Level),Fresh Starter,kertas1,"[15, 16, 4]",STU-SYN0321,321,G,33.88,15083,"[13, 11, 10]"
synthetic.student0322@mathsy.synthetic,0.6577,english,Synthetic Student 322 (B+ Level),Consistent Climber,mixed,"[13, 6, 1]",STU-SYN0322,322,B+,69.83,15084,"[5, 18, 17]"
synthetic.student0323@mathsy.synthetic,0.7001,english,Synthetic Student 323 (B Level),Weekend Learner,kertas1,"[9, 8, 1]",STU-SYN0323,323,B,64.46,15085,"[10, 3, 18, 6]"
synthetic.student0324@mathsy.synthetic,0.5641,english,Synthetic Student 324 (C Level),Deep Focus Learner,mixed,"[2, 9, 7]",STU-SYN0324,324,C,54.52,15086,"[8, 1, 15]"
synthetic.student0325@mathsy.synthetic,0.708,bm,Synthetic Student 325 (A- Level),Consistent Climber,mixed,"[1, 3]",STU-SYN0325,325,A-,71.66,15087,"[15, 5, 11, 6]"
synthetic.student0326@mathsy.synthetic,0.6792,english,Synthetic Student 326 (B Level),Deep Focus Learner,kertas2,"[11, 10, 17]",STU-SYN0326,326,B,63.11,15088,"[7, 2, 18]"
synthetic.student0327@mathsy.synthetic,0.881,english,Synthetic Student 327 (A Level),High Achiever,mixed,"[18, 17, 3]",STU-SYN0327,327,A,89.6,15089,"[8, 13, 10, 15, 4]"
synthetic.student0328@mathsy.synthetic,0.7217,bm,Synthetic Student 328 (A- Level),Flexible Learner,kertas1,"[3, 6]",STU-SYN0328,328,A-,71.46,15090,"[2, 1]"
synthetic.student0329@mathsy.synthetic,0.815,bm,Synthetic Student 329 (A Level),Consistent Climber,kertas2,"[13, 12]",STU-SYN0329,329,A,86.47,15091,"[14, 15]"
synthetic.student0330@mathsy.synthetic,0.4876,english,Synthetic Student 330 (E Level),Weekend Learner,kertas1,"[10, 13, 11]",STU-SYN0330,330,E,43.73,15092,"[5, 12, 14, 17]"
synthetic.student0331@mathsy.synthetic,0.89,english,Synthetic Student 331 (A+ Level),High Achiever,mixed,"[14, 12]",STU-SYN0331,331,A+,90.81,15093,"[18, 9, 15, 6]"
synthetic.student0332@mathsy.synthetic,0.4119,english,Synthetic Student 332 (G Level),Fresh Starter,kertas2,"[2, 15]",STU-SYN0332,332,G,32.32,15094,"[12, 10]"
synthetic.student0333@mathsy.synthetic,0.7214,english,Synthetic Student 333 (B+ Level),Weekend Learner,kertas1,"[16, 9, 13]",STU-SYN0333,333,B+,68.49,15095,"[1, 7]"
synthetic.student0334@mathsy.synthetic,0.8185,english,Synthetic Student 334 (A Level),Consistent Climber,kertas2,"[4, 9, 2]",STU-SYN0334,334,A,86.18,15096,"[6, 7]"
synthetic.student0335@mathsy.synthetic,0.785,english,Synthetic Student 335 (A Level),Consistent Climber,mixed,"[14, 7, 10]",STU-SYN0335,335,A,80.68,15097,"[16, 12, 2, 11]"
synthetic.student0336@mathsy.synthetic,0.5831,bm,Synthetic Student 336 (C Level),Weekend Learner,mixed,"[17, 10, 16]",STU-SYN0336,336,C,53.45,15098,"[8, 15, 5]"
synthetic.student0337@mathsy.synthetic,0.5832,english,Synthetic Student 337 (C Level),Flexible Learner,kertas1,"[9, 4, 6, 17]",STU-SYN0337,337,C,53.3,15099,"[3, 5, 13, 15, 11]"
synthetic.student0338@mathsy.synthetic,0.5283,english,Synthetic Student 338 (C Level),Deep Focus Learner,mixed,"[16, 6, 10, 3]",STU-SYN0338,338,C,51.92,15100,"[8, 13, 11]"
synthetic.student0339@mathsy.synthetic,0.8284,bm,Synthetic Student 339 (A Level),Consistent Climber,mixed,"[2, 18, 8, 3]",STU-SYN0339,339,A,85.9,15101,"[13, 6]"
synthetic.student0340@mathsy.synthetic,0.6556,english,Synthetic Student 340 (B Level),Flexible Learner,kertas1,"[1, 17, 12]",STU-SYN0340,340,B,61.53,15102,"[10, 13, 6]"
synthetic.student0341@mathsy.synthetic,0.5803,english,Synthetic Student 341 (C+ Level),Consistent Climber,kertas2,"[10, 16, 1, 15]",STU-SYN0341,341,C+,58.61,15103,"[8, 6, 18, 17]"
synthetic.student0342@mathsy.synthetic,0.7017,bm,Synthetic Student 342 (B+ Level),Deep Focus Learner,kertas2,"[10, 3, 7]",STU-SYN0342,342,B+,67.85,15104,"[8, 12]"
synthetic.student0343@mathsy.synthetic,0.845,bm,Synthetic Student 343 (A Level),High Achiever,kertas1,"[15, 3]",STU-SYN0343,343,A,88.17,15105,"[8, 13, 12]"
synthetic.student0344@mathsy.synthetic,0.8898,english,Synthetic Student 344 (A Level),High Achiever,kertas1,"[9, 18, 7]",STU-SYN0344,344,A,89.45,15106,"[6, 11, 8, 10]"
synthetic.student0345@mathsy.synthetic,0.5906,english,Synthetic Student 345 (D Level),Fresh Starter,mixed,"[13, 6, 5, 11]",STU-SYN0345,345,D,48.59,15107,"[3, 17]"
synthetic.student0346@mathsy.synthetic,0.7941,bm,Synthetic Student 346 (A- Level),Deep Focus Learner,kertas2,"[9, 10]",STU-SYN0346,346,A-,73.78,15108,"[15, 2, 5]"
synthetic.student0347@mathsy.synthetic,0.4418,english,Synthetic Student 347 (G Level),Fresh Starter,mixed,"[3, 8, 12]",STU-SYN0347,347,G,31.02,15109,"[18, 11, 16, 13]"
synthetic.student0348@mathsy.synthetic,0.6297,english,Synthetic Student 348 (C+ Level),Deep Focus Learner,kertas1,"[4, 2, 6, 5]",STU-SYN0348,348,C+,58.17,15110,"[11, 12, 14, 7]"
synthetic.student0349@mathsy.synthetic,0.7947,bm,Synthetic Student 349 (A Level),Consistent Climber,kertas1,"[5, 13]",STU-SYN0349,349,A,80.33,15111,"[16, 12, 11, 8, 4]"
synthetic.student0350@mathsy.synthetic,0.7329,english,Synthetic Student 350 (A- Level),Deep Focus Learner,kertas1,"[3, 7]",STU-SYN0350,350,A-,70.36,15112,"[2, 1, 11, 5]"
synthetic.student0351@mathsy.synthetic,0.9033,english,Synthetic Student 351 (A+ Level),High Achiever,kertas2,"[12, 1, 14]",STU-SYN0351,351,A+,95.9,15113,"[13, 18]"
synthetic.student0352@mathsy.synthetic,0.6691,english,Synthetic Student 352 (A- Level),Consistent Climber,mixed,"[9, 18, 14, 3]",STU-SYN0352,352,A-,70.12,15114,"[8, 2]"
synthetic.student0353@mathsy.synthetic,0.4852,english,Synthetic Student 353 (D Level),Flexible Learner,kertas1,"[11, 16, 13, 6]",STU-SYN0353,353,D,48.51,15115,"[15, 18]"
synthetic.student0354@mathsy.synthetic,0.6972,english,Synthetic Student 354 (B+ Level),Consistent Climber,mixed,"[4, 13]",STU-SYN0354,354,B+,68.33,15116,"[2, 17, 15, 8, 9]"
synthetic.student0355@mathsy.synthetic,0.6339,english,Synthetic Student 355 (B Level),Flexible Learner,mixed,"[12, 6, 10, 4]",STU-SYN0355,355,B,61.39,15117,"[1, 13]"
synthetic.student0356@mathsy.synthetic,0.6914,bm,Synthetic Student 356 (A- Level),Consistent Climber,kertas2,"[10, 14, 2, 8]",STU-SYN0356,356,A-,70.62,15118,"[9, 4, 15]"
synthetic.student0357@mathsy.synthetic,0.5497,bm,Synthetic Student 357 (E Level),Fresh Starter,kertas1,"[2, 17]",STU-SYN0357,357,E,42.86,15119,"[10, 1]"
synthetic.student0358@mathsy.synthetic,0.694,english,Synthetic Student 358 (B+ Level),Deep Focus Learner,mixed,"[10, 18, 1, 4]",STU-SYN0358,358,B+,66.11,15120,"[8, 6]"
synthetic.student0359@mathsy.synthetic,0.6972,english,Synthetic Student 359 (B+ Level),Consistent Climber,kertas2,"[5, 14, 18]",STU-SYN0359,359,B+,69.37,15121,"[7, 3, 8, 17]"
synthetic.student0360@mathsy.synthetic,0.6638,english,Synthetic Student 360 (B Level),Deep Focus Learner,kertas2,"[18, 8, 2]",STU-SYN0360,360,B,60.24,15122,"[14, 5, 7, 6]"
synthetic.student0361@mathsy.synthetic,0.5534,english,Synthetic Student 361 (C Level),Weekend Learner,kertas2,"[13, 3, 4]",STU-SYN0361,361,C,50.3,15123,"[9, 11, 5, 18]"
synthetic.student0362@mathsy.synthetic,0.5061,english,Synthetic Student 362 (G Level),Fresh Starter,mixed,"[16, 3, 14]",STU-SYN0362,362,G,37.92,15124,"[18, 4, 9]"
synthetic.student0363@mathsy.synthetic,0.4851,english,Synthetic Student 363 (G Level),Fresh Starter,kertas1,"[10, 8, 5]",STU-SYN0363,363,G,38.8,15125,"[14, 11]"
synthetic.student0364@mathsy.synthetic,0.6873,english,Synthetic Student 364 (B Level),Deep Focus Learner,mixed,"[7, 2]",STU-SYN0364,364,B,62.23,15126,"[1, 16, 14]"
synthetic.student0365@mathsy.synthetic,0.7308,bm,Synthetic Student 365 (A- Level),Consistent Climber,kertas2,"[18, 5, 6, 2]",STU-SYN0365,365,A-,71.66,15127,"[15, 7, 14, 13]"
synthetic.student0366@mathsy.synthetic,0.7461,english,Synthetic Student 366 (B+ Level),Deep Focus Learner,mixed,"[17, 4, 12]",STU-SYN0366,366,B+,67.87,15128,"[16, 11, 15, 2]"
synthetic.student0367@mathsy.synthetic,0.516,english,Synthetic Student 367 (D Level),Flexible Learner,kertas1,"[18, 6, 17]",STU-SYN0367,367,D,46.58,15129,"[10, 15, 14, 16]"
synthetic.student0368@mathsy.synthetic,0.5465,english,Synthetic Student 368 (C Level),Flexible Learner,kertas1,"[6, 3, 10, 15]",STU-SYN0368,368,C,54.97,15130,"[7, 16]"
synthetic.student0369@mathsy.synthetic,0.691,english,Synthetic Student 369 (B+ Level),Deep Focus Learner,kertas1,"[13, 6, 3]",STU-SYN0369,369,B+,68.62,15131,"[17, 16]"
synthetic.student0370@mathsy.synthetic,0.8047,english,Synthetic Student 370 (A Level),Consistent Climber,kertas1,"[9, 1, 16, 14]",STU-SYN0370,370,A,82.58,15132,"[15, 10, 3, 8]"
synthetic.student0371@mathsy.synthetic,0.4262,english,Synthetic Student 371 (E Level),Weekend Learner,mixed,"[9, 3]",STU-SYN0371,371,E,41.34,15133,"[1, 12]"
synthetic.student0372@mathsy.synthetic,0.5832,bm,Synthetic Student 372 (B Level),Consistent Climber,kertas1,"[7, 4, 13]",STU-SYN0372,372,B,60.74,15134,"[11, 16, 2]"
synthetic.student0373@mathsy.synthetic,0.5417,bm,Synthetic Student 373 (E Level),Fresh Starter,mixed,"[6, 12]",STU-SYN0373,373,E,40.33,15135,"[7, 16, 8, 3, 9]"
synthetic.student0374@mathsy.synthetic,0.7633,english,Synthetic Student 374 (A- Level),Flexible Learner,kertas1,"[9, 11]",STU-SYN0374,374,A-,72.16,15136,"[2, 15, 13, 6]"
synthetic.student0375@mathsy.synthetic,0.5632,english,Synthetic Student 375 (C Level),Flexible Learner,mixed,"[14, 1, 2, 4]",STU-SYN0375,375,C,52.71,15137,"[17, 5, 15]"
synthetic.student0376@mathsy.synthetic,0.5027,english,Synthetic Student 376 (D Level),Flexible Learner,kertas1,"[7, 13]",STU-SYN0376,376,D,47.18,15138,"[17, 6]"
synthetic.student0377@mathsy.synthetic,0.7932,english,Synthetic Student 377 (A- Level),Deep Focus Learner,mixed,"[13, 9, 1, 7]",STU-SYN0377,377,A-,75.39,15139,"[15, 17]"
synthetic.student0378@mathsy.synthetic,0.5406,bm,Synthetic Student 378 (D Level),Deep Focus Learner,kertas1,"[15, 4]",STU-SYN0378,378,D,47.8,15140,"[1, 6, 12, 8, 16]"
synthetic.student0379@mathsy.synthetic,0.8111,english,Synthetic Student 379 (A Level),Consistent Climber,kertas1,"[6, 18]",STU-SYN0379,379,A,83.12,15141,"[1, 10, 12]"
synthetic.student0380@mathsy.synthetic,0.7505,english,Synthetic Student 380 (A- Level),Consistent Climber,kertas1,"[3, 18, 16]",STU-SYN0380,380,A-,76.9,15142,"[9, 12, 8]"
synthetic.student0381@mathsy.synthetic,0.6326,english,Synthetic Student 381 (B Level),Flexible Learner,mixed,"[18, 7, 1]",STU-SYN0381,381,B,61.87,15143,"[6, 2]"
synthetic.student0382@mathsy.synthetic,0.9229,english,Synthetic Student 382 (A+ Level),High Achiever,kertas1,"[15, 8]",STU-SYN0382,382,A+,92.23,15144,"[1, 9, 3, 16, 10]"
synthetic.student0383@mathsy.synthetic,0.5404,english,Synthetic Student 383 (C Level),Flexible Learner,kertas1,"[18, 11, 14, 4]",STU-SYN0383,383,C,52.58,15145,"[16, 13, 10]"
synthetic.student0384@mathsy.synthetic,0.8606,english,Synthetic Student 384 (A Level),High Achiever,kertas1,"[4, 9]",STU-SYN0384,384,A,86.43,15146,"[16, 12, 15, 7, 8]"
synthetic.student0385@mathsy.synthetic,0.4119,bm,Synthetic Student 385 (G Level),Fresh Starter,kertas1,"[1, 16, 10, 13]",STU-SYN0385,385,G,25,15147,"[5, 11, 15, 6]"
synthetic.student0386@mathsy.synthetic,0.759,english,Synthetic Student 386 (A Level),Consistent Climber,mixed,"[18, 4, 11]",STU-SYN0386,386,A,80.78,15148,"[15, 10, 3]"
synthetic.student0387@mathsy.synthetic,0.4736,english,Synthetic Student 387 (G Level),Fresh Starter,kertas2,"[4, 1]",STU-SYN0387,387,G,32.17,15149,"[5, 17, 18, 16, 9]"
synthetic.student0388@mathsy.synthetic,0.6423,bm,Synthetic Student 388 (B+ Level),Consistent Climber,kertas2,"[4, 7]",STU-SYN0388,388,B+,66.11,15150,"[6, 10, 13, 17, 5]"
synthetic.student0389@mathsy.synthetic,0.6603,english,Synthetic Student 389 (B Level),Flexible Learner,kertas1,"[10, 15, 8, 18]",STU-SYN0389,389,B,63.35,15151,"[2, 9, 3]"
synthetic.student0390@mathsy.synthetic,0.6288,english,Synthetic Student 390 (C+ Level),Weekend Learner,mixed,"[6, 3]",STU-SYN0390,390,C+,56.52,15152,"[2, 16, 8, 14, 7]"
synthetic.student0391@mathsy.synthetic,0.3381,bm,Synthetic Student 391 (G Level),Fresh Starter,mixed,"[4, 10, 3]",STU-SYN0391,391,G,25,15153,"[8, 11, 1]"
synthetic.student0392@mathsy.synthetic,0.6604,english,Synthetic Student 392 (C+ Level),Weekend Learner,kertas1,"[13, 11, 7, 3]",STU-SYN0392,392,C+,58.5,15154,"[4, 16, 12, 8, 10]"
synthetic.student0393@mathsy.synthetic,0.6996,english,Synthetic Student 393 (B+ Level),Flexible Learner,kertas2,"[6, 14]",STU-SYN0393,393,B+,65.22,15155,"[9, 13, 12, 11, 7]"
synthetic.student0394@mathsy.synthetic,0.6917,english,Synthetic Student 394 (A- Level),Consistent Climber,kertas1,"[9, 1, 14, 2]",STU-SYN0394,394,A-,72.82,15156,"[7, 16]"
synthetic.student0395@mathsy.synthetic,0.7406,english,Synthetic Student 395 (B+ Level),Deep Focus Learner,kertas1,"[12, 13]",STU-SYN0395,395,B+,69.16,15157,"[14, 8, 2, 1]"
synthetic.student0396@mathsy.synthetic,0.7534,english,Synthetic Student 396 (A- Level),Flexible Learner,mixed,"[12, 8, 6, 17]",STU-SYN0396,396,A-,71.23,15158,"[1, 9, 14]"
synthetic.student0397@mathsy.synthetic,0.7547,english,Synthetic Student 397 (B+ Level),Weekend Learner,kertas1,"[8, 12, 3, 9]",STU-SYN0397,397,B+,69.3,15159,"[2, 17, 16, 13]"
synthetic.student0398@mathsy.synthetic,0.5845,english,Synthetic Student 398 (D Level),Fresh Starter,kertas2,"[16, 12]",STU-SYN0398,398,D,45.05,15160,"[8, 1, 3]"
synthetic.student0399@mathsy.synthetic,0.6054,bm,Synthetic Student 399 (B Level),Consistent Climber,kertas2,"[15, 14]",STU-SYN0399,399,B,62.84,15161,"[9, 6]"
synthetic.student0400@mathsy.synthetic,0.6613,english,Synthetic Student 400 (B Level),Flexible Learner,kertas1,"[13, 5]",STU-SYN0400,400,B,64.78,15162,"[9, 6]"
synthetic.student0401@mathsy.synthetic,0.6798,english,Synthetic Student 401 (B+ Level),Flexible Learner,kertas2,"[10, 11, 5, 8]",STU-SYN0401,401,B+,67.73,15163,"[2, 15]"
synthetic.student0402@mathsy.synthetic,0.5749,bm,Synthetic Student 402 (C Level),Weekend Learner,mixed,"[17, 11, 12]",STU-SYN0402,402,C,50.88,15164,"[5, 4, 2, 10, 16]"
synthetic.student0403@mathsy.synthetic,0.4719,english,Synthetic Student 403 (G Level),Fresh Starter,kertas2,"[8, 18]",STU-SYN0403,403,G,31.11,15165,"[15, 13, 11, 1, 16]"
synthetic.student0404@mathsy.synthetic,0.6042,english,Synthetic Student 404 (B Level),Consistent Climber,kertas1,"[2, 13, 15, 17]",STU-SYN0404,404,B,60.15,15166,"[3, 6, 14, 9, 8]"
synthetic.student0405@mathsy.synthetic,0.5975,english,Synthetic Student 405 (C+ Level),Deep Focus Learner,kertas2,"[11, 14, 18, 3]",STU-SYN0405,405,C+,55.9,15167,"[9, 8]"
synthetic.student0406@mathsy.synthetic,0.5516,english,Synthetic Student 406 (C Level),Deep Focus Learner,kertas1,"[14, 1, 15, 2]",STU-SYN0406,406,C,51.69,15168,"[12, 8]"
synthetic.student0407@mathsy.synthetic,0.7232,bm,Synthetic Student 407 (A- Level),Consistent Climber,kertas1,"[15, 14, 17, 6]",STU-SYN0407,407,A-,74.96,15169,"[1, 5, 16]"
synthetic.student0408@mathsy.synthetic,0.819,english,Synthetic Student 408 (A Level),High Achiever,kertas1,"[13, 14, 12]",STU-SYN0408,408,A,83.16,15170,"[5, 7, 9, 11, 17]"
synthetic.student0409@mathsy.synthetic,0.6245,english,Synthetic Student 409 (B+ Level),Consistent Climber,kertas1,"[6, 17]",STU-SYN0409,409,B+,66.63,15171,"[4, 9]"
synthetic.student0410@mathsy.synthetic,0.6119,english,Synthetic Student 410 (C+ Level),Flexible Learner,mixed,"[7, 11, 9, 3]",STU-SYN0410,410,C+,58.59,15172,"[14, 16]"
synthetic.student0411@mathsy.synthetic,0.5668,english,Synthetic Student 411 (D Level),Weekend Learner,mixed,"[17, 11, 16]",STU-SYN0411,411,D,49.13,15173,"[3, 5, 13, 12, 4]"
synthetic.student0412@mathsy.synthetic,0.7547,english,Synthetic Student 412 (B+ Level),Deep Focus Learner,kertas2,"[17, 4, 5, 14]",STU-SYN0412,412,B+,68.35,15174,"[3, 15, 2, 13, 7]"
synthetic.student0413@mathsy.synthetic,0.489,english,Synthetic Student 413 (E Level),Flexible Learner,kertas1,"[13, 15, 17]",STU-SYN0413,413,E,44.7,15175,"[1, 16, 11, 9]"
synthetic.student0414@mathsy.synthetic,0.94,english,Synthetic Student 414 (A+ Level),High Achiever,kertas1,"[2, 8, 10]",STU-SYN0414,414,A+,98,15176,"[14, 5, 4]"
synthetic.student0415@mathsy.synthetic,0.8369,english,Synthetic Student 415 (A Level),High Achiever,kertas2,"[12, 14, 6]",STU-SYN0415,415,A,84.69,15177,"[18, 5, 9, 3, 11]"
synthetic.student0416@mathsy.synthetic,0.4418,english,Synthetic Student 416 (G Level),Fresh Starter,mixed,"[12, 17, 13, 8]",STU-SYN0416,416,G,26.47,15178,"[11, 4, 6, 15, 10]"
synthetic.student0417@mathsy.synthetic,0.5606,bm,Synthetic Student 417 (C Level),Weekend Learner,kertas1,"[2, 9, 5, 18]",STU-SYN0417,417,C,50.52,15179,"[13, 6, 14, 10, 15]"
synthetic.student0418@mathsy.synthetic,0.7892,english,Synthetic Student 418 (A- Level),Consistent Climber,kertas1,"[4, 13, 12, 8]",STU-SYN0418,418,A-,78.14,15180,"[6, 9, 3, 7, 16]"
synthetic.student0419@mathsy.synthetic,0.6823,english,Synthetic Student 419 (A- Level),Consistent Climber,mixed,"[15, 16]",STU-SYN0419,419,A-,71.87,15181,"[17, 4, 10]"
synthetic.student0420@mathsy.synthetic,0.7476,bm,Synthetic Student 420 (B+ Level),Deep Focus Learner,kertas1,"[5, 18]",STU-SYN0420,420,B+,69.33,15182,"[10, 6, 14, 4]"
synthetic.student0421@mathsy.synthetic,0.5058,english,Synthetic Student 421 (D Level),Deep Focus Learner,kertas2,"[9, 17, 14, 5]",STU-SYN0421,421,D,46.61,15183,"[13, 1, 18, 10]"
synthetic.student0422@mathsy.synthetic,0.6571,english,Synthetic Student 422 (B Level),Flexible Learner,kertas1,"[18, 17, 15]",STU-SYN0422,422,B,64.36,15184,"[1, 11]"
synthetic.student0423@mathsy.synthetic,0.4998,bm,Synthetic Student 423 (D Level),Weekend Learner,mixed,"[5, 4]",STU-SYN0423,423,D,47.27,15185,"[13, 9]"
synthetic.student0424@mathsy.synthetic,0.4562,english,Synthetic Student 424 (G Level),Fresh Starter,kertas1,"[4, 8, 3, 17]",STU-SYN0424,424,G,32.38,15186,"[16, 6, 11, 9]"
synthetic.student0425@mathsy.synthetic,0.5945,bm,Synthetic Student 425 (C Level),Flexible Learner,mixed,"[4, 10, 5, 11]",STU-SYN0425,425,C,52.07,15187,"[1, 7, 12, 8, 13]"
synthetic.student0426@mathsy.synthetic,0.7152,english,Synthetic Student 426 (A- Level),Consistent Climber,kertas1,"[4, 11, 17, 1]",STU-SYN0426,426,A-,71.74,15188,"[7, 16, 10, 14, 8]"
synthetic.student0427@mathsy.synthetic,0.7379,bm,Synthetic Student 427 (A- Level),Flexible Learner,kertas1,"[16, 2, 8, 15]",STU-SYN0427,427,A-,71.64,15189,"[9, 18, 17, 1]"
synthetic.student0428@mathsy.synthetic,0.7911,english,Synthetic Student 428 (A- Level),Consistent Climber,kertas1,"[8, 7]",STU-SYN0428,428,A-,78.66,15190,"[4, 12, 13, 3]"
synthetic.student0429@mathsy.synthetic,0.5944,english,Synthetic Student 429 (C+ Level),Flexible Learner,kertas2,"[6, 12]",STU-SYN0429,429,C+,55.87,15191,"[18, 15, 8]"
synthetic.student0430@mathsy.synthetic,0.5995,english,Synthetic Student 430 (C+ Level),Consistent Climber,kertas1,"[14, 1, 18, 2]",STU-SYN0430,430,C+,58.8,15192,"[12, 3, 10, 9, 6]"
synthetic.student0431@mathsy.synthetic,0.737,english,Synthetic Student 431 (A- Level),Consistent Climber,kertas2,"[1, 13, 8]",STU-SYN0431,431,A-,73.19,15193,"[18, 10, 14, 5, 12]"
synthetic.student0432@mathsy.synthetic,0.3653,english,Synthetic Student 432 (G Level),Fresh Starter,mixed,"[2, 17, 7]",STU-SYN0432,432,G,25,15194,"[3, 14, 6]"
synthetic.student0433@mathsy.synthetic,0.6268,bm,Synthetic Student 433 (B Level),Flexible Learner,mixed,"[5, 15]",STU-SYN0433,433,B,60.81,15195,"[12, 10, 6, 2]"
synthetic.student0434@mathsy.synthetic,0.7163,bm,Synthetic Student 434 (B+ Level),Deep Focus Learner,kertas1,"[6, 15, 7, 13]",STU-SYN0434,434,B+,66.5,15196,"[2, 3, 8, 1]"
synthetic.student0435@mathsy.synthetic,0.834,english,Synthetic Student 435 (A Level),High Achiever,kertas2,"[9, 10]",STU-SYN0435,435,A,84.4,15197,"[4, 17, 3, 7, 6]"
synthetic.student0436@mathsy.synthetic,0.4989,english,Synthetic Student 436 (D Level),Weekend Learner,mixed,"[1, 4, 15, 17]",STU-SYN0436,436,D,48.45,15198,"[2, 14]"
synthetic.student0437@mathsy.synthetic,0.5689,english,Synthetic Student 437 (D Level),Flexible Learner,mixed,"[13, 7, 17, 1]",STU-SYN0437,437,D,49.03,15199,"[14, 8, 3, 2, 16]"
synthetic.student0438@mathsy.synthetic,0.5922,bm,Synthetic Student 438 (C+ Level),Weekend Learner,kertas2,"[6, 16, 10]",STU-SYN0438,438,C+,58.44,15200,"[9, 1]"
synthetic.student0439@mathsy.synthetic,0.4913,bm,Synthetic Student 439 (D Level),Weekend Learner,kertas1,"[10, 17]",STU-SYN0439,439,D,47.6,15201,"[9, 12]"
synthetic.student0440@mathsy.synthetic,0.7028,bm,Synthetic Student 440 (B+ Level),Deep Focus Learner,kertas1,"[5, 10, 18]",STU-SYN0440,440,B+,65.45,15202,"[7, 17, 8]"
synthetic.student0441@mathsy.synthetic,0.5824,english,Synthetic Student 441 (C Level),Weekend Learner,kertas1,"[2, 9, 8]",STU-SYN0441,441,C,52.04,15203,"[3, 11, 4, 14]"
synthetic.student0442@mathsy.synthetic,0.6131,bm,Synthetic Student 442 (C+ Level),Flexible Learner,kertas2,"[17, 8, 16]",STU-SYN0442,442,C+,59.88,15204,"[1, 12, 4]"
synthetic.student0443@mathsy.synthetic,0.9113,english,Synthetic Student 443 (A+ Level),High Achiever,kertas1,"[6, 2, 8]",STU-SYN0443,443,A+,90.71,15205,"[1, 7, 17, 14, 4]"
synthetic.student0444@mathsy.synthetic,0.3745,english,Synthetic Student 444 (G Level),Fresh Starter,kertas1,"[5, 18, 4, 17]",STU-SYN0444,444,G,25,15206,"[14, 10, 3, 1]"
synthetic.student0445@mathsy.synthetic,0.7191,bm,Synthetic Student 445 (B Level),Weekend Learner,kertas2,"[4, 6, 13, 18]",STU-SYN0445,445,B,64.55,15207,"[14, 7, 15, 9, 16]"
synthetic.student0446@mathsy.synthetic,0.5127,english,Synthetic Student 446 (D Level),Weekend Learner,mixed,"[2, 14, 17, 9]",STU-SYN0446,446,D,46.73,15208,"[5, 13, 3, 10]"
synthetic.student0447@mathsy.synthetic,0.3331,english,Synthetic Student 447 (G Level),Fresh Starter,kertas2,"[7, 5, 9]",STU-SYN0447,447,G,25,15209,"[12, 6, 1, 17, 18]"
synthetic.student0448@mathsy.synthetic,0.7043,english,Synthetic Student 448 (B+ Level),Weekend Learner,kertas2,"[6, 12]",STU-SYN0448,448,B+,65.86,15210,"[3, 5, 9, 8]"
synthetic.student0449@mathsy.synthetic,0.7214,english,Synthetic Student 449 (A- Level),Consistent Climber,kertas2,"[10, 13, 14]",STU-SYN0449,449,A-,76.13,15211,"[15, 8]"
synthetic.student0450@mathsy.synthetic,0.756,bm,Synthetic Student 450 (A- Level),Consistent Climber,kertas1,"[10, 6]",STU-SYN0450,450,A-,78.86,15212,"[7, 14]"
synthetic.student0451@mathsy.synthetic,0.6808,english,Synthetic Student 451 (B+ Level),Consistent Climber,kertas2,"[4, 10, 13, 6]",STU-SYN0451,451,B+,69.18,15213,"[16, 3, 9]"
synthetic.student0452@mathsy.synthetic,0.5652,english,Synthetic Student 452 (C Level),Deep Focus Learner,kertas1,"[2, 5, 13]",STU-SYN0452,452,C,51.4,15214,"[7, 4, 11, 10]"
synthetic.student0453@mathsy.synthetic,0.5799,bm,Synthetic Student 453 (C+ Level),Flexible Learner,mixed,"[13, 9]",STU-SYN0453,453,C+,55.06,15215,"[14, 10, 7, 1]"
synthetic.student0454@mathsy.synthetic,0.4254,english,Synthetic Student 454 (E Level),Weekend Learner,kertas1,"[2, 10, 14, 16]",STU-SYN0454,454,E,41.86,15216,"[12, 7]"
synthetic.student0455@mathsy.synthetic,0.8059,bm,Synthetic Student 455 (A Level),High Achiever,kertas1,"[11, 3, 2, 5]",STU-SYN0455,455,A,81.53,15217,"[12, 16, 1, 7, 15]"
synthetic.student0456@mathsy.synthetic,0.493,english,Synthetic Student 456 (D Level),Weekend Learner,mixed,"[10, 16]",STU-SYN0456,456,D,45.25,15218,"[7, 8, 12, 6]"
synthetic.student0457@mathsy.synthetic,0.6062,english,Synthetic Student 457 (C Level),Deep Focus Learner,mixed,"[16, 2, 10, 4]",STU-SYN0457,457,C,54.7,15219,"[1, 12, 3, 14]"
synthetic.student0458@mathsy.synthetic,0.5564,bm,Synthetic Student 458 (C Level),Deep Focus Learner,mixed,"[13, 3, 12]",STU-SYN0458,458,C,51.82,15220,"[16, 5, 7]"
synthetic.student0459@mathsy.synthetic,0.6705,english,Synthetic Student 459 (B Level),Deep Focus Learner,kertas1,"[4, 3]",STU-SYN0459,459,B,60.6,15221,"[13, 1, 14, 15, 17]"
synthetic.student0460@mathsy.synthetic,0.9019,english,Synthetic Student 460 (A+ Level),High Achiever,kertas2,"[8, 3]",STU-SYN0460,460,A+,91.3,15222,"[9, 7, 10, 2]"
synthetic.student0461@mathsy.synthetic,0.6372,english,Synthetic Student 461 (C+ Level),Flexible Learner,mixed,"[3, 7, 10, 18]",STU-SYN0461,461,C+,58.72,15223,"[15, 1, 8, 4, 6]"
synthetic.student0462@mathsy.synthetic,0.3891,english,Synthetic Student 462 (G Level),Fresh Starter,kertas2,"[1, 18, 17, 5]",STU-SYN0462,462,G,26.02,15224,"[14, 9, 6]"
synthetic.student0463@mathsy.synthetic,0.7956,bm,Synthetic Student 463 (A- Level),Deep Focus Learner,kertas1,"[12, 4]",STU-SYN0463,463,A-,74.88,15225,"[2, 3, 14, 7]"
synthetic.student0464@mathsy.synthetic,0.7157,english,Synthetic Student 464 (A- Level),Consistent Climber,kertas1,"[4, 18, 12]",STU-SYN0464,464,A-,70.25,15226,"[5, 1, 11, 10, 9]"
synthetic.student0465@mathsy.synthetic,0.522,english,Synthetic Student 465 (G Level),Fresh Starter,kertas1,"[10, 8, 15]",STU-SYN0465,465,G,37.88,15227,"[4, 5]"
synthetic.student0466@mathsy.synthetic,0.5037,bm,Synthetic Student 466 (D Level),Flexible Learner,mixed,"[3, 8]",STU-SYN0466,466,D,46.45,15228,"[16, 1, 6]"
synthetic.student0467@mathsy.synthetic,0.3713,english,Synthetic Student 467 (G Level),Fresh Starter,kertas1,"[14, 5]",STU-SYN0467,467,G,25,15229,"[6, 12]"
synthetic.student0468@mathsy.synthetic,0.8366,bm,Synthetic Student 468 (A Level),Consistent Climber,kertas1,"[5, 4, 7, 6]",STU-SYN0468,468,A,82.84,15230,"[8, 9, 17, 16, 3]"
synthetic.student0469@mathsy.synthetic,0.6894,english,Synthetic Student 469 (A- Level),Consistent Climber,mixed,"[17, 15, 1]",STU-SYN0469,469,A-,75.54,15231,"[14, 16]"
synthetic.student0470@mathsy.synthetic,0.8474,english,Synthetic Student 470 (A Level),Consistent Climber,kertas1,"[8, 6]",STU-SYN0470,470,A,84.08,15232,"[11, 17, 2, 4]"
synthetic.student0471@mathsy.synthetic,0.5648,english,Synthetic Student 471 (D Level),Fresh Starter,kertas1,"[15, 7]",STU-SYN0471,471,D,47.31,15233,"[9, 18]"
synthetic.student0472@mathsy.synthetic,0.6173,english,Synthetic Student 472 (D Level),Fresh Starter,kertas1,"[12, 10]",STU-SYN0472,472,D,45.13,15234,"[4, 17, 14, 18, 6]"
synthetic.student0473@mathsy.synthetic,0.8687,english,Synthetic Student 473 (A Level),High Achiever,kertas1,"[17, 1, 3, 10]",STU-SYN0473,473,A,88.91,15235,"[7, 13, 2, 15, 5]"
synthetic.student0474@mathsy.synthetic,0.6163,english,Synthetic Student 474 (C Level),Fresh Starter,kertas2,"[12, 3]",STU-SYN0474,474,C,50.2,15236,"[16, 6]"
synthetic.student0475@mathsy.synthetic,0.7388,english,Synthetic Student 475 (B+ Level),Weekend Learner,kertas1,"[8, 17]",STU-SYN0475,475,B+,69.71,15237,"[1, 14]"
synthetic.student0476@mathsy.synthetic,0.7986,english,Synthetic Student 476 (A- Level),Consistent Climber,mixed,"[5, 9]",STU-SYN0476,476,A-,77.64,15238,"[8, 17, 4, 15, 16]"
synthetic.student0477@mathsy.synthetic,0.4304,english,Synthetic Student 477 (G Level),Weekend Learner,kertas2,"[17, 9, 14]",STU-SYN0477,477,G,37.22,15239,"[13, 6, 7, 4]"
synthetic.student0478@mathsy.synthetic,0.4855,bm,Synthetic Student 478 (D Level),Flexible Learner,kertas1,"[6, 7, 9]",STU-SYN0478,478,D,45.5,15240,"[10, 1]"
synthetic.student0479@mathsy.synthetic,0.3571,bm,Synthetic Student 479 (G Level),Fresh Starter,kertas2,"[13, 5]",STU-SYN0479,479,G,25,15241,"[2, 4, 7, 3]"
synthetic.student0480@mathsy.synthetic,0.544,bm,Synthetic Student 480 (C Level),Flexible Learner,mixed,"[11, 8, 1, 5]",STU-SYN0480,480,C,52.49,15242,"[10, 2, 17]"
synthetic.student0481@mathsy.synthetic,0.6225,english,Synthetic Student 481 (C+ Level),Flexible Learner,mixed,"[3, 7, 11, 18]",STU-SYN0481,481,C+,57.93,15243,"[2, 12, 4, 1]"
synthetic.student0482@mathsy.synthetic,0.7397,english,Synthetic Student 482 (A- Level),Consistent Climber,mixed,"[18, 7, 2]",STU-SYN0482,482,A-,74.32,15244,"[10, 12, 16]"
synthetic.student0483@mathsy.synthetic,0.6539,bm,Synthetic Student 483 (B Level),Flexible Learner,kertas2,"[4, 1, 9, 11]",STU-SYN0483,483,B,64.54,15245,"[18, 2, 8]"
synthetic.student0484@mathsy.synthetic,0.6163,english,Synthetic Student 484 (D Level),Fresh Starter,kertas1,"[6, 9]",STU-SYN0484,484,D,48.51,15246,"[17, 18, 8, 1]"
synthetic.student0485@mathsy.synthetic,0.5313,english,Synthetic Student 485 (D Level),Flexible Learner,mixed,"[15, 7, 17]",STU-SYN0485,485,D,48.99,15247,"[18, 6, 13, 14, 3]"
synthetic.student0486@mathsy.synthetic,0.8101,bm,Synthetic Student 486 (A Level),High Achiever,mixed,"[14, 12, 1]",STU-SYN0486,486,A,83.71,15248,"[15, 11, 3, 6, 2]"
synthetic.student0487@mathsy.synthetic,0.762,english,Synthetic Student 487 (A Level),Consistent Climber,kertas1,"[11, 15, 7, 16]",STU-SYN0487,487,A,80.01,15249,"[1, 5]"
synthetic.student0488@mathsy.synthetic,0.8224,bm,Synthetic Student 488 (A Level),Consistent Climber,kertas2,"[9, 12, 4]",STU-SYN0488,488,A,83.11,15250,"[13, 11, 18]"
synthetic.student0489@mathsy.synthetic,0.4132,english,Synthetic Student 489 (G Level),Fresh Starter,kertas1,"[4, 10, 14, 5]",STU-SYN0489,489,G,28.97,15251,"[17, 13, 9]"
synthetic.student0490@mathsy.synthetic,0.593,english,Synthetic Student 490 (B Level),Consistent Climber,mixed,"[4, 1, 16, 8]",STU-SYN0490,490,B,60.82,15252,"[13, 15, 10]"
synthetic.student0491@mathsy.synthetic,0.5935,bm,Synthetic Student 491 (B Level),Consistent Climber,kertas2,"[2, 11]",STU-SYN0491,491,B,62.12,15253,"[5, 13, 1, 17]"
synthetic.student0492@mathsy.synthetic,0.5379,bm,Synthetic Student 492 (C Level),Flexible Learner,kertas1,"[7, 14, 3, 11]",STU-SYN0492,492,C,51.11,15254,"[13, 5, 8, 10]"
synthetic.student0493@mathsy.synthetic,0.8182,english,Synthetic Student 493 (A Level),Consistent Climber,kertas1,"[9, 12]",STU-SYN0493,493,A,85.9,15255,"[15, 17]"
synthetic.student0494@mathsy.synthetic,0.6046,english,Synthetic Student 494 (D Level),Fresh Starter,kertas1,"[13, 4, 10]",STU-SYN0494,494,D,46.92,15256,"[8, 11, 3, 17]"
synthetic.student0495@mathsy.synthetic,0.5878,english,Synthetic Student 495 (C Level),Flexible Learner,kertas1,"[10, 6, 7, 18]",STU-SYN0495,495,C,53.47,15257,"[1, 11, 4, 15, 12]"
synthetic.student0496@mathsy.synthetic,0.4098,english,Synthetic Student 496 (G Level),Fresh Starter,kertas2,"[1, 7, 4]",STU-SYN0496,496,G,27.21,15258,"[15, 8, 2]"
synthetic.student0497@mathsy.synthetic,0.5202,english,Synthetic Student 497 (D Level),Flexible Learner,kertas1,"[6, 12, 3, 18]",STU-SYN0497,497,D,49.74,15259,"[16, 1, 8, 11]"
synthetic.student0498@mathsy.synthetic,0.58,english,Synthetic Student 498 (C Level),Weekend Learner,kertas1,"[11, 3]",STU-SYN0498,498,C,54.87,15260,"[16, 17, 8]"
synthetic.student0499@mathsy.synthetic,0.7532,bm,Synthetic Student 499 (A- Level),Consistent Climber,kertas1,"[5, 7, 4, 3]",STU-SYN0499,499,A-,79.34,15261,"[6, 14]"
synthetic.student0500@mathsy.synthetic,0.5267,bm,Synthetic Student 500 (C Level),Deep Focus Learner,kertas1,"[4, 14]",STU-SYN0500,500,C,51.07,15262,"[6, 13]"
synthetic.student0501@mathsy.synthetic,0.7646,english,Synthetic Student 501 (A- Level),Flexible Learner,kertas1,"[3, 8, 16]",STU-SYN0501,501,A-,73.79,15263,"[14, 7, 5, 11]"
synthetic.student0502@mathsy.synthetic,0.9485,bm,Synthetic Student 502 (A+ Level),High Achiever,kertas1,"[1, 16, 17, 3]",STU-SYN0502,502,A+,95.52,15264,"[7, 15, 8, 4, 5]"
synthetic.student0503@mathsy.synthetic,0.5188,english,Synthetic Student 503 (D Level),Flexible Learner,mixed,"[12, 17, 8, 4]",STU-SYN0503,503,D,48.82,15265,"[9, 18, 11]"
synthetic.student0504@mathsy.synthetic,0.582,english,Synthetic Student 504 (C Level),Flexible Learner,mixed,"[17, 3, 7, 2]",STU-SYN0504,504,C,53.51,15266,"[4, 13, 14]"
synthetic.student0505@mathsy.synthetic,0.4676,english,Synthetic Student 505 (E Level),Weekend Learner,kertas1,"[16, 1]",STU-SYN0505,505,E,43.37,15267,"[6, 2, 15]"
synthetic.student0506@mathsy.synthetic,0.6657,english,Synthetic Student 506 (B+ Level),Weekend Learner,kertas1,"[5, 14]",STU-SYN0506,506,B+,65.15,15268,"[7, 18]"
synthetic.student0507@mathsy.synthetic,0.5083,english,Synthetic Student 507 (D Level),Deep Focus Learner,mixed,"[5, 2]",STU-SYN0507,507,D,46.8,15269,"[8, 10, 13]"
synthetic.student0508@mathsy.synthetic,0.5242,bm,Synthetic Student 508 (E Level),Fresh Starter,kertas2,"[16, 6]",STU-SYN0508,508,E,40.14,15270,"[7, 5]"
synthetic.student0509@mathsy.synthetic,0.6873,bm,Synthetic Student 509 (B Level),Flexible Learner,kertas2,"[9, 12, 11, 1]",STU-SYN0509,509,B,63.37,15271,"[18, 6, 7, 10, 8]"
synthetic.student0510@mathsy.synthetic,0.5077,english,Synthetic Student 510 (D Level),Flexible Learner,kertas2,"[2, 12, 11]",STU-SYN0510,510,D,48.59,15272,"[5, 6, 4, 14]"
synthetic.student0511@mathsy.synthetic,0.6196,english,Synthetic Student 511 (B Level),Consistent Climber,kertas1,"[17, 2, 5]",STU-SYN0511,511,B,64.52,15273,"[11, 10, 7]"
synthetic.student0512@mathsy.synthetic,0.3076,english,Synthetic Student 512 (G Level),Fresh Starter,kertas2,"[9, 12]",STU-SYN0512,512,G,25,15274,"[10, 7, 2]"
synthetic.student0513@mathsy.synthetic,0.4856,bm,Synthetic Student 513 (D Level),Flexible Learner,kertas1,"[18, 1]",STU-SYN0513,513,D,45.13,15275,"[17, 9, 14]"
synthetic.student0514@mathsy.synthetic,0.7161,english,Synthetic Student 514 (B+ Level),Flexible Learner,mixed,"[11, 14]",STU-SYN0514,514,B+,66.25,15276,"[12, 3, 16, 8]"
synthetic.student0515@mathsy.synthetic,0.5833,english,Synthetic Student 515 (C Level),Deep Focus Learner,kertas1,"[15, 14, 8]",STU-SYN0515,515,C,50.74,15277,"[5, 12, 4, 1, 18]"
synthetic.student0516@mathsy.synthetic,0.8368,english,Synthetic Student 516 (A Level),Consistent Climber,kertas1,"[18, 14, 7, 3]",STU-SYN0516,516,A,87.67,15278,"[10, 1]"
synthetic.student0517@mathsy.synthetic,0.6363,english,Synthetic Student 517 (B Level),Consistent Climber,kertas2,"[7, 11, 3]",STU-SYN0517,517,B,64.39,15279,"[4, 17, 9]"
synthetic.student0518@mathsy.synthetic,0.8222,english,Synthetic Student 518 (A Level),High Achiever,kertas2,"[4, 7, 6]",STU-SYN0518,518,A,88.24,15280,"[17, 2]"
synthetic.student0519@mathsy.synthetic,0.6412,english,Synthetic Student 519 (C+ Level),Deep Focus Learner,kertas2,"[13, 18]",STU-SYN0519,519,C+,59.7,15281,"[8, 1, 7, 11]"
synthetic.student0520@mathsy.synthetic,0.8204,english,Synthetic Student 520 (A Level),Consistent Climber,kertas2,"[1, 12, 7]",STU-SYN0520,520,A,85.28,15282,"[13, 16]"
synthetic.student0521@mathsy.synthetic,0.5418,english,Synthetic Student 521 (C Level),Weekend Learner,kertas1,"[8, 3]",STU-SYN0521,521,C,50.11,15283,"[9, 5]"
synthetic.student0522@mathsy.synthetic,0.7921,english,Synthetic Student 522 (A- Level),Deep Focus Learner,kertas2,"[12, 14]",STU-SYN0522,522,A-,72.66,15284,"[10, 6, 15, 3]"
synthetic.student0523@mathsy.synthetic,0.4538,english,Synthetic Student 523 (G Level),Flexible Learner,kertas2,"[17, 16]",STU-SYN0523,523,G,39.71,15285,"[2, 9, 4, 10, 18]"
synthetic.student0524@mathsy.synthetic,0.9248,english,Synthetic Student 524 (A+ Level),High Achiever,kertas2,"[16, 14, 11, 13]",STU-SYN0524,524,A+,95.4,15286,"[7, 2, 1]"
synthetic.student0525@mathsy.synthetic,0.8355,english,Synthetic Student 525 (A Level),Consistent Climber,mixed,"[3, 8, 2]",STU-SYN0525,525,A,88.13,15287,"[4, 10]"
synthetic.student0526@mathsy.synthetic,0.5351,bm,Synthetic Student 526 (G Level),Fresh Starter,mixed,"[11, 14, 4]",STU-SYN0526,526,G,39.77,15288,"[15, 10, 12]"
synthetic.student0527@mathsy.synthetic,0.7774,english,Synthetic Student 527 (A- Level),Flexible Learner,kertas2,"[6, 4, 14, 9]",STU-SYN0527,527,A-,77.61,15289,"[7, 8]"
synthetic.student0528@mathsy.synthetic,0.7939,english,Synthetic Student 528 (A- Level),Consistent Climber,mixed,"[13, 8]",STU-SYN0528,528,A-,79.04,15290,"[18, 9, 4, 16]"
synthetic.student0529@mathsy.synthetic,0.728,english,Synthetic Student 529 (A- Level),Flexible Learner,kertas1,"[8, 1, 13, 9]",STU-SYN0529,529,A-,73.56,15291,"[2, 7]"
synthetic.student0530@mathsy.synthetic,0.5293,english,Synthetic Student 530 (E Level),Fresh Starter,mixed,"[14, 1, 13, 3]",STU-SYN0530,530,E,40.04,15292,"[2, 10, 17]"
synthetic.student0531@mathsy.synthetic,0.7148,english,Synthetic Student 531 (B+ Level),Flexible Learner,kertas1,"[2, 10, 13]",STU-SYN0531,531,B+,67.39,15293,"[14, 15, 11]"
synthetic.student0532@mathsy.synthetic,0.9403,english,Synthetic Student 532 (A+ Level),High Achiever,kertas1,"[1, 6, 7, 2]",STU-SYN0532,532,A+,95.39,15294,"[10, 3, 15, 8]"
synthetic.student0533@mathsy.synthetic,0.4819,english,Synthetic Student 533 (D Level),Weekend Learner,kertas1,"[18, 17]",STU-SYN0533,533,D,47.03,15295,"[12, 15]"
synthetic.student0534@mathsy.synthetic,0.3045,english,Synthetic Student 534 (G Level),Fresh Starter,kertas1,"[4, 6]",STU-SYN0534,534,G,25,15296,"[17, 1]"
synthetic.student0535@mathsy.synthetic,0.4883,english,Synthetic Student 535 (G Level),Fresh Starter,kertas1,"[18, 15, 12]",STU-SYN0535,535,G,34.12,15297,"[16, 5, 14, 7]"
synthetic.student0536@mathsy.synthetic,0.6739,bm,Synthetic Student 536 (B Level),Weekend Learner,kertas2,"[11, 12, 7, 9]",STU-SYN0536,536,B,63.44,15298,"[6, 10, 4, 14]"
synthetic.student0537@mathsy.synthetic,0.8491,english,Synthetic Student 537 (A Level),High Achiever,mixed,"[5, 3, 6]",STU-SYN0537,537,A,84.68,15299,"[17, 18, 10, 12, 7]"
synthetic.student0538@mathsy.synthetic,0.6426,bm,Synthetic Student 538 (C+ Level),Deep Focus Learner,kertas2,"[5, 18, 9]",STU-SYN0538,538,C+,58.61,15300,"[4, 11, 13, 17, 2]"
synthetic.student0539@mathsy.synthetic,0.9488,english,Synthetic Student 539 (A+ Level),High Achiever,kertas1,"[16, 11, 2]",STU-SYN0539,539,A+,98,15301,"[6, 12, 13, 9]"
synthetic.student0540@mathsy.synthetic,0.6437,bm,Synthetic Student 540 (C+ Level),Flexible Learner,kertas2,"[16, 11, 2, 10]",STU-SYN0540,540,C+,59.17,15302,"[13, 17, 5, 12, 1]"
synthetic.student0541@mathsy.synthetic,0.4037,bm,Synthetic Student 541 (G Level),Fresh Starter,mixed,"[6, 10, 11, 8]",STU-SYN0541,541,G,25,15303,"[13, 15, 9, 2]"
synthetic.student0542@mathsy.synthetic,0.665,english,Synthetic Student 542 (B Level),Weekend Learner,kertas1,"[4, 3, 11]",STU-SYN0542,542,B,61.91,15304,"[12, 1]"
synthetic.student0543@mathsy.synthetic,0.7122,bm,Synthetic Student 543 (B+ Level),Deep Focus Learner,kertas2,"[13, 11, 1, 3]",STU-SYN0543,543,B+,68.49,15305,"[12, 8, 14, 5]"
synthetic.student0544@mathsy.synthetic,0.6494,english,Synthetic Student 544 (B+ Level),Consistent Climber,kertas1,"[18, 14, 1]",STU-SYN0544,544,B+,66.28,15306,"[16, 10, 3, 5]"
synthetic.student0545@mathsy.synthetic,0.6979,bm,Synthetic Student 545 (B+ Level),Flexible Learner,kertas2,"[16, 8, 18]",STU-SYN0545,545,B+,68.49,15307,"[17, 10]"
synthetic.student0546@mathsy.synthetic,0.8517,bm,Synthetic Student 546 (A Level),High Achiever,kertas1,"[12, 3, 14, 5]",STU-SYN0546,546,A,85.61,15308,"[4, 13, 8, 16]"
synthetic.student0547@mathsy.synthetic,0.693,english,Synthetic Student 547 (B+ Level),Deep Focus Learner,kertas1,"[4, 3, 11, 8]",STU-SYN0547,547,B+,65.94,15309,"[17, 9, 14]"
synthetic.student0548@mathsy.synthetic,0.5899,bm,Synthetic Student 548 (C+ Level),Weekend Learner,mixed,"[1, 18, 9, 8]",STU-SYN0548,548,C+,58.36,15310,"[4, 6]"
synthetic.student0549@mathsy.synthetic,0.5861,english,Synthetic Student 549 (E Level),Fresh Starter,kertas2,"[8, 13]",STU-SYN0549,549,E,40.25,15311,"[11, 1, 12, 7, 14]"
synthetic.student0550@mathsy.synthetic,0.7167,english,Synthetic Student 550 (A- Level),Flexible Learner,kertas2,"[15, 2, 12, 16]",STU-SYN0550,550,A-,70.16,15312,"[5, 13]"
synthetic.student0551@mathsy.synthetic,0.6115,bm,Synthetic Student 551 (C Level),Deep Focus Learner,mixed,"[9, 11, 14, 5]",STU-SYN0551,551,C,54.1,15313,"[10, 6, 17, 18]"
synthetic.student0552@mathsy.synthetic,0.833,bm,Synthetic Student 552 (A Level),Consistent Climber,mixed,"[13, 17, 10]",STU-SYN0552,552,A,80.69,15314,"[5, 16, 3, 12, 8]"
synthetic.student0553@mathsy.synthetic,0.5007,english,Synthetic Student 553 (E Level),Deep Focus Learner,kertas2,"[4, 17, 6]",STU-SYN0553,553,E,41.63,15315,"[1, 5, 18, 13, 12]"
synthetic.student0554@mathsy.synthetic,0.7793,bm,Synthetic Student 554 (A- Level),Flexible Learner,kertas2,"[5, 12, 14, 1]",STU-SYN0554,554,A-,77.79,15316,"[15, 7]"
synthetic.student0555@mathsy.synthetic,0.5309,english,Synthetic Student 555 (C Level),Deep Focus Learner,kertas1,"[4, 7, 15]",STU-SYN0555,555,C,50.96,15317,"[17, 11, 16]"
synthetic.student0556@mathsy.synthetic,0.6346,english,Synthetic Student 556 (B Level),Deep Focus Learner,kertas1,"[14, 11, 9, 16]",STU-SYN0556,556,B,60.76,15318,"[12, 18, 7]"
synthetic.student0557@mathsy.synthetic,0.7906,english,Synthetic Student 557 (A- Level),Consistent Climber,kertas1,"[8, 1]",STU-SYN0557,557,A-,78.88,15319,"[9, 15, 11, 13]"
synthetic.student0558@mathsy.synthetic,0.6185,bm,Synthetic Student 558 (C+ Level),Flexible Learner,kertas2,"[17, 6]",STU-SYN0558,558,C+,55.06,15320,"[7, 3, 8, 16, 13]"
synthetic.student0559@mathsy.synthetic,0.7145,english,Synthetic Student 559 (A- Level),Consistent Climber,kertas1,"[5, 17]",STU-SYN0559,559,A-,75.23,15321,"[9, 14]"
synthetic.student0560@mathsy.synthetic,0.8307,bm,Synthetic Student 560 (A Level),Consistent Climber,mixed,"[10, 18, 7, 9]",STU-SYN0560,560,A,83.04,15322,"[3, 15, 12, 17, 2]"
synthetic.student0561@mathsy.synthetic,0.6861,english,Synthetic Student 561 (B Level),Deep Focus Learner,kertas2,"[7, 6]",STU-SYN0561,561,B,63.81,15323,"[3, 8, 10, 2]"
synthetic.student0562@mathsy.synthetic,0.5388,english,Synthetic Student 562 (C Level),Flexible Learner,mixed,"[11, 4]",STU-SYN0562,562,C,50.31,15324,"[2, 1, 10, 7]"
synthetic.student0563@mathsy.synthetic,0.5075,bm,Synthetic Student 563 (G Level),Fresh Starter,kertas1,"[1, 10, 5]",STU-SYN0563,563,G,33.46,15325,"[13, 14, 11, 7, 15]"
synthetic.student0564@mathsy.synthetic,0.3888,english,Synthetic Student 564 (G Level),Fresh Starter,mixed,"[3, 9]",STU-SYN0564,564,G,26.7,15326,"[16, 5, 1, 12]"
synthetic.student0565@mathsy.synthetic,0.7394,english,Synthetic Student 565 (A- Level),Deep Focus Learner,kertas2,"[15, 11]",STU-SYN0565,565,A-,71.34,15327,"[9, 12]"
synthetic.student0566@mathsy.synthetic,0.6338,english,Synthetic Student 566 (B Level),Weekend Learner,kertas2,"[4, 2, 7, 16]",STU-SYN0566,566,B,60.19,15328,"[17, 12, 3]"
synthetic.student0567@mathsy.synthetic,0.613,english,Synthetic Student 567 (B Level),Consistent Climber,mixed,"[12, 13, 6, 7]",STU-SYN0567,567,B,63.06,15329,"[1, 10, 3]"
synthetic.student0568@mathsy.synthetic,0.6063,bm,Synthetic Student 568 (C+ Level),Deep Focus Learner,mixed,"[8, 3]",STU-SYN0568,568,C+,55.11,15330,"[6, 12, 7, 18]"
synthetic.student0569@mathsy.synthetic,0.5913,english,Synthetic Student 569 (C+ Level),Consistent Climber,kertas2,"[18, 11, 9]",STU-SYN0569,569,C+,58.66,15331,"[4, 5, 7, 16, 2]"
synthetic.student0570@mathsy.synthetic,0.515,english,Synthetic Student 570 (D Level),Weekend Learner,kertas2,"[4, 18, 7]",STU-SYN0570,570,D,48.15,15332,"[14, 10]"
synthetic.student0571@mathsy.synthetic,0.5851,bm,Synthetic Student 571 (B Level),Consistent Climber,mixed,"[17, 3, 12]",STU-SYN0571,571,B,60.94,15333,"[9, 1, 2, 6]"
synthetic.student0572@mathsy.synthetic,0.8129,english,Synthetic Student 572 (A Level),Consistent Climber,kertas2,"[3, 15, 4]",STU-SYN0572,572,A,84.92,15334,"[8, 1]"
synthetic.student0573@mathsy.synthetic,0.6957,bm,Synthetic Student 573 (A- Level),Consistent Climber,mixed,"[12, 14, 1]",STU-SYN0573,573,A-,72.95,15335,"[9, 16, 17]"
synthetic.student0574@mathsy.synthetic,0.7627,english,Synthetic Student 574 (A- Level),Flexible Learner,kertas2,"[17, 8, 7, 4]",STU-SYN0574,574,A-,74.93,15336,"[14, 2]"
synthetic.student0575@mathsy.synthetic,0.6581,bm,Synthetic Student 575 (B Level),Flexible Learner,kertas1,"[4, 6, 12]",STU-SYN0575,575,B,60.65,15337,"[8, 9, 16, 17, 13]"
synthetic.student0576@mathsy.synthetic,0.8565,english,Synthetic Student 576 (A Level),Consistent Climber,kertas2,"[1, 7, 12, 2]",STU-SYN0576,576,A,88.85,15338,"[14, 6]"
synthetic.student0577@mathsy.synthetic,0.828,english,Synthetic Student 577 (A Level),Consistent Climber,mixed,"[18, 15, 6]",STU-SYN0577,577,A,85.81,15339,"[13, 8]"
synthetic.student0578@mathsy.synthetic,0.5977,english,Synthetic Student 578 (B Level),Consistent Climber,kertas2,"[12, 6]",STU-SYN0578,578,B,61.62,15340,"[18, 10, 1]"
synthetic.student0579@mathsy.synthetic,0.7774,english,Synthetic Student 579 (A- Level),Consistent Climber,kertas1,"[16, 2, 15]",STU-SYN0579,579,A-,79.21,15341,"[3, 12, 8, 11]"
synthetic.student0580@mathsy.synthetic,0.7757,english,Synthetic Student 580 (A- Level),Flexible Learner,mixed,"[8, 18, 11, 2]",STU-SYN0580,580,A-,73.6,15342,"[15, 10, 5, 14]"
synthetic.student0581@mathsy.synthetic,0.5834,english,Synthetic Student 581 (D Level),Fresh Starter,kertas1,"[13, 7]",STU-SYN0581,581,D,45.72,15343,"[5, 9, 11]"
synthetic.student0582@mathsy.synthetic,0.5854,english,Synthetic Student 582 (B Level),Flexible Learner,mixed,"[16, 12, 4]",STU-SYN0582,582,B,60.38,15344,"[11, 5]"
synthetic.student0583@mathsy.synthetic,0.4885,bm,Synthetic Student 583 (D Level),Flexible Learner,kertas1,"[12, 1, 14, 5]",STU-SYN0583,583,D,49.82,15345,"[7, 16]"
synthetic.student0584@mathsy.synthetic,0.6054,english,Synthetic Student 584 (C+ Level),Flexible Learner,kertas1,"[15, 16]",STU-SYN0584,584,C+,56.08,15346,"[14, 11, 1, 2, 6]"
synthetic.student0585@mathsy.synthetic,0.6092,bm,Synthetic Student 585 (C+ Level),Flexible Learner,kertas2,"[2, 5, 3, 10]",STU-SYN0585,585,C+,59.04,15347,"[15, 6]"
synthetic.student0586@mathsy.synthetic,0.6089,english,Synthetic Student 586 (B Level),Consistent Climber,kertas2,"[7, 2]",STU-SYN0586,586,B,64.83,15348,"[18, 16]"
synthetic.student0587@mathsy.synthetic,0.4631,bm,Synthetic Student 587 (G Level),Fresh Starter,mixed,"[8, 1, 18, 15]",STU-SYN0587,587,G,30.24,15349,"[14, 16, 9, 13, 10]"
synthetic.student0588@mathsy.synthetic,0.7922,english,Synthetic Student 588 (A Level),Consistent Climber,kertas1,"[15, 4]",STU-SYN0588,588,A,82.04,15350,"[9, 8]"
synthetic.student0589@mathsy.synthetic,0.6,english,Synthetic Student 589 (D Level),Fresh Starter,kertas1,"[5, 3, 2]",STU-SYN0589,589,D,48.52,15351,"[10, 8]"
synthetic.student0590@mathsy.synthetic,0.3508,bm,Synthetic Student 590 (G Level),Fresh Starter,kertas2,"[5, 15, 8, 1]",STU-SYN0590,590,G,25,15352,"[14, 18, 4, 3, 16]"
synthetic.student0591@mathsy.synthetic,0.6221,bm,Synthetic Student 591 (C+ Level),Weekend Learner,kertas1,"[7, 15, 16, 10]",STU-SYN0591,591,C+,58.07,15353,"[17, 2, 8, 1]"
synthetic.student0592@mathsy.synthetic,0.705,english,Synthetic Student 592 (B+ Level),Deep Focus Learner,kertas1,"[14, 16, 9]",STU-SYN0592,592,B+,66.5,15354,"[5, 6, 4, 18]"
synthetic.student0593@mathsy.synthetic,0.8132,english,Synthetic Student 593 (A- Level),Deep Focus Learner,kertas2,"[5, 4]",STU-SYN0593,593,A-,74.36,15355,"[10, 9, 8, 11, 18]"
synthetic.student0594@mathsy.synthetic,0.6363,english,Synthetic Student 594 (B Level),Consistent Climber,kertas1,"[12, 6, 14]",STU-SYN0594,594,B,62.27,15356,"[5, 4, 13, 16]"
synthetic.student0595@mathsy.synthetic,0.7089,english,Synthetic Student 595 (B+ Level),Consistent Climber,kertas2,"[10, 8, 2, 18]",STU-SYN0595,595,B+,69.33,15357,"[5, 7, 12, 13, 3]"
synthetic.student0596@mathsy.synthetic,0.4887,english,Synthetic Student 596 (E Level),Deep Focus Learner,kertas1,"[17, 13, 8]",STU-SYN0596,596,E,44.16,15358,"[14, 4, 6, 15]"
synthetic.student0597@mathsy.synthetic,0.7219,bm,Synthetic Student 597 (A- Level),Consistent Climber,mixed,"[11, 8, 12, 13]",STU-SYN0597,597,A-,77.09,15359,"[7, 4]"
synthetic.student0598@mathsy.synthetic,0.6818,english,Synthetic Student 598 (B+ Level),Weekend Learner,kertas1,"[12, 13, 6, 9]",STU-SYN0598,598,B+,65.9,15360,"[14, 16, 4]"
synthetic.student0599@mathsy.synthetic,0.6917,english,Synthetic Student 599 (B+ Level),Deep Focus Learner,kertas1,"[3, 13, 15]",STU-SYN0599,599,B+,67.18,15361,"[10, 17]"
synthetic.student0600@mathsy.synthetic,0.548,english,Synthetic Student 600 (C Level),Deep Focus Learner,mixed,"[7, 3]",STU-SYN0600,600,C,53.98,15362,"[16, 13]"
synthetic.student0601@mathsy.synthetic,0.7184,english,Synthetic Student 601 (B+ Level),Deep Focus Learner,kertas1,"[10, 2, 12, 17]",STU-SYN0601,601,B+,66.45,15363,"[18, 6, 1, 5, 11]"
synthetic.student0602@mathsy.synthetic,0.4685,english,Synthetic Student 602 (D Level),Flexible Learner,kertas1,"[8, 13, 7]",STU-SYN0602,602,D,45.09,15364,"[11, 6, 12]"
synthetic.student0603@mathsy.synthetic,0.7015,english,Synthetic Student 603 (A- Level),Consistent Climber,kertas1,"[3, 7]",STU-SYN0603,603,A-,76.1,15365,"[4, 2]"
synthetic.student0604@mathsy.synthetic,0.7522,bm,Synthetic Student 604 (A- Level),Deep Focus Learner,kertas1,"[15, 2, 16, 5]",STU-SYN0604,604,A-,71.01,15366,"[7, 14, 12, 3, 9]"
synthetic.student0605@mathsy.synthetic,0.6924,bm,Synthetic Student 605 (B+ Level),Flexible Learner,kertas1,"[3, 17, 11, 15]",STU-SYN0605,605,B+,67.15,15367,"[18, 6, 1]"
synthetic.student0606@mathsy.synthetic,0.4928,english,Synthetic Student 606 (E Level),Weekend Learner,kertas2,"[17, 7, 2]",STU-SYN0606,606,E,44.67,15368,"[10, 12, 11, 15]"
synthetic.student0607@mathsy.synthetic,0.7507,english,Synthetic Student 607 (A- Level),Flexible Learner,kertas1,"[17, 5]",STU-SYN0607,607,A-,73.62,15369,"[12, 7, 16]"
synthetic.student0608@mathsy.synthetic,0.6799,english,Synthetic Student 608 (B Level),Deep Focus Learner,kertas1,"[9, 8, 14, 11]",STU-SYN0608,608,B,64.21,15370,"[15, 17]"
synthetic.student0609@mathsy.synthetic,0.6184,english,Synthetic Student 609 (B Level),Consistent Climber,mixed,"[12, 13]",STU-SYN0609,609,B,62.65,15371,"[2, 3, 17, 9]"
synthetic.student0610@mathsy.synthetic,0.815,english,Synthetic Student 610 (A Level),Consistent Climber,kertas2,"[7, 8, 14]",STU-SYN0610,610,A,85.77,15372,"[11, 10]"
synthetic.student0611@mathsy.synthetic,0.5402,english,Synthetic Student 611 (C Level),Deep Focus Learner,kertas1,"[3, 16, 14, 9]",STU-SYN0611,611,C,52.33,15373,"[6, 7]"
synthetic.student0612@mathsy.synthetic,0.5422,bm,Synthetic Student 612 (D Level),Flexible Learner,mixed,"[7, 8, 17]",STU-SYN0612,612,D,48.69,15374,"[11, 6, 2, 13]"
synthetic.student0613@mathsy.synthetic,0.707,english,Synthetic Student 613 (A- Level),Consistent Climber,kertas1,"[10, 2, 3]",STU-SYN0613,613,A-,70.89,15375,"[13, 18, 11, 14, 1]"
synthetic.student0614@mathsy.synthetic,0.6934,bm,Synthetic Student 614 (A- Level),Consistent Climber,mixed,"[2, 1, 9, 3]",STU-SYN0614,614,A-,72.48,15376,"[12, 11, 15, 10]"
synthetic.student0615@mathsy.synthetic,0.7835,bm,Synthetic Student 615 (A Level),High Achiever,kertas1,"[3, 18, 15]",STU-SYN0615,615,A,82.03,15377,"[2, 5]"
synthetic.student0616@mathsy.synthetic,0.8137,english,Synthetic Student 616 (A Level),High Achiever,kertas2,"[16, 18]",STU-SYN0616,616,A,85.82,15378,"[14, 4, 2]"
synthetic.student0617@mathsy.synthetic,0.5669,english,Synthetic Student 617 (C Level),Flexible Learner,mixed,"[17, 11, 10]",STU-SYN0617,617,C,54.24,15379,"[8, 9]"
synthetic.student0618@mathsy.synthetic,0.6081,english,Synthetic Student 618 (C Level),Deep Focus Learner,kertas1,"[1, 11, 8]",STU-SYN0618,618,C,54.51,15380,"[2, 9, 3]"
synthetic.student0619@mathsy.synthetic,0.7912,english,Synthetic Student 619 (A Level),Consistent Climber,kertas2,"[16, 3]",STU-SYN0619,619,A,81.28,15381,"[10, 4]"
synthetic.student0620@mathsy.synthetic,0.6069,bm,Synthetic Student 620 (D Level),Fresh Starter,kertas1,"[10, 15, 7, 8]",STU-SYN0620,620,D,47.42,15382,"[6, 2]"
synthetic.student0621@mathsy.synthetic,0.6097,english,Synthetic Student 621 (B Level),Consistent Climber,mixed,"[12, 3]",STU-SYN0621,621,B,64.82,15383,"[18, 16]"
synthetic.student0622@mathsy.synthetic,0.478,english,Synthetic Student 622 (E Level),Weekend Learner,mixed,"[7, 5, 15, 13]",STU-SYN0622,622,E,44.05,15384,"[18, 9, 14]"
synthetic.student0623@mathsy.synthetic,0.6975,english,Synthetic Student 623 (B+ Level),Flexible Learner,mixed,"[17, 10, 6, 4]",STU-SYN0623,623,B+,66.94,15385,"[18, 12]"
synthetic.student0624@mathsy.synthetic,0.6857,english,Synthetic Student 624 (A- Level),Consistent Climber,kertas2,"[13, 9, 16]",STU-SYN0624,624,A-,70.63,15386,"[10, 3, 14]"
synthetic.student0625@mathsy.synthetic,0.487,bm,Synthetic Student 625 (D Level),Flexible Learner,mixed,"[18, 10, 3]",STU-SYN0625,625,D,49.65,15387,"[17, 16]"
synthetic.student0626@mathsy.synthetic,0.3948,bm,Synthetic Student 626 (G Level),Fresh Starter,kertas2,"[15, 5, 8, 16]",STU-SYN0626,626,G,25.96,15388,"[12, 14, 2, 17]"
synthetic.student0627@mathsy.synthetic,0.4929,english,Synthetic Student 627 (G Level),Fresh Starter,kertas1,"[4, 12]",STU-SYN0627,627,G,36.55,15389,"[17, 9, 13]"
synthetic.student0628@mathsy.synthetic,0.5946,bm,Synthetic Student 628 (B Level),Consistent Climber,kertas2,"[11, 7]",STU-SYN0628,628,B,61.29,15390,"[10, 3, 5, 18]"
synthetic.student0629@mathsy.synthetic,0.6103,bm,Synthetic Student 629 (C+ Level),Weekend Learner,mixed,"[15, 1]",STU-SYN0629,629,C+,56.03,15391,"[2, 4, 18]"
synthetic.student0630@mathsy.synthetic,0.3497,bm,Synthetic Student 630 (G Level),Fresh Starter,kertas2,"[7, 4, 5]",STU-SYN0630,630,G,25,15392,"[17, 13, 18]"
synthetic.student0631@mathsy.synthetic,0.7089,bm,Synthetic Student 631 (B+ Level),Deep Focus Learner,kertas2,"[7, 1, 9]",STU-SYN0631,631,B+,67.12,15393,"[5, 3, 12]"
synthetic.student0632@mathsy.synthetic,0.6233,english,Synthetic Student 632 (B+ Level),Consistent Climber,kertas1,"[6, 7]",STU-SYN0632,632,B+,68.05,15394,"[13, 14, 5]"
synthetic.student0633@mathsy.synthetic,0.6891,english,Synthetic Student 633 (B+ Level),Consistent Climber,mixed,"[13, 4, 10, 11]",STU-SYN0633,633,B+,68.89,15395,"[2, 8, 7, 16]"
synthetic.student0634@mathsy.synthetic,0.4511,english,Synthetic Student 634 (E Level),Weekend Learner,mixed,"[9, 5]",STU-SYN0634,634,E,40.13,15396,"[18, 17, 6, 16]"
synthetic.student0635@mathsy.synthetic,0.4257,english,Synthetic Student 635 (G Level),Fresh Starter,kertas2,"[3, 9, 10, 7]",STU-SYN0635,635,G,30.98,15397,"[11, 5]"
synthetic.student0636@mathsy.synthetic,0.563,english,Synthetic Student 636 (E Level),Fresh Starter,kertas1,"[18, 2, 13]",STU-SYN0636,636,E,41.62,15398,"[10, 8, 17, 3]"
synthetic.student0637@mathsy.synthetic,0.7659,english,Synthetic Student 637 (B+ Level),Deep Focus Learner,kertas1,"[12, 2]",STU-SYN0637,637,B+,67.72,15399,"[11, 13, 6, 9, 18]"
synthetic.student0638@mathsy.synthetic,0.7915,english,Synthetic Student 638 (A- Level),Consistent Climber,mixed,"[5, 9, 17, 12]",STU-SYN0638,638,A-,79.88,15400,"[8, 18, 2, 15, 3]"
synthetic.student0639@mathsy.synthetic,0.4494,bm,Synthetic Student 639 (G Level),Weekend Learner,kertas1,"[2, 18, 16]",STU-SYN0639,639,G,36.43,15401,"[3, 12, 15, 9, 14]"
synthetic.student0640@mathsy.synthetic,0.5903,english,Synthetic Student 640 (C+ Level),Flexible Learner,mixed,"[2, 12, 14, 5]",STU-SYN0640,640,C+,58.16,15402,"[1, 4]"
synthetic.student0641@mathsy.synthetic,0.8914,english,Synthetic Student 641 (A+ Level),High Achiever,kertas2,"[8, 7, 16]",STU-SYN0641,641,A+,92.83,15403,"[14, 9]"
synthetic.student0642@mathsy.synthetic,0.6438,english,Synthetic Student 642 (B Level),Deep Focus Learner,kertas2,"[17, 14]",STU-SYN0642,642,B,63.49,15404,"[15, 7]"
synthetic.student0643@mathsy.synthetic,0.8138,english,Synthetic Student 643 (A Level),Consistent Climber,kertas2,"[1, 14, 5, 8]",STU-SYN0643,643,A,85.49,15405,"[2, 11]"
synthetic.student0644@mathsy.synthetic,0.5081,bm,Synthetic Student 644 (D Level),Flexible Learner,kertas2,"[5, 3, 12, 15]",STU-SYN0644,644,D,48.53,15406,"[9, 17, 4, 1, 18]"
synthetic.student0645@mathsy.synthetic,0.6314,english,Synthetic Student 645 (B Level),Consistent Climber,kertas2,"[5, 3]",STU-SYN0645,645,B,63.58,15407,"[16, 10, 8, 15, 14]"
synthetic.student0646@mathsy.synthetic,0.6441,english,Synthetic Student 646 (B Level),Weekend Learner,kertas2,"[8, 5, 17]",STU-SYN0646,646,B,61.2,15408,"[12, 10, 16]"
synthetic.student0647@mathsy.synthetic,0.727,english,Synthetic Student 647 (B+ Level),Flexible Learner,kertas2,"[6, 11, 1]",STU-SYN0647,647,B+,69.64,15409,"[4, 15, 2, 5]"
synthetic.student0648@mathsy.synthetic,0.7121,bm,Synthetic Student 648 (B+ Level),Consistent Climber,kertas1,"[4, 9, 13, 3]",STU-SYN0648,648,B+,69.48,15410,"[18, 16, 15, 11, 14]"
synthetic.student0649@mathsy.synthetic,0.4508,english,Synthetic Student 649 (E Level),Flexible Learner,kertas2,"[16, 1, 3, 17]",STU-SYN0649,649,E,41.91,15411,"[18, 15, 4, 11]"
synthetic.student0650@mathsy.synthetic,0.5771,english,Synthetic Student 650 (C Level),Deep Focus Learner,mixed,"[12, 1, 7, 14]",STU-SYN0650,650,C,52.03,15412,"[8, 16, 10, 6, 18]"
synthetic.student0651@mathsy.synthetic,0.6257,english,Synthetic Student 651 (B Level),Flexible Learner,mixed,"[17, 12]",STU-SYN0651,651,B,63.15,15413,"[2, 1]"
synthetic.student0652@mathsy.synthetic,0.5335,english,Synthetic Student 652 (D Level),Weekend Learner,kertas2,"[8, 17]",STU-SYN0652,652,D,48.38,15414,"[3, 6, 15]"
synthetic.student0653@mathsy.synthetic,0.8046,english,Synthetic Student 653 (A Level),Consistent Climber,kertas2,"[1, 18, 2, 16]",STU-SYN0653,653,A,83.32,15415,"[14, 4, 3]"
synthetic.student0654@mathsy.synthetic,0.8034,english,Synthetic Student 654 (A- Level),Consistent Climber,kertas1,"[17, 4]",STU-SYN0654,654,A-,79.44,15416,"[2, 7, 16, 3, 6]"
synthetic.student0655@mathsy.synthetic,0.611,english,Synthetic Student 655 (B Level),Consistent Climber,mixed,"[14, 7, 11, 16]",STU-SYN0655,655,B,64.58,15417,"[8, 6]"
synthetic.student0656@mathsy.synthetic,0.7395,english,Synthetic Student 656 (B+ Level),Deep Focus Learner,kertas1,"[13, 8, 18, 12]",STU-SYN0656,656,B+,67.37,15418,"[6, 9, 3, 17]"
synthetic.student0657@mathsy.synthetic,0.5488,english,Synthetic Student 657 (E Level),Fresh Starter,kertas2,"[11, 10, 17]",STU-SYN0657,657,E,43.3,15419,"[18, 6, 1, 4, 13]"
synthetic.student0658@mathsy.synthetic,0.5643,english,Synthetic Student 658 (C Level),Flexible Learner,kertas1,"[17, 18, 5, 15]",STU-SYN0658,658,C,52.75,15420,"[4, 14, 12, 10]"
synthetic.student0659@mathsy.synthetic,0.5862,english,Synthetic Student 659 (C+ Level),Consistent Climber,kertas1,"[10, 13]",STU-SYN0659,659,C+,58.14,15421,"[3, 8, 1, 14, 18]"
synthetic.student0660@mathsy.synthetic,0.5409,english,Synthetic Student 660 (C Level),Flexible Learner,kertas2,"[13, 15, 9, 17]",STU-SYN0660,660,C,54.41,15422,"[18, 12]"
synthetic.student0661@mathsy.synthetic,0.4946,english,Synthetic Student 661 (E Level),Deep Focus Learner,kertas1,"[7, 17]",STU-SYN0661,661,E,44.81,15423,"[14, 16, 1, 13]"
synthetic.student0662@mathsy.synthetic,0.7946,english,Synthetic Student 662 (A Level),High Achiever,kertas2,"[17, 14]",STU-SYN0662,662,A,80.98,15424,"[13, 3, 15, 6, 4]"
synthetic.student0663@mathsy.synthetic,0.8798,bm,Synthetic Student 663 (A+ Level),High Achiever,kertas1,"[9, 14, 1, 2]",STU-SYN0663,663,A+,91.52,15425,"[13, 7]"
synthetic.student0664@mathsy.synthetic,0.7012,english,Synthetic Student 664 (A- Level),Consistent Climber,kertas1,"[18, 16, 10, 17]",STU-SYN0664,664,A-,71.57,15426,"[5, 13, 4]"
synthetic.student0665@mathsy.synthetic,0.6147,english,Synthetic Student 665 (C+ Level),Weekend Learner,kertas2,"[14, 17, 3, 7]",STU-SYN0665,665,C+,59.98,15427,"[6, 12]"
synthetic.student0666@mathsy.synthetic,0.6664,english,Synthetic Student 666 (B Level),Flexible Learner,kertas1,"[11, 6]",STU-SYN0666,666,B,63.63,15428,"[2, 3, 15]"
synthetic.student0667@mathsy.synthetic,0.5318,english,Synthetic Student 667 (C Level),Weekend Learner,kertas1,"[12, 18, 2, 1]",STU-SYN0667,667,C,52.96,15429,"[5, 16]"
synthetic.student0668@mathsy.synthetic,0.6094,english,Synthetic Student 668 (B Level),Consistent Climber,kertas1,"[2, 1]",STU-SYN0668,668,B,61.03,15430,"[13, 4, 12, 11, 6]"
synthetic.student0669@mathsy.synthetic,0.3036,bm,Synthetic Student 669 (G Level),Fresh Starter,kertas2,"[10, 7]",STU-SYN0669,669,G,25,15431,"[16, 13]"
synthetic.student0670@mathsy.synthetic,0.7292,english,Synthetic Student 670 (B+ Level),Deep Focus Learner,mixed,"[17, 4, 15, 10]",STU-SYN0670,670,B+,65.13,15432,"[5, 7, 3, 2, 11]"
synthetic.student0671@mathsy.synthetic,0.633,english,Synthetic Student 671 (B+ Level),Consistent Climber,kertas1,"[12, 13, 4]",STU-SYN0671,671,B+,66.08,15433,"[16, 18, 1]"
synthetic.student0672@mathsy.synthetic,0.5076,english,Synthetic Student 672 (D Level),Flexible Learner,kertas1,"[6, 18, 14]",STU-SYN0672,672,D,45.2,15434,"[16, 15, 10, 17]"
synthetic.student0673@mathsy.synthetic,0.4783,english,Synthetic Student 673 (G Level),Fresh Starter,kertas1,"[17, 3, 18]",STU-SYN0673,673,G,32.11,15435,"[1, 10, 13, 2, 7]"
synthetic.student0674@mathsy.synthetic,0.3628,english,Synthetic Student 674 (G Level),Fresh Starter,kertas1,"[8, 4, 6, 5]",STU-SYN0674,674,G,25.6,15436,"[10, 15]"
synthetic.student0675@mathsy.synthetic,0.783,bm,Synthetic Student 675 (A- Level),Deep Focus Learner,kertas1,"[17, 2, 5, 11]",STU-SYN0675,675,A-,73.59,15437,"[4, 15, 13, 9]"
synthetic.student0676@mathsy.synthetic,0.6206,english,Synthetic Student 676 (B+ Level),Consistent Climber,kertas2,"[4, 12]",STU-SYN0676,676,B+,65.93,15438,"[16, 14]"
synthetic.student0677@mathsy.synthetic,0.6128,bm,Synthetic Student 677 (B Level),Deep Focus Learner,mixed,"[14, 9]",STU-SYN0677,677,B,60.42,15439,"[8, 3]"
synthetic.student0678@mathsy.synthetic,0.6363,english,Synthetic Student 678 (B Level),Flexible Learner,kertas1,"[14, 3, 11, 2]",STU-SYN0678,678,B,61.51,15440,"[6, 12, 7]"
synthetic.student0679@mathsy.synthetic,0.6252,english,Synthetic Student 679 (B Level),Deep Focus Learner,mixed,"[4, 9, 1, 12]",STU-SYN0679,679,B,60.03,15441,"[18, 13, 5]"
synthetic.student0680@mathsy.synthetic,0.7461,bm,Synthetic Student 680 (B+ Level),Deep Focus Learner,mixed,"[3, 14]",STU-SYN0680,680,B+,66.9,15442,"[12, 9, 10, 2, 8]"
synthetic.student0681@mathsy.synthetic,0.5828,bm,Synthetic Student 681 (C+ Level),Deep Focus Learner,mixed,"[6, 10, 1]",STU-SYN0681,681,C+,55.15,15443,"[14, 16]"
synthetic.student0682@mathsy.synthetic,0.5995,english,Synthetic Student 682 (C+ Level),Consistent Climber,kertas1,"[13, 6, 17]",STU-SYN0682,682,C+,58.19,15444,"[10, 7, 8, 15, 2]"
synthetic.student0683@mathsy.synthetic,0.5464,english,Synthetic Student 683 (C Level),Deep Focus Learner,mixed,"[4, 14]",STU-SYN0683,683,C,51.7,15445,"[18, 16]"
synthetic.student0684@mathsy.synthetic,0.8244,bm,Synthetic Student 684 (A Level),Consistent Climber,kertas1,"[8, 4, 10, 16]",STU-SYN0684,684,A,84.11,15446,"[15, 9, 1]"
synthetic.student0685@mathsy.synthetic,0.8038,bm,Synthetic Student 685 (A Level),Consistent Climber,kertas1,"[4, 2]",STU-SYN0685,685,A,81.43,15447,"[13, 10, 7, 12]"
synthetic.student0686@mathsy.synthetic,0.3765,english,Synthetic Student 686 (G Level),Fresh Starter,kertas2,"[13, 9, 1, 15]",STU-SYN0686,686,G,25,15448,"[12, 14, 8, 11, 6]"
synthetic.student0687@mathsy.synthetic,0.5865,bm,Synthetic Student 687 (D Level),Fresh Starter,mixed,"[15, 10, 9]",STU-SYN0687,687,D,46.1,15449,"[17, 3, 5]"
synthetic.student0688@mathsy.synthetic,0.686,english,Synthetic Student 688 (B Level),Deep Focus Learner,mixed,"[6, 10, 1]",STU-SYN0688,688,B,64.1,15450,"[15, 14, 13, 17, 18]"
synthetic.student0689@mathsy.synthetic,0.7098,english,Synthetic Student 689 (B+ Level),Consistent Climber,kertas2,"[12, 1, 17, 14]",STU-SYN0689,689,B+,68.8,15451,"[6, 18, 8, 5, 11]"
synthetic.student0690@mathsy.synthetic,0.6193,english,Synthetic Student 690 (B Level),Deep Focus Learner,kertas2,"[9, 5]",STU-SYN0690,690,B,60.49,15452,"[17, 11, 12]"
synthetic.student0691@mathsy.synthetic,0.7421,bm,Synthetic Student 691 (A- Level),Flexible Learner,mixed,"[7, 18, 8]",STU-SYN0691,691,A-,73.41,15453,"[15, 16]"
synthetic.student0692@mathsy.synthetic,0.4839,bm,Synthetic Student 692 (E Level),Weekend Learner,kertas2,"[15, 17, 16, 5]",STU-SYN0692,692,E,40.56,15454,"[8, 14, 12, 1, 7]"
synthetic.student0693@mathsy.synthetic,0.7144,bm,Synthetic Student 693 (A- Level),Consistent Climber,mixed,"[4, 8, 7, 18]",STU-SYN0693,693,A-,74.54,15455,"[15, 1, 3]"
synthetic.student0694@mathsy.synthetic,0.7235,english,Synthetic Student 694 (B Level),Weekend Learner,kertas2,"[11, 10, 12]",STU-SYN0694,694,B,64.02,15456,"[18, 2, 1, 3, 8]"
synthetic.student0695@mathsy.synthetic,0.7999,bm,Synthetic Student 695 (A Level),Consistent Climber,mixed,"[4, 17, 2]",STU-SYN0695,695,A,83.53,15457,"[5, 18, 6]"
synthetic.student0696@mathsy.synthetic,0.7115,english,Synthetic Student 696 (A- Level),Consistent Climber,mixed,"[6, 5, 10, 3]",STU-SYN0696,696,A-,74.69,15458,"[1, 17, 9]"
synthetic.student0697@mathsy.synthetic,0.6437,english,Synthetic Student 697 (B Level),Deep Focus Learner,kertas2,"[18, 12, 3, 2]",STU-SYN0697,697,B,60.74,15459,"[4, 13, 11, 9]"
synthetic.student0698@mathsy.synthetic,0.5375,bm,Synthetic Student 698 (C Level),Flexible Learner,kertas1,"[8, 4, 18]",STU-SYN0698,698,C,52.72,15460,"[14, 10]"
synthetic.student0699@mathsy.synthetic,0.5257,bm,Synthetic Student 699 (G Level),Fresh Starter,kertas1,"[11, 3, 4, 6]",STU-SYN0699,699,G,39.1,15461,"[18, 10, 7]"
synthetic.student0700@mathsy.synthetic,0.8266,bm,Synthetic Student 700 (A Level),Consistent Climber,kertas1,"[8, 9, 16, 17]",STU-SYN0700,700,A,88.93,15462,"[10, 18]"
synthetic.student0701@mathsy.synthetic,0.6,english,Synthetic Student 701 (C+ Level),Deep Focus Learner,kertas1,"[17, 7, 12, 13]",STU-SYN0701,701,C+,55.48,15463,"[14, 1]"
synthetic.student0702@mathsy.synthetic,0.6275,english,Synthetic Student 702 (B Level),Consistent Climber,mixed,"[10, 9, 12, 4]",STU-SYN0702,702,B,63.66,15464,"[8, 16, 5, 7, 2]"
synthetic.student0703@mathsy.synthetic,0.4934,bm,Synthetic Student 703 (D Level),Weekend Learner,kertas1,"[11, 12, 7]",STU-SYN0703,703,D,47.71,15465,"[8, 2]"
synthetic.student0704@mathsy.synthetic,0.6703,bm,Synthetic Student 704 (B Level),Flexible Learner,kertas1,"[4, 9, 5]",STU-SYN0704,704,B,64.35,15466,"[1, 15, 14, 11]"
synthetic.student0705@mathsy.synthetic,0.3049,bm,Synthetic Student 705 (G Level),Fresh Starter,kertas2,"[10, 1, 18, 9]",STU-SYN0705,705,G,25,15467,"[14, 8, 4, 3]"
synthetic.student0706@mathsy.synthetic,0.7051,english,Synthetic Student 706 (B+ Level),Weekend Learner,kertas1,"[5, 17, 10, 15]",STU-SYN0706,706,B+,65.27,15468,"[16, 9, 12, 11]"
synthetic.student0707@mathsy.synthetic,0.3566,bm,Synthetic Student 707 (G Level),Fresh Starter,kertas1,"[7, 3]",STU-SYN0707,707,G,25,15469,"[17, 1, 11, 9]"
synthetic.student0708@mathsy.synthetic,0.7863,english,Synthetic Student 708 (A Level),Consistent Climber,mixed,"[18, 8]",STU-SYN0708,708,A,81.87,15470,"[1, 4]"
synthetic.student0709@mathsy.synthetic,0.6951,english,Synthetic Student 709 (B+ Level),Deep Focus Learner,mixed,"[13, 2, 12, 14]",STU-SYN0709,709,B+,66.13,15471,"[11, 17]"
synthetic.student0710@mathsy.synthetic,0.7491,bm,Synthetic Student 710 (B+ Level),Deep Focus Learner,kertas1,"[16, 15, 1, 13]",STU-SYN0710,710,B+,68.89,15472,"[14, 17, 18, 12]"
synthetic.student0711@mathsy.synthetic,0.3589,english,Synthetic Student 711 (G Level),Fresh Starter,kertas2,"[5, 9, 15, 13]",STU-SYN0711,711,G,25,15473,"[4, 7, 11, 6, 1]"
synthetic.student0712@mathsy.synthetic,0.4724,english,Synthetic Student 712 (D Level),Flexible Learner,kertas2,"[17, 6, 8]",STU-SYN0712,712,D,45.2,15474,"[13, 9]"
synthetic.student0713@mathsy.synthetic,0.7103,english,Synthetic Student 713 (A- Level),Consistent Climber,mixed,"[4, 7]",STU-SYN0713,713,A-,73.7,15475,"[2, 5]"
synthetic.student0714@mathsy.synthetic,0.4541,bm,Synthetic Student 714 (G Level),Fresh Starter,mixed,"[3, 2, 17, 5]",STU-SYN0714,714,G,32.62,15476,"[16, 18, 4, 1]"
synthetic.student0715@mathsy.synthetic,0.5831,bm,Synthetic Student 715 (C Level),Weekend Learner,mixed,"[7, 6, 9]",STU-SYN0715,715,C,53.3,15477,"[2, 17, 4, 8]"
synthetic.student0716@mathsy.synthetic,0.8492,bm,Synthetic Student 716 (A Level),Consistent Climber,mixed,"[2, 11]",STU-SYN0716,716,A,83.31,15478,"[9, 10, 5, 14]"
synthetic.student0717@mathsy.synthetic,0.6798,bm,Synthetic Student 717 (B+ Level),Weekend Learner,kertas2,"[17, 6]",STU-SYN0717,717,B+,67.49,15479,"[18, 2]"
synthetic.student0718@mathsy.synthetic,0.4964,english,Synthetic Student 718 (G Level),Fresh Starter,mixed,"[18, 14, 10, 1]",STU-SYN0718,718,G,38.2,15480,"[2, 15]"
synthetic.student0719@mathsy.synthetic,0.8546,english,Synthetic Student 719 (A Level),High Achiever,kertas1,"[11, 7, 2]",STU-SYN0719,719,A,89.77,15481,"[8, 14, 16]"
synthetic.student0720@mathsy.synthetic,0.7686,english,Synthetic Student 720 (A Level),Consistent Climber,mixed,"[4, 14, 13]",STU-SYN0720,720,A,80.61,15482,"[5, 8]"
synthetic.student0721@mathsy.synthetic,0.7832,english,Synthetic Student 721 (A- Level),High Achiever,kertas2,"[13, 1]",STU-SYN0721,721,A-,78.99,15483,"[15, 6, 17, 8, 5]"
synthetic.student0722@mathsy.synthetic,0.4589,english,Synthetic Student 722 (G Level),Fresh Starter,mixed,"[9, 8, 12, 10]",STU-SYN0722,722,G,34.36,15484,"[16, 2]"
synthetic.student0723@mathsy.synthetic,0.9446,english,Synthetic Student 723 (A+ Level),High Achiever,kertas2,"[12, 9, 13, 2]",STU-SYN0723,723,A+,97.5,15485,"[6, 7, 18, 16]"
synthetic.student0724@mathsy.synthetic,0.6431,english,Synthetic Student 724 (C+ Level),Flexible Learner,kertas2,"[10, 14, 4, 11]",STU-SYN0724,724,C+,59.84,15486,"[1, 18, 13, 8, 12]"
synthetic.student0725@mathsy.synthetic,0.4966,english,Synthetic Student 725 (E Level),Weekend Learner,kertas1,"[5, 2, 9, 4]",STU-SYN0725,725,E,43.67,15487,"[7, 6, 14, 11, 13]"
synthetic.student0726@mathsy.synthetic,0.6582,english,Synthetic Student 726 (B Level),Flexible Learner,kertas1,"[15, 17]",STU-SYN0726,726,B,61.88,15488,"[13, 5, 12, 18]"
synthetic.student0727@mathsy.synthetic,0.4457,english,Synthetic Student 727 (G Level),Weekend Learner,mixed,"[2, 18, 11]",STU-SYN0727,727,G,39.2,15489,"[16, 9, 5, 6]"
synthetic.student0728@mathsy.synthetic,0.8237,bm,Synthetic Student 728 (A Level),Consistent Climber,kertas1,"[14, 17, 4, 15]",STU-SYN0728,728,A,86.5,15490,"[5, 6]"
synthetic.student0729@mathsy.synthetic,0.5339,bm,Synthetic Student 729 (C Level),Flexible Learner,kertas1,"[12, 10, 9, 2]",STU-SYN0729,729,C,50.91,15491,"[8, 13, 16]"
synthetic.student0730@mathsy.synthetic,0.8078,bm,Synthetic Student 730 (A Level),High Achiever,kertas2,"[18, 9, 4]",STU-SYN0730,730,A,83.92,15492,"[14, 12]"
synthetic.student0731@mathsy.synthetic,0.663,english,Synthetic Student 731 (B+ Level),Consistent Climber,mixed,"[4, 8]",STU-SYN0731,731,B+,65.22,15493,"[16, 7, 14, 1, 3]"
synthetic.student0732@mathsy.synthetic,0.6031,english,Synthetic Student 732 (B Level),Flexible Learner,mixed,"[8, 6]",STU-SYN0732,732,B,60.16,15494,"[5, 12]"
synthetic.student0733@mathsy.synthetic,0.8372,english,Synthetic Student 733 (A Level),Consistent Climber,kertas1,"[13, 2]",STU-SYN0733,733,A,84.03,15495,"[7, 4, 10, 5]"
synthetic.student0734@mathsy.synthetic,0.4364,english,Synthetic Student 734 (G Level),Fresh Starter,kertas1,"[18, 17]",STU-SYN0734,734,G,32.77,15496,"[7, 2]"
synthetic.student0735@mathsy.synthetic,0.5882,bm,Synthetic Student 735 (C+ Level),Weekend Learner,mixed,"[17, 7]",STU-SYN0735,735,C+,56.14,15497,"[11, 6]"
synthetic.student0736@mathsy.synthetic,0.7367,bm,Synthetic Student 736 (B+ Level),Weekend Learner,kertas2,"[15, 12, 14]",STU-SYN0736,736,B+,67.16,15498,"[18, 8, 3, 17]"
synthetic.student0737@mathsy.synthetic,0.8127,english,Synthetic Student 737 (A Level),High Achiever,kertas2,"[8, 12, 3, 5]",STU-SYN0737,737,A,87.61,15499,"[17, 4, 10]"
synthetic.student0738@mathsy.synthetic,0.7262,english,Synthetic Student 738 (B+ Level),Deep Focus Learner,kertas1,"[14, 13, 11, 17]",STU-SYN0738,738,B+,68.93,15500,"[3, 2]"
synthetic.student0739@mathsy.synthetic,0.5409,english,Synthetic Student 739 (C Level),Deep Focus Learner,kertas2,"[8, 3]",STU-SYN0739,739,C,52.39,15501,"[6, 11]"
synthetic.student0740@mathsy.synthetic,0.9437,english,Synthetic Student 740 (A+ Level),High Achiever,mixed,"[1, 17, 5, 12]",STU-SYN0740,740,A+,98,15502,"[9, 4, 6]"
synthetic.student0741@mathsy.synthetic,0.5854,english,Synthetic Student 741 (C+ Level),Deep Focus Learner,kertas1,"[11, 10, 7]",STU-SYN0741,741,C+,58.6,15503,"[1, 4]"
synthetic.student0742@mathsy.synthetic,0.9383,bm,Synthetic Student 742 (A+ Level),High Achiever,kertas1,"[7, 14]",STU-SYN0742,742,A+,93.91,15504,"[8, 16, 9, 13, 3]"
synthetic.student0743@mathsy.synthetic,0.9498,bm,Synthetic Student 743 (A+ Level),High Achiever,kertas1,"[5, 6, 4]",STU-SYN0743,743,A+,93.6,15505,"[16, 9, 3, 2, 8]"
synthetic.student0744@mathsy.synthetic,0.4652,bm,Synthetic Student 744 (E Level),Flexible Learner,kertas1,"[2, 17, 1, 4]",STU-SYN0744,744,E,44.87,15506,"[6, 12, 8]"
synthetic.student0745@mathsy.synthetic,0.6158,english,Synthetic Student 745 (C Level),Weekend Learner,kertas2,"[9, 3]",STU-SYN0745,745,C,54.56,15507,"[16, 18, 8, 17, 15]"
synthetic.student0746@mathsy.synthetic,0.6691,english,Synthetic Student 746 (B+ Level),Consistent Climber,kertas2,"[3, 11, 14, 18]",STU-SYN0746,746,B+,65.65,15508,"[15, 17, 4, 5, 7]"
synthetic.student0747@mathsy.synthetic,0.8189,english,Synthetic Student 747 (A- Level),Deep Focus Learner,kertas1,"[13, 2, 12]",STU-SYN0747,747,A-,78.68,15509,"[18, 7]"
synthetic.student0748@mathsy.synthetic,0.4543,english,Synthetic Student 748 (E Level),Flexible Learner,mixed,"[3, 12]",STU-SYN0748,748,E,42.59,15510,"[6, 10, 7, 1]"
synthetic.student0749@mathsy.synthetic,0.8233,english,Synthetic Student 749 (A Level),Consistent Climber,mixed,"[11, 17]",STU-SYN0749,749,A,86.83,15511,"[16, 8]"
synthetic.student0750@mathsy.synthetic,0.9349,english,Synthetic Student 750 (A+ Level),High Achiever,kertas1,"[7, 13]",STU-SYN0750,750,A+,98,15512,"[5, 2, 4]"
synthetic.student0751@mathsy.synthetic,0.5438,english,Synthetic Student 751 (C Level),Weekend Learner,kertas2,"[18, 16]",STU-SYN0751,751,C,53.31,15513,"[9, 17]"
synthetic.student0752@mathsy.synthetic,0.8321,bm,Synthetic Student 752 (A Level),Consistent Climber,kertas1,"[17, 14, 16, 10]",STU-SYN0752,752,A,83.73,15514,"[7, 15, 1, 12]"
synthetic.student0753@mathsy.synthetic,0.5065,english,Synthetic Student 753 (D Level),Flexible Learner,mixed,"[11, 3, 5, 10]",STU-SYN0753,753,D,49.8,15515,"[9, 1]"
synthetic.student0754@mathsy.synthetic,0.501,english,Synthetic Student 754 (E Level),Flexible Learner,kertas1,"[10, 11]",STU-SYN0754,754,E,43.86,15516,"[16, 8, 13, 6, 7]"
synthetic.student0755@mathsy.synthetic,0.8382,english,Synthetic Student 755 (A Level),Consistent Climber,kertas2,"[6, 16, 17]",STU-SYN0755,755,A,85.49,15517,"[10, 12, 7]"
synthetic.student0756@mathsy.synthetic,0.7242,english,Synthetic Student 756 (B+ Level),Flexible Learner,kertas1,"[3, 6, 11]",STU-SYN0756,756,B+,66.42,15518,"[15, 1, 4, 14]"
synthetic.student0757@mathsy.synthetic,0.6603,english,Synthetic Student 757 (B Level),Deep Focus Learner,kertas1,"[4, 3, 12, 2]",STU-SYN0757,757,B,60.27,15519,"[8, 18, 14, 5]"
synthetic.student0758@mathsy.synthetic,0.7983,english,Synthetic Student 758 (A Level),High Achiever,kertas1,"[6, 4]",STU-SYN0758,758,A,86.15,15520,"[18, 3]"
synthetic.student0759@mathsy.synthetic,0.6676,english,Synthetic Student 759 (B+ Level),Consistent Climber,kertas2,"[18, 1, 6, 7]",STU-SYN0759,759,B+,69.16,15521,"[5, 10]"
synthetic.student0760@mathsy.synthetic,0.8637,english,Synthetic Student 760 (A+ Level),High Achiever,kertas2,"[13, 6, 12]",STU-SYN0760,760,A+,90.2,15522,"[18, 9]"
synthetic.student0761@mathsy.synthetic,0.6388,bm,Synthetic Student 761 (B+ Level),Consistent Climber,kertas1,"[18, 15]",STU-SYN0761,761,B+,65.44,15523,"[1, 10, 9, 11]"
synthetic.student0762@mathsy.synthetic,0.4817,bm,Synthetic Student 762 (E Level),Weekend Learner,kertas1,"[5, 11, 2]",STU-SYN0762,762,E,42.46,15524,"[7, 3, 8, 4, 16]"
synthetic.student0763@mathsy.synthetic,0.6368,english,Synthetic Student 763 (C+ Level),Deep Focus Learner,kertas1,"[7, 1, 12, 17]",STU-SYN0763,763,C+,59.69,15525,"[16, 15, 13]"
synthetic.student0764@mathsy.synthetic,0.4617,english,Synthetic Student 764 (E Level),Flexible Learner,mixed,"[4, 12, 16]",STU-SYN0764,764,E,40.28,15526,"[9, 14, 2, 10, 11]"
synthetic.student0765@mathsy.synthetic,0.5695,bm,Synthetic Student 765 (D Level),Deep Focus Learner,kertas1,"[1, 3, 13]",STU-SYN0765,765,D,49.69,15527,"[14, 7, 4, 18, 10]"
synthetic.student0766@mathsy.synthetic,0.6031,english,Synthetic Student 766 (B Level),Consistent Climber,kertas2,"[17, 5, 10, 4]",STU-SYN0766,766,B,60.36,15528,"[13, 1, 6, 8, 11]"
synthetic.student0767@mathsy.synthetic,0.4588,english,Synthetic Student 767 (E Level),Flexible Learner,kertas2,"[17, 5]",STU-SYN0767,767,E,41.88,15529,"[3, 10, 18, 1]"
synthetic.student0768@mathsy.synthetic,0.4521,english,Synthetic Student 768 (G Level),Weekend Learner,mixed,"[15, 11]",STU-SYN0768,768,G,39.43,15530,"[6, 3, 1, 10]"
synthetic.student0769@mathsy.synthetic,0.667,english,Synthetic Student 769 (B Level),Deep Focus Learner,kertas2,"[9, 1, 10]",STU-SYN0769,769,B,60.85,15531,"[12, 16, 11, 2, 6]"
synthetic.student0770@mathsy.synthetic,0.6964,english,Synthetic Student 770 (B+ Level),Deep Focus Learner,mixed,"[7, 10, 15, 13]",STU-SYN0770,770,B+,65.69,15532,"[11, 8, 1]"
synthetic.student0771@mathsy.synthetic,0.6719,english,Synthetic Student 771 (B Level),Flexible Learner,kertas1,"[9, 18, 12]",STU-SYN0771,771,B,62.81,15533,"[8, 14, 6, 1]"
synthetic.student0772@mathsy.synthetic,0.8088,bm,Synthetic Student 772 (A Level),Consistent Climber,kertas2,"[2, 8, 6]",STU-SYN0772,772,A,83.39,15534,"[3, 1, 10, 12]"
synthetic.student0773@mathsy.synthetic,0.7889,english,Synthetic Student 773 (A Level),Consistent Climber,kertas1,"[6, 7, 8, 10]",STU-SYN0773,773,A,81.84,15535,"[9, 3, 5]"
synthetic.student0774@mathsy.synthetic,0.4726,bm,Synthetic Student 774 (D Level),Flexible Learner,kertas2,"[1, 10, 8, 2]",STU-SYN0774,774,D,47.64,15536,"[6, 13]"
synthetic.student0775@mathsy.synthetic,0.7017,english,Synthetic Student 775 (A- Level),Consistent Climber,kertas1,"[11, 18, 9]",STU-SYN0775,775,A-,71.89,15537,"[2, 10, 17, 4]"
synthetic.student0776@mathsy.synthetic,0.7776,bm,Synthetic Student 776 (A- Level),Consistent Climber,kertas2,"[12, 16, 9]",STU-SYN0776,776,A-,78.03,15538,"[2, 18, 10, 17]"
synthetic.student0777@mathsy.synthetic,0.7346,bm,Synthetic Student 777 (A- Level),Consistent Climber,kertas2,"[6, 3, 2]",STU-SYN0777,777,A-,78.17,15539,"[8, 15]"
synthetic.student0778@mathsy.synthetic,0.6252,english,Synthetic Student 778 (C+ Level),Weekend Learner,kertas1,"[4, 18]",STU-SYN0778,778,C+,58.66,15540,"[14, 11, 15]"
synthetic.student0779@mathsy.synthetic,0.789,english,Synthetic Student 779 (A Level),High Achiever,kertas2,"[14, 7, 2, 3]",STU-SYN0779,779,A,80.27,15541,"[12, 1, 16, 8]"
synthetic.student0780@mathsy.synthetic,0.7119,bm,Synthetic Student 780 (A- Level),Consistent Climber,kertas1,"[13, 4, 12, 5]",STU-SYN0780,780,A-,73.2,15542,"[3, 11, 8]"
synthetic.student0781@mathsy.synthetic,0.8133,english,Synthetic Student 781 (A Level),High Achiever,kertas2,"[8, 14]",STU-SYN0781,781,A,84.02,15543,"[3, 17, 9, 4]"
synthetic.student0782@mathsy.synthetic,0.6217,english,Synthetic Student 782 (B Level),Weekend Learner,mixed,"[6, 11]",STU-SYN0782,782,B,60.12,15544,"[15, 3, 12]"
synthetic.student0783@mathsy.synthetic,0.7086,english,Synthetic Student 783 (B+ Level),Flexible Learner,kertas2,"[18, 11]",STU-SYN0783,783,B+,69.35,15545,"[12, 15, 8]"
synthetic.student0784@mathsy.synthetic,0.746,bm,Synthetic Student 784 (A- Level),Flexible Learner,kertas2,"[13, 15, 10, 16]",STU-SYN0784,784,A-,72.38,15546,"[5, 7, 11]"
synthetic.student0785@mathsy.synthetic,0.5883,english,Synthetic Student 785 (B Level),Consistent Climber,kertas1,"[12, 6, 17]",STU-SYN0785,785,B,64.89,15547,"[10, 3]"
synthetic.student0786@mathsy.synthetic,0.6225,english,Synthetic Student 786 (C+ Level),Weekend Learner,kertas1,"[4, 6]",STU-SYN0786,786,C+,56.74,15548,"[12, 7, 10, 17, 1]"
synthetic.student0787@mathsy.synthetic,0.8415,english,Synthetic Student 787 (A Level),Consistent Climber,kertas1,"[13, 3, 1]",STU-SYN0787,787,A,84.45,15549,"[17, 14, 5, 16, 6]"
synthetic.student0788@mathsy.synthetic,0.6768,english,Synthetic Student 788 (A- Level),Consistent Climber,mixed,"[18, 1, 13, 9]",STU-SYN0788,788,A-,71.07,15550,"[17, 2]"
synthetic.student0789@mathsy.synthetic,0.4598,bm,Synthetic Student 789 (E Level),Flexible Learner,kertas1,"[16, 15, 14]",STU-SYN0789,789,E,40.42,15551,"[10, 1, 8, 2, 17]"
synthetic.student0790@mathsy.synthetic,0.6791,english,Synthetic Student 790 (B Level),Weekend Learner,kertas1,"[13, 4, 2, 12]",STU-SYN0790,790,B,62.07,15552,"[7, 3, 1, 10, 14]"
synthetic.student0791@mathsy.synthetic,0.6201,english,Synthetic Student 791 (B Level),Consistent Climber,mixed,"[3, 13, 10, 7]",STU-SYN0791,791,B,63.71,15553,"[12, 1, 9]"
synthetic.student0792@mathsy.synthetic,0.8232,english,Synthetic Student 792 (A Level),Consistent Climber,kertas1,"[5, 16]",STU-SYN0792,792,A,83.05,15554,"[7, 3, 12, 11]"
synthetic.student0793@mathsy.synthetic,0.7539,bm,Synthetic Student 793 (A- Level),Flexible Learner,kertas1,"[2, 4]",STU-SYN0793,793,A-,72.33,15555,"[17, 9, 18]"
synthetic.student0794@mathsy.synthetic,0.4782,english,Synthetic Student 794 (D Level),Flexible Learner,kertas1,"[3, 17, 18, 11]",STU-SYN0794,794,D,45.63,15556,"[9, 14, 8, 13]"
synthetic.student0795@mathsy.synthetic,0.6878,bm,Synthetic Student 795 (B+ Level),Consistent Climber,kertas1,"[18, 2]",STU-SYN0795,795,B+,68.14,15557,"[8, 9, 7, 10, 6]"
synthetic.student0796@mathsy.synthetic,0.8574,bm,Synthetic Student 796 (A Level),Consistent Climber,mixed,"[3, 15, 18, 10]",STU-SYN0796,796,A,87.92,15558,"[11, 5, 9]"
synthetic.student0797@mathsy.synthetic,0.8739,english,Synthetic Student 797 (A Level),High Achiever,kertas2,"[14, 16]",STU-SYN0797,797,A,87.36,15559,"[2, 6, 15, 7, 4]"
synthetic.student0798@mathsy.synthetic,0.6967,english,Synthetic Student 798 (A- Level),Deep Focus Learner,kertas1,"[12, 13, 14, 11]",STU-SYN0798,798,A-,70.32,15560,"[10, 6]"
synthetic.student0799@mathsy.synthetic,0.7575,english,Synthetic Student 799 (A- Level),Flexible Learner,kertas1,"[6, 1, 5]",STU-SYN0799,799,A-,74.81,15561,"[8, 17]"
synthetic.student0800@mathsy.synthetic,0.6541,bm,Synthetic Student 800 (B+ Level),Consistent Climber,kertas1,"[16, 13]",STU-SYN0800,800,B+,69.65,15562,"[11, 6]"
synthetic.student0801@mathsy.synthetic,0.7924,bm,Synthetic Student 801 (A- Level),Deep Focus Learner,kertas2,"[12, 1, 2]",STU-SYN0801,801,A-,70.52,15563,"[6, 5, 17, 18, 13]"
synthetic.student0802@mathsy.synthetic,0.7178,bm,Synthetic Student 802 (B+ Level),Flexible Learner,mixed,"[6, 14, 11]",STU-SYN0802,802,B+,67.48,15564,"[16, 9, 10, 17, 7]"
synthetic.student0803@mathsy.synthetic,0.7048,english,Synthetic Student 803 (B+ Level),Flexible Learner,mixed,"[11, 13, 12]",STU-SYN0803,803,B+,65.18,15565,"[17, 6, 14, 7, 4]"
synthetic.student0804@mathsy.synthetic,0.8448,bm,Synthetic Student 804 (A Level),High Achiever,mixed,"[5, 16, 13, 12]",STU-SYN0804,804,A,87.56,15566,"[8, 11, 17]"
synthetic.student0805@mathsy.synthetic,0.439,bm,Synthetic Student 805 (G Level),Fresh Starter,kertas2,"[4, 17, 9, 1]",STU-SYN0805,805,G,33.21,15567,"[10, 12, 2]"
synthetic.student0806@mathsy.synthetic,0.957,english,Synthetic Student 806 (A+ Level),High Achiever,kertas1,"[9, 16, 13]",STU-SYN0806,806,A+,97.79,15568,"[1, 10, 15, 6, 5]"
synthetic.student0807@mathsy.synthetic,0.7523,english,Synthetic Student 807 (A- Level),Flexible Learner,kertas2,"[18, 5, 12, 4]",STU-SYN0807,807,A-,72.42,15569,"[15, 7, 1, 3]"
synthetic.student0808@mathsy.synthetic,0.8273,english,Synthetic Student 808 (A Level),Consistent Climber,mixed,"[9, 17, 6]",STU-SYN0808,808,A,87.15,15570,"[18, 4, 15]"
synthetic.student0809@mathsy.synthetic,0.6382,english,Synthetic Student 809 (C+ Level),Weekend Learner,kertas2,"[3, 11, 14]",STU-SYN0809,809,C+,58.74,15571,"[4, 9, 8]"
synthetic.student0810@mathsy.synthetic,0.6983,english,Synthetic Student 810 (B+ Level),Deep Focus Learner,mixed,"[2, 8]",STU-SYN0810,810,B+,67.57,15572,"[3, 15]"
synthetic.student0811@mathsy.synthetic,0.854,english,Synthetic Student 811 (A Level),High Achiever,kertas1,"[5, 10, 17]",STU-SYN0811,811,A,88.66,15573,"[15, 14, 9, 3]"
synthetic.student0812@mathsy.synthetic,0.7503,english,Synthetic Student 812 (A- Level),Consistent Climber,mixed,"[9, 6, 14, 5]",STU-SYN0812,812,A-,75.79,15574,"[16, 10, 3]"
synthetic.student0813@mathsy.synthetic,0.5929,english,Synthetic Student 813 (C Level),Deep Focus Learner,kertas2,"[2, 6]",STU-SYN0813,813,C,52.55,15575,"[10, 14, 4, 13, 17]"
synthetic.student0814@mathsy.synthetic,0.713,english,Synthetic Student 814 (B+ Level),Flexible Learner,mixed,"[17, 15]",STU-SYN0814,814,B+,67.49,15576,"[2, 18, 12]"
synthetic.student0815@mathsy.synthetic,0.6885,english,Synthetic Student 815 (A- Level),Consistent Climber,mixed,"[17, 10, 4]",STU-SYN0815,815,A-,73.39,15577,"[15, 7]"
synthetic.student0816@mathsy.synthetic,0.7674,english,Synthetic Student 816 (A- Level),Consistent Climber,kertas1,"[13, 9, 16, 10]",STU-SYN0816,816,A-,78.24,15578,"[17, 1, 11, 3]"
synthetic.student0817@mathsy.synthetic,0.6848,english,Synthetic Student 817 (B+ Level),Deep Focus Learner,kertas2,"[7, 9, 18, 6]",STU-SYN0817,817,B+,65.86,15579,"[15, 13]"
synthetic.student0818@mathsy.synthetic,0.6218,english,Synthetic Student 818 (B Level),Flexible Learner,kertas1,"[6, 3]",STU-SYN0818,818,B,60.59,15580,"[7, 5, 11, 8]"
synthetic.student0819@mathsy.synthetic,0.7867,english,Synthetic Student 819 (A- Level),Deep Focus Learner,kertas2,"[14, 13]",STU-SYN0819,819,A-,75.85,15581,"[12, 1]"
synthetic.student0820@mathsy.synthetic,0.5181,english,Synthetic Student 820 (D Level),Deep Focus Learner,mixed,"[2, 17]",STU-SYN0820,820,D,45.64,15582,"[9, 4, 15, 3]"
synthetic.student0821@mathsy.synthetic,0.4904,english,Synthetic Student 821 (E Level),Weekend Learner,mixed,"[1, 16, 12, 18]",STU-SYN0821,821,E,44.8,15583,"[3, 13, 17]"
synthetic.student0822@mathsy.synthetic,0.6985,english,Synthetic Student 822 (B+ Level),Deep Focus Learner,kertas2,"[11, 8]",STU-SYN0822,822,B+,65.82,15584,"[12, 4, 13]"
synthetic.student0823@mathsy.synthetic,0.7795,bm,Synthetic Student 823 (A Level),Consistent Climber,mixed,"[6, 12, 1]",STU-SYN0823,823,A,80.24,15585,"[15, 4]"
synthetic.student0824@mathsy.synthetic,0.6707,english,Synthetic Student 824 (B Level),Weekend Learner,kertas1,"[10, 12, 18, 17]",STU-SYN0824,824,B,63.43,15586,"[13, 11]"
synthetic.student0825@mathsy.synthetic,0.6948,bm,Synthetic Student 825 (A- Level),Consistent Climber,mixed,"[5, 3]",STU-SYN0825,825,A-,73.12,15587,"[4, 2, 11]"
synthetic.student0826@mathsy.synthetic,0.8575,english,Synthetic Student 826 (A Level),High Achiever,mixed,"[6, 8]",STU-SYN0826,826,A,85.22,15588,"[10, 2, 17, 1, 18]"
synthetic.student0827@mathsy.synthetic,0.7231,english,Synthetic Student 827 (A- Level),Consistent Climber,mixed,"[11, 5]",STU-SYN0827,827,A-,79.18,15589,"[4, 2]"
synthetic.student0828@mathsy.synthetic,0.6921,english,Synthetic Student 828 (B+ Level),Consistent Climber,kertas1,"[15, 11, 7]",STU-SYN0828,828,B+,68.41,15590,"[1, 13, 4, 6]"
synthetic.student0829@mathsy.synthetic,0.9565,bm,Synthetic Student 829 (A+ Level),High Achiever,mixed,"[2, 12, 17, 16]",STU-SYN0829,829,A+,98,15591,"[18, 10]"
synthetic.student0830@mathsy.synthetic,0.6502,english,Synthetic Student 830 (B Level),Weekend Learner,kertas1,"[7, 11]",STU-SYN0830,830,B,60.48,15592,"[16, 4, 12, 8]"
synthetic.student0831@mathsy.synthetic,0.7779,english,Synthetic Student 831 (A- Level),Consistent Climber,kertas1,"[17, 16, 13]",STU-SYN0831,831,A-,79.76,15593,"[7, 11]"
synthetic.student0832@mathsy.synthetic,0.6245,english,Synthetic Student 832 (B Level),Consistent Climber,kertas2,"[11, 17]",STU-SYN0832,832,B,61.36,15594,"[13, 10, 5, 8, 7]"
synthetic.student0833@mathsy.synthetic,0.6285,english,Synthetic Student 833 (C+ Level),Flexible Learner,mixed,"[16, 5]",STU-SYN0833,833,C+,59.39,15595,"[15, 17, 2, 14]"
synthetic.student0834@mathsy.synthetic,0.6084,bm,Synthetic Student 834 (C+ Level),Deep Focus Learner,mixed,"[17, 1, 15, 13]",STU-SYN0834,834,C+,56.23,15596,"[10, 14, 4, 11, 5]"
synthetic.student0835@mathsy.synthetic,0.7545,english,Synthetic Student 835 (A- Level),Deep Focus Learner,kertas1,"[18, 14]",STU-SYN0835,835,A-,72.37,15597,"[17, 12, 2, 6]"
synthetic.student0836@mathsy.synthetic,0.5065,english,Synthetic Student 836 (D Level),Weekend Learner,kertas1,"[10, 4, 18]",STU-SYN0836,836,D,47.94,15598,"[16, 5]"
synthetic.student0837@mathsy.synthetic,0.6744,english,Synthetic Student 837 (C+ Level),Weekend Learner,mixed,"[9, 14, 17, 6]",STU-SYN0837,837,C+,59.54,15599,"[16, 10, 12, 2, 13]"
synthetic.student0838@mathsy.synthetic,0.5898,english,Synthetic Student 838 (C+ Level),Consistent Climber,kertas2,"[11, 5, 17]",STU-SYN0838,838,C+,57.85,15600,"[12, 1, 13, 7, 8]"
synthetic.student0839@mathsy.synthetic,0.66,english,Synthetic Student 839 (B+ Level),Consistent Climber,kertas1,"[18, 7, 2, 4]",STU-SYN0839,839,B+,66.37,15601,"[10, 1, 8, 12, 3]"
synthetic.student0840@mathsy.synthetic,0.7425,bm,Synthetic Student 840 (B+ Level),Deep Focus Learner,kertas1,"[5, 9, 18, 7]",STU-SYN0840,840,B+,68.45,15602,"[16, 8, 11, 15]"
synthetic.student0841@mathsy.synthetic,0.6046,english,Synthetic Student 841 (D Level),Fresh Starter,mixed,"[2, 18, 1]",STU-SYN0841,841,D,47.34,15603,"[16, 10, 4, 12]"
synthetic.student0842@mathsy.synthetic,0.5988,bm,Synthetic Student 842 (B Level),Consistent Climber,mixed,"[12, 15, 8, 3]",STU-SYN0842,842,B,63.83,15604,"[9, 11]"
synthetic.student0843@mathsy.synthetic,0.655,bm,Synthetic Student 843 (B+ Level),Consistent Climber,mixed,"[4, 14, 10]",STU-SYN0843,843,B+,65.27,15605,"[13, 11, 17, 5, 18]"
synthetic.student0844@mathsy.synthetic,0.8342,english,Synthetic Student 844 (A+ Level),Consistent Climber,mixed,"[17, 15, 8, 12]",STU-SYN0844,844,A+,90.26,15606,"[2, 1]"
synthetic.student0845@mathsy.synthetic,0.9049,english,Synthetic Student 845 (A+ Level),High Achiever,mixed,"[4, 11, 6, 15]",STU-SYN0845,845,A+,96.77,15607,"[12, 7]"
synthetic.student0846@mathsy.synthetic,0.7213,english,Synthetic Student 846 (B+ Level),Deep Focus Learner,kertas2,"[13, 18, 8, 10]",STU-SYN0846,846,B+,69.03,15608,"[2, 14, 15]"
synthetic.student0847@mathsy.synthetic,0.5303,english,Synthetic Student 847 (C Level),Weekend Learner,mixed,"[16, 12]",STU-SYN0847,847,C,53.08,15609,"[11, 5]"
synthetic.student0848@mathsy.synthetic,0.306,bm,Synthetic Student 848 (G Level),Fresh Starter,kertas2,"[5, 18, 12, 3]",STU-SYN0848,848,G,25,15610,"[14, 13, 10, 8, 11]"
synthetic.student0849@mathsy.synthetic,0.5089,english,Synthetic Student 849 (D Level),Flexible Learner,kertas1,"[15, 12, 3, 4]",STU-SYN0849,849,D,48.73,15611,"[16, 6, 18]"
synthetic.student0850@mathsy.synthetic,0.8086,bm,Synthetic Student 850 (A Level),Consistent Climber,mixed,"[2, 9, 15]",STU-SYN0850,850,A,82.43,15612,"[5, 3, 1, 4]"
synthetic.student0851@mathsy.synthetic,0.6263,english,Synthetic Student 851 (C+ Level),Weekend Learner,kertas2,"[18, 3, 7]",STU-SYN0851,851,C+,59.38,15613,"[14, 5, 4]"
synthetic.student0852@mathsy.synthetic,0.4787,bm,Synthetic Student 852 (D Level),Weekend Learner,mixed,"[13, 12, 10]",STU-SYN0852,852,D,47.49,15614,"[9, 14]"
synthetic.student0853@mathsy.synthetic,0.7739,english,Synthetic Student 853 (A- Level),Flexible Learner,mixed,"[9, 17]",STU-SYN0853,853,A-,76.57,15615,"[13, 15]"
synthetic.student0854@mathsy.synthetic,0.5584,english,Synthetic Student 854 (E Level),Fresh Starter,mixed,"[5, 6, 17]",STU-SYN0854,854,E,43.4,15616,"[8, 13, 3, 1]"
synthetic.student0855@mathsy.synthetic,0.6357,bm,Synthetic Student 855 (B Level),Deep Focus Learner,kertas2,"[1, 3]",STU-SYN0855,855,B,62.71,15617,"[6, 5]"
synthetic.student0856@mathsy.synthetic,0.8086,bm,Synthetic Student 856 (A- Level),Deep Focus Learner,kertas1,"[15, 3, 8]",STU-SYN0856,856,A-,73.5,15618,"[17, 16, 9, 6, 11]"
synthetic.student0857@mathsy.synthetic,0.6303,english,Synthetic Student 857 (B+ Level),Consistent Climber,kertas1,"[7, 4, 16]",STU-SYN0857,857,B+,67.27,15619,"[17, 1]"
synthetic.student0858@mathsy.synthetic,0.6002,english,Synthetic Student 858 (C Level),Deep Focus Learner,kertas1,"[13, 11]",STU-SYN0858,858,C,52.34,15620,"[3, 18, 10, 7, 12]"
synthetic.student0859@mathsy.synthetic,0.8025,english,Synthetic Student 859 (A Level),Consistent Climber,kertas1,"[10, 7]",STU-SYN0859,859,A,82.51,15621,"[12, 5, 2]"
synthetic.student0860@mathsy.synthetic,0.5757,english,Synthetic Student 860 (C+ Level),Flexible Learner,kertas1,"[10, 1, 5, 13]",STU-SYN0860,860,C+,55.49,15622,"[14, 7]"
synthetic.student0861@mathsy.synthetic,0.5696,english,Synthetic Student 861 (C Level),Flexible Learner,mixed,"[16, 1, 11]",STU-SYN0861,861,C,54.21,15623,"[18, 6, 5, 15]"
synthetic.student0862@mathsy.synthetic,0.5095,bm,Synthetic Student 862 (C Level),Flexible Learner,kertas2,"[6, 1, 9]",STU-SYN0862,862,C,50.2,15624,"[11, 10]"
synthetic.student0863@mathsy.synthetic,0.5556,bm,Synthetic Student 863 (E Level),Fresh Starter,kertas2,"[4, 8, 2, 13]",STU-SYN0863,863,E,40.33,15625,"[5, 18, 11, 10]"
synthetic.student0864@mathsy.synthetic,0.584,bm,Synthetic Student 864 (C+ Level),Weekend Learner,mixed,"[16, 6, 4, 11]",STU-SYN0864,864,C+,56.6,15626,"[13, 2]"
synthetic.student0865@mathsy.synthetic,0.5646,bm,Synthetic Student 865 (D Level),Weekend Learner,mixed,"[4, 17]",STU-SYN0865,865,D,49.05,15627,"[1, 18, 7, 12, 13]"
synthetic.student0866@mathsy.synthetic,0.8523,english,Synthetic Student 866 (A Level),High Achiever,kertas1,"[17, 9, 16]",STU-SYN0866,866,A,83.04,15628,"[15, 5, 12, 11, 2]"
synthetic.student0867@mathsy.synthetic,0.8144,english,Synthetic Student 867 (A Level),Consistent Climber,mixed,"[6, 7, 1, 12]",STU-SYN0867,867,A,82.77,15629,"[8, 3, 5]"
synthetic.student0868@mathsy.synthetic,0.8195,bm,Synthetic Student 868 (A Level),High Achiever,kertas1,"[3, 13, 8]",STU-SYN0868,868,A,83.71,15630,"[6, 17, 11]"
synthetic.student0869@mathsy.synthetic,0.7517,bm,Synthetic Student 869 (B+ Level),Weekend Learner,kertas2,"[12, 13, 10, 2]",STU-SYN0869,869,B+,67.35,15631,"[5, 9, 18, 8, 6]"
synthetic.student0870@mathsy.synthetic,0.7793,english,Synthetic Student 870 (A- Level),Consistent Climber,mixed,"[15, 4]",STU-SYN0870,870,A-,78.94,15632,"[6, 9, 8, 12]"
synthetic.student0871@mathsy.synthetic,0.5848,bm,Synthetic Student 871 (B Level),Consistent Climber,mixed,"[14, 16, 6]",STU-SYN0871,871,B,61.03,15633,"[1, 8, 11]"
synthetic.student0872@mathsy.synthetic,0.6548,english,Synthetic Student 872 (C+ Level),Deep Focus Learner,mixed,"[15, 1]",STU-SYN0872,872,C+,59.23,15634,"[9, 6, 12, 7, 17]"
synthetic.student0873@mathsy.synthetic,0.5981,bm,Synthetic Student 873 (C Level),Flexible Learner,kertas2,"[18, 2]",STU-SYN0873,873,C,54.87,15635,"[12, 16, 10, 7, 13]"
synthetic.student0874@mathsy.synthetic,0.5416,bm,Synthetic Student 874 (D Level),Flexible Learner,mixed,"[18, 11, 10, 5]",STU-SYN0874,874,D,48.5,15636,"[8, 6, 7, 12]"
synthetic.student0875@mathsy.synthetic,0.428,english,Synthetic Student 875 (G Level),Fresh Starter,kertas1,"[10, 7, 4, 12]",STU-SYN0875,875,G,29.14,15637,"[14, 6, 16, 17]"
synthetic.student0876@mathsy.synthetic,0.6552,english,Synthetic Student 876 (B Level),Weekend Learner,mixed,"[11, 7, 10]",STU-SYN0876,876,B,61.61,15638,"[18, 13, 9, 1]"
synthetic.student0877@mathsy.synthetic,0.6304,english,Synthetic Student 877 (B Level),Deep Focus Learner,mixed,"[5, 10, 13]",STU-SYN0877,877,B,61.3,15639,"[6, 1]"
synthetic.student0878@mathsy.synthetic,0.7957,english,Synthetic Student 878 (A Level),High Achiever,mixed,"[15, 10, 2, 1]",STU-SYN0878,878,A,85.69,15640,"[9, 7]"
synthetic.student0879@mathsy.synthetic,0.5094,english,Synthetic Student 879 (E Level),Flexible Learner,kertas2,"[10, 9, 2, 4]",STU-SYN0879,879,E,44.77,15641,"[14, 13, 12, 7, 8]"
synthetic.student0880@mathsy.synthetic,0.6141,english,Synthetic Student 880 (B Level),Consistent Climber,kertas1,"[11, 8, 6]",STU-SYN0880,880,B,63.74,15642,"[18, 15, 4, 12]"
synthetic.student0881@mathsy.synthetic,0.6197,english,Synthetic Student 881 (C Level),Weekend Learner,kertas1,"[9, 5, 8]",STU-SYN0881,881,C,53.71,15643,"[2, 18, 3, 4, 13]"
synthetic.student0882@mathsy.synthetic,0.7626,english,Synthetic Student 882 (A- Level),Flexible Learner,kertas2,"[7, 14, 8, 2]",STU-SYN0882,882,A-,74.69,15644,"[1, 6, 13]"
synthetic.student0883@mathsy.synthetic,0.5987,english,Synthetic Student 883 (C+ Level),Flexible Learner,kertas2,"[3, 4, 11]",STU-SYN0883,883,C+,56.5,15645,"[16, 1, 15]"
synthetic.student0884@mathsy.synthetic,0.6346,english,Synthetic Student 884 (C+ Level),Deep Focus Learner,mixed,"[12, 16]",STU-SYN0884,884,C+,56.23,15646,"[7, 1, 17, 3]"
synthetic.student0885@mathsy.synthetic,0.7615,bm,Synthetic Student 885 (A- Level),Deep Focus Learner,kertas1,"[18, 3, 15]",STU-SYN0885,885,A-,73.34,15647,"[14, 5, 11]"
synthetic.student0886@mathsy.synthetic,0.485,bm,Synthetic Student 886 (E Level),Flexible Learner,kertas1,"[8, 6, 12]",STU-SYN0886,886,E,43.98,15648,"[13, 3, 15, 10]"
synthetic.student0887@mathsy.synthetic,0.7561,english,Synthetic Student 887 (A Level),Consistent Climber,kertas2,"[17, 7, 9, 12]",STU-SYN0887,887,A,80.83,15649,"[18, 6]"
synthetic.student0888@mathsy.synthetic,0.5773,english,Synthetic Student 888 (D Level),Deep Focus Learner,mixed,"[16, 7, 3, 1]",STU-SYN0888,888,D,49.76,15650,"[10, 18, 13, 9, 6]"
synthetic.student0889@mathsy.synthetic,0.4541,english,Synthetic Student 889 (E Level),Weekend Learner,mixed,"[9, 4, 16, 1]",STU-SYN0889,889,E,41.25,15651,"[5, 2, 14]"
synthetic.student0890@mathsy.synthetic,0.7637,english,Synthetic Student 890 (A- Level),Consistent Climber,kertas1,"[8, 18, 15]",STU-SYN0890,890,A-,79.93,15652,"[11, 12]"
synthetic.student0891@mathsy.synthetic,0.663,english,Synthetic Student 891 (B Level),Deep Focus Learner,kertas1,"[16, 9, 12]",STU-SYN0891,891,B,60.79,15653,"[11, 1, 14, 4]"
synthetic.student0892@mathsy.synthetic,0.733,english,Synthetic Student 892 (B+ Level),Flexible Learner,kertas1,"[1, 6, 13]",STU-SYN0892,892,B+,67.4,15654,"[7, 3, 5, 15, 4]"
synthetic.student0893@mathsy.synthetic,0.7155,english,Synthetic Student 893 (A- Level),Consistent Climber,kertas1,"[12, 13, 14, 1]",STU-SYN0893,893,A-,71.04,15655,"[15, 4, 8, 3]"
synthetic.student0894@mathsy.synthetic,0.6134,english,Synthetic Student 894 (B Level),Consistent Climber,mixed,"[16, 3]",STU-SYN0894,894,B,63.08,15656,"[1, 14, 7]"
synthetic.student0895@mathsy.synthetic,0.489,english,Synthetic Student 895 (G Level),Fresh Starter,mixed,"[16, 2, 8]",STU-SYN0895,895,G,37.86,15657,"[9, 10]"
synthetic.student0896@mathsy.synthetic,0.7382,english,Synthetic Student 896 (B+ Level),Deep Focus Learner,kertas1,"[2, 4]",STU-SYN0896,896,B+,69.16,15658,"[7, 6, 17]"
synthetic.student0897@mathsy.synthetic,0.679,english,Synthetic Student 897 (B+ Level),Flexible Learner,mixed,"[16, 17, 10]",STU-SYN0897,897,B+,66.03,15659,"[13, 14, 4]"
synthetic.student0898@mathsy.synthetic,0.6856,english,Synthetic Student 898 (B+ Level),Weekend Learner,kertas1,"[12, 14, 16, 6]",STU-SYN0898,898,B+,65.96,15660,"[7, 2, 17]"
synthetic.student0899@mathsy.synthetic,0.6244,english,Synthetic Student 899 (B Level),Consistent Climber,kertas1,"[1, 7, 12]",STU-SYN0899,899,B,63.06,15661,"[4, 2, 9]"
synthetic.student0900@mathsy.synthetic,0.8329,english,Synthetic Student 900 (A Level),Consistent Climber,kertas1,"[11, 7, 17, 18]",STU-SYN0900,900,A,84.85,15662,"[2, 12, 8]"
synthetic.student0901@mathsy.synthetic,0.8242,bm,Synthetic Student 901 (A Level),Consistent Climber,kertas1,"[16, 12, 2]",STU-SYN0901,901,A,82.7,15663,"[15, 11, 10, 7, 8]"
synthetic.student0902@mathsy.synthetic,0.6157,bm,Synthetic Student 902 (B Level),Consistent Climber,mixed,"[2, 16]",STU-SYN0902,902,B,60.83,15664,"[4, 6, 10, 13, 5]"
synthetic.student0903@mathsy.synthetic,0.5852,english,Synthetic Student 903 (C Level),Weekend Learner,kertas2,"[17, 5, 15, 14]",STU-SYN0903,903,C,54.78,15665,"[7, 12]"
synthetic.student0904@mathsy.synthetic,0.674,bm,Synthetic Student 904 (B+ Level),Consistent Climber,kertas2,"[5, 6, 9]",STU-SYN0904,904,B+,67.72,15666,"[1, 7, 15, 4, 2]"
synthetic.student0905@mathsy.synthetic,0.5237,english,Synthetic Student 905 (D Level),Weekend Learner,mixed,"[2, 10]",STU-SYN0905,905,D,46.57,15667,"[5, 9, 4, 6]"
synthetic.student0906@mathsy.synthetic,0.861,english,Synthetic Student 906 (A Level),High Achiever,kertas2,"[12, 6]",STU-SYN0906,906,A,88.4,15668,"[9, 14, 18, 17]"
synthetic.student0907@mathsy.synthetic,0.722,bm,Synthetic Student 907 (B+ Level),Flexible Learner,kertas2,"[11, 5, 17, 3]",STU-SYN0907,907,B+,69.34,15669,"[7, 14, 12, 16]"
synthetic.student0908@mathsy.synthetic,0.503,bm,Synthetic Student 908 (D Level),Deep Focus Learner,kertas1,"[17, 16, 14, 10]",STU-SYN0908,908,D,46.97,15670,"[3, 2, 15]"
synthetic.student0909@mathsy.synthetic,0.6374,english,Synthetic Student 909 (B+ Level),Consistent Climber,kertas1,"[15, 7, 2, 10]",STU-SYN0909,909,B+,66.91,15671,"[12, 13, 11]"
synthetic.student0910@mathsy.synthetic,0.5859,bm,Synthetic Student 910 (E Level),Fresh Starter,kertas2,"[1, 15, 11, 18]",STU-SYN0910,910,E,42.0,15672,"[6, 3, 5, 9, 8]"
synthetic.student0911@mathsy.synthetic,0.5758,english,Synthetic Student 911 (E Level),Fresh Starter,kertas2,"[17, 9]",STU-SYN0911,911,E,41.38,15673,"[2, 13, 3, 12]"
synthetic.student0912@mathsy.synthetic,0.9017,english,Synthetic Student 912 (A+ Level),High Achiever,mixed,"[6, 16, 12]",STU-SYN0912,912,A+,97.15,15674,"[14, 9]"
synthetic.student0913@mathsy.synthetic,0.8417,english,Synthetic Student 913 (A Level),Consistent Climber,kertas2,"[13, 17]",STU-SYN0913,913,A,87.98,15675,"[2, 4, 6, 3]"
synthetic.student0914@mathsy.synthetic,0.8285,english,Synthetic Student 914 (A Level),High Achiever,mixed,"[7, 11, 8, 10]",STU-SYN0914,914,A,86.71,15676,"[3, 15, 18]"
synthetic.student0915@mathsy.synthetic,0.3199,english,Synthetic Student 915 (G Level),Fresh Starter,kertas1,"[17, 6, 1, 12]",STU-SYN0915,915,G,25,15677,"[18, 15, 9]"
synthetic.student0916@mathsy.synthetic,0.7899,bm,Synthetic Student 916 (A- Level),Consistent Climber,kertas1,"[15, 7]",STU-SYN0916,916,A-,78.48,15678,"[1, 6, 17, 10, 4]"
synthetic.student0917@mathsy.synthetic,0.4725,english,Synthetic Student 917 (E Level),Flexible Learner,mixed,"[15, 9, 5]",STU-SYN0917,917,E,42.62,15679,"[1, 2, 7, 17, 12]"
synthetic.student0918@mathsy.synthetic,0.4224,english,Synthetic Student 918 (G Level),Weekend Learner,kertas2,"[7, 18, 9]",STU-SYN0918,918,G,36.01,15680,"[11, 16, 10, 13]"
synthetic.student0919@mathsy.synthetic,0.5552,english,Synthetic Student 919 (C Level),Weekend Learner,kertas2,"[4, 7, 1]",STU-SYN0919,919,C,50.3,15681,"[9, 15, 10, 3, 13]"
synthetic.student0920@mathsy.synthetic,0.4468,bm,Synthetic Student 920 (G Level),Weekend Learner,kertas1,"[6, 13, 8]",STU-SYN0920,920,G,37.45,15682,"[17, 2, 16, 11, 4]"
synthetic.student0921@mathsy.synthetic,0.7258,bm,Synthetic Student 921 (A- Level),Flexible Learner,mixed,"[4, 7, 11]",STU-SYN0921,921,A-,72.88,15683,"[2, 14]"
synthetic.student0922@mathsy.synthetic,0.6274,bm,Synthetic Student 922 (C+ Level),Weekend Learner,kertas2,"[16, 5]",STU-SYN0922,922,C+,58.49,15684,"[4, 17, 12, 10]"
synthetic.student0923@mathsy.synthetic,0.7077,english,Synthetic Student 923 (A- Level),Consistent Climber,kertas1,"[12, 5, 13]",STU-SYN0923,923,A-,70.43,15685,"[4, 18, 6, 7, 9]"
synthetic.student0924@mathsy.synthetic,0.5299,bm,Synthetic Student 924 (E Level),Fresh Starter,mixed,"[17, 7, 16, 4]",STU-SYN0924,924,E,42.54,15686,"[14, 15]"
synthetic.student0925@mathsy.synthetic,0.3301,english,Synthetic Student 925 (G Level),Fresh Starter,kertas2,"[2, 10]",STU-SYN0925,925,G,25,15687,"[8, 14, 12, 13]"
synthetic.student0926@mathsy.synthetic,0.5934,bm,Synthetic Student 926 (C Level),Flexible Learner,mixed,"[17, 7, 5]",STU-SYN0926,926,C,54.87,15688,"[9, 18, 10, 3, 6]"
synthetic.student0927@mathsy.synthetic,0.7091,bm,Synthetic Student 927 (B+ Level),Deep Focus Learner,kertas2,"[7, 13, 3]",STU-SYN0927,927,B+,66.45,15689,"[1, 9, 2]"
synthetic.student0928@mathsy.synthetic,0.5744,english,Synthetic Student 928 (C+ Level),Flexible Learner,kertas1,"[4, 9, 5, 13]",STU-SYN0928,928,C+,55.98,15690,"[8, 1]"
synthetic.student0929@mathsy.synthetic,0.5255,english,Synthetic Student 929 (D Level),Weekend Learner,mixed,"[11, 17]",STU-SYN0929,929,D,47.65,15691,"[8, 10, 14, 15]"
synthetic.student0930@mathsy.synthetic,0.7691,bm,Synthetic Student 930 (A- Level),Flexible Learner,kertas2,"[5, 17, 6, 4]",STU-SYN0930,930,A-,74.88,15692,"[15, 18]"
synthetic.student0931@mathsy.synthetic,0.5036,english,Synthetic Student 931 (E Level),Deep Focus Learner,kertas1,"[3, 18, 12, 4]",STU-SYN0931,931,E,44.61,15693,"[10, 9, 8, 15, 13]"
synthetic.student0932@mathsy.synthetic,0.4899,bm,Synthetic Student 932 (G Level),Fresh Starter,kertas2,"[6, 8, 7, 12]",STU-SYN0932,932,G,37.43,15694,"[3, 1]"
synthetic.student0933@mathsy.synthetic,0.4962,english,Synthetic Student 933 (E Level),Flexible Learner,mixed,"[14, 6, 16, 18]",STU-SYN0933,933,E,43.29,15695,"[12, 7, 4, 13, 5]"
synthetic.student0934@mathsy.synthetic,0.4724,english,Synthetic Student 934 (D Level),Flexible Learner,kertas2,"[16, 7, 14]",STU-SYN0934,934,D,45.33,15696,"[3, 18]"
synthetic.student0935@mathsy.synthetic,0.7611,english,Synthetic Student 935 (A- Level),Consistent Climber,mixed,"[17, 4]",STU-SYN0935,935,A-,74.39,15697,"[16, 3, 18, 10, 15]"
synthetic.student0936@mathsy.synthetic,0.5585,english,Synthetic Student 936 (D Level),Deep Focus Learner,kertas1,"[8, 16, 9, 17]",STU-SYN0936,936,D,49.07,15698,"[7, 2, 10, 12]"
synthetic.student0937@mathsy.synthetic,0.7571,english,Synthetic Student 937 (A- Level),Weekend Learner,kertas1,"[16, 5, 17, 3]",STU-SYN0937,937,A-,72.82,15699,"[12, 10]"
synthetic.student0938@mathsy.synthetic,0.4244,bm,Synthetic Student 938 (G Level),Weekend Learner,kertas1,"[2, 6, 9]",STU-SYN0938,938,G,39.95,15700,"[14, 13]"
synthetic.student0939@mathsy.synthetic,0.5702,english,Synthetic Student 939 (C+ Level),Flexible Learner,kertas2,"[6, 5]",STU-SYN0939,939,C+,57.57,15701,"[3, 16]"
synthetic.student0940@mathsy.synthetic,0.6088,english,Synthetic Student 940 (D Level),Fresh Starter,kertas1,"[4, 2]",STU-SYN0940,940,D,48.45,15702,"[5, 15, 3]"
synthetic.student0941@mathsy.synthetic,0.8116,english,Synthetic Student 941 (A Level),High Achiever,kertas1,"[11, 13, 10]",STU-SYN0941,941,A,81.42,15703,"[3, 16, 5, 6, 2]"
synthetic.student0942@mathsy.synthetic,0.691,english,Synthetic Student 942 (B Level),Weekend Learner,mixed,"[7, 1, 16]",STU-SYN0942,942,B,61.81,15704,"[6, 17, 18, 11, 3]"
synthetic.student0943@mathsy.synthetic,0.4389,english,Synthetic Student 943 (E Level),Weekend Learner,kertas1,"[2, 4]",STU-SYN0943,943,E,42.15,15705,"[5, 8, 7]"
synthetic.student0944@mathsy.synthetic,0.4059,english,Synthetic Student 944 (G Level),Fresh Starter,kertas1,"[17, 2, 3, 10]",STU-SYN0944,944,G,30.23,15706,"[8, 5]"
synthetic.student0945@mathsy.synthetic,0.7066,bm,Synthetic Student 945 (B+ Level),Weekend Learner,mixed,"[12, 13]",STU-SYN0945,945,B+,68.09,15707,"[11, 1, 3]"
synthetic.student0946@mathsy.synthetic,0.6818,english,Synthetic Student 946 (B+ Level),Flexible Learner,mixed,"[1, 13, 9]",STU-SYN0946,946,B+,65.24,15708,"[8, 6, 18]"
synthetic.student0947@mathsy.synthetic,0.6431,english,Synthetic Student 947 (C+ Level),Deep Focus Learner,kertas1,"[3, 15, 11, 18]",STU-SYN0947,947,C+,57.2,15709,"[17, 16, 9, 12, 8]"
synthetic.student0948@mathsy.synthetic,0.8036,english,Synthetic Student 948 (A- Level),Deep Focus Learner,kertas1,"[5, 14, 2, 10]",STU-SYN0948,948,A-,76.58,15710,"[3, 13, 16, 17]"
synthetic.student0949@mathsy.synthetic,0.759,english,Synthetic Student 949 (A- Level),Consistent Climber,mixed,"[3, 14, 15]",STU-SYN0949,949,A-,75.75,15711,"[18, 2, 11, 16, 7]"
synthetic.student0950@mathsy.synthetic,0.5818,english,Synthetic Student 950 (B Level),Consistent Climber,kertas1,"[3, 15, 1]",STU-SYN0950,950,B,63.25,15712,"[11, 5]"
synthetic.student0951@mathsy.synthetic,0.5472,english,Synthetic Student 951 (E Level),Fresh Starter,kertas2,"[15, 9]",STU-SYN0951,951,E,43.17,15713,"[11, 13, 5]"
synthetic.student0952@mathsy.synthetic,0.8349,english,Synthetic Student 952 (A Level),Consistent Climber,mixed,"[16, 7, 18]",STU-SYN0952,952,A,83.32,15714,"[3, 9, 11, 4]"
synthetic.student0953@mathsy.synthetic,0.4952,english,Synthetic Student 953 (D Level),Weekend Learner,mixed,"[6, 7]",STU-SYN0953,953,D,46.51,15715,"[4, 3]"
synthetic.student0954@mathsy.synthetic,0.6626,bm,Synthetic Student 954 (B+ Level),Consistent Climber,kertas2,"[5, 13]",STU-SYN0954,954,B+,68.55,15716,"[14, 1, 8]"
synthetic.student0955@mathsy.synthetic,0.5516,bm,Synthetic Student 955 (D Level),Weekend Learner,kertas2,"[12, 8, 17, 3]",STU-SYN0955,955,D,49.54,15717,"[7, 13, 11, 18, 15]"
synthetic.student0956@mathsy.synthetic,0.6168,english,Synthetic Student 956 (C Level),Fresh Starter,kertas1,"[13, 15, 1]",STU-SYN0956,956,C,50.09,15718,"[10, 6]"
synthetic.student0957@mathsy.synthetic,0.5972,bm,Synthetic Student 957 (C+ Level),Weekend Learner,mixed,"[2, 9, 11]",STU-SYN0957,957,C+,55.7,15719,"[17, 12]"
synthetic.student0958@mathsy.synthetic,0.6707,english,Synthetic Student 958 (B Level),Deep Focus Learner,kertas2,"[2, 5, 6]",STU-SYN0958,958,B,61.96,15720,"[7, 14, 1, 11, 8]"
synthetic.student0959@mathsy.synthetic,0.5898,english,Synthetic Student 959 (E Level),Fresh Starter,kertas1,"[5, 17, 2, 8]",STU-SYN0959,959,E,42.89,15721,"[13, 15, 6, 11]"
synthetic.student0960@mathsy.synthetic,0.5639,english,Synthetic Student 960 (D Level),Weekend Learner,kertas1,"[1, 10]",STU-SYN0960,960,D,49.35,15722,"[18, 7, 13, 11, 4]"
synthetic.student0961@mathsy.synthetic,0.8369,english,Synthetic Student 961 (A Level),Consistent Climber,kertas2,"[15, 1, 13, 14]",STU-SYN0961,961,A,85.45,15723,"[17, 3, 7]"
synthetic.student0962@mathsy.synthetic,0.7189,english,Synthetic Student 962 (A- Level),Consistent Climber,mixed,"[17, 15, 16, 8]",STU-SYN0962,962,A-,77.5,15724,"[4, 11, 18]"
synthetic.student0963@mathsy.synthetic,0.7106,bm,Synthetic Student 963 (B+ Level),Weekend Learner,mixed,"[12, 2]",STU-SYN0963,963,B+,66.33,15725,"[10, 3, 7, 4]"
synthetic.student0964@mathsy.synthetic,0.8559,english,Synthetic Student 964 (A Level),Consistent Climber,kertas2,"[15, 2, 18, 16]",STU-SYN0964,964,A,88.86,15726,"[9, 3, 12]"
synthetic.student0965@mathsy.synthetic,0.6683,bm,Synthetic Student 965 (B+ Level),Consistent Climber,kertas1,"[6, 18]",STU-SYN0965,965,B+,69.23,15727,"[10, 2, 8, 7]"
synthetic.student0966@mathsy.synthetic,0.6364,bm,Synthetic Student 966 (B Level),Deep Focus Learner,kertas1,"[11, 12]",STU-SYN0966,966,B,60.52,15728,"[18, 8, 16]"
synthetic.student0967@mathsy.synthetic,0.5845,bm,Synthetic Student 967 (B Level),Consistent Climber,kertas1,"[6, 4, 11]",STU-SYN0967,967,B,62.85,15729,"[18, 7]"
synthetic.student0968@mathsy.synthetic,0.5101,bm,Synthetic Student 968 (C Level),Weekend Learner,mixed,"[18, 1, 11, 15]",STU-SYN0968,968,C,50.25,15730,"[2, 17]"
synthetic.student0969@mathsy.synthetic,0.5744,bm,Synthetic Student 969 (D Level),Fresh Starter,kertas1,"[17, 15, 1]",STU-SYN0969,969,D,47.57,15731,"[18, 5, 13]"
synthetic.student0970@mathsy.synthetic,0.4734,english,Synthetic Student 970 (E Level),Flexible Learner,kertas2,"[4, 17, 10, 9]",STU-SYN0970,970,E,43.85,15732,"[15, 2, 7]"
synthetic.student0971@mathsy.synthetic,0.6733,bm,Synthetic Student 971 (B+ Level),Consistent Climber,kertas1,"[14, 15, 13, 6]",STU-SYN0971,971,B+,67.3,15733,"[5, 17, 8, 18]"
synthetic.student0972@mathsy.synthetic,0.744,english,Synthetic Student 972 (A- Level),Weekend Learner,kertas2,"[5, 11]",STU-SYN0972,972,A-,71.79,15734,"[17, 6, 3]"
synthetic.student0973@mathsy.synthetic,0.8075,english,Synthetic Student 973 (A- Level),Deep Focus Learner,kertas2,"[9, 6, 11, 10]",STU-SYN0973,973,A-,78.1,15735,"[15, 4]"
synthetic.student0974@mathsy.synthetic,0.7928,english,Synthetic Student 974 (A Level),High Achiever,kertas1,"[14, 16, 6, 12]",STU-SYN0974,974,A,80.21,15736,"[17, 3, 7, 4]"
synthetic.student0975@mathsy.synthetic,0.534,english,Synthetic Student 975 (D Level),Flexible Learner,mixed,"[10, 1, 8]",STU-SYN0975,975,D,48.58,15737,"[5, 6, 11, 9, 17]"
synthetic.student0976@mathsy.synthetic,0.6108,bm,Synthetic Student 976 (C Level),Flexible Learner,kertas1,"[3, 11]",STU-SYN0976,976,C,54.72,15738,"[16, 5, 2, 17, 8]"
synthetic.student0977@mathsy.synthetic,0.3668,english,Synthetic Student 977 (G Level),Fresh Starter,kertas1,"[6, 18, 7, 4]",STU-SYN0977,977,G,25,15739,"[16, 12, 8, 2, 15]"
synthetic.student0978@mathsy.synthetic,0.6491,bm,Synthetic Student 978 (B+ Level),Consistent Climber,mixed,"[17, 15, 5, 18]",STU-SYN0978,978,B+,69.25,15740,"[1, 9]"
synthetic.student0979@mathsy.synthetic,0.4974,english,Synthetic Student 979 (D Level),Deep Focus Learner,mixed,"[11, 18, 1, 4]",STU-SYN0979,979,D,49.13,15741,"[5, 9]"
synthetic.student0980@mathsy.synthetic,0.4829,bm,Synthetic Student 980 (D Level),Deep Focus Learner,kertas2,"[17, 3, 11, 16]",STU-SYN0980,980,D,45.16,15742,"[2, 13, 14, 12]"
synthetic.student0981@mathsy.synthetic,0.4464,english,Synthetic Student 981 (G Level),Fresh Starter,mixed,"[13, 3, 15, 11]",STU-SYN0981,981,G,30.89,15743,"[8, 6]"
synthetic.student0982@mathsy.synthetic,0.6054,bm,Synthetic Student 982 (C+ Level),Flexible Learner,mixed,"[8, 6, 10, 9]",STU-SYN0982,982,C+,55.98,15744,"[5, 1, 12, 17, 15]"
synthetic.student0983@mathsy.synthetic,0.754,english,Synthetic Student 983 (A- Level),Flexible Learner,mixed,"[5, 2, 14, 16]",STU-SYN0983,983,A-,73.66,15745,"[12, 10]"
synthetic.student0984@mathsy.synthetic,0.8008,english,Synthetic Student 984 (A- Level),Consistent Climber,kertas2,"[16, 15, 6, 3]",STU-SYN0984,984,A-,79.79,15746,"[11, 18, 9, 5]"
synthetic.student0985@mathsy.synthetic,0.5528,bm,Synthetic Student 985 (C Level),Deep Focus Learner,kertas1,"[11, 15, 5, 14]",STU-SYN0985,985,C,53.38,15747,"[6, 2]"
synthetic.student0986@mathsy.synthetic,0.6546,english,Synthetic Student 986 (C+ Level),Weekend Learner,kertas1,"[2, 7]",STU-SYN0986,986,C+,59.62,15748,"[4, 14, 5, 17]"
synthetic.student0987@mathsy.synthetic,0.7132,bm,Synthetic Student 987 (B+ Level),Deep Focus Learner,kertas2,"[11, 6, 13]",STU-SYN0987,987,B+,67.32,15749,"[12, 17, 18]"
synthetic.student0988@mathsy.synthetic,0.8502,english,Synthetic Student 988 (A Level),Consistent Climber,kertas1,"[3, 2, 16]",STU-SYN0988,988,A,88.35,15750,"[15, 18, 1]"
synthetic.student0989@mathsy.synthetic,0.6447,english,Synthetic Student 989 (B Level),Flexible Learner,kertas2,"[7, 13]",STU-SYN0989,989,B,62.83,15751,"[3, 18, 6]"
synthetic.student0990@mathsy.synthetic,0.7364,english,Synthetic Student 990 (B+ Level),Flexible Learner,kertas1,"[14, 17, 7, 15]",STU-SYN0990,990,B+,69.03,15752,"[3, 11, 5]"
synthetic.student0991@mathsy.synthetic,0.6638,english,Synthetic Student 991 (B Level),Flexible Learner,mixed,"[7, 2, 16, 3]",STU-SYN0991,991,B,60.06,15753,"[10, 13, 18, 4, 1]"
synthetic.student0992@mathsy.synthetic,0.6581,english,Synthetic Student 992 (B+ Level),Consistent Climber,kertas1,"[6, 18]",STU-SYN0992,992,B+,67.0,15754,"[3, 4, 13, 7]"
synthetic.student0993@mathsy.synthetic,0.4596,bm,Synthetic Student 993 (G Level),Fresh Starter,mixed,"[12, 2]",STU-SYN0993,993,G,32.34,15755,"[17, 7, 4, 18]"
synthetic.student0994@mathsy.synthetic,0.5327,english,Synthetic Student 994 (E Level),Fresh Starter,kertas2,"[6, 18, 10, 3]",STU-SYN0994,994,E,41.23,15756,"[1, 9]"
synthetic.student0995@mathsy.synthetic,0.519,english,Synthetic Student 995 (D Level),Weekend Learner,kertas2,"[6, 9, 5, 18]",STU-SYN0995,995,D,46.89,15757,"[10, 3, 1, 7, 11]"
synthetic.student0996@mathsy.synthetic,0.4772,english,Synthetic Student 996 (E Level),Flexible Learner,kertas2,"[16, 3, 8]",STU-SYN0996,996,E,42.81,15758,"[18, 13, 2, 17]"
synthetic.student0997@mathsy.synthetic,0.7649,english,Synthetic Student 997 (A- Level),Flexible Learner,mixed,"[6, 7, 17, 18]",STU-SYN0997,997,A-,73.68,15759,"[12, 16, 4, 3]"
synthetic.student0998@mathsy.synthetic,0.7006,english,Synthetic Student 998 (B Level),Deep Focus Learner,kertas1,"[8, 15, 9, 18]",STU-SYN0998,998,B,64.51,15760,"[3, 7, 17, 11]"
synthetic.student0999@mathsy.synthetic,0.701,bm,Synthetic Student 999 (B Level),Weekend Learner,kertas1,"[9, 16]",STU-SYN0999,999,B,63.6,15761,"[12, 17, 8, 11, 6]"
synthetic.student1000@mathsy.synthetic,0.7263,english,Synthetic Student 1000 (B+ Level),Deep Focus Learner,kertas2,"[6, 15, 14, 16]",STU-SYN1000,1000,B+,65.94,15762,"[4, 2, 5, 1, 10]"
synthetic.student1001@mathsy.synthetic,0.5942,english,Synthetic Student 1001 (C+ Level),Deep Focus Learner,kertas1,"[11, 3]",STU-SYN1001,1001,C+,56.11,15763,"[8, 10, 17, 2]"
synthetic.student1002@mathsy.synthetic,0.6317,english,Synthetic Student 1002 (C+ Level),Flexible Learner,kertas1,"[9, 7, 2]",STU-SYN1002,1002,C+,59.62,15764,"[18, 3, 12]"
synthetic.student1003@mathsy.synthetic,0.3675,english,Synthetic Student 1003 (G Level),Fresh Starter,kertas2,"[17, 15, 14]",STU-SYN1003,1003,G,25,15765,"[13, 11, 2]"
synthetic.student1004@mathsy.synthetic,0.665,bm,Synthetic Student 1004 (B Level),Weekend Learner,kertas2,"[5, 4, 14]",STU-SYN1004,1004,B,60.69,15766,"[15, 7, 9, 6]"
synthetic.student1005@mathsy.synthetic,0.6931,english,Synthetic Student 1005 (B+ Level),Flexible Learner,kertas1,"[2, 9, 5]",STU-SYN1005,1005,B+,69.84,15767,"[14, 3]"
synthetic.student1006@mathsy.synthetic,0.5934,english,Synthetic Student 1006 (C+ Level),Flexible Learner,kertas1,"[5, 1]",STU-SYN1006,1006,C+,55.08,15768,"[14, 16, 11]"
synthetic.student1007@mathsy.synthetic,0.6612,english,Synthetic Student 1007 (B Level),Weekend Learner,mixed,"[5, 12, 6]",STU-SYN1007,1007,B,61.21,15769,"[10, 8, 3]"
synthetic.student1008@mathsy.synthetic,0.7848,bm,Synthetic Student 1008 (A- Level),High Achiever,mixed,"[16, 2, 10]",STU-SYN1008,1008,A-,78.94,15770,"[15, 11, 8, 12, 9]"
synthetic.student1009@mathsy.synthetic,0.7126,english,Synthetic Student 1009 (B+ Level),Weekend Learner,mixed,"[7, 5]",STU-SYN1009,1009,B+,69.62,15771,"[17, 2]"
synthetic.student1010@mathsy.synthetic,0.671,english,Synthetic Student 1010 (B Level),Flexible Learner,mixed,"[13, 14, 4]",STU-SYN1010,1010,B,63.09,15772,"[7, 9, 10, 12, 6]"
synthetic.student1011@mathsy.synthetic,0.5924,bm,Synthetic Student 1011 (C+ Level),Consistent Climber,mixed,"[7, 6, 5]",STU-SYN1011,1011,C+,59.72,15773,"[2, 9, 12, 4, 17]"
synthetic.student1012@mathsy.synthetic,0.6357,english,Synthetic Student 1012 (B+ Level),Consistent Climber,kertas1,"[8, 2, 13]",STU-SYN1012,1012,B+,65.29,15774,"[5, 4, 7, 11]"
synthetic.student1013@mathsy.synthetic,0.6749,bm,Synthetic Student 1013 (A- Level),Consistent Climber,kertas2,"[6, 14, 11, 7]",STU-SYN1013,1013,A-,72.58,15775,"[12, 15, 5]"
synthetic.student1014@mathsy.synthetic,0.6747,english,Synthetic Student 1014 (B Level),Flexible Learner,kertas2,"[12, 11, 16]",STU-SYN1014,1014,B,62.08,15776,"[15, 6, 2, 18, 9]"
synthetic.student1015@mathsy.synthetic,0.7232,english,Synthetic Student 1015 (B Level),Weekend Learner,mixed,"[16, 1, 7]",STU-SYN1015,1015,B,64.21,15777,"[3, 17, 4, 8, 14]"
synthetic.student1016@mathsy.synthetic,0.5625,english,Synthetic Student 1016 (C Level),Flexible Learner,kertas2,"[1, 10]",STU-SYN1016,1016,C,51.58,15778,"[12, 16, 14, 9, 3]"
synthetic.student1017@mathsy.synthetic,0.7764,bm,Synthetic Student 1017 (A- Level),Deep Focus Learner,mixed,"[1, 16, 11, 6]",STU-SYN1017,1017,A-,71.15,15779,"[7, 13, 9, 4]"
synthetic.student1018@mathsy.synthetic,0.8846,bm,Synthetic Student 1018 (A+ Level),High Achiever,kertas2,"[3, 16, 2, 4]",STU-SYN1018,1018,A+,91.66,15780,"[10, 9]"
synthetic.student1019@mathsy.synthetic,0.7359,bm,Synthetic Student 1019 (A- Level),Consistent Climber,kertas1,"[11, 13, 18, 2]",STU-SYN1019,1019,A-,74.36,15781,"[9, 17, 5]"
synthetic.student1020@mathsy.synthetic,0.5781,english,Synthetic Student 1020 (C+ Level),Flexible Learner,kertas1,"[11, 3, 14]",STU-SYN1020,1020,C+,55.17,15782,"[12, 10, 15, 13]"
synthetic.student1021@mathsy.synthetic,0.7774,bm,Synthetic Student 1021 (A- Level),Flexible Learner,kertas1,"[9, 14]",STU-SYN1021,1021,A-,74.58,15783,"[12, 17, 10]"
synthetic.student1022@mathsy.synthetic,0.8051,english,Synthetic Student 1022 (A- Level),Deep Focus Learner,kertas2,"[4, 17]",STU-SYN1022,1022,A-,74.48,15784,"[11, 13, 9, 15, 7]"
synthetic.student1023@mathsy.synthetic,0.622,bm,Synthetic Student 1023 (C+ Level),Weekend Learner,mixed,"[12, 2, 8, 17]",STU-SYN1023,1023,C+,57.75,15785,"[11, 7]"
synthetic.student1024@mathsy.synthetic,0.501,english,Synthetic Student 1024 (D Level),Deep Focus Learner,kertas2,"[5, 8, 15]",STU-SYN1024,1024,D,48.98,15786,"[13, 9]"
synthetic.student1025@mathsy.synthetic,0.691,bm,Synthetic Student 1025 (B+ Level),Weekend Learner,kertas1,"[17, 15]",STU-SYN1025,1025,B+,67.24,15787,"[8, 11]"
synthetic.student1026@mathsy.synthetic,0.8135,english,Synthetic Student 1026 (A- Level),Deep Focus Learner,kertas1,"[15, 4, 3, 2]",STU-SYN1026,1026,A-,74.62,15788,"[11, 13, 14, 1, 7]"
synthetic.student1027@mathsy.synthetic,0.668,english,Synthetic Student 1027 (B Level),Weekend Learner,kertas1,"[8, 13, 9]",STU-SYN1027,1027,B,61.83,15789,"[6, 18, 12, 16, 2]"
synthetic.student1028@mathsy.synthetic,0.7538,english,Synthetic Student 1028 (B+ Level),Flexible Learner,kertas2,"[3, 2, 15]",STU-SYN1028,1028,B+,69.69,15790,"[16, 6, 1, 14, 10]"
synthetic.student1029@mathsy.synthetic,0.597,bm,Synthetic Student 1029 (C Level),Weekend Learner,kertas2,"[5, 6, 8]",STU-SYN1029,1029,C,54.48,15791,"[13, 18, 15, 12]"
synthetic.student1030@mathsy.synthetic,0.3818,english,Synthetic Student 1030 (G Level),Fresh Starter,kertas2,"[6, 2, 16]",STU-SYN1030,1030,G,26.34,15792,"[9, 7]"
synthetic.student1031@mathsy.synthetic,0.7481,bm,Synthetic Student 1031 (A- Level),Consistent Climber,kertas1,"[5, 10]",STU-SYN1031,1031,A-,77.13,15793,"[15, 13, 6, 3]"
synthetic.student1032@mathsy.synthetic,0.6368,bm,Synthetic Student 1032 (B Level),Flexible Learner,kertas2,"[17, 18, 15]",STU-SYN1032,1032,B,62.99,15794,"[9, 5]"
synthetic.student1033@mathsy.synthetic,0.7356,english,Synthetic Student 1033 (A- Level),Deep Focus Learner,kertas1,"[6, 2, 4]",STU-SYN1033,1033,A-,70.13,15795,"[3, 9]"
synthetic.student1034@mathsy.synthetic,0.7138,english,Synthetic Student 1034 (A- Level),Consistent Climber,kertas2,"[14, 11]",STU-SYN1034,1034,A-,71.44,15796,"[3, 12, 10, 8, 16]"
synthetic.student1035@mathsy.synthetic,0.716,english,Synthetic Student 1035 (B+ Level),Flexible Learner,kertas1,"[12, 17, 3, 14]",STU-SYN1035,1035,B+,68.94,15797,"[7, 11, 1]"
synthetic.student1036@mathsy.synthetic,0.7313,english,Synthetic Student 1036 (B+ Level),Deep Focus Learner,kertas2,"[2, 13]",STU-SYN1036,1036,B+,67.43,15798,"[11, 7, 16]"
synthetic.student1037@mathsy.synthetic,0.3259,english,Synthetic Student 1037 (G Level),Fresh Starter,kertas1,"[12, 9]",STU-SYN1037,1037,G,25,15799,"[4, 11]"
synthetic.student1038@mathsy.synthetic,0.623,english,Synthetic Student 1038 (C+ Level),Deep Focus Learner,kertas1,"[11, 9, 16]",STU-SYN1038,1038,C+,55.12,15800,"[8, 15, 13, 2, 12]"
synthetic.student1039@mathsy.synthetic,0.6968,bm,Synthetic Student 1039 (B+ Level),Deep Focus Learner,kertas1,"[6, 3, 5]",STU-SYN1039,1039,B+,66.86,15801,"[18, 16]"
synthetic.student1040@mathsy.synthetic,0.6532,english,Synthetic Student 1040 (B Level),Consistent Climber,mixed,"[12, 6, 10]",STU-SYN1040,1040,B,64.61,15802,"[4, 13, 7, 16, 2]"
synthetic.student1041@mathsy.synthetic,0.6342,english,Synthetic Student 1041 (C+ Level),Weekend Learner,kertas2,"[14, 9, 18]",STU-SYN1041,1041,C+,57.34,15803,"[7, 5, 1, 4, 17]"
synthetic.student1042@mathsy.synthetic,0.3124,english,Synthetic Student 1042 (G Level),Fresh Starter,kertas1,"[4, 8, 3]",STU-SYN1042,1042,G,25,15804,"[18, 2, 10, 9]"
synthetic.student1043@mathsy.synthetic,0.9265,bm,Synthetic Student 1043 (A+ Level),High Achiever,mixed,"[4, 10, 3]",STU-SYN1043,1043,A+,96.91,15805,"[12, 13, 2]"
synthetic.student1044@mathsy.synthetic,0.7333,english,Synthetic Student 1044 (A- Level),Deep Focus Learner,kertas1,"[6, 1, 3]",STU-SYN1044,1044,A-,70.78,15806,"[10, 4]"
synthetic.student1045@mathsy.synthetic,0.528,bm,Synthetic Student 1045 (D Level),Weekend Learner,mixed,"[18, 3, 12, 11]",STU-SYN1045,1045,D,48.28,15807,"[13, 1, 16, 6, 4]"
synthetic.student1046@mathsy.synthetic,0.3815,english,Synthetic Student 1046 (G Level),Fresh Starter,kertas2,"[1, 7, 6, 18]",STU-SYN1046,1046,G,25,15808,"[12, 2, 9]"
synthetic.student1047@mathsy.synthetic,0.5165,english,Synthetic Student 1047 (G Level),Fresh Starter,kertas2,"[8, 6]",STU-SYN1047,1047,G,36.73,15809,"[9, 2, 7, 12]"
synthetic.student1048@mathsy.synthetic,0.6828,bm,Synthetic Student 1048 (A- Level),Consistent Climber,kertas1,"[3, 7, 18, 6]",STU-SYN1048,1048,A-,70.81,15810,"[8, 15, 4]"
synthetic.student1049@mathsy.synthetic,0.3767,bm,Synthetic Student 1049 (G Level),Fresh Starter,kertas1,"[18, 10]",STU-SYN1049,1049,G,25.09,15811,"[6, 2, 8]"
synthetic.student1050@mathsy.synthetic,0.7294,bm,Synthetic Student 1050 (A- Level),Consistent Climber,mixed,"[7, 1]",STU-SYN1050,1050,A-,75.26,15812,"[3, 5]"
synthetic.student1051@mathsy.synthetic,0.7009,english,Synthetic Student 1051 (A- Level),Consistent Climber,kertas2,"[17, 9, 18, 13]",STU-SYN1051,1051,A-,75.42,15813,"[11, 12]"
synthetic.student1052@mathsy.synthetic,0.7483,english,Synthetic Student 1052 (A- Level),Consistent Climber,kertas1,"[13, 11, 6]",STU-SYN1052,1052,A-,75.55,15814,"[3, 10, 7, 18]"
synthetic.student1053@mathsy.synthetic,0.8882,bm,Synthetic Student 1053 (A Level),High Achiever,kertas1,"[1, 2]",STU-SYN1053,1053,A,89.82,15815,"[6, 18, 14, 12]"
synthetic.student1054@mathsy.synthetic,0.6836,bm,Synthetic Student 1054 (B+ Level),Consistent Climber,kertas2,"[16, 15, 1, 18]",STU-SYN1054,1054,B+,69.98,15816,"[4, 8, 11]"
synthetic.student1055@mathsy.synthetic,0.8147,bm,Synthetic Student 1055 (A Level),Consistent Climber,mixed,"[18, 13]",STU-SYN1055,1055,A,85.93,15817,"[7, 17]"
synthetic.student1056@mathsy.synthetic,0.9263,bm,Synthetic Student 1056 (A+ Level),High Achiever,kertas2,"[1, 12]",STU-SYN1056,1056,A+,92.24,15818,"[3, 17, 4, 18, 11]"
synthetic.student1057@mathsy.synthetic,0.8527,bm,Synthetic Student 1057 (A+ Level),High Achiever,kertas2,"[10, 15, 9]",STU-SYN1057,1057,A+,91.0,15819,"[7, 16]"
synthetic.student1058@mathsy.synthetic,0.705,bm,Synthetic Student 1058 (B+ Level),Flexible Learner,mixed,"[2, 4, 6]",STU-SYN1058,1058,B+,66.4,15820,"[9, 10, 11, 16, 1]"
synthetic.student1059@mathsy.synthetic,0.5501,english,Synthetic Student 1059 (D Level),Weekend Learner,kertas2,"[11, 9, 1]",STU-SYN1059,1059,D,49.86,15821,"[16, 4, 10]"
synthetic.student1060@mathsy.synthetic,0.8327,english,Synthetic Student 1060 (A Level),Consistent Climber,kertas1,"[12, 2]",STU-SYN1060,1060,A,81.55,15822,"[11, 15, 16, 14]"
synthetic.student1061@mathsy.synthetic,0.4466,english,Synthetic Student 1061 (G Level),Fresh Starter,kertas2,"[16, 15, 2]",STU-SYN1061,1061,G,32.92,15823,"[9, 6, 17]"
synthetic.student1062@mathsy.synthetic,0.6356,english,Synthetic Student 1062 (B Level),Flexible Learner,kertas1,"[14, 9, 4]",STU-SYN1062,1062,B,61.0,15824,"[13, 12, 15]"
synthetic.student1063@mathsy.synthetic,0.6516,english,Synthetic Student 1063 (B+ Level),Consistent Climber,mixed,"[3, 16, 15]",STU-SYN1063,1063,B+,65.88,15825,"[5, 18, 17, 14]"
synthetic.student1064@mathsy.synthetic,0.6199,bm,Synthetic Student 1064 (D Level),Fresh Starter,kertas1,"[4, 13, 5]",STU-SYN1064,1064,D,48.41,15826,"[12, 10, 8, 3]"
synthetic.student1065@mathsy.synthetic,0.7159,english,Synthetic Student 1065 (B+ Level),Weekend Learner,kertas2,"[5, 11, 3]",STU-SYN1065,1065,B+,67.77,15827,"[17, 8, 14]"
synthetic.student1066@mathsy.synthetic,0.6331,english,Synthetic Student 1066 (B+ Level),Consistent Climber,kertas2,"[2, 18]",STU-SYN1066,1066,B+,67.28,15828,"[7, 4]"
synthetic.student1067@mathsy.synthetic,0.4645,english,Synthetic Student 1067 (E Level),Flexible Learner,mixed,"[16, 13, 10]",STU-SYN1067,1067,E,44.85,15829,"[9, 11, 14]"
synthetic.student1068@mathsy.synthetic,0.3472,english,Synthetic Student 1068 (G Level),Fresh Starter,kertas1,"[1, 6]",STU-SYN1068,1068,G,25,15830,"[3, 12, 13, 16]"
synthetic.student1069@mathsy.synthetic,0.6238,bm,Synthetic Student 1069 (B Level),Consistent Climber,kertas2,"[16, 13, 14, 12]",STU-SYN1069,1069,B,63.41,15831,"[5, 9, 18, 7]"
synthetic.student1070@mathsy.synthetic,0.6539,bm,Synthetic Student 1070 (B+ Level),Consistent Climber,kertas1,"[13, 12]",STU-SYN1070,1070,B+,66.94,15832,"[9, 2, 6, 11]"
synthetic.student1071@mathsy.synthetic,0.5978,english,Synthetic Student 1071 (C Level),Weekend Learner,kertas2,"[17, 2]",STU-SYN1071,1071,C,54.96,15833,"[7, 14, 3, 1]"
synthetic.student1072@mathsy.synthetic,0.6622,english,Synthetic Student 1072 (B+ Level),Consistent Climber,kertas1,"[18, 15, 14]",STU-SYN1072,1072,B+,65.24,15834,"[5, 3, 11, 12, 9]"
synthetic.student1073@mathsy.synthetic,0.7357,english,Synthetic Student 1073 (A- Level),Deep Focus Learner,kertas1,"[12, 18]",STU-SYN1073,1073,A-,71.05,15835,"[16, 2, 15]"
synthetic.student1074@mathsy.synthetic,0.6051,english,Synthetic Student 1074 (D Level),Fresh Starter,kertas1,"[15, 12]",STU-SYN1074,1074,D,48.4,15836,"[1, 10]"
synthetic.student1075@mathsy.synthetic,0.6439,english,Synthetic Student 1075 (B+ Level),Consistent Climber,kertas1,"[14, 11, 10, 13]",STU-SYN1075,1075,B+,68.42,15837,"[3, 12, 2]"
synthetic.student1076@mathsy.synthetic,0.7277,english,Synthetic Student 1076 (A- Level),Consistent Climber,kertas1,"[8, 3, 17, 11]",STU-SYN1076,1076,A-,74.46,15838,"[15, 5, 14, 18]"
synthetic.student1077@mathsy.synthetic,0.5047,english,Synthetic Student 1077 (G Level),Fresh Starter,kertas1,"[1, 2, 3, 7]",STU-SYN1077,1077,G,39.68,15839,"[11, 14]"
synthetic.student1078@mathsy.synthetic,0.3804,english,Synthetic Student 1078 (G Level),Fresh Starter,mixed,"[18, 4, 5]",STU-SYN1078,1078,G,25,15840,"[12, 1, 15, 11]"
synthetic.student1079@mathsy.synthetic,0.5542,bm,Synthetic Student 1079 (E Level),Fresh Starter,kertas2,"[15, 10, 2]",STU-SYN1079,1079,E,42.35,15841,"[16, 3, 14, 9]"
synthetic.student1080@mathsy.synthetic,0.6354,english,Synthetic Student 1080 (B Level),Flexible Learner,kertas1,"[3, 2, 16]",STU-SYN1080,1080,B,60.27,15842,"[9, 11, 1, 13]"
synthetic.student1081@mathsy.synthetic,0.584,bm,Synthetic Student 1081 (C+ Level),Flexible Learner,mixed,"[11, 1, 16]",STU-SYN1081,1081,C+,57.62,15843,"[12, 3]"
synthetic.student1082@mathsy.synthetic,0.7649,bm,Synthetic Student 1082 (A- Level),Flexible Learner,kertas1,"[18, 6, 12, 1]",STU-SYN1082,1082,A-,72.1,15844,"[5, 10, 16, 3, 2]"
synthetic.student1083@mathsy.synthetic,0.8405,english,Synthetic Student 1083 (A Level),Consistent Climber,mixed,"[5, 16, 11, 2]",STU-SYN1083,1083,A,87.51,15845,"[10, 3, 9]"
synthetic.student1084@mathsy.synthetic,0.5677,bm,Synthetic Student 1084 (C Level),Weekend Learner,kertas1,"[11, 5, 2, 4]",STU-SYN1084,1084,C,50.53,15846,"[14, 9, 13, 12, 8]"
synthetic.student1085@mathsy.synthetic,0.5438,bm,Synthetic Student 1085 (E Level),Fresh Starter,mixed,"[7, 17, 9]",STU-SYN1085,1085,E,43.4,15847,"[6, 16]"
synthetic.student1086@mathsy.synthetic,0.6873,bm,Synthetic Student 1086 (B+ Level),Flexible Learner,kertas1,"[3, 15, 9]",STU-SYN1086,1086,B+,68.17,15848,"[18, 10]"
synthetic.student1087@mathsy.synthetic,0.5652,english,Synthetic Student 1087 (C+ Level),Deep Focus Learner,kertas2,"[2, 8, 11]",STU-SYN1087,1087,C+,55.36,15849,"[6, 10]"
synthetic.student1088@mathsy.synthetic,0.5783,english,Synthetic Student 1088 (C+ Level),Weekend Learner,kertas1,"[4, 1, 7, 6]",STU-SYN1088,1088,C+,57.83,15850,"[15, 17]"
synthetic.student1089@mathsy.synthetic,0.6817,english,Synthetic Student 1089 (B Level),Weekend Learner,kertas1,"[13, 17]",STU-SYN1089,1089,B,64.1,15851,"[6, 3, 5, 15]"
synthetic.student1090@mathsy.synthetic,0.6445,bm,Synthetic Student 1090 (C+ Level),Deep Focus Learner,kertas1,"[11, 3, 17]",STU-SYN1090,1090,C+,57.95,15852,"[18, 7, 10, 6, 12]"
synthetic.student1091@mathsy.synthetic,0.4334,english,Synthetic Student 1091 (G Level),Fresh Starter,kertas1,"[10, 13, 12, 6]",STU-SYN1091,1091,G,30.53,15853,"[3, 14, 18]"
synthetic.student1092@mathsy.synthetic,0.696,english,Synthetic Student 1092 (B Level),Deep Focus Learner,kertas2,"[3, 15, 7]",STU-SYN1092,1092,B,64.13,15854,"[16, 8, 17, 18]"
synthetic.student1093@mathsy.synthetic,0.49,english,Synthetic Student 1093 (D Level),Flexible Learner,kertas1,"[9, 7, 16, 5]",STU-SYN1093,1093,D,45.32,15855,"[10, 3]"
synthetic.student1094@mathsy.synthetic,0.4619,english,Synthetic Student 1094 (G Level),Weekend Learner,kertas1,"[6, 1, 18, 10]",STU-SYN1094,1094,G,39.26,15856,"[3, 7, 9, 16, 5]"
synthetic.student1095@mathsy.synthetic,0.6757,english,Synthetic Student 1095 (A- Level),Consistent Climber,mixed,"[13, 18, 3, 9]",STU-SYN1095,1095,A-,70.73,15857,"[7, 14]"
synthetic.student1096@mathsy.synthetic,0.7616,english,Synthetic Student 1096 (A- Level),Flexible Learner,mixed,"[16, 1, 17]",STU-SYN1096,1096,A-,75.28,15858,"[2, 3, 11]"
synthetic.student1097@mathsy.synthetic,0.7683,bm,Synthetic Student 1097 (A- Level),Deep Focus Learner,kertas1,"[15, 7]",STU-SYN1097,1097,A-,71.11,15859,"[14, 18, 10, 4, 8]"
synthetic.student1098@mathsy.synthetic,0.4477,bm,Synthetic Student 1098 (G Level),Weekend Learner,kertas1,"[4, 5, 11, 16]",STU-SYN1098,1098,G,38.99,15860,"[15, 2, 1, 8]"
synthetic.student1099@mathsy.synthetic,0.6719,english,Synthetic Student 1099 (A- Level),Consistent Climber,kertas1,"[3, 14]",STU-SYN1099,1099,A-,71.07,15861,"[10, 9]"
synthetic.student1100@mathsy.synthetic,0.8032,english,Synthetic Student 1100 (A Level),Consistent Climber,kertas1,"[12, 4]",STU-SYN1100,1100,A,83.5,15862,"[3, 5, 7]"
synthetic.student1101@mathsy.synthetic,0.6513,english,Synthetic Student 1101 (B Level),Weekend Learner,kertas2,"[17, 18, 6]",STU-SYN1101,1101,B,60.26,15863,"[9, 7, 16, 13]"
synthetic.student1102@mathsy.synthetic,0.5527,english,Synthetic Student 1102 (D Level),Flexible Learner,kertas1,"[15, 2, 8, 12]",STU-SYN1102,1102,D,49.96,15864,"[17, 7, 13, 18, 10]"
synthetic.student1103@mathsy.synthetic,0.7561,bm,Synthetic Student 1103 (A- Level),Deep Focus Learner,kertas1,"[6, 1, 17]",STU-SYN1103,1103,A-,75.11,15865,"[12, 7]"
synthetic.student1104@mathsy.synthetic,0.6695,english,Synthetic Student 1104 (A- Level),Consistent Climber,kertas1,"[17, 12, 10, 3]",STU-SYN1104,1104,A-,70.86,15866,"[4, 1]"
synthetic.student1105@mathsy.synthetic,0.7188,english,Synthetic Student 1105 (A- Level),Flexible Learner,kertas1,"[10, 3, 7]",STU-SYN1105,1105,A-,72.75,15867,"[13, 18]"
synthetic.student1106@mathsy.synthetic,0.7663,bm,Synthetic Student 1106 (A- Level),Consistent Climber,kertas1,"[18, 15, 16, 17]",STU-SYN1106,1106,A-,78.84,15868,"[11, 2, 4]"
synthetic.student1107@mathsy.synthetic,0.6185,bm,Synthetic Student 1107 (C+ Level),Flexible Learner,mixed,"[16, 3, 1]",STU-SYN1107,1107,C+,58.51,15869,"[9, 14, 4]"
synthetic.student1108@mathsy.synthetic,0.5734,bm,Synthetic Student 1108 (C Level),Weekend Learner,mixed,"[12, 9]",STU-SYN1108,1108,C,52.52,15870,"[13, 11, 3, 16, 15]"
synthetic.student1109@mathsy.synthetic,0.5825,bm,Synthetic Student 1109 (C Level),Deep Focus Learner,kertas1,"[18, 4]",STU-SYN1109,1109,C,51.96,15871,"[9, 15, 17, 13, 6]"
synthetic.student1110@mathsy.synthetic,0.816,english,Synthetic Student 1110 (A- Level),Deep Focus Learner,kertas1,"[14, 11, 8]",STU-SYN1110,1110,A-,74.18,15872,"[15, 17, 12, 16]"
synthetic.student1111@mathsy.synthetic,0.5429,english,Synthetic Student 1111 (E Level),Fresh Starter,kertas2,"[4, 17, 15]",STU-SYN1111,1111,E,43.93,15873,"[7, 10]"
synthetic.student1112@mathsy.synthetic,0.7561,english,Synthetic Student 1112 (A- Level),Deep Focus Learner,mixed,"[16, 18, 9]",STU-SYN1112,1112,A-,72.34,15874,"[10, 4, 11]"
synthetic.student1113@mathsy.synthetic,0.7487,bm,Synthetic Student 1113 (A- Level),Deep Focus Learner,kertas1,"[9, 7, 1, 10]",STU-SYN1113,1113,A-,70.56,15875,"[13, 8, 15]"
synthetic.student1114@mathsy.synthetic,0.4703,english,Synthetic Student 1114 (D Level),Flexible Learner,kertas2,"[3, 10, 18]",STU-SYN1114,1114,D,48.61,15876,"[16, 11]"
synthetic.student1115@mathsy.synthetic,0.5002,english,Synthetic Student 1115 (C Level),Deep Focus Learner,mixed,"[1, 18]",STU-SYN1115,1115,C,50.37,15877,"[16, 9]"
synthetic.student1116@mathsy.synthetic,0.3841,english,Synthetic Student 1116 (G Level),Fresh Starter,mixed,"[18, 13, 14, 9]",STU-SYN1116,1116,G,25,15878,"[3, 17, 15, 5, 2]"
synthetic.student1117@mathsy.synthetic,0.412,bm,Synthetic Student 1117 (G Level),Fresh Starter,mixed,"[12, 4, 14]",STU-SYN1117,1117,G,28.75,15879,"[10, 16, 15]"
synthetic.student1118@mathsy.synthetic,0.5236,bm,Synthetic Student 1118 (C Level),Flexible Learner,mixed,"[14, 17, 3]",STU-SYN1118,1118,C,51.14,15880,"[7, 6]"
synthetic.student1119@mathsy.synthetic,0.516,bm,Synthetic Student 1119 (D Level),Deep Focus Learner,mixed,"[12, 6, 5]",STU-SYN1119,1119,D,48.18,15881,"[11, 16, 8]"
synthetic.student1120@mathsy.synthetic,0.8385,english,Synthetic Student 1120 (A Level),Consistent Climber,mixed,"[10, 16, 5, 18]",STU-SYN1120,1120,A,87.06,15882,"[8, 11, 4]"
synthetic.student1121@mathsy.synthetic,0.7558,english,Synthetic Student 1121 (A- Level),Flexible Learner,kertas2,"[10, 9, 7, 16]",STU-SYN1121,1121,A-,72.72,15883,"[17, 6]"
synthetic.student1122@mathsy.synthetic,0.577,english,Synthetic Student 1122 (C Level),Weekend Learner,mixed,"[17, 2]",STU-SYN1122,1122,C,51.92,15884,"[5, 15, 4, 9, 10]"
synthetic.student1123@mathsy.synthetic,0.7183,english,Synthetic Student 1123 (B+ Level),Weekend Learner,kertas2,"[4, 12]",STU-SYN1123,1123,B+,65.84,15885,"[10, 17, 15, 2]"
synthetic.student1124@mathsy.synthetic,0.547,english,Synthetic Student 1124 (D Level),Weekend Learner,mixed,"[5, 7]",STU-SYN1124,1124,D,48.88,15886,"[17, 11, 3, 12, 18]"
synthetic.student1125@mathsy.synthetic,0.6612,english,Synthetic Student 1125 (B Level),Deep Focus Learner,mixed,"[17, 1, 3, 16]",STU-SYN1125,1125,B,61.85,15887,"[4, 13, 8, 12]"
synthetic.student1126@mathsy.synthetic,0.5449,bm,Synthetic Student 1126 (D Level),Weekend Learner,kertas1,"[5, 4, 1]",STU-SYN1126,1126,D,47.15,15888,"[8, 7, 10, 14, 16]"
synthetic.student1127@mathsy.synthetic,0.6395,english,Synthetic Student 1127 (A- Level),Consistent Climber,mixed,"[3, 16]",STU-SYN1127,1127,A-,70.09,15889,"[13, 11]"
synthetic.student1128@mathsy.synthetic,0.5173,english,Synthetic Student 1128 (C Level),Flexible Learner,kertas1,"[15, 11, 6]",STU-SYN1128,1128,C,51.15,15890,"[5, 7]"
synthetic.student1129@mathsy.synthetic,0.7019,english,Synthetic Student 1129 (B+ Level),Consistent Climber,kertas1,"[12, 16, 9]",STU-SYN1129,1129,B+,69.77,15891,"[10, 11, 6, 15]"
synthetic.student1130@mathsy.synthetic,0.6353,english,Synthetic Student 1130 (B+ Level),Consistent Climber,mixed,"[17, 9, 5, 10]",STU-SYN1130,1130,B+,65.23,15892,"[8, 14, 1]"
synthetic.student1131@mathsy.synthetic,0.6128,bm,Synthetic Student 1131 (C Level),Deep Focus Learner,kertas1,"[10, 12]",STU-SYN1131,1131,C,54.99,15893,"[14, 18, 4, 5, 13]"
synthetic.student1132@mathsy.synthetic,0.6341,bm,Synthetic Student 1132 (B Level),Consistent Climber,kertas1,"[10, 18, 15]",STU-SYN1132,1132,B,62.44,15894,"[1, 16, 3, 7, 6]"
synthetic.student1133@mathsy.synthetic,0.7777,english,Synthetic Student 1133 (A- Level),Consistent Climber,kertas1,"[15, 11, 8, 18]",STU-SYN1133,1133,A-,77.46,15895,"[6, 7, 12, 5, 17]"
synthetic.student1134@mathsy.synthetic,0.4676,bm,Synthetic Student 1134 (E Level),Flexible Learner,mixed,"[14, 18]",STU-SYN1134,1134,E,44.43,15896,"[10, 13, 7]"
synthetic.student1135@mathsy.synthetic,0.778,english,Synthetic Student 1135 (A- Level),Flexible Learner,mixed,"[4, 1]",STU-SYN1135,1135,A-,74.53,15897,"[10, 9, 13]"
synthetic.student1136@mathsy.synthetic,0.3341,bm,Synthetic Student 1136 (G Level),Fresh Starter,mixed,"[4, 7, 15]",STU-SYN1136,1136,G,25,15898,"[8, 11, 13, 3, 1]"
synthetic.student1137@mathsy.synthetic,0.5967,english,Synthetic Student 1137 (C Level),Flexible Learner,mixed,"[1, 6, 10]",STU-SYN1137,1137,C,54.48,15899,"[3, 11, 9, 16]"
synthetic.student1138@mathsy.synthetic,0.7756,english,Synthetic Student 1138 (A- Level),Consistent Climber,mixed,"[10, 9, 12, 2]",STU-SYN1138,1138,A-,78.39,15900,"[11, 6, 17, 5]"
synthetic.student1139@mathsy.synthetic,0.6531,english,Synthetic Student 1139 (B Level),Consistent Climber,kertas1,"[15, 17]",STU-SYN1139,1139,B,64.64,15901,"[6, 14, 4, 7, 16]"
synthetic.student1140@mathsy.synthetic,0.8385,bm,Synthetic Student 1140 (A Level),High Achiever,kertas1,"[13, 8, 18]",STU-SYN1140,1140,A,89.06,15902,"[7, 2, 4]"
synthetic.student1141@mathsy.synthetic,0.5441,english,Synthetic Student 1141 (C Level),Flexible Learner,mixed,"[8, 18]",STU-SYN1141,1141,C,51.62,15903,"[12, 15]"
synthetic.student1142@mathsy.synthetic,0.6516,bm,Synthetic Student 1142 (B+ Level),Flexible Learner,kertas2,"[1, 11, 10]",STU-SYN1142,1142,B+,65.03,15904,"[18, 3]"
synthetic.student1143@mathsy.synthetic,0.6235,english,Synthetic Student 1143 (C+ Level),Deep Focus Learner,kertas1,"[2, 15, 11]",STU-SYN1143,1143,C+,57.09,15905,"[3, 9, 6, 8]"
synthetic.student1144@mathsy.synthetic,0.6829,bm,Synthetic Student 1144 (B+ Level),Consistent Climber,kertas1,"[2, 11]",STU-SYN1144,1144,B+,68.65,15906,"[12, 4, 13, 18, 17]"
synthetic.student1145@mathsy.synthetic,0.8167,bm,Synthetic Student 1145 (A Level),Deep Focus Learner,mixed,"[3, 6]",STU-SYN1145,1145,A,81.43,15907,"[9, 5]"
synthetic.student1146@mathsy.synthetic,0.5041,english,Synthetic Student 1146 (D Level),Weekend Learner,mixed,"[6, 7]",STU-SYN1146,1146,D,48.23,15908,"[5, 16, 4]"
synthetic.student1147@mathsy.synthetic,0.8323,english,Synthetic Student 1147 (A Level),High Achiever,kertas1,"[12, 14]",STU-SYN1147,1147,A,87.0,15909,"[16, 13, 7]"
synthetic.student1148@mathsy.synthetic,0.7196,english,Synthetic Student 1148 (A- Level),Flexible Learner,kertas1,"[5, 12, 14]",STU-SYN1148,1148,A-,71.89,15910,"[3, 17]"
synthetic.student1149@mathsy.synthetic,0.644,english,Synthetic Student 1149 (C+ Level),Deep Focus Learner,kertas2,"[7, 17, 15, 13]",STU-SYN1149,1149,C+,57.7,15911,"[8, 10, 12, 16]"
synthetic.student1150@mathsy.synthetic,0.791,english,Synthetic Student 1150 (A Level),Consistent Climber,kertas1,"[12, 11]",STU-SYN1150,1150,A,80.93,15912,"[6, 4, 5]"
synthetic.student1151@mathsy.synthetic,0.6757,bm,Synthetic Student 1151 (B+ Level),Deep Focus Learner,kertas1,"[5, 15, 9]",STU-SYN1151,1151,B+,67.42,15913,"[17, 11]"
synthetic.student1152@mathsy.synthetic,0.9435,english,Synthetic Student 1152 (A+ Level),High Achiever,kertas1,"[14, 1, 17, 15]",STU-SYN1152,1152,A+,98,15914,"[5, 3]"
synthetic.student1153@mathsy.synthetic,0.5626,english,Synthetic Student 1153 (G Level),Fresh Starter,kertas2,"[12, 17, 6]",STU-SYN1153,1153,G,39.91,15915,"[14, 18, 11, 16, 1]"
synthetic.student1154@mathsy.synthetic,0.7937,bm,Synthetic Student 1154 (A Level),High Achiever,kertas1,"[9, 18, 13]",STU-SYN1154,1154,A,81.38,15916,"[17, 16, 4, 8]"
synthetic.student1155@mathsy.synthetic,0.7426,bm,Synthetic Student 1155 (A- Level),Consistent Climber,kertas2,"[16, 18, 7, 5]",STU-SYN1155,1155,A-,73.53,15917,"[4, 1, 9, 10, 2]"
synthetic.student1156@mathsy.synthetic,0.8286,english,Synthetic Student 1156 (A Level),High Achiever,mixed,"[7, 17, 2, 8]",STU-SYN1156,1156,A,86.91,15918,"[11, 15]"
synthetic.student1157@mathsy.synthetic,0.8494,english,Synthetic Student 1157 (A Level),Consistent Climber,mixed,"[10, 8]",STU-SYN1157,1157,A,86.2,15919,"[9, 11, 17, 13]"
synthetic.student1158@mathsy.synthetic,0.565,english,Synthetic Student 1158 (E Level),Fresh Starter,mixed,"[14, 7]",STU-SYN1158,1158,E,40.35,15920,"[12, 18, 11, 10, 9]"
synthetic.student1159@mathsy.synthetic,0.6433,english,Synthetic Student 1159 (B Level),Deep Focus Learner,kertas1,"[1, 3]",STU-SYN1159,1159,B,61.81,15921,"[7, 14]"
synthetic.student1160@mathsy.synthetic,0.4445,english,Synthetic Student 1160 (G Level),Fresh Starter,kertas1,"[9, 16, 2, 6]",STU-SYN1160,1160,G,33.87,15922,"[13, 10]"
synthetic.student1161@mathsy.synthetic,0.8707,english,Synthetic Student 1161 (A Level),High Achiever,kertas2,"[3, 5]",STU-SYN1161,1161,A,87.18,15923,"[11, 18, 13, 1, 12]"
synthetic.student1162@mathsy.synthetic,0.639,english,Synthetic Student 1162 (B Level),Flexible Learner,kertas2,"[12, 6, 9, 2]",STU-SYN1162,1162,B,61.47,15924,"[7, 13, 8]"
synthetic.student1163@mathsy.synthetic,0.6409,english,Synthetic Student 1163 (B Level),Consistent Climber,kertas1,"[12, 2, 16]",STU-SYN1163,1163,B,64.58,15925,"[1, 4, 17, 6, 15]"
synthetic.student1164@mathsy.synthetic,0.6158,bm,Synthetic Student 1164 (B Level),Consistent Climber,mixed,"[11, 13, 7, 14]",STU-SYN1164,1164,B,62.2,15926,"[18, 2, 5, 17, 12]"
synthetic.student1165@mathsy.synthetic,0.7759,english,Synthetic Student 1165 (A- Level),Deep Focus Learner,mixed,"[10, 16, 9, 11]",STU-SYN1165,1165,A-,76.37,15927,"[8, 13]"
synthetic.student1166@mathsy.synthetic,0.5857,english,Synthetic Student 1166 (C+ Level),Deep Focus Learner,kertas2,"[16, 8]",STU-SYN1166,1166,C+,55.44,15928,"[5, 17]"
synthetic.student1167@mathsy.synthetic,0.8009,bm,Synthetic Student 1167 (A- Level),Deep Focus Learner,kertas1,"[3, 16, 13, 11]",STU-SYN1167,1167,A-,75.27,15929,"[12, 1, 14, 7]"
synthetic.student1168@mathsy.synthetic,0.3245,english,Synthetic Student 1168 (G Level),Fresh Starter,mixed,"[10, 6]",STU-SYN1168,1168,G,25,15930,"[5, 18]"
synthetic.student1169@mathsy.synthetic,0.4735,english,Synthetic Student 1169 (G Level),Fresh Starter,mixed,"[3, 1, 2, 12]",STU-SYN1169,1169,G,36.08,15931,"[7, 11]"
synthetic.student1170@mathsy.synthetic,0.5174,bm,Synthetic Student 1170 (E Level),Fresh Starter,kertas1,"[7, 17, 15, 8]",STU-SYN1170,1170,E,40.12,15932,"[5, 10, 11, 9]"
synthetic.student1171@mathsy.synthetic,0.7419,english,Synthetic Student 1171 (A- Level),Deep Focus Learner,kertas1,"[9, 4, 8]",STU-SYN1171,1171,A-,70.71,15933,"[6, 17, 1]"
synthetic.student1172@mathsy.synthetic,0.8489,english,Synthetic Student 1172 (A Level),High Achiever,kertas1,"[5, 14, 12]",STU-SYN1172,1172,A,88.69,15934,"[7, 8, 17]"
synthetic.student1173@mathsy.synthetic,0.7809,english,Synthetic Student 1173 (A- Level),Deep Focus Learner,mixed,"[9, 7, 8]",STU-SYN1173,1173,A-,74.92,15935,"[6, 10, 5]"
synthetic.student1174@mathsy.synthetic,0.455,english,Synthetic Student 1174 (G Level),Fresh Starter,kertas1,"[5, 1]",STU-SYN1174,1174,G,31.86,15936,"[7, 8, 14, 3]"
synthetic.student1175@mathsy.synthetic,0.7107,bm,Synthetic Student 1175 (B+ Level),Flexible Learner,mixed,"[2, 18, 11]",STU-SYN1175,1175,B+,67.72,15937,"[10, 7, 13]"
synthetic.student1176@mathsy.synthetic,0.543,english,Synthetic Student 1176 (D Level),Weekend Learner,kertas1,"[9, 5, 3]",STU-SYN1176,1176,D,49.25,15938,"[1, 11, 15, 16]"
synthetic.student1177@mathsy.synthetic,0.5598,bm,Synthetic Student 1177 (C+ Level),Weekend Learner,kertas1,"[17, 9, 18, 8]",STU-SYN1177,1177,C+,55.35,15939,"[3, 10]"
synthetic.student1178@mathsy.synthetic,0.4539,english,Synthetic Student 1178 (E Level),Flexible Learner,mixed,"[11, 1, 2, 10]",STU-SYN1178,1178,E,41.32,15940,"[14, 7, 12, 16, 9]"
synthetic.student1179@mathsy.synthetic,0.7266,english,Synthetic Student 1179 (A- Level),Deep Focus Learner,kertas2,"[5, 2, 16]",STU-SYN1179,1179,A-,70.32,15941,"[11, 9, 3]"
synthetic.student1180@mathsy.synthetic,0.5688,english,Synthetic Student 1180 (C Level),Weekend Learner,kertas1,"[6, 14]",STU-SYN1180,1180,C,54.26,15942,"[18, 15, 1]"
synthetic.student1181@mathsy.synthetic,0.7244,english,Synthetic Student 1181 (B+ Level),Deep Focus Learner,kertas2,"[17, 13]",STU-SYN1181,1181,B+,66.49,15943,"[12, 5, 9, 14, 8]"
synthetic.student1182@mathsy.synthetic,0.573,bm,Synthetic Student 1182 (C Level),Deep Focus Learner,mixed,"[15, 7, 17]",STU-SYN1182,1182,C,53.2,15944,"[16, 4, 11, 18]"
synthetic.student1183@mathsy.synthetic,0.771,english,Synthetic Student 1183 (A- Level),Flexible Learner,kertas1,"[5, 8, 7]",STU-SYN1183,1183,A-,71.65,15945,"[14, 13, 2, 4]"
synthetic.student1184@mathsy.synthetic,0.7348,english,Synthetic Student 1184 (B+ Level),Flexible Learner,kertas1,"[17, 4, 18]",STU-SYN1184,1184,B+,69.42,15946,"[14, 9, 10]"
synthetic.student1185@mathsy.synthetic,0.9061,bm,Synthetic Student 1185 (A+ Level),High Achiever,kertas1,"[1, 17, 4, 8]",STU-SYN1185,1185,A+,92.43,15947,"[12, 5, 13, 16]"
synthetic.student1186@mathsy.synthetic,0.5989,bm,Synthetic Student 1186 (C Level),Deep Focus Learner,kertas1,"[5, 12, 14, 1]",STU-SYN1186,1186,C,54.3,15948,"[8, 4, 9, 16]"
synthetic.student1187@mathsy.synthetic,0.6857,bm,Synthetic Student 1187 (B Level),Weekend Learner,kertas2,"[1, 12, 18]",STU-SYN1187,1187,B,61.42,15949,"[8, 2, 13, 3, 14]"
synthetic.student1188@mathsy.synthetic,0.8027,english,Synthetic Student 1188 (A- Level),Consistent Climber,kertas2,"[16, 1]",STU-SYN1188,1188,A-,79.98,15950,"[9, 17, 8, 2, 4]"
synthetic.student1189@mathsy.synthetic,0.4719,english,Synthetic Student 1189 (G Level),Fresh Starter,kertas1,"[4, 11, 12, 5]",STU-SYN1189,1189,G,36.65,15951,"[18, 14]"
synthetic.student1190@mathsy.synthetic,0.688,english,Synthetic Student 1190 (B Level),Flexible Learner,mixed,"[6, 13, 16, 18]",STU-SYN1190,1190,B,62.33,15952,"[8, 15, 3, 4]"
synthetic.student1191@mathsy.synthetic,0.8133,english,Synthetic Student 1191 (A Level),High Achiever,kertas1,"[4, 14]",STU-SYN1191,1191,A,84.83,15953,"[11, 16, 12]"
synthetic.student1192@mathsy.synthetic,0.6954,english,Synthetic Student 1192 (B+ Level),Flexible Learner,kertas2,"[4, 9, 8]",STU-SYN1192,1192,B+,69.49,15954,"[12, 10]"
synthetic.student1193@mathsy.synthetic,0.6922,english,Synthetic Student 1193 (B+ Level),Consistent Climber,kertas1,"[13, 7]",STU-SYN1193,1193,B+,69.63,15955,"[14, 18, 17, 9]"
synthetic.student1194@mathsy.synthetic,0.8107,english,Synthetic Student 1194 (A Level),Consistent Climber,kertas1,"[5, 7, 15, 9]",STU-SYN1194,1194,A,84.39,15956,"[18, 13, 17, 8]"
synthetic.student1195@mathsy.synthetic,0.7163,english,Synthetic Student 1195 (A- Level),Weekend Learner,mixed,"[6, 16]",STU-SYN1195,1195,A-,70.62,15957,"[13, 10]"
synthetic.student1196@mathsy.synthetic,0.6265,bm,Synthetic Student 1196 (B+ Level),Consistent Climber,kertas2,"[7, 9, 16]",STU-SYN1196,1196,B+,66.24,15958,"[17, 3]"
synthetic.student1197@mathsy.synthetic,0.5195,english,Synthetic Student 1197 (D Level),Flexible Learner,kertas1,"[18, 12]",STU-SYN1197,1197,D,48.54,15959,"[3, 2]"
synthetic.student1198@mathsy.synthetic,0.7383,english,Synthetic Student 1198 (A- Level),Consistent Climber,kertas2,"[3, 4]",STU-SYN1198,1198,A-,75.35,15960,"[17, 6, 16]"
synthetic.student1199@mathsy.synthetic,0.5938,bm,Synthetic Student 1199 (C+ Level),Deep Focus Learner,kertas1,"[6, 11, 4, 3]",STU-SYN1199,1199,C+,55.23,15961,"[12, 16, 5]"
synthetic.student1200@mathsy.synthetic,0.4041,english,Synthetic Student 1200 (G Level),Fresh Starter,kertas1,"[12, 6, 2]",STU-SYN1200,1200,G,28.02,15962,"[5, 18, 1]"
synthetic.student1201@mathsy.synthetic,0.5209,english,Synthetic Student 1201 (D Level),Weekend Learner,kertas1,"[2, 10]",STU-SYN1201,1201,D,47.5,15963,"[11, 16, 5, 6, 15]"
synthetic.student1202@mathsy.synthetic,0.5388,english,Synthetic Student 1202 (C Level),Flexible Learner,kertas1,"[12, 7, 4]",STU-SYN1202,1202,C,50.63,15964,"[16, 5, 18]"
synthetic.student1203@mathsy.synthetic,0.5673,english,Synthetic Student 1203 (C Level),Deep Focus Learner,mixed,"[10, 11, 15, 12]",STU-SYN1203,1203,C,51.68,15965,"[1, 8, 2]"
synthetic.student1204@mathsy.synthetic,0.9194,english,Synthetic Student 1204 (A+ Level),High Achiever,kertas1,"[1, 6, 16]",STU-SYN1204,1204,A+,98,15966,"[4, 15]"
synthetic.student1205@mathsy.synthetic,0.4886,bm,Synthetic Student 1205 (D Level),Deep Focus Learner,mixed,"[7, 6]",STU-SYN1205,1205,D,45.55,15967,"[15, 9]"
synthetic.student1206@mathsy.synthetic,0.4528,bm,Synthetic Student 1206 (G Level),Weekend Learner,mixed,"[4, 12]",STU-SYN1206,1206,G,37.89,15968,"[17, 10, 3, 14, 16]"
synthetic.student1207@mathsy.synthetic,0.5016,english,Synthetic Student 1207 (E Level),Flexible Learner,kertas1,"[6, 9, 1, 3]",STU-SYN1207,1207,E,44.68,15969,"[14, 13, 7, 4]"
synthetic.student1208@mathsy.synthetic,0.793,bm,Synthetic Student 1208 (A- Level),Deep Focus Learner,kertas2,"[9, 8, 6]",STU-SYN1208,1208,A-,73.82,15970,"[15, 13, 14, 12, 5]"
synthetic.student1209@mathsy.synthetic,0.6513,english,Synthetic Student 1209 (C+ Level),Weekend Learner,mixed,"[5, 17, 16]",STU-SYN1209,1209,C+,58.85,15971,"[3, 18, 8, 9]"
synthetic.student1210@mathsy.synthetic,0.6332,bm,Synthetic Student 1210 (B Level),Consistent Climber,mixed,"[6, 7]",STU-SYN1210,1210,B,63.51,15972,"[11, 9, 5, 3]"
synthetic.student1211@mathsy.synthetic,0.4111,english,Synthetic Student 1211 (G Level),Fresh Starter,kertas1,"[4, 13, 2, 12]",STU-SYN1211,1211,G,29.76,15973,"[10, 14]"
synthetic.student1212@mathsy.synthetic,0.7693,english,Synthetic Student 1212 (A- Level),Consistent Climber,mixed,"[12, 14, 13]",STU-SYN1212,1212,A-,76.85,15974,"[18, 8, 3, 1, 9]"
synthetic.student1213@mathsy.synthetic,0.562,bm,Synthetic Student 1213 (D Level),Weekend Learner,kertas1,"[13, 16]",STU-SYN1213,1213,D,49.3,15975,"[10, 8, 9, 3, 7]"
synthetic.student1214@mathsy.synthetic,0.5445,english,Synthetic Student 1214 (C Level),Flexible Learner,mixed,"[11, 7, 5]",STU-SYN1214,1214,C,52.47,15976,"[12, 14, 2]"
synthetic.student1215@mathsy.synthetic,0.6635,english,Synthetic Student 1215 (B+ Level),Consistent Climber,mixed,"[13, 2]",STU-SYN1215,1215,B+,66.15,15977,"[12, 1, 17, 4, 3]"
synthetic.student1216@mathsy.synthetic,0.5021,english,Synthetic Student 1216 (D Level),Flexible Learner,kertas1,"[9, 16]",STU-SYN1216,1216,D,46.25,15978,"[15, 14, 1, 18]"
synthetic.student1217@mathsy.synthetic,0.7389,english,Synthetic Student 1217 (A- Level),Consistent Climber,kertas1,"[1, 12, 3, 11]",STU-SYN1217,1217,A-,77.11,15979,"[13, 4]"
synthetic.student1218@mathsy.synthetic,0.5169,english,Synthetic Student 1218 (D Level),Deep Focus Learner,kertas2,"[14, 5, 9, 7]",STU-SYN1218,1218,D,47.76,15980,"[17, 16, 6]"
synthetic.student1219@mathsy.synthetic,0.62,english,Synthetic Student 1219 (C+ Level),Deep Focus Learner,mixed,"[1, 9, 6, 14]",STU-SYN1219,1219,C+,59.83,15981,"[4, 12]"
synthetic.student1220@mathsy.synthetic,0.5636,bm,Synthetic Student 1220 (C Level),Deep Focus Learner,mixed,"[6, 12]",STU-SYN1220,1220,C,51.27,15982,"[7, 18, 10, 16, 17]"
synthetic.student1221@mathsy.synthetic,0.644,english,Synthetic Student 1221 (B Level),Deep Focus Learner,kertas1,"[12, 3]",STU-SYN1221,1221,B,61.08,15983,"[17, 5, 4]"
synthetic.student1222@mathsy.synthetic,0.8913,bm,Synthetic Student 1222 (A+ Level),High Achiever,kertas2,"[16, 8, 13]",STU-SYN1222,1222,A+,90.37,15984,"[17, 9, 10, 5]"
synthetic.student1223@mathsy.synthetic,0.8469,english,Synthetic Student 1223 (A Level),High Achiever,mixed,"[15, 8, 18, 2]",STU-SYN1223,1223,A,88.27,15985,"[10, 9, 4]"
synthetic.student1224@mathsy.synthetic,0.8775,english,Synthetic Student 1224 (A+ Level),High Achiever,mixed,"[9, 8, 10]",STU-SYN1224,1224,A+,92.84,15986,"[6, 14]"
synthetic.student1225@mathsy.synthetic,0.5507,english,Synthetic Student 1225 (D Level),Weekend Learner,kertas2,"[11, 1, 17]",STU-SYN1225,1225,D,47.15,15987,"[2, 18, 14, 13, 8]"
synthetic.student1226@mathsy.synthetic,0.6397,bm,Synthetic Student 1226 (C+ Level),Deep Focus Learner,kertas1,"[15, 14, 6, 3]",STU-SYN1226,1226,C+,59.31,15988,"[11, 12]"
synthetic.student1227@mathsy.synthetic,0.6613,english,Synthetic Student 1227 (A- Level),Consistent Climber,kertas1,"[16, 5]",STU-SYN1227,1227,A-,70.44,15989,"[3, 8, 15]"
synthetic.student1228@mathsy.synthetic,0.7255,english,Synthetic Student 1228 (A- Level),Consistent Climber,kertas1,"[5, 2, 12]",STU-SYN1228,1228,A-,77.26,15990,"[14, 16]"
synthetic.student1229@mathsy.synthetic,0.6114,english,Synthetic Student 1229 (C+ Level),Deep Focus Learner,kertas1,"[6, 13, 11]",STU-SYN1229,1229,C+,56.52,15991,"[14, 1, 8, 17]"
synthetic.student1230@mathsy.synthetic,0.7842,bm,Synthetic Student 1230 (A Level),Consistent Climber,kertas2,"[16, 8, 12]",STU-SYN1230,1230,A,81.59,15992,"[1, 4]"
synthetic.student1231@mathsy.synthetic,0.5835,bm,Synthetic Student 1231 (C+ Level),Consistent Climber,kertas2,"[17, 5]",STU-SYN1231,1231,C+,57.37,15993,"[18, 7, 14, 4]"
synthetic.student1232@mathsy.synthetic,0.628,english,Synthetic Student 1232 (C+ Level),Weekend Learner,kertas1,"[7, 15]",STU-SYN1232,1232,C+,59.94,15994,"[4, 10]"
synthetic.student1233@mathsy.synthetic,0.6753,bm,Synthetic Student 1233 (B Level),Deep Focus Learner,kertas1,"[16, 10]",STU-SYN1233,1233,B,64.62,15995,"[1, 9, 14]"
synthetic.student1234@mathsy.synthetic,0.6021,english,Synthetic Student 1234 (C Level),Deep Focus Learner,mixed,"[9, 2, 16, 6]",STU-SYN1234,1234,C,53.42,15996,"[10, 18, 7, 13, 8]"
synthetic.student1235@mathsy.synthetic,0.5165,english,Synthetic Student 1235 (D Level),Flexible Learner,kertas2,"[14, 8]",STU-SYN1235,1235,D,48.37,15997,"[1, 18, 10]"
synthetic.student1236@mathsy.synthetic,0.7163,english,Synthetic Student 1236 (A- Level),Consistent Climber,kertas1,"[15, 7]",STU-SYN1236,1236,A-,72.01,15998,"[17, 8, 11]"
synthetic.student1237@mathsy.synthetic,0.5341,bm,Synthetic Student 1237 (D Level),Weekend Learner,kertas2,"[6, 12]",STU-SYN1237,1237,D,48.98,15999,"[7, 13, 17, 8]"
synthetic.student1238@mathsy.synthetic,0.7672,bm,Synthetic Student 1238 (A- Level),Deep Focus Learner,kertas2,"[10, 1]",STU-SYN1238,1238,A-,71.42,16000,"[6, 9, 3, 15]"
synthetic.student1239@mathsy.synthetic,0.7122,english,Synthetic Student 1239 (B+ Level),Deep Focus Learner,kertas1,"[4, 16, 8, 5]",STU-SYN1239,1239,B+,68.05,16001,"[15, 18, 1, 17]"
synthetic.student1240@mathsy.synthetic,0.6199,bm,Synthetic Student 1240 (C+ Level),Weekend Learner,kertas1,"[11, 18, 6, 3]",STU-SYN1240,1240,C+,59.44,16002,"[9, 5, 14]"
synthetic.student1241@mathsy.synthetic,0.658,english,Synthetic Student 1241 (B Level),Weekend Learner,kertas1,"[1, 16, 10]",STU-SYN1241,1241,B,63.22,16003,"[15, 18, 4]"
synthetic.student1242@mathsy.synthetic,0.6063,english,Synthetic Student 1242 (C+ Level),Flexible Learner,kertas1,"[14, 11, 7]",STU-SYN1242,1242,C+,57.31,16004,"[10, 8, 6]"
synthetic.student1243@mathsy.synthetic,0.7575,english,Synthetic Student 1243 (A- Level),Flexible Learner,kertas2,"[13, 9, 4, 15]",STU-SYN1243,1243,A-,71.26,16005,"[17, 1, 7, 18]"
synthetic.student1244@mathsy.synthetic,0.7214,english,Synthetic Student 1244 (B+ Level),Flexible Learner,mixed,"[16, 10, 8]",STU-SYN1244,1244,B+,66.72,16006,"[15, 9, 5, 1, 7]"
synthetic.student1245@mathsy.synthetic,0.668,english,Synthetic Student 1245 (B+ Level),Consistent Climber,kertas2,"[4, 1, 13]",STU-SYN1245,1245,B+,69.25,16007,"[3, 17, 5, 2]"
synthetic.student1246@mathsy.synthetic,0.4421,bm,Synthetic Student 1246 (G Level),Fresh Starter,kertas1,"[17, 4]",STU-SYN1246,1246,G,33.14,16008,"[15, 18]"
synthetic.student1247@mathsy.synthetic,0.573,english,Synthetic Student 1247 (E Level),Fresh Starter,kertas2,"[6, 14]",STU-SYN1247,1247,E,44.23,16009,"[17, 8, 18]"
synthetic.student1248@mathsy.synthetic,0.7763,english,Synthetic Student 1248 (A- Level),Flexible Learner,kertas1,"[14, 3]",STU-SYN1248,1248,A-,76.26,16010,"[11, 1]"
synthetic.student1249@mathsy.synthetic,0.6349,bm,Synthetic Student 1249 (B+ Level),Consistent Climber,kertas1,"[10, 16, 15, 2]",STU-SYN1249,1249,B+,65.56,16011,"[1, 7, 9, 17]"
synthetic.student1250@mathsy.synthetic,0.7315,bm,Synthetic Student 1250 (A- Level),Consistent Climber,kertas1,"[11, 3]",STU-SYN1250,1250,A-,76.65,16012,"[5, 2, 7]"
synthetic.student1251@mathsy.synthetic,0.673,english,Synthetic Student 1251 (A- Level),Consistent Climber,mixed,"[8, 10, 4, 15]",STU-SYN1251,1251,A-,71.96,16013,"[11, 5]"
synthetic.student1252@mathsy.synthetic,0.8488,english,Synthetic Student 1252 (A Level),Consistent Climber,kertas1,"[16, 9, 10]",STU-SYN1252,1252,A,83.79,16014,"[13, 4, 12, 15]"
synthetic.student1253@mathsy.synthetic,0.5976,english,Synthetic Student 1253 (B Level),Consistent Climber,mixed,"[5, 3, 10]",STU-SYN1253,1253,B,62.41,16015,"[13, 7]"
synthetic.student1254@mathsy.synthetic,0.7814,bm,Synthetic Student 1254 (A- Level),Deep Focus Learner,kertas1,"[17, 13, 15]",STU-SYN1254,1254,A-,73.65,16016,"[6, 9, 10]"
synthetic.student1255@mathsy.synthetic,0.6096,english,Synthetic Student 1255 (C+ Level),Deep Focus Learner,kertas1,"[17, 9]",STU-SYN1255,1255,C+,58.65,16017,"[16, 8]"
synthetic.student1256@mathsy.synthetic,0.9232,english,Synthetic Student 1256 (A+ Level),High Achiever,kertas2,"[17, 12]",STU-SYN1256,1256,A+,94.54,16018,"[4, 11, 5, 13]"
synthetic.student1257@mathsy.synthetic,0.7591,english,Synthetic Student 1257 (A- Level),Consistent Climber,mixed,"[17, 13, 3]",STU-SYN1257,1257,A-,78.03,16019,"[2, 11, 4, 8]"
synthetic.student1258@mathsy.synthetic,0.468,english,Synthetic Student 1258 (D Level),Flexible Learner,mixed,"[18, 7, 3]",STU-SYN1258,1258,D,47.23,16020,"[17, 5]"
synthetic.student1259@mathsy.synthetic,0.7112,bm,Synthetic Student 1259 (B+ Level),Deep Focus Learner,kertas2,"[1, 16, 15]",STU-SYN1259,1259,B+,66.53,16021,"[4, 18, 5, 6]"
synthetic.student1260@mathsy.synthetic,0.6467,english,Synthetic Student 1260 (C+ Level),Deep Focus Learner,kertas1,"[9, 13, 4]",STU-SYN1260,1260,C+,58.6,16022,"[14, 5, 8, 10, 18]"
synthetic.student1261@mathsy.synthetic,0.5202,english,Synthetic Student 1261 (G Level),Fresh Starter,kertas1,"[12, 16, 9, 14]",STU-SYN1261,1261,G,35.52,16023,"[2, 6, 1, 18, 8]"
synthetic.student1262@mathsy.synthetic,0.4013,bm,Synthetic Student 1262 (G Level),Fresh Starter,mixed,"[1, 18]",STU-SYN1262,1262,G,25,16024,"[14, 12, 13, 17, 3]"
synthetic.student1263@mathsy.synthetic,0.7273,english,Synthetic Student 1263 (A- Level),Consistent Climber,mixed,"[11, 12]",STU-SYN1263,1263,A-,71.21,16025,"[8, 2, 6, 7]"
synthetic.student1264@mathsy.synthetic,0.8106,bm,Synthetic Student 1264 (A Level),Consistent Climber,kertas1,"[17, 9, 12]",STU-SYN1264,1264,A,80.45,16026,"[16, 18, 4, 3, 1]"
synthetic.student1265@mathsy.synthetic,0.5416,bm,Synthetic Student 1265 (C Level),Flexible Learner,kertas1,"[16, 18, 9, 8]",STU-SYN1265,1265,C,52.78,16027,"[5, 15]"
synthetic.student1266@mathsy.synthetic,0.7002,bm,Synthetic Student 1266 (B Level),Weekend Learner,kertas2,"[3, 8, 1]",STU-SYN1266,1266,B,62.25,16028,"[5, 17, 12, 15, 13]"
synthetic.student1267@mathsy.synthetic,0.6564,bm,Synthetic Student 1267 (B Level),Flexible Learner,mixed,"[14, 7, 1]",STU-SYN1267,1267,B,63.25,16029,"[10, 2]"
synthetic.student1268@mathsy.synthetic,0.9586,english,Synthetic Student 1268 (A+ Level),High Achiever,mixed,"[4, 6, 17]",STU-SYN1268,1268,A+,98,16030,"[9, 7]"
synthetic.student1269@mathsy.synthetic,0.6866,english,Synthetic Student 1269 (B+ Level),Flexible Learner,mixed,"[14, 13]",STU-SYN1269,1269,B+,66.86,16031,"[17, 4, 1]"
synthetic.student1270@mathsy.synthetic,0.5123,english,Synthetic Student 1270 (D Level),Deep Focus Learner,kertas1,"[17, 7, 9, 18]",STU-SYN1270,1270,D,45.86,16032,"[16, 6, 13, 10, 4]"
synthetic.student1271@mathsy.synthetic,0.6437,english,Synthetic Student 1271 (B+ Level),Consistent Climber,kertas2,"[4, 7, 2, 16]",STU-SYN1271,1271,B+,66.5,16033,"[17, 10, 9]"
synthetic.student1272@mathsy.synthetic,0.6163,bm,Synthetic Student 1272 (C+ Level),Weekend Learner,kertas1,"[4, 17]",STU-SYN1272,1272,C+,56.55,16034,"[12, 14, 15]"
synthetic.student1273@mathsy.synthetic,0.7817,bm,Synthetic Student 1273 (A Level),High Achiever,kertas1,"[8, 12]",STU-SYN1273,1273,A,81.82,16035,"[6, 18, 7, 11]"
synthetic.student1274@mathsy.synthetic,0.6673,bm,Synthetic Student 1274 (B Level),Flexible Learner,kertas2,"[1, 6, 16, 3]",STU-SYN1274,1274,B,61.0,16036,"[14, 4, 9, 5, 13]"
synthetic.student1275@mathsy.synthetic,0.358,bm,Synthetic Student 1275 (G Level),Fresh Starter,kertas1,"[5, 3]",STU-SYN1275,1275,G,25,16037,"[8, 17]"
synthetic.student1276@mathsy.synthetic,0.5509,english,Synthetic Student 1276 (D Level),Weekend Learner,mixed,"[9, 3, 5, 13]",STU-SYN1276,1276,D,49.52,16038,"[2, 6, 17, 4]"
synthetic.student1277@mathsy.synthetic,0.537,bm,Synthetic Student 1277 (D Level),Flexible Learner,mixed,"[3, 9, 10]",STU-SYN1277,1277,D,47.67,16039,"[2, 16, 17, 4]"
synthetic.student1278@mathsy.synthetic,0.5774,english,Synthetic Student 1278 (C Level),Deep Focus Learner,kertas2,"[14, 9, 2, 13]",STU-SYN1278,1278,C,50.48,16040,"[15, 3, 4, 11, 18]"
synthetic.student1279@mathsy.synthetic,0.4069,bm,Synthetic Student 1279 (G Level),Fresh Starter,mixed,"[7, 9]",STU-SYN1279,1279,G,26.28,16041,"[8, 5, 1, 4]"
synthetic.student1280@mathsy.synthetic,0.5592,bm,Synthetic Student 1280 (C Level),Deep Focus Learner,mixed,"[6, 14]",STU-SYN1280,1280,C,54.24,16042,"[8, 3]"
synthetic.student1281@mathsy.synthetic,0.8391,bm,Synthetic Student 1281 (A Level),High Achiever,kertas1,"[17, 10, 3, 8]",STU-SYN1281,1281,A,85.53,16043,"[1, 12, 11, 15, 14]"
synthetic.student1282@mathsy.synthetic,0.6601,english,Synthetic Student 1282 (B Level),Flexible Learner,kertas1,"[18, 11]",STU-SYN1282,1282,B,64.76,16044,"[17, 10, 15, 7]"
synthetic.student1283@mathsy.synthetic,0.8586,english,Synthetic Student 1283 (A Level),Consistent Climber,kertas2,"[9, 10, 13, 16]",STU-SYN1283,1283,A,89.4,16045,"[4, 2, 8]"
synthetic.student1284@mathsy.synthetic,0.7275,english,Synthetic Student 1284 (A- Level),Weekend Learner,kertas2,"[2, 6, 13, 9]",STU-SYN1284,1284,A-,71.06,16046,"[14, 16, 17]"
synthetic.student1285@mathsy.synthetic,0.497,english,Synthetic Student 1285 (E Level),Weekend Learner,kertas2,"[16, 6]",STU-SYN1285,1285,E,40.99,16047,"[5, 1, 10, 2, 18]"
synthetic.student1286@mathsy.synthetic,0.6236,bm,Synthetic Student 1286 (C+ Level),Weekend Learner,kertas1,"[7, 15, 2, 13]",STU-SYN1286,1286,C+,59.88,16048,"[14, 8]"
synthetic.student1287@mathsy.synthetic,0.9379,english,Synthetic Student 1287 (A+ Level),High Achiever,mixed,"[16, 15, 5]",STU-SYN1287,1287,A+,94.05,16049,"[13, 18, 2, 7, 8]"
synthetic.student1288@mathsy.synthetic,0.7756,bm,Synthetic Student 1288 (A- Level),Flexible Learner,kertas2,"[12, 6, 7]",STU-SYN1288,1288,A-,77.04,16050,"[16, 18]"
synthetic.student1289@mathsy.synthetic,0.5044,bm,Synthetic Student 1289 (D Level),Weekend Learner,kertas2,"[8, 15, 13, 11]",STU-SYN1289,1289,D,48.84,16051,"[18, 7]"
synthetic.student1290@mathsy.synthetic,0.7356,bm,Synthetic Student 1290 (B+ Level),Deep Focus Learner,mixed,"[18, 16]",STU-SYN1290,1290,B+,69.24,16052,"[14, 1, 10]"
synthetic.student1291@mathsy.synthetic,0.8524,english,Synthetic Student 1291 (A+ Level),High Achiever,mixed,"[1, 14, 16]",STU-SYN1291,1291,A+,90.64,16053,"[5, 2]"
synthetic.student1292@mathsy.synthetic,0.6267,english,Synthetic Student 1292 (C+ Level),Deep Focus Learner,kertas1,"[16, 14]",STU-SYN1292,1292,C+,56.64,16054,"[2, 10, 13, 6, 9]"
synthetic.student1293@mathsy.synthetic,0.793,bm,Synthetic Student 1293 (A- Level),Consistent Climber,kertas2,"[9, 7, 5]",STU-SYN1293,1293,A-,77.56,16055,"[8, 4, 18, 15, 6]"
synthetic.student1294@mathsy.synthetic,0.5098,english,Synthetic Student 1294 (G Level),Fresh Starter,kertas1,"[17, 11, 10, 18]",STU-SYN1294,1294,G,36.12,16056,"[7, 12, 5, 15, 14]"
synthetic.student1295@mathsy.synthetic,0.3368,bm,Synthetic Student 1295 (G Level),Fresh Starter,mixed,"[1, 9]",STU-SYN1295,1295,G,25,16057,"[10, 18, 15, 4]"
synthetic.student1296@mathsy.synthetic,0.7058,english,Synthetic Student 1296 (B+ Level),Flexible Learner,mixed,"[14, 2, 9]",STU-SYN1296,1296,B+,67.64,16058,"[8, 3, 10]"
synthetic.student1297@mathsy.synthetic,0.897,bm,Synthetic Student 1297 (A+ Level),High Achiever,kertas1,"[17, 4]",STU-SYN1297,1297,A+,92.57,16059,"[9, 6, 1]"
synthetic.student1298@mathsy.synthetic,0.6254,bm,Synthetic Student 1298 (B+ Level),Consistent Climber,mixed,"[14, 10, 2, 15]",STU-SYN1298,1298,B+,68.02,16060,"[1, 16]"
synthetic.student1299@mathsy.synthetic,0.549,bm,Synthetic Student 1299 (C Level),Flexible Learner,kertas1,"[15, 11]",STU-SYN1299,1299,C,52.0,16061,"[6, 16, 17, 5]"
synthetic.student1300@mathsy.synthetic,0.861,english,Synthetic Student 1300 (A+ Level),High Achiever,kertas1,"[16, 5]",STU-SYN1300,1300,A+,91.83,16062,"[6, 9]"
synthetic.student1301@mathsy.synthetic,0.7105,bm,Synthetic Student 1301 (A- Level),Flexible Learner,kertas2,"[16, 6, 1, 17]",STU-SYN1301,1301,A-,70.43,16063,"[18, 15, 11, 12]"
synthetic.student1302@mathsy.synthetic,0.5727,english,Synthetic Student 1302 (C Level),Weekend Learner,kertas1,"[11, 8, 15, 9]",STU-SYN1302,1302,C,51.17,16064,"[1, 6, 5, 17]"
synthetic.student1303@mathsy.synthetic,0.4723,english,Synthetic Student 1303 (E Level),Flexible Learner,mixed,"[14, 9, 15, 10]",STU-SYN1303,1303,E,43.71,16065,"[2, 12, 17, 6]"
synthetic.student1304@mathsy.synthetic,0.4268,english,Synthetic Student 1304 (G Level),Fresh Starter,kertas1,"[15, 12]",STU-SYN1304,1304,G,31.27,16066,"[4, 11]"
synthetic.student1305@mathsy.synthetic,0.6737,english,Synthetic Student 1305 (A- Level),Consistent Climber,mixed,"[1, 7, 13, 9]",STU-SYN1305,1305,A-,72.58,16067,"[18, 8]"
synthetic.student1306@mathsy.synthetic,0.5348,english,Synthetic Student 1306 (E Level),Fresh Starter,kertas1,"[8, 3, 18]",STU-SYN1306,1306,E,42.27,16068,"[6, 1]"
synthetic.student1307@mathsy.synthetic,0.659,bm,Synthetic Student 1307 (B Level),Flexible Learner,kertas1,"[15, 6, 7, 16]",STU-SYN1307,1307,B,61.88,16069,"[12, 1, 2]"
synthetic.student1308@mathsy.synthetic,0.6577,english,Synthetic Student 1308 (B+ Level),Consistent Climber,kertas1,"[9, 12, 7]",STU-SYN1308,1308,B+,68.88,16070,"[15, 2]"
synthetic.student1309@mathsy.synthetic,0.5944,english,Synthetic Student 1309 (B Level),Consistent Climber,kertas2,"[13, 6]",STU-SYN1309,1309,B,62.19,16071,"[14, 1, 9, 3]"
synthetic.student1310@mathsy.synthetic,0.467,english,Synthetic Student 1310 (E Level),Weekend Learner,kertas1,"[14, 7]",STU-SYN1310,1310,E,43.53,16072,"[10, 18]"
synthetic.student1311@mathsy.synthetic,0.5046,bm,Synthetic Student 1311 (D Level),Deep Focus Learner,mixed,"[12, 17, 16, 4]",STU-SYN1311,1311,D,47.05,16073,"[10, 11, 18]"
synthetic.student1312@mathsy.synthetic,0.6379,english,Synthetic Student 1312 (B+ Level),Consistent Climber,kertas1,"[4, 9, 10, 16]",STU-SYN1312,1312,B+,65.9,16074,"[14, 8, 11, 3]"
synthetic.student1313@mathsy.synthetic,0.5984,bm,Synthetic Student 1313 (D Level),Fresh Starter,kertas1,"[13, 4, 17]",STU-SYN1313,1313,D,46.83,16075,"[8, 11, 3, 14]"
synthetic.student1314@mathsy.synthetic,0.845,bm,Synthetic Student 1314 (A Level),Consistent Climber,mixed,"[13, 18, 4]",STU-SYN1314,1314,A,87.47,16076,"[11, 14, 17]"
synthetic.student1315@mathsy.synthetic,0.6451,english,Synthetic Student 1315 (B Level),Weekend Learner,mixed,"[12, 16, 3, 2]",STU-SYN1315,1315,B,61.8,16077,"[7, 18, 5]"
synthetic.student1316@mathsy.synthetic,0.4803,english,Synthetic Student 1316 (E Level),Flexible Learner,mixed,"[5, 2]",STU-SYN1316,1316,E,44.56,16078,"[1, 15, 6]"
synthetic.student1317@mathsy.synthetic,0.7028,english,Synthetic Student 1317 (B+ Level),Weekend Learner,mixed,"[13, 5, 14, 10]",STU-SYN1317,1317,B+,65.13,16079,"[8, 9, 17, 18]"
synthetic.student1318@mathsy.synthetic,0.6082,english,Synthetic Student 1318 (C+ Level),Flexible Learner,kertas1,"[12, 18]",STU-SYN1318,1318,C+,55.43,16080,"[2, 13, 11, 6]"
synthetic.student1319@mathsy.synthetic,0.7355,bm,Synthetic Student 1319 (A- Level),Flexible Learner,kertas1,"[14, 17, 18, 8]",STU-SYN1319,1319,A-,72.73,16081,"[10, 1]"
synthetic.student1320@mathsy.synthetic,0.4862,bm,Synthetic Student 1320 (D Level),Deep Focus Learner,mixed,"[18, 13, 9, 2]",STU-SYN1320,1320,D,45.91,16082,"[16, 11, 6]"
synthetic.student1321@mathsy.synthetic,0.3543,bm,Synthetic Student 1321 (G Level),Fresh Starter,mixed,"[17, 3]",STU-SYN1321,1321,G,25,16083,"[7, 1, 8]"
synthetic.student1322@mathsy.synthetic,0.5838,english,Synthetic Student 1322 (B Level),Consistent Climber,kertas2,"[14, 16, 13]",STU-SYN1322,1322,B,60.58,16084,"[9, 3, 15]"
synthetic.student1323@mathsy.synthetic,0.574,english,Synthetic Student 1323 (C Level),Flexible Learner,kertas2,"[7, 3, 6]",STU-SYN1323,1323,C,53.48,16085,"[13, 5, 14, 4]"
synthetic.student1324@mathsy.synthetic,0.5929,english,Synthetic Student 1324 (C Level),Flexible Learner,kertas2,"[1, 12]",STU-SYN1324,1324,C,54.42,16086,"[14, 8, 18]"
synthetic.student1325@mathsy.synthetic,0.6293,english,Synthetic Student 1325 (B Level),Flexible Learner,mixed,"[2, 9, 7, 3]",STU-SYN1325,1325,B,62.79,16087,"[6, 13]"
synthetic.student1326@mathsy.synthetic,0.5946,english,Synthetic Student 1326 (B+ Level),Consistent Climber,kertas1,"[1, 4]",STU-SYN1326,1326,B+,65.76,16088,"[12, 5]"
synthetic.student1327@mathsy.synthetic,0.7886,bm,Synthetic Student 1327 (A- Level),High Achiever,kertas1,"[5, 3]",STU-SYN1327,1327,A-,79.74,16089,"[12, 1, 4]"
synthetic.student1328@mathsy.synthetic,0.4672,english,Synthetic Student 1328 (G Level),Fresh Starter,mixed,"[3, 1]",STU-SYN1328,1328,G,32.89,16090,"[14, 8]"
synthetic.student1329@mathsy.synthetic,0.3741,bm,Synthetic Student 1329 (G Level),Fresh Starter,kertas1,"[9, 16, 10, 3]",STU-SYN1329,1329,G,25,16091,"[5, 2, 6, 15, 11]"
synthetic.student1330@mathsy.synthetic,0.5345,bm,Synthetic Student 1330 (G Level),Fresh Starter,mixed,"[9, 12, 8, 11]",STU-SYN1330,1330,G,39.33,16092,"[7, 17, 6, 1]"
synthetic.student1331@mathsy.synthetic,0.6587,english,Synthetic Student 1331 (B Level),Deep Focus Learner,kertas1,"[15, 7, 13]",STU-SYN1331,1331,B,62.98,16093,"[12, 16]"
synthetic.student1332@mathsy.synthetic,0.6871,english,Synthetic Student 1332 (B Level),Flexible Learner,kertas2,"[12, 7, 14]",STU-SYN1332,1332,B,63.69,16094,"[5, 18, 2, 10]"
synthetic.student1333@mathsy.synthetic,0.7373,bm,Synthetic Student 1333 (A- Level),Consistent Climber,mixed,"[3, 8, 7, 12]",STU-SYN1333,1333,A-,75.79,16095,"[14, 6, 4, 11]"
synthetic.student1334@mathsy.synthetic,0.6956,english,Synthetic Student 1334 (B+ Level),Deep Focus Learner,kertas1,"[11, 10]",STU-SYN1334,1334,B+,66.26,16096,"[17, 18, 6]"
synthetic.student1335@mathsy.synthetic,0.7495,bm,Synthetic Student 1335 (B+ Level),Flexible Learner,mixed,"[18, 11, 3, 10]",STU-SYN1335,1335,B+,69.39,16097,"[13, 15, 14, 7, 8]"
synthetic.student1336@mathsy.synthetic,0.8371,bm,Synthetic Student 1336 (A Level),Consistent Climber,kertas1,"[11, 5, 16]",STU-SYN1336,1336,A,87.52,16098,"[17, 6]"
synthetic.student1337@mathsy.synthetic,0.7761,english,Synthetic Student 1337 (A- Level),Deep Focus Learner,kertas1,"[10, 1, 11]",STU-SYN1337,1337,A-,70.34,16099,"[17, 13, 2, 3, 9]"
synthetic.student1338@mathsy.synthetic,0.7545,bm,Synthetic Student 1338 (A- Level),Flexible Learner,kertas2,"[16, 8, 18, 12]",STU-SYN1338,1338,A-,71.87,16100,"[14, 10]"
synthetic.student1339@mathsy.synthetic,0.4408,english,Synthetic Student 1339 (G Level),Fresh Starter,mixed,"[6, 13]",STU-SYN1339,1339,G,33.5,16101,"[17, 8, 15, 2]"
synthetic.student1340@mathsy.synthetic,0.6561,english,Synthetic Student 1340 (B Level),Weekend Learner,kertas1,"[18, 5, 3, 4]",STU-SYN1340,1340,B,63.81,16102,"[1, 16]"
synthetic.student1341@mathsy.synthetic,0.672,english,Synthetic Student 1341 (B+ Level),Consistent Climber,kertas1,"[6, 1, 14]",STU-SYN1341,1341,B+,68.42,16103,"[17, 5, 2, 7]"
synthetic.student1342@mathsy.synthetic,0.8249,english,Synthetic Student 1342 (A+ Level),High Achiever,kertas2,"[6, 4]",STU-SYN1342,1342,A+,90.68,16104,"[14, 12]"
synthetic.student1343@mathsy.synthetic,0.5957,english,Synthetic Student 1343 (C+ Level),Deep Focus Learner,kertas1,"[17, 9, 14, 10]",STU-SYN1343,1343,C+,55.33,16105,"[6, 5, 16, 4]"
synthetic.student1344@mathsy.synthetic,0.4369,bm,Synthetic Student 1344 (G Level),Fresh Starter,mixed,"[6, 2, 1]",STU-SYN1344,1344,G,29.96,16106,"[18, 15, 8, 10]"
synthetic.student1345@mathsy.synthetic,0.5428,english,Synthetic Student 1345 (E Level),Fresh Starter,kertas1,"[5, 17]",STU-SYN1345,1345,E,40.45,16107,"[4, 8, 11, 10]"
synthetic.student1346@mathsy.synthetic,0.753,english,Synthetic Student 1346 (A- Level),Weekend Learner,kertas1,"[5, 13, 10, 2]",STU-SYN1346,1346,A-,72.23,16108,"[6, 3]"
synthetic.student1347@mathsy.synthetic,0.6581,english,Synthetic Student 1347 (B+ Level),Consistent Climber,kertas1,"[6, 18]",STU-SYN1347,1347,B+,66.14,16109,"[10, 15, 5, 7, 14]"
synthetic.student1348@mathsy.synthetic,0.8191,bm,Synthetic Student 1348 (A Level),High Achiever,kertas1,"[12, 2, 18, 5]",STU-SYN1348,1348,A,80.82,16110,"[1, 6, 17, 8, 9]"
synthetic.student1349@mathsy.synthetic,0.5201,bm,Synthetic Student 1349 (E Level),Deep Focus Learner,kertas2,"[14, 12]",STU-SYN1349,1349,E,43.87,16111,"[16, 17, 6, 5, 18]"
synthetic.student1350@mathsy.synthetic,0.6894,english,Synthetic Student 1350 (B+ Level),Deep Focus Learner,mixed,"[10, 11, 17]",STU-SYN1350,1350,B+,67.02,16112,"[15, 3, 16]"
synthetic.student1351@mathsy.synthetic,0.7086,english,Synthetic Student 1351 (B+ Level),Weekend Learner,kertas2,"[12, 7]",STU-SYN1351,1351,B+,65.72,16113,"[9, 15, 5, 4]"
synthetic.student1352@mathsy.synthetic,0.8146,english,Synthetic Student 1352 (A- Level),Deep Focus Learner,kertas1,"[15, 16, 2]",STU-SYN1352,1352,A-,74.55,16114,"[13, 7, 5, 18, 6]"
synthetic.student1353@mathsy.synthetic,0.6193,english,Synthetic Student 1353 (B Level),Flexible Learner,kertas1,"[5, 12, 1]",STU-SYN1353,1353,B,61.19,16115,"[14, 3]"
synthetic.student1354@mathsy.synthetic,0.7668,english,Synthetic Student 1354 (A- Level),Flexible Learner,mixed,"[12, 8, 14]",STU-SYN1354,1354,A-,73.0,16116,"[17, 5, 9, 2]"
synthetic.student1355@mathsy.synthetic,0.6485,bm,Synthetic Student 1355 (B Level),Consistent Climber,kertas1,"[6, 1]",STU-SYN1355,1355,B,64.68,16117,"[7, 3, 8, 9, 16]"
synthetic.student1356@mathsy.synthetic,0.8468,english,Synthetic Student 1356 (A Level),Consistent Climber,kertas1,"[10, 17, 11]",STU-SYN1356,1356,A,86.26,16118,"[2, 6, 12, 13]"
synthetic.student1357@mathsy.synthetic,0.327,bm,Synthetic Student 1357 (G Level),Fresh Starter,kertas1,"[14, 12]",STU-SYN1357,1357,G,25,16119,"[2, 9, 4, 8]"
synthetic.student1358@mathsy.synthetic,0.637,bm,Synthetic Student 1358 (C+ Level),Weekend Learner,kertas2,"[6, 2]",STU-SYN1358,1358,C+,58.69,16120,"[12, 16, 18, 4]"
synthetic.student1359@mathsy.synthetic,0.5713,english,Synthetic Student 1359 (E Level),Fresh Starter,mixed,"[13, 18, 7, 10]",STU-SYN1359,1359,E,42.53,16121,"[5, 11, 1, 12]"
synthetic.student1360@mathsy.synthetic,0.7241,bm,Synthetic Student 1360 (B+ Level),Flexible Learner,kertas1,"[1, 11, 17]",STU-SYN1360,1360,B+,69.88,16122,"[4, 16, 2]"
synthetic.student1361@mathsy.synthetic,0.7486,english,Synthetic Student 1361 (B+ Level),Weekend Learner,mixed,"[18, 9, 6]",STU-SYN1361,1361,B+,69.03,16123,"[3, 5, 8, 10]"
synthetic.student1362@mathsy.synthetic,0.695,english,Synthetic Student 1362 (A- Level),Consistent Climber,kertas1,"[6, 18, 2, 4]",STU-SYN1362,1362,A-,73.45,16124,"[3, 14]"
synthetic.student1363@mathsy.synthetic,0.5808,english,Synthetic Student 1363 (C+ Level),Deep Focus Learner,mixed,"[7, 8, 10, 14]",STU-SYN1363,1363,C+,55.41,16125,"[12, 13]"
synthetic.student1364@mathsy.synthetic,0.5208,english,Synthetic Student 1364 (D Level),Flexible Learner,kertas2,"[16, 2]",STU-SYN1364,1364,D,46.63,16126,"[15, 9, 14, 7, 1]"
synthetic.student1365@mathsy.synthetic,0.4893,english,Synthetic Student 1365 (E Level),Flexible Learner,mixed,"[6, 9, 1, 15]",STU-SYN1365,1365,E,43.95,16127,"[18, 17, 4, 16, 2]"
synthetic.student1366@mathsy.synthetic,0.5912,english,Synthetic Student 1366 (D Level),Fresh Starter,kertas2,"[7, 3, 12, 5]",STU-SYN1366,1366,D,49.39,16128,"[15, 14]"
synthetic.student1367@mathsy.synthetic,0.5365,bm,Synthetic Student 1367 (D Level),Deep Focus Learner,mixed,"[3, 9, 8]",STU-SYN1367,1367,D,49.92,16129,"[6, 13, 4]"
synthetic.student1368@mathsy.synthetic,0.7465,bm,Synthetic Student 1368 (A- Level),Consistent Climber,kertas2,"[7, 2, 17, 3]",STU-SYN1368,1368,A-,75.31,16130,"[16, 4, 5, 14]"
synthetic.student1369@mathsy.synthetic,0.6604,english,Synthetic Student 1369 (B+ Level),Consistent Climber,kertas1,"[17, 1, 6]",STU-SYN1369,1369,B+,66.57,16131,"[10, 8, 12, 13]"
synthetic.student1370@mathsy.synthetic,0.5442,english,Synthetic Student 1370 (D Level),Weekend Learner,mixed,"[5, 10, 13]",STU-SYN1370,1370,D,49.91,16132,"[14, 3, 16, 17]"
synthetic.student1371@mathsy.synthetic,0.3446,english,Synthetic Student 1371 (G Level),Fresh Starter,kertas1,"[4, 9]",STU-SYN1371,1371,G,25,16133,"[7, 18, 1, 5, 13]"
synthetic.student1372@mathsy.synthetic,0.8531,english,Synthetic Student 1372 (A+ Level),High Achiever,kertas1,"[13, 3, 16]",STU-SYN1372,1372,A+,90.75,16134,"[14, 5]"
synthetic.student1373@mathsy.synthetic,0.6412,english,Synthetic Student 1373 (B Level),Consistent Climber,mixed,"[17, 13]",STU-SYN1373,1373,B,64.89,16135,"[11, 1, 16, 14]"
synthetic.student1374@mathsy.synthetic,0.6004,english,Synthetic Student 1374 (C+ Level),Weekend Learner,kertas2,"[12, 3]",STU-SYN1374,1374,C+,55.37,16136,"[15, 18, 13, 17]"
synthetic.student1375@mathsy.synthetic,0.7144,english,Synthetic Student 1375 (B+ Level),Deep Focus Learner,kertas2,"[3, 4, 7, 8]",STU-SYN1375,1375,B+,68.22,16137,"[17, 15, 13]"
synthetic.student1376@mathsy.synthetic,0.4632,english,Synthetic Student 1376 (E Level),Weekend Learner,kertas2,"[9, 8, 3, 7]",STU-SYN1376,1376,E,43.09,16138,"[14, 13, 15, 5]"
synthetic.student1377@mathsy.synthetic,0.3976,english,Synthetic Student 1377 (G Level),Fresh Starter,mixed,"[7, 11]",STU-SYN1377,1377,G,27.54,16139,"[10, 17]"
synthetic.student1378@mathsy.synthetic,0.6201,english,Synthetic Student 1378 (C+ Level),Deep Focus Learner,kertas2,"[11, 9]",STU-SYN1378,1378,C+,55.67,16140,"[5, 7, 6, 3]"
synthetic.student1379@mathsy.synthetic,0.5808,english,Synthetic Student 1379 (C+ Level),Deep Focus Learner,mixed,"[11, 13]",STU-SYN1379,1379,C+,58.34,16141,"[16, 10]"
synthetic.student1380@mathsy.synthetic,0.7573,english,Synthetic Student 1380 (A- Level),Deep Focus Learner,mixed,"[10, 3, 14, 9]",STU-SYN1380,1380,A-,71.54,16142,"[6, 13, 16, 1]"
synthetic.student1381@mathsy.synthetic,0.5404,bm,Synthetic Student 1381 (C Level),Weekend Learner,kertas1,"[12, 15]",STU-SYN1381,1381,C,51.2,16143,"[1, 7]"
synthetic.student1382@mathsy.synthetic,0.5877,bm,Synthetic Student 1382 (C+ Level),Consistent Climber,kertas1,"[12, 13, 2, 8]",STU-SYN1382,1382,C+,59.91,16144,"[5, 6, 9, 17, 1]"
synthetic.student1383@mathsy.synthetic,0.5837,english,Synthetic Student 1383 (B Level),Consistent Climber,kertas1,"[7, 17, 12, 14]",STU-SYN1383,1383,B,64.09,16145,"[11, 2]"
synthetic.student1384@mathsy.synthetic,0.4286,english,Synthetic Student 1384 (G Level),Fresh Starter,mixed,"[15, 10, 18]",STU-SYN1384,1384,G,28.93,16146,"[17, 16, 3, 1]"
synthetic.student1385@mathsy.synthetic,0.7019,bm,Synthetic Student 1385 (A- Level),Consistent Climber,kertas1,"[18, 10]",STU-SYN1385,1385,A-,73.95,16147,"[6, 3]"
synthetic.student1386@mathsy.synthetic,0.5419,english,Synthetic Student 1386 (E Level),Fresh Starter,kertas1,"[13, 9, 11]",STU-SYN1386,1386,E,40.19,16148,"[7, 3, 8]"
synthetic.student1387@mathsy.synthetic,0.8189,bm,Synthetic Student 1387 (A- Level),Deep Focus Learner,kertas1,"[7, 11]",STU-SYN1387,1387,A-,79.36,16149,"[17, 6]"
synthetic.student1388@mathsy.synthetic,0.5501,english,Synthetic Student 1388 (D Level),Flexible Learner,kertas1,"[11, 14, 16]",STU-SYN1388,1388,D,48.74,16150,"[4, 18, 7, 17, 15]"
synthetic.student1389@mathsy.synthetic,0.5714,bm,Synthetic Student 1389 (C Level),Flexible Learner,kertas1,"[5, 3, 4]",STU-SYN1389,1389,C,51.66,16151,"[17, 7, 15, 2, 8]"
synthetic.student1390@mathsy.synthetic,0.7284,english,Synthetic Student 1390 (A- Level),Consistent Climber,kertas2,"[7, 9, 16, 18]",STU-SYN1390,1390,A-,75.28,16152,"[13, 4, 3]"
synthetic.student1391@mathsy.synthetic,0.7542,english,Synthetic Student 1391 (A- Level),Deep Focus Learner,mixed,"[6, 17, 15]",STU-SYN1391,1391,A-,71.51,16153,"[8, 16, 12]"
synthetic.student1392@mathsy.synthetic,0.7397,english,Synthetic Student 1392 (A- Level),Consistent Climber,kertas2,"[5, 3]",STU-SYN1392,1392,A-,76.02,16154,"[1, 2, 12, 11, 4]"
synthetic.student1393@mathsy.synthetic,0.8158,english,Synthetic Student 1393 (A- Level),Deep Focus Learner,kertas1,"[1, 9]",STU-SYN1393,1393,A-,75.22,16155,"[3, 18, 16, 12]"
synthetic.student1394@mathsy.synthetic,0.6517,bm,Synthetic Student 1394 (B Level),Deep Focus Learner,mixed,"[13, 3, 18]",STU-SYN1394,1394,B,63.59,16156,"[12, 9, 11]"
synthetic.student1395@mathsy.synthetic,0.5308,english,Synthetic Student 1395 (E Level),Fresh Starter,mixed,"[12, 8, 3, 18]",STU-SYN1395,1395,E,40.16,16157,"[2, 11, 4, 10]"
synthetic.student1396@mathsy.synthetic,0.6628,english,Synthetic Student 1396 (B Level),Weekend Learner,kertas1,"[18, 6]",STU-SYN1396,1396,B,60.37,16158,"[5, 11, 15, 4, 10]"
synthetic.student1397@mathsy.synthetic,0.5438,english,Synthetic Student 1397 (D Level),Flexible Learner,kertas1,"[1, 2, 12]",STU-SYN1397,1397,D,46.28,16159,"[11, 15, 9, 8, 6]"
synthetic.student1398@mathsy.synthetic,0.6637,english,Synthetic Student 1398 (B Level),Deep Focus Learner,mixed,"[5, 16, 15, 7]",STU-SYN1398,1398,B,64.29,16160,"[11, 2, 3]"
synthetic.student1399@mathsy.synthetic,0.7385,english,Synthetic Student 1399 (B+ Level),Flexible Learner,mixed,"[14, 4, 17, 1]",STU-SYN1399,1399,B+,68.5,16161,"[5, 12, 2, 9]"
synthetic.student1400@mathsy.synthetic,0.7589,english,Synthetic Student 1400 (A- Level),Consistent Climber,kertas1,"[15, 6]",STU-SYN1400,1400,A-,79.09,16162,"[17, 7, 4]"
synthetic.student1401@mathsy.synthetic,0.8422,english,Synthetic Student 1401 (A Level),Consistent Climber,kertas1,"[11, 18, 12]",STU-SYN1401,1401,A,85.87,16163,"[10, 3, 16]"
synthetic.student1402@mathsy.synthetic,0.4525,bm,Synthetic Student 1402 (E Level),Weekend Learner,kertas2,"[2, 3]",STU-SYN1402,1402,E,43.29,16164,"[18, 11, 4]"
synthetic.student1403@mathsy.synthetic,0.5628,english,Synthetic Student 1403 (D Level),Flexible Learner,mixed,"[16, 13]",STU-SYN1403,1403,D,48.78,16165,"[10, 12, 8, 4, 5]"
synthetic.student1404@mathsy.synthetic,0.4989,english,Synthetic Student 1404 (D Level),Flexible Learner,kertas1,"[14, 18, 6]",STU-SYN1404,1404,D,47.12,16166,"[4, 9, 15, 11]"
synthetic.student1405@mathsy.synthetic,0.7603,bm,Synthetic Student 1405 (A- Level),Deep Focus Learner,kertas1,"[8, 2, 4, 14]",STU-SYN1405,1405,A-,70.75,16167,"[13, 6, 15, 17]"
synthetic.student1406@mathsy.synthetic,0.8656,bm,Synthetic Student 1406 (A Level),High Achiever,mixed,"[16, 12, 11]",STU-SYN1406,1406,A,88.53,16168,"[9, 13, 6, 1]"
synthetic.student1407@mathsy.synthetic,0.6952,bm,Synthetic Student 1407 (A- Level),Consistent Climber,kertas1,"[2, 1]",STU-SYN1407,1407,A-,73.71,16169,"[15, 8]"
synthetic.student1408@mathsy.synthetic,0.6591,english,Synthetic Student 1408 (C+ Level),Deep Focus Learner,mixed,"[16, 18, 12]",STU-SYN1408,1408,C+,57.74,16170,"[13, 7, 9, 1, 17]"
synthetic.student1409@mathsy.synthetic,0.8114,english,Synthetic Student 1409 (A Level),Consistent Climber,kertas1,"[9, 11]",STU-SYN1409,1409,A,81.09,16171,"[5, 18, 4, 3, 17]"
synthetic.student1410@mathsy.synthetic,0.4834,english,Synthetic Student 1410 (G Level),Fresh Starter,kertas2,"[10, 3, 8, 11]",STU-SYN1410,1410,G,33.12,16172,"[4, 2, 9, 7, 6]"
synthetic.student1411@mathsy.synthetic,0.6751,english,Synthetic Student 1411 (B+ Level),Consistent Climber,kertas2,"[16, 2]",STU-SYN1411,1411,B+,68.67,16173,"[15, 10, 5, 6, 18]"
synthetic.student1412@mathsy.synthetic,0.7097,english,Synthetic Student 1412 (B+ Level),Deep Focus Learner,mixed,"[14, 11, 12]",STU-SYN1412,1412,B+,65.12,16174,"[2, 16, 10, 5]"
synthetic.student1413@mathsy.synthetic,0.5865,bm,Synthetic Student 1413 (D Level),Fresh Starter,kertas2,"[9, 4, 13, 15]",STU-SYN1413,1413,D,48.29,16175,"[5, 11]"
synthetic.student1414@mathsy.synthetic,0.8575,bm,Synthetic Student 1414 (A+ Level),Consistent Climber,kertas2,"[3, 5, 15]",STU-SYN1414,1414,A+,90.27,16176,"[8, 11]"
synthetic.student1415@mathsy.synthetic,0.842,english,Synthetic Student 1415 (A Level),Consistent Climber,kertas2,"[11, 15]",STU-SYN1415,1415,A,85.8,16177,"[17, 5, 10, 8]"
synthetic.student1416@mathsy.synthetic,0.6136,bm,Synthetic Student 1416 (D Level),Fresh Starter,mixed,"[5, 3, 8, 6]",STU-SYN1416,1416,D,49.13,16178,"[16, 11]"
synthetic.student1417@mathsy.synthetic,0.7173,english,Synthetic Student 1417 (A- Level),Flexible Learner,kertas1,"[16, 10, 14, 13]",STU-SYN1417,1417,A-,71.03,16179,"[12, 5]"
synthetic.student1418@mathsy.synthetic,0.6287,bm,Synthetic Student 1418 (B+ Level),Consistent Climber,mixed,"[9, 8, 7, 1]",STU-SYN1418,1418,B+,65.97,16180,"[10, 17]"
synthetic.student1419@mathsy.synthetic,0.7005,english,Synthetic Student 1419 (B+ Level),Flexible Learner,kertas1,"[4, 17]",STU-SYN1419,1419,B+,67.23,16181,"[8, 6, 10]"
synthetic.student1420@mathsy.synthetic,0.7856,english,Synthetic Student 1420 (A- Level),Deep Focus Learner,kertas2,"[7, 18, 8, 16]",STU-SYN1420,1420,A-,75.97,16182,"[15, 2, 10]"
synthetic.student1421@mathsy.synthetic,0.3377,english,Synthetic Student 1421 (G Level),Fresh Starter,mixed,"[15, 4, 14]",STU-SYN1421,1421,G,25,16183,"[7, 6, 1]"
synthetic.student1422@mathsy.synthetic,0.6011,bm,Synthetic Student 1422 (C+ Level),Flexible Learner,kertas2,"[12, 6, 8, 10]",STU-SYN1422,1422,C+,58.64,16184,"[2, 13, 1, 16]"
synthetic.student1423@mathsy.synthetic,0.571,english,Synthetic Student 1423 (C Level),Deep Focus Learner,kertas1,"[5, 2, 16]",STU-SYN1423,1423,C,52.8,16185,"[13, 15, 11]"
synthetic.student1424@mathsy.synthetic,0.4164,english,Synthetic Student 1424 (G Level),Fresh Starter,kertas2,"[16, 2]",STU-SYN1424,1424,G,30.71,16186,"[3, 4]"
synthetic.student1425@mathsy.synthetic,0.5703,bm,Synthetic Student 1425 (C Level),Weekend Learner,kertas2,"[2, 13]",STU-SYN1425,1425,C,52.91,16187,"[3, 1, 5, 17]"
synthetic.student1426@mathsy.synthetic,0.7153,english,Synthetic Student 1426 (B+ Level),Weekend Learner,kertas1,"[11, 14, 3]",STU-SYN1426,1426,B+,66.24,16188,"[2, 10, 7, 12, 6]"
synthetic.student1427@mathsy.synthetic,0.5218,english,Synthetic Student 1427 (D Level),Flexible Learner,mixed,"[7, 9]",STU-SYN1427,1427,D,48.78,16189,"[10, 18, 6]"
synthetic.student1428@mathsy.synthetic,0.8007,english,Synthetic Student 1428 (A Level),Consistent Climber,kertas1,"[3, 10, 11, 12]",STU-SYN1428,1428,A,86.5,16190,"[2, 7]"
synthetic.student1429@mathsy.synthetic,0.5896,bm,Synthetic Student 1429 (C+ Level),Consistent Climber,kertas1,"[10, 15, 5]",STU-SYN1429,1429,C+,58.21,16191,"[16, 3, 12, 11, 6]"
synthetic.student1430@mathsy.synthetic,0.6787,english,Synthetic Student 1430 (B+ Level),Consistent Climber,kertas1,"[6, 15, 11]",STU-SYN1430,1430,B+,69.08,16192,"[5, 10, 8, 17]"
synthetic.student1431@mathsy.synthetic,0.5776,english,Synthetic Student 1431 (E Level),Fresh Starter,mixed,"[6, 17, 13, 18]",STU-SYN1431,1431,E,42.89,16193,"[2, 7, 10, 9]"
synthetic.student1432@mathsy.synthetic,0.7344,english,Synthetic Student 1432 (A- Level),Deep Focus Learner,kertas2,"[13, 2]",STU-SYN1432,1432,A-,72.06,16194,"[8, 7, 3]"
synthetic.student1433@mathsy.synthetic,0.627,english,Synthetic Student 1433 (C+ Level),Weekend Learner,kertas1,"[5, 11, 17, 7]",STU-SYN1433,1433,C+,58.18,16195,"[3, 4, 9, 6]"
synthetic.student1434@mathsy.synthetic,0.3623,english,Synthetic Student 1434 (G Level),Fresh Starter,mixed,"[16, 4]",STU-SYN1434,1434,G,25,16196,"[7, 1, 5, 14]"
synthetic.student1435@mathsy.synthetic,0.9053,english,Synthetic Student 1435 (A+ Level),High Achiever,kertas1,"[10, 14, 3]",STU-SYN1435,1435,A+,95.32,16197,"[18, 2, 12]"
synthetic.student1436@mathsy.synthetic,0.765,bm,Synthetic Student 1436 (A- Level),Flexible Learner,kertas2,"[4, 11, 12, 6]",STU-SYN1436,1436,A-,73.74,16198,"[14, 15, 13]"
synthetic.student1437@mathsy.synthetic,0.4512,bm,Synthetic Student 1437 (G Level),Flexible Learner,kertas1,"[3, 11, 18]",STU-SYN1437,1437,G,39.76,16199,"[15, 9, 10, 12, 7]"
synthetic.student1438@mathsy.synthetic,0.7157,bm,Synthetic Student 1438 (B Level),Weekend Learner,kertas1,"[5, 13, 16, 10]",STU-SYN1438,1438,B,64.55,16200,"[18, 9, 11, 6, 17]"
synthetic.student1439@mathsy.synthetic,0.8593,english,Synthetic Student 1439 (A Level),Consistent Climber,kertas2,"[7, 1, 10, 14]",STU-SYN1439,1439,A,88.61,16201,"[13, 12, 2]"
synthetic.student1440@mathsy.synthetic,0.7236,english,Synthetic Student 1440 (B+ Level),Deep Focus Learner,mixed,"[8, 12, 16]",STU-SYN1440,1440,B+,68.44,16202,"[4, 5, 3, 15]"
synthetic.student1441@mathsy.synthetic,0.5985,bm,Synthetic Student 1441 (B Level),Consistent Climber,mixed,"[1, 5, 2, 10]",STU-SYN1441,1441,B,62.92,16203,"[17, 6, 4]"
synthetic.student1442@mathsy.synthetic,0.7008,english,Synthetic Student 1442 (A- Level),Consistent Climber,kertas1,"[10, 9]",STU-SYN1442,1442,A-,74.98,16204,"[6, 1]"
synthetic.student1443@mathsy.synthetic,0.5211,english,Synthetic Student 1443 (D Level),Deep Focus Learner,kertas1,"[14, 18, 5]",STU-SYN1443,1443,D,46.23,16205,"[1, 15, 7]"
synthetic.student1444@mathsy.synthetic,0.5724,english,Synthetic Student 1444 (C Level),Deep Focus Learner,kertas2,"[14, 9]",STU-SYN1444,1444,C,54.73,16206,"[11, 15]"
synthetic.student1445@mathsy.synthetic,0.6462,english,Synthetic Student 1445 (B Level),Consistent Climber,kertas2,"[6, 10]",STU-SYN1445,1445,B,61.47,16207,"[17, 8, 3, 7, 15]"
synthetic.student1446@mathsy.synthetic,0.5185,english,Synthetic Student 1446 (C Level),Flexible Learner,kertas2,"[16, 6, 8, 10]",STU-SYN1446,1446,C,51.22,16208,"[12, 14]"
synthetic.student1447@mathsy.synthetic,0.8113,english,Synthetic Student 1447 (A Level),Consistent Climber,mixed,"[5, 9, 16, 10]",STU-SYN1447,1447,A,85.06,16209,"[8, 4]"
synthetic.student1448@mathsy.synthetic,0.5214,bm,Synthetic Student 1448 (E Level),Fresh Starter,kertas1,"[16, 7, 17]",STU-SYN1448,1448,E,40.45,16210,"[6, 10, 18]"
synthetic.student1449@mathsy.synthetic,0.3767,english,Synthetic Student 1449 (G Level),Fresh Starter,kertas1,"[4, 7]",STU-SYN1449,1449,G,25.19,16211,"[15, 13, 8, 10]"
synthetic.student1450@mathsy.synthetic,0.6902,english,Synthetic Student 1450 (B+ Level),Deep Focus Learner,kertas1,"[11, 3, 18]",STU-SYN1450,1450,B+,68.32,16212,"[1, 6]"
synthetic.student1451@mathsy.synthetic,0.8128,english,Synthetic Student 1451 (A- Level),Deep Focus Learner,kertas2,"[1, 17, 5, 8]",STU-SYN1451,1451,A-,79.75,16213,"[2, 16]"
synthetic.student1452@mathsy.synthetic,0.7846,english,Synthetic Student 1452 (A- Level),High Achiever,kertas1,"[17, 12, 14]",STU-SYN1452,1452,A-,79.73,16214,"[1, 16, 18, 2]"
synthetic.student1453@mathsy.synthetic,0.6388,english,Synthetic Student 1453 (B Level),Consistent Climber,mixed,"[14, 5, 1, 11]",STU-SYN1453,1453,B,63.98,16215,"[16, 18, 4, 8]"
synthetic.student1454@mathsy.synthetic,0.5398,english,Synthetic Student 1454 (D Level),Weekend Learner,kertas1,"[5, 11, 14, 9]",STU-SYN1454,1454,D,48.25,16216,"[10, 8, 4, 16, 7]"
synthetic.student1455@mathsy.synthetic,0.4894,bm,Synthetic Student 1455 (D Level),Deep Focus Learner,kertas1,"[8, 5]",STU-SYN1455,1455,D,49.15,16217,"[6, 16]"
synthetic.student1456@mathsy.synthetic,0.5277,english,Synthetic Student 1456 (C Level),Flexible Learner,kertas1,"[12, 9]",STU-SYN1456,1456,C,50.08,16218,"[7, 16, 14]"
synthetic.student1457@mathsy.synthetic,0.5527,bm,Synthetic Student 1457 (D Level),Flexible Learner,kertas1,"[11, 6, 3, 2]",STU-SYN1457,1457,D,48.04,16219,"[7, 1, 12, 5, 17]"
synthetic.student1458@mathsy.synthetic,0.5469,english,Synthetic Student 1458 (D Level),Weekend Learner,kertas2,"[7, 5]",STU-SYN1458,1458,D,47.21,16220,"[15, 16, 17, 18, 14]"
synthetic.student1459@mathsy.synthetic,0.8958,english,Synthetic Student 1459 (A+ Level),High Achiever,mixed,"[8, 14]",STU-SYN1459,1459,A+,92.56,16221,"[4, 10]"
synthetic.student1460@mathsy.synthetic,0.7491,english,Synthetic Student 1460 (A- Level),Consistent Climber,mixed,"[15, 7, 2]",STU-SYN1460,1460,A-,76.3,16222,"[17, 8, 9, 10]"
synthetic.student1461@mathsy.synthetic,0.6548,english,Synthetic Student 1461 (B Level),Consistent Climber,kertas1,"[7, 18, 12, 2]",STU-SYN1461,1461,B,64.73,16223,"[11, 13, 5, 9, 4]"
synthetic.student1462@mathsy.synthetic,0.928,bm,Synthetic Student 1462 (A+ Level),High Achiever,kertas2,"[18, 12]",STU-SYN1462,1462,A+,98,16224,"[2, 13]"
synthetic.student1463@mathsy.synthetic,0.7948,english,Synthetic Student 1463 (A Level),Consistent Climber,mixed,"[9, 15]",STU-SYN1463,1463,A,80.03,16225,"[8, 3, 18, 6]"
synthetic.student1464@mathsy.synthetic,0.5904,bm,Synthetic Student 1464 (C+ Level),Flexible Learner,mixed,"[9, 15, 1]",STU-SYN1464,1464,C+,59.43,16226,"[11, 5]"
synthetic.student1465@mathsy.synthetic,0.487,english,Synthetic Student 1465 (E Level),Weekend Learner,kertas1,"[5, 4, 16, 7]",STU-SYN1465,1465,E,44.86,16227,"[1, 12, 15]"
synthetic.student1466@mathsy.synthetic,0.8231,english,Synthetic Student 1466 (A Level),Consistent Climber,kertas2,"[12, 10, 3, 9]",STU-SYN1466,1466,A,81.48,16228,"[16, 2, 13, 14]"
synthetic.student1467@mathsy.synthetic,0.6596,english,Synthetic Student 1467 (B Level),Deep Focus Learner,kertas2,"[14, 17]",STU-SYN1467,1467,B,63.79,16229,"[9, 18]"
synthetic.student1468@mathsy.synthetic,0.7721,english,Synthetic Student 1468 (A Level),Consistent Climber,mixed,"[4, 13, 5, 10]",STU-SYN1468,1468,A,80.96,16230,"[2, 11, 18]"
synthetic.student1469@mathsy.synthetic,0.7126,bm,Synthetic Student 1469 (A- Level),Consistent Climber,kertas1,"[11, 15, 16, 14]",STU-SYN1469,1469,A-,72.72,16231,"[2, 18, 13]"
synthetic.student1470@mathsy.synthetic,0.4002,english,Synthetic Student 1470 (G Level),Fresh Starter,mixed,"[7, 4]",STU-SYN1470,1470,G,26.08,16232,"[13, 17, 5]"
synthetic.student1471@mathsy.synthetic,0.5148,english,Synthetic Student 1471 (G Level),Fresh Starter,kertas1,"[6, 2, 10]",STU-SYN1471,1471,G,39.63,16233,"[15, 8]"
synthetic.student1472@mathsy.synthetic,0.5306,bm,Synthetic Student 1472 (D Level),Flexible Learner,kertas2,"[4, 16, 6]",STU-SYN1472,1472,D,46.77,16234,"[12, 2, 3, 14, 11]"
synthetic.student1473@mathsy.synthetic,0.4808,english,Synthetic Student 1473 (G Level),Fresh Starter,kertas1,"[11, 15, 17]",STU-SYN1473,1473,G,33.36,16235,"[3, 5, 8, 6, 9]"
synthetic.student1474@mathsy.synthetic,0.6219,english,Synthetic Student 1474 (B+ Level),Consistent Climber,mixed,"[4, 6]",STU-SYN1474,1474,B+,66.56,16236,"[10, 8, 7]"
synthetic.student1475@mathsy.synthetic,0.4728,english,Synthetic Student 1475 (G Level),Fresh Starter,kertas2,"[2, 8]",STU-SYN1475,1475,G,33.99,16237,"[16, 6]"
synthetic.student1476@mathsy.synthetic,0.3499,english,Synthetic Student 1476 (G Level),Fresh Starter,mixed,"[4, 16, 3, 7]",STU-SYN1476,1476,G,25,16238,"[8, 5, 9]"
synthetic.student1477@mathsy.synthetic,0.8053,english,Synthetic Student 1477 (A Level),Consistent Climber,mixed,"[1, 5, 6]",STU-SYN1477,1477,A,81.98,16239,"[15, 3, 10, 11]"
synthetic.student1478@mathsy.synthetic,0.8398,english,Synthetic Student 1478 (A Level),Consistent Climber,kertas1,"[18, 14, 2]",STU-SYN1478,1478,A,83.59,16240,"[3, 9, 10, 12, 13]"
synthetic.student1479@mathsy.synthetic,0.3238,english,Synthetic Student 1479 (G Level),Fresh Starter,kertas1,"[4, 3]",STU-SYN1479,1479,G,25,16241,"[12, 17]"
synthetic.student1480@mathsy.synthetic,0.759,english,Synthetic Student 1480 (B+ Level),Deep Focus Learner,kertas1,"[8, 13]",STU-SYN1480,1480,B+,68.77,16242,"[16, 10, 12, 15]"
synthetic.student1481@mathsy.synthetic,0.5787,english,Synthetic Student 1481 (C Level),Weekend Learner,kertas1,"[6, 4, 2, 13]",STU-SYN1481,1481,C,53.18,16243,"[16, 1, 8, 3]"
synthetic.student1482@mathsy.synthetic,0.3939,english,Synthetic Student 1482 (G Level),Fresh Starter,kertas1,"[3, 1, 14]",STU-SYN1482,1482,G,28.6,16244,"[4, 13, 15]"
synthetic.student1483@mathsy.synthetic,0.6475,bm,Synthetic Student 1483 (C+ Level),Deep Focus Learner,kertas1,"[5, 10, 6]",STU-SYN1483,1483,C+,58.72,16245,"[15, 2, 13, 9, 1]"
synthetic.student1484@mathsy.synthetic,0.6045,english,Synthetic Student 1484 (C+ Level),Deep Focus Learner,mixed,"[17, 5]",STU-SYN1484,1484,C+,56.02,16246,"[4, 7, 13, 9]"
synthetic.student1485@mathsy.synthetic,0.526,english,Synthetic Student 1485 (C Level),Flexible Learner,kertas1,"[14, 7]",STU-SYN1485,1485,C,51.03,16247,"[15, 12, 11]"
synthetic.student1486@mathsy.synthetic,0.7125,english,Synthetic Student 1486 (B+ Level),Deep Focus Learner,kertas2,"[12, 6, 17]",STU-SYN1486,1486,B+,65.53,16248,"[15, 9, 2, 4]"
synthetic.student1487@mathsy.synthetic,0.6684,english,Synthetic Student 1487 (B Level),Flexible Learner,kertas2,"[4, 8, 6]",STU-SYN1487,1487,B,63.03,16249,"[16, 17, 10, 12]"
synthetic.student1488@mathsy.synthetic,0.4448,bm,Synthetic Student 1488 (G Level),Fresh Starter,kertas1,"[1, 11, 13, 18]",STU-SYN1488,1488,G,34.9,16250,"[6, 17]"
synthetic.student1489@mathsy.synthetic,0.4228,bm,Synthetic Student 1489 (E Level),Weekend Learner,mixed,"[9, 16]",STU-SYN1489,1489,E,42.31,16251,"[7, 2]"
synthetic.student1490@mathsy.synthetic,0.5604,english,Synthetic Student 1490 (C Level),Flexible Learner,kertas1,"[12, 1]",STU-SYN1490,1490,C,51.05,16252,"[10, 2, 6, 14]"
synthetic.student1491@mathsy.synthetic,0.4216,english,Synthetic Student 1491 (G Level),Fresh Starter,kertas2,"[4, 8, 3, 5]",STU-SYN1491,1491,G,27.79,16253,"[12, 6]"
synthetic.student1492@mathsy.synthetic,0.4672,english,Synthetic Student 1492 (G Level),Fresh Starter,kertas1,"[10, 6]",STU-SYN1492,1492,G,34.53,16254,"[16, 8, 4, 17]"
synthetic.student1493@mathsy.synthetic,0.9521,english,Synthetic Student 1493 (A+ Level),High Achiever,kertas1,"[4, 10, 13]",STU-SYN1493,1493,A+,98,16255,"[8, 18]"
synthetic.student1494@mathsy.synthetic,0.6107,english,Synthetic Student 1494 (C+ Level),Flexible Learner,kertas2,"[9, 16, 18]",STU-SYN1494,1494,C+,59.48,16256,"[17, 6]"
synthetic.student1495@mathsy.synthetic,0.5811,bm,Synthetic Student 1495 (C+ Level),Flexible Learner,kertas1,"[12, 9, 6, 5]",STU-SYN1495,1495,C+,55.15,16257,"[16, 14, 13]"
synthetic.student1496@mathsy.synthetic,0.4225,english,Synthetic Student 1496 (G Level),Fresh Starter,mixed,"[2, 9, 17, 11]",STU-SYN1496,1496,G,28.85,16258,"[15, 18, 4]"
synthetic.student1497@mathsy.synthetic,0.6943,english,Synthetic Student 1497 (B+ Level),Flexible Learner,kertas2,"[8, 17]",STU-SYN1497,1497,B+,65.34,16259,"[5, 15]"
synthetic.student1498@mathsy.synthetic,0.7266,bm,Synthetic Student 1498 (B+ Level),Weekend Learner,mixed,"[11, 3, 18]",STU-SYN1498,1498,B+,69.72,16260,"[7, 6, 14]"
synthetic.student1499@mathsy.synthetic,0.7803,english,Synthetic Student 1499 (A- Level),Consistent Climber,kertas1,"[11, 8, 5]",STU-SYN1499,1499,A-,79.58,16261,"[1, 3, 6, 2]"
synthetic.student1500@mathsy.synthetic,0.3376,english,Synthetic Student 1500 (G Level),Fresh Starter,mixed,"[11, 4, 6]",STU-SYN1500,1500,G,25,16262,"[13, 10, 8, 12]"
synthetic.student1501@mathsy.synthetic,0.5966,bm,Synthetic Student 1501 (C+ Level),Weekend Learner,kertas2,"[15, 7, 10]",STU-SYN1501,1501,C+,59.2,16263,"[6, 14]"
synthetic.student1502@mathsy.synthetic,0.6475,english,Synthetic Student 1502 (B Level),Weekend Learner,mixed,"[14, 18]",STU-SYN1502,1502,B,62.08,16264,"[4, 10, 12]"
synthetic.student1503@mathsy.synthetic,0.6553,bm,Synthetic Student 1503 (B Level),Flexible Learner,kertas1,"[1, 17]",STU-SYN1503,1503,B,61.71,16265,"[5, 2, 3, 8]"
synthetic.student1504@mathsy.synthetic,0.5146,english,Synthetic Student 1504 (E Level),Weekend Learner,kertas2,"[10, 9, 4]",STU-SYN1504,1504,E,44.16,16266,"[11, 5, 6, 1]"
synthetic.student1505@mathsy.synthetic,0.9246,english,Synthetic Student 1505 (A+ Level),High Achiever,mixed,"[6, 10, 13]",STU-SYN1505,1505,A+,97.04,16267,"[4, 11]"
synthetic.student1506@mathsy.synthetic,0.7241,english,Synthetic Student 1506 (A- Level),Consistent Climber,kertas1,"[16, 11, 6]",STU-SYN1506,1506,A-,75.64,16268,"[17, 9, 15]"
synthetic.student1507@mathsy.synthetic,0.696,bm,Synthetic Student 1507 (A- Level),Consistent Climber,kertas1,"[3, 6, 5, 8]",STU-SYN1507,1507,A-,71.79,16269,"[16, 12, 1, 7]"
synthetic.student1508@mathsy.synthetic,0.5191,bm,Synthetic Student 1508 (D Level),Deep Focus Learner,kertas1,"[6, 12, 4, 1]",STU-SYN1508,1508,D,48.73,16270,"[3, 10, 13]"
synthetic.student1509@mathsy.synthetic,0.7947,bm,Synthetic Student 1509 (A- Level),Deep Focus Learner,kertas2,"[1, 18]",STU-SYN1509,1509,A-,75.52,16271,"[4, 12, 13]"
synthetic.student1510@mathsy.synthetic,0.7546,english,Synthetic Student 1510 (A- Level),Weekend Learner,kertas1,"[17, 5]",STU-SYN1510,1510,A-,70.79,16272,"[18, 1, 12]"
synthetic.student1511@mathsy.synthetic,0.5841,bm,Synthetic Student 1511 (C+ Level),Consistent Climber,mixed,"[14, 9]",STU-SYN1511,1511,C+,58.03,16273,"[13, 17, 4, 6]"
synthetic.student1512@mathsy.synthetic,0.8404,english,Synthetic Student 1512 (A Level),High Achiever,kertas2,"[13, 9]",STU-SYN1512,1512,A,88.85,16274,"[11, 12]"
synthetic.student1513@mathsy.synthetic,0.4927,english,Synthetic Student 1513 (E Level),Flexible Learner,kertas2,"[17, 5, 2]",STU-SYN1513,1513,E,43.4,16275,"[12, 8, 3, 11, 4]"
synthetic.student1514@mathsy.synthetic,0.9386,bm,Synthetic Student 1514 (A+ Level),High Achiever,kertas1,"[5, 13]",STU-SYN1514,1514,A+,92.4,16276,"[2, 7, 10, 6, 12]"
synthetic.student1515@mathsy.synthetic,0.8732,english,Synthetic Student 1515 (A+ Level),High Achiever,mixed,"[8, 13, 3]",STU-SYN1515,1515,A+,92.48,16277,"[12, 6]"
synthetic.student1516@mathsy.synthetic,0.5452,english,Synthetic Student 1516 (D Level),Weekend Learner,kertas1,"[5, 7, 10]",STU-SYN1516,1516,D,46.39,16278,"[9, 12, 15, 2]"
synthetic.student1517@mathsy.synthetic,0.721,english,Synthetic Student 1517 (A- Level),Consistent Climber,mixed,"[11, 6]",STU-SYN1517,1517,A-,75.27,16279,"[10, 18, 9]"
synthetic.student1518@mathsy.synthetic,0.6442,bm,Synthetic Student 1518 (C+ Level),Weekend Learner,kertas1,"[12, 17, 6, 5]",STU-SYN1518,1518,C+,59.0,16280,"[13, 16, 3, 2, 15]"
synthetic.student1519@mathsy.synthetic,0.5119,bm,Synthetic Student 1519 (D Level),Flexible Learner,mixed,"[16, 12]",STU-SYN1519,1519,D,45.75,16281,"[5, 4, 3, 14, 7]"
synthetic.student1520@mathsy.synthetic,0.5995,bm,Synthetic Student 1520 (C Level),Weekend Learner,mixed,"[1, 14, 16]",STU-SYN1520,1520,C,54.35,16282,"[8, 12, 13, 18]"
synthetic.student1521@mathsy.synthetic,0.8464,english,Synthetic Student 1521 (A Level),Consistent Climber,mixed,"[1, 2, 4, 11]",STU-SYN1521,1521,A,86.45,16283,"[7, 12, 16]"
synthetic.student1522@mathsy.synthetic,0.5666,bm,Synthetic Student 1522 (C+ Level),Weekend Learner,kertas1,"[1, 15, 8, 14]",STU-SYN1522,1522,C+,55.75,16284,"[6, 16]"
synthetic.student1523@mathsy.synthetic,0.6311,bm,Synthetic Student 1523 (B Level),Flexible Learner,kertas2,"[1, 6, 11]",STU-SYN1523,1523,B,62.11,16285,"[12, 3, 5]"
synthetic.student1524@mathsy.synthetic,0.5963,english,Synthetic Student 1524 (C+ Level),Flexible Learner,kertas1,"[4, 1]",STU-SYN1524,1524,C+,56.0,16286,"[14, 18, 10, 9, 13]"
synthetic.student1525@mathsy.synthetic,0.7725,english,Synthetic Student 1525 (A- Level),Deep Focus Learner,kertas1,"[11, 8, 5, 9]",STU-SYN1525,1525,A-,76.24,16287,"[15, 14]"
synthetic.student1526@mathsy.synthetic,0.7444,bm,Synthetic Student 1526 (A- Level),Deep Focus Learner,kertas1,"[5, 7]",STU-SYN1526,1526,A-,71.66,16288,"[2, 1, 8]"
synthetic.student1527@mathsy.synthetic,0.9541,english,Synthetic Student 1527 (A+ Level),High Achiever,mixed,"[11, 7]",STU-SYN1527,1527,A+,96.16,16289,"[18, 14, 5, 10, 16]"
synthetic.student1528@mathsy.synthetic,0.5772,bm,Synthetic Student 1528 (C Level),Deep Focus Learner,kertas2,"[4, 15, 18]",STU-SYN1528,1528,C,51.38,16290,"[16, 5, 9, 7, 12]"
synthetic.student1529@mathsy.synthetic,0.7995,english,Synthetic Student 1529 (A- Level),Deep Focus Learner,kertas1,"[8, 1]",STU-SYN1529,1529,A-,73.74,16291,"[4, 3, 6, 14]"
synthetic.student1530@mathsy.synthetic,0.6166,english,Synthetic Student 1530 (C+ Level),Flexible Learner,kertas1,"[3, 15, 17, 4]",STU-SYN1530,1530,C+,56.99,16292,"[11, 13, 6, 10]"
synthetic.student1531@mathsy.synthetic,0.5788,english,Synthetic Student 1531 (D Level),Fresh Starter,kertas2,"[5, 9, 1]",STU-SYN1531,1531,D,45.26,16293,"[16, 3, 11, 12]"
synthetic.student1532@mathsy.synthetic,0.563,english,Synthetic Student 1532 (E Level),Fresh Starter,kertas1,"[8, 7, 3]",STU-SYN1532,1532,E,40.64,16294,"[14, 16, 17, 6, 11]"
synthetic.student1533@mathsy.synthetic,0.5836,bm,Synthetic Student 1533 (C Level),Deep Focus Learner,mixed,"[17, 15, 6, 16]",STU-SYN1533,1533,C,54.9,16295,"[11, 4]"
synthetic.student1534@mathsy.synthetic,0.6101,bm,Synthetic Student 1534 (C Level),Fresh Starter,kertas1,"[8, 1, 12, 18]",STU-SYN1534,1534,C,51.65,16296,"[16, 9, 17]"
synthetic.student1535@mathsy.synthetic,0.4706,english,Synthetic Student 1535 (G Level),Fresh Starter,mixed,"[7, 2, 18]",STU-SYN1535,1535,G,33.41,16297,"[3, 5, 13, 9]"
synthetic.student1536@mathsy.synthetic,0.7766,english,Synthetic Student 1536 (A- Level),Flexible Learner,kertas2,"[7, 9, 3, 17]",STU-SYN1536,1536,A-,76.32,16298,"[8, 13, 12]"
synthetic.student1537@mathsy.synthetic,0.7178,english,Synthetic Student 1537 (A- Level),Deep Focus Learner,mixed,"[9, 11]",STU-SYN1537,1537,A-,70.02,16299,"[16, 7, 8]"
synthetic.student1538@mathsy.synthetic,0.6888,bm,Synthetic Student 1538 (B+ Level),Consistent Climber,kertas1,"[9, 6, 16, 7]",STU-SYN1538,1538,B+,67.17,16300,"[5, 11, 8, 14, 4]"
synthetic.student1539@mathsy.synthetic,0.721,english,Synthetic Student 1539 (B+ Level),Weekend Learner,kertas2,"[9, 2]",STU-SYN1539,1539,B+,67.12,16301,"[16, 14, 12, 7]"
synthetic.student1540@mathsy.synthetic,0.4446,bm,Synthetic Student 1540 (E Level),Weekend Learner,kertas1,"[17, 11]",STU-SYN1540,1540,E,43.1,16302,"[5, 12, 14]"
synthetic.student1541@mathsy.synthetic,0.5902,bm,Synthetic Student 1541 (C Level),Flexible Learner,mixed,"[3, 5, 9, 7]",STU-SYN1541,1541,C,53.93,16303,"[1, 11, 17, 14, 2]"
synthetic.student1542@mathsy.synthetic,0.7725,english,Synthetic Student 1542 (A- Level),Flexible Learner,kertas1,"[17, 6, 3]",STU-SYN1542,1542,A-,73.09,16304,"[15, 16]"
synthetic.student1543@mathsy.synthetic,0.5736,english,Synthetic Student 1543 (C Level),Deep Focus Learner,kertas1,"[6, 12, 15]",STU-SYN1543,1543,C,54.94,16305,"[4, 7, 9]"
synthetic.student1544@mathsy.synthetic,0.6009,english,Synthetic Student 1544 (D Level),Fresh Starter,kertas1,"[10, 1]",STU-SYN1544,1544,D,46.96,16306,"[9, 6, 11, 4]"
synthetic.student1545@mathsy.synthetic,0.9011,english,Synthetic Student 1545 (A+ Level),High Achiever,kertas1,"[3, 14, 1, 18]",STU-SYN1545,1545,A+,95.06,16307,"[12, 2]"
synthetic.student1546@mathsy.synthetic,0.4898,bm,Synthetic Student 1546 (G Level),Fresh Starter,kertas2,"[9, 12, 14, 10]",STU-SYN1546,1546,G,37.29,16308,"[1, 11]"
synthetic.student1547@mathsy.synthetic,0.428,english,Synthetic Student 1547 (E Level),Weekend Learner,mixed,"[1, 6, 15]",STU-SYN1547,1547,E,40.22,16309,"[10, 3, 16]"
synthetic.student1548@mathsy.synthetic,0.5518,english,Synthetic Student 1548 (C Level),Weekend Learner,mixed,"[17, 12]",STU-SYN1548,1548,C,50.17,16310,"[4, 5, 14, 18, 15]"
synthetic.student1549@mathsy.synthetic,0.7258,bm,Synthetic Student 1549 (B+ Level),Weekend Learner,mixed,"[14, 11, 1]",STU-SYN1549,1549,B+,68.22,16311,"[15, 8, 4]"
synthetic.student1550@mathsy.synthetic,0.5479,english,Synthetic Student 1550 (D Level),Deep Focus Learner,kertas1,"[17, 1]",STU-SYN1550,1550,D,46.13,16312,"[15, 16, 2, 7, 4]"
synthetic.student1551@mathsy.synthetic,0.5823,english,Synthetic Student 1551 (C Level),Deep Focus Learner,kertas1,"[18, 11]",STU-SYN1551,1551,C,52.68,16313,"[1, 3, 14, 13, 12]"
synthetic.student1552@mathsy.synthetic,0.4314,bm,Synthetic Student 1552 (G Level),Weekend Learner,kertas2,"[9, 5, 10, 6]",STU-SYN1552,1552,G,37.09,16314,"[13, 2, 12, 18]"
synthetic.student1553@mathsy.synthetic,0.7988,english,Synthetic Student 1553 (A Level),High Achiever,kertas1,"[11, 8, 14, 1]",STU-SYN1553,1553,A,83.16,16315,"[6, 12, 13]"
synthetic.student1554@mathsy.synthetic,0.7663,english,Synthetic Student 1554 (A- Level),Deep Focus Learner,mixed,"[8, 7, 10, 3]",STU-SYN1554,1554,A-,74.39,16316,"[12, 1, 16]"
synthetic.student1555@mathsy.synthetic,0.7529,english,Synthetic Student 1555 (A- Level),Flexible Learner,kertas2,"[4, 5, 11, 10]",STU-SYN1555,1555,A-,70.35,16317,"[1, 17, 12, 15, 8]"
synthetic.student1556@mathsy.synthetic,0.6045,english,Synthetic Student 1556 (C+ Level),Flexible Learner,kertas2,"[16, 15]",STU-SYN1556,1556,C+,56.04,16318,"[3, 8, 11, 14]"
synthetic.student1557@mathsy.synthetic,0.8492,english,Synthetic Student 1557 (A Level),Consistent Climber,kertas2,"[2, 15]",STU-SYN1557,1557,A,85.34,16319,"[6, 3, 11, 13]"
synthetic.student1558@mathsy.synthetic,0.5985,english,Synthetic Student 1558 (B Level),Consistent Climber,kertas2,"[12, 14, 8, 15]",STU-SYN1558,1558,B,64.49,16320,"[18, 13]"
synthetic.student1559@mathsy.synthetic,0.5024,english,Synthetic Student 1559 (D Level),Weekend Learner,kertas1,"[1, 16, 9]",STU-SYN1559,1559,D,46.64,16321,"[7, 14, 6, 8, 13]"
synthetic.student1560@mathsy.synthetic,0.6021,english,Synthetic Student 1560 (C+ Level),Deep Focus Learner,kertas1,"[13, 2]",STU-SYN1560,1560,C+,57.04,16322,"[5, 1, 6]"
synthetic.student1561@mathsy.synthetic,0.5178,bm,Synthetic Student 1561 (D Level),Flexible Learner,kertas2,"[4, 16, 17]",STU-SYN1561,1561,D,47.0,16323,"[10, 14, 7, 12]"
synthetic.student1562@mathsy.synthetic,0.7535,english,Synthetic Student 1562 (A- Level),Consistent Climber,mixed,"[17, 16, 13]",STU-SYN1562,1562,A-,75.06,16324,"[7, 2, 1, 10]"
synthetic.student1563@mathsy.synthetic,0.8837,english,Synthetic Student 1563 (A+ Level),High Achiever,kertas1,"[18, 4, 17, 16]",STU-SYN1563,1563,A+,94.7,16325,"[14, 1]"
synthetic.student1564@mathsy.synthetic,0.7734,english,Synthetic Student 1564 (A- Level),Flexible Learner,kertas1,"[15, 10, 17]",STU-SYN1564,1564,A-,75.95,16326,"[16, 5]"
synthetic.student1565@mathsy.synthetic,0.4979,english,Synthetic Student 1565 (E Level),Deep Focus Learner,mixed,"[7, 11, 4, 12]",STU-SYN1565,1565,E,43.04,16327,"[2, 6, 13, 17, 15]"
synthetic.student1566@mathsy.synthetic,0.5525,english,Synthetic Student 1566 (E Level),Fresh Starter,kertas2,"[15, 5]",STU-SYN1566,1566,E,41.56,16328,"[8, 2]"
synthetic.student1567@mathsy.synthetic,0.5101,bm,Synthetic Student 1567 (E Level),Deep Focus Learner,mixed,"[10, 13, 11, 2]",STU-SYN1567,1567,E,43.6,16329,"[17, 7, 3, 12, 14]"
synthetic.student1568@mathsy.synthetic,0.4982,english,Synthetic Student 1568 (E Level),Flexible Learner,kertas1,"[13, 2, 16]",STU-SYN1568,1568,E,43.42,16330,"[8, 15, 18, 3, 5]"
synthetic.student1569@mathsy.synthetic,0.9597,english,Synthetic Student 1569 (A+ Level),High Achiever,mixed,"[11, 5, 17, 2]",STU-SYN1569,1569,A+,98,16331,"[12, 13, 7]"
synthetic.student1570@mathsy.synthetic,0.9501,english,Synthetic Student 1570 (A+ Level),High Achiever,kertas2,"[13, 4, 14, 10]",STU-SYN1570,1570,A+,98,16332,"[2, 5]"
synthetic.student1571@mathsy.synthetic,0.6856,english,Synthetic Student 1571 (B Level),Weekend Learner,kertas1,"[14, 17, 7]",STU-SYN1571,1571,B,63.63,16333,"[12, 10, 9]"
synthetic.student1572@mathsy.synthetic,0.6793,english,Synthetic Student 1572 (B+ Level),Consistent Climber,mixed,"[3, 13, 15, 12]",STU-SYN1572,1572,B+,68.74,16334,"[14, 10, 9, 7]"
synthetic.student1573@mathsy.synthetic,0.5839,english,Synthetic Student 1573 (C Level),Flexible Learner,kertas1,"[17, 1]",STU-SYN1573,1573,C,54.1,16335,"[15, 10, 18, 12, 13]"
synthetic.student1574@mathsy.synthetic,0.6876,bm,Synthetic Student 1574 (B+ Level),Flexible Learner,kertas1,"[8, 6]",STU-SYN1574,1574,B+,65.53,16336,"[10, 3, 9, 17]"
synthetic.student1575@mathsy.synthetic,0.5888,english,Synthetic Student 1575 (C Level),Weekend Learner,mixed,"[18, 5, 16, 11]",STU-SYN1575,1575,C,54.43,16337,"[13, 17, 7, 4]"
synthetic.student1576@mathsy.synthetic,0.8369,bm,Synthetic Student 1576 (A Level),Consistent Climber,kertas1,"[18, 17, 11]",STU-SYN1576,1576,A,87.79,16338,"[15, 6, 2]"
synthetic.student1577@mathsy.synthetic,0.6716,english,Synthetic Student 1577 (B Level),Weekend Learner,kertas2,"[6, 9]",STU-SYN1577,1577,B,63.69,16339,"[2, 16, 18, 17]"
synthetic.student1578@mathsy.synthetic,0.688,bm,Synthetic Student 1578 (A- Level),Consistent Climber,kertas2,"[4, 16]",STU-SYN1578,1578,A-,70.18,16340,"[5, 9, 13, 12]"
synthetic.student1579@mathsy.synthetic,0.6173,english,Synthetic Student 1579 (B Level),Consistent Climber,kertas2,"[17, 8, 3, 14]",STU-SYN1579,1579,B,60.83,16341,"[16, 4, 7, 12]"
synthetic.student1580@mathsy.synthetic,0.8032,english,Synthetic Student 1580 (A Level),Consistent Climber,mixed,"[10, 2, 14, 7]",STU-SYN1580,1580,A,82.66,16342,"[11, 15, 6, 3]"
synthetic.student1581@mathsy.synthetic,0.7728,bm,Synthetic Student 1581 (A- Level),Consistent Climber,mixed,"[10, 15]",STU-SYN1581,1581,A-,78.45,16343,"[17, 8, 13]"
synthetic.student1582@mathsy.synthetic,0.7988,english,Synthetic Student 1582 (A Level),Consistent Climber,kertas1,"[11, 3]",STU-SYN1582,1582,A,81.12,16344,"[5, 18, 15]"
synthetic.student1583@mathsy.synthetic,0.3642,english,Synthetic Student 1583 (G Level),Fresh Starter,kertas2,"[5, 9]",STU-SYN1583,1583,G,26.55,16345,"[7, 8]"
synthetic.student1584@mathsy.synthetic,0.7305,english,Synthetic Student 1584 (B+ Level),Flexible Learner,kertas1,"[3, 10, 13]",STU-SYN1584,1584,B+,68.55,16346,"[14, 9, 7, 15]"
synthetic.student1585@mathsy.synthetic,0.6466,english,Synthetic Student 1585 (B Level),Consistent Climber,mixed,"[4, 5, 15]",STU-SYN1585,1585,B,61.5,16347,"[13, 8, 2, 11, 6]"
synthetic.student1586@mathsy.synthetic,0.4702,bm,Synthetic Student 1586 (E Level),Weekend Learner,mixed,"[2, 13]",STU-SYN1586,1586,E,42.9,16348,"[1, 7, 12, 16]"
synthetic.student1587@mathsy.synthetic,0.5879,english,Synthetic Student 1587 (B+ Level),Consistent Climber,mixed,"[14, 7, 3]",STU-SYN1587,1587,B+,66.17,16349,"[17, 9]"
synthetic.student1588@mathsy.synthetic,0.8907,english,Synthetic Student 1588 (A+ Level),High Achiever,kertas1,"[16, 13, 11]",STU-SYN1588,1588,A+,91.77,16350,"[8, 1, 12]"
synthetic.student1589@mathsy.synthetic,0.6922,english,Synthetic Student 1589 (B+ Level),Weekend Learner,kertas2,"[6, 7]",STU-SYN1589,1589,B+,66.73,16351,"[12, 16, 3]"
synthetic.student1590@mathsy.synthetic,0.3763,english,Synthetic Student 1590 (G Level),Fresh Starter,mixed,"[17, 15]",STU-SYN1590,1590,G,25,16352,"[3, 7, 4]"
synthetic.student1591@mathsy.synthetic,0.7305,bm,Synthetic Student 1591 (A- Level),Flexible Learner,kertas2,"[2, 16, 5]",STU-SYN1591,1591,A-,73.14,16353,"[10, 8]"
synthetic.student1592@mathsy.synthetic,0.779,english,Synthetic Student 1592 (A- Level),Flexible Learner,kertas1,"[7, 10, 5]",STU-SYN1592,1592,A-,73.34,16354,"[8, 18, 3, 14]"
synthetic.student1593@mathsy.synthetic,0.8288,english,Synthetic Student 1593 (A Level),Consistent Climber,mixed,"[2, 10, 6]",STU-SYN1593,1593,A,85.97,16355,"[5, 14]"
synthetic.student1594@mathsy.synthetic,0.7153,english,Synthetic Student 1594 (B+ Level),Deep Focus Learner,mixed,"[15, 18, 10]",STU-SYN1594,1594,B+,66.19,16356,"[7, 2]"
synthetic.student1595@mathsy.synthetic,0.6906,bm,Synthetic Student 1595 (B+ Level),Weekend Learner,kertas1,"[11, 13, 17, 9]",STU-SYN1595,1595,B+,65.33,16357,"[3, 10, 8, 2]"
synthetic.student1596@mathsy.synthetic,0.7316,english,Synthetic Student 1596 (A- Level),Flexible Learner,mixed,"[13, 6]",STU-SYN1596,1596,A-,70.8,16358,"[7, 17, 14]"
synthetic.student1597@mathsy.synthetic,0.7338,bm,Synthetic Student 1597 (A- Level),Deep Focus Learner,mixed,"[15, 17, 9]",STU-SYN1597,1597,A-,71.25,16359,"[8, 4]"
synthetic.student1598@mathsy.synthetic,0.7974,english,Synthetic Student 1598 (A Level),High Achiever,kertas2,"[10, 16, 15]",STU-SYN1598,1598,A,81.07,16360,"[1, 18, 13]"
synthetic.student1599@mathsy.synthetic,0.7611,english,Synthetic Student 1599 (A- Level),Deep Focus Learner,kertas1,"[16, 9]",STU-SYN1599,1599,A-,72.99,16361,"[10, 7, 17]"
synthetic.student1600@mathsy.synthetic,0.786,english,Synthetic Student 1600 (A- Level),Consistent Climber,kertas1,"[18, 2, 10]",STU-SYN1600,1600,A-,78.92,16362,"[14, 4, 6]"
synthetic.student1601@mathsy.synthetic,0.5108,english,Synthetic Student 1601 (D Level),Weekend Learner,kertas1,"[3, 1, 17]",STU-SYN1601,1601,D,49.31,16363,"[14, 12]"
synthetic.student1602@mathsy.synthetic,0.7248,english,Synthetic Student 1602 (A- Level),Consistent Climber,mixed,"[7, 18, 11, 4]",STU-SYN1602,1602,A-,73.53,16364,"[16, 3, 13, 12, 1]"
synthetic.student1603@mathsy.synthetic,0.6866,english,Synthetic Student 1603 (B+ Level),Consistent Climber,kertas1,"[16, 11, 3, 15]",STU-SYN1603,1603,B+,68.05,16365,"[6, 12, 1, 13]"
synthetic.student1604@mathsy.synthetic,0.7901,english,Synthetic Student 1604 (A Level),High Achiever,kertas2,"[14, 18]",STU-SYN1604,1604,A,82.9,16366,"[8, 15]"
synthetic.student1605@mathsy.synthetic,0.7265,english,Synthetic Student 1605 (B+ Level),Deep Focus Learner,kertas1,"[15, 5, 13, 2]",STU-SYN1605,1605,B+,69.54,16367,"[6, 1]"
synthetic.student1606@mathsy.synthetic,0.4905,english,Synthetic Student 1606 (D Level),Flexible Learner,kertas2,"[11, 16]",STU-SYN1606,1606,D,47.37,16368,"[12, 7, 15, 10]"
synthetic.student1607@mathsy.synthetic,0.5764,english,Synthetic Student 1607 (C Level),Flexible Learner,mixed,"[8, 9, 14, 1]",STU-SYN1607,1607,C,51.69,16369,"[18, 15, 13, 4, 10]"
synthetic.student1608@mathsy.synthetic,0.3386,bm,Synthetic Student 1608 (G Level),Fresh Starter,kertas1,"[10, 18, 1]",STU-SYN1608,1608,G,25,16370,"[6, 9, 5, 17]"
synthetic.student1609@mathsy.synthetic,0.5582,english,Synthetic Student 1609 (C Level),Deep Focus Learner,kertas1,"[16, 12, 1]",STU-SYN1609,1609,C,54.31,16371,"[9, 17]"
synthetic.student1610@mathsy.synthetic,0.6417,english,Synthetic Student 1610 (B Level),Deep Focus Learner,mixed,"[10, 13, 11]",STU-SYN1610,1610,B,63.64,16372,"[1, 2]"
synthetic.student1611@mathsy.synthetic,0.8315,english,Synthetic Student 1611 (A Level),Consistent Climber,mixed,"[18, 12, 5]",STU-SYN1611,1611,A,88.58,16373,"[8, 6]"
synthetic.student1612@mathsy.synthetic,0.6576,english,Synthetic Student 1612 (C+ Level),Deep Focus Learner,kertas1,"[14, 16]",STU-SYN1612,1612,C+,60.0,16374,"[7, 17, 3, 1]"
synthetic.student1613@mathsy.synthetic,0.7954,english,Synthetic Student 1613 (A- Level),Consistent Climber,mixed,"[15, 11, 8, 5]",STU-SYN1613,1613,A-,78.35,16375,"[16, 10, 13, 12, 4]"
synthetic.student1614@mathsy.synthetic,0.7312,english,Synthetic Student 1614 (A- Level),Consistent Climber,kertas1,"[11, 18, 16]",STU-SYN1614,1614,A-,75.46,16376,"[9, 5, 3, 15]"
synthetic.student1615@mathsy.synthetic,0.6579,english,Synthetic Student 1615 (B+ Level),Consistent Climber,kertas1,"[8, 15, 18]",STU-SYN1615,1615,B+,66.22,16377,"[16, 9, 4, 13, 10]"
synthetic.student1616@mathsy.synthetic,0.658,english,Synthetic Student 1616 (B Level),Weekend Learner,mixed,"[3, 6]",STU-SYN1616,1616,B,60.16,16378,"[15, 5, 17, 10]"
synthetic.student1617@mathsy.synthetic,0.7095,english,Synthetic Student 1617 (A- Level),Consistent Climber,kertas1,"[7, 13, 12]",STU-SYN1617,1617,A-,74.04,16379,"[8, 17]"
synthetic.student1618@mathsy.synthetic,0.6302,english,Synthetic Student 1618 (B Level),Consistent Climber,mixed,"[8, 2, 4, 13]",STU-SYN1618,1618,B,62.42,16380,"[17, 9, 10, 7]"
synthetic.student1619@mathsy.synthetic,0.7429,bm,Synthetic Student 1619 (A- Level),Consistent Climber,kertas1,"[13, 1, 11]",STU-SYN1619,1619,A-,74.55,16381,"[16, 2, 6, 12]"
synthetic.student1620@mathsy.synthetic,0.7442,english,Synthetic Student 1620 (A- Level),Consistent Climber,mixed,"[17, 14, 10]",STU-SYN1620,1620,A-,76.02,16382,"[2, 1, 6, 3]"
synthetic.student1621@mathsy.synthetic,0.5244,english,Synthetic Student 1621 (D Level),Weekend Learner,kertas2,"[17, 6, 9]",STU-SYN1621,1621,D,46.98,16383,"[14, 13, 18, 11, 4]"
synthetic.student1622@mathsy.synthetic,0.4958,english,Synthetic Student 1622 (D Level),Weekend Learner,mixed,"[7, 14, 1]",STU-SYN1622,1622,D,46.17,16384,"[4, 3]"
synthetic.student1623@mathsy.synthetic,0.4802,bm,Synthetic Student 1623 (E Level),Flexible Learner,kertas1,"[18, 17, 14, 7]",STU-SYN1623,1623,E,44.56,16385,"[8, 11, 15, 1]"
synthetic.student1624@mathsy.synthetic,0.5007,english,Synthetic Student 1624 (D Level),Deep Focus Learner,kertas2,"[4, 15]",STU-SYN1624,1624,D,45.42,16386,"[8, 9, 16, 11]"
synthetic.student1625@mathsy.synthetic,0.6303,english,Synthetic Student 1625 (B Level),Consistent Climber,kertas2,"[9, 15, 8]",STU-SYN1625,1625,B,63.58,16387,"[10, 2, 14, 7, 6]"
synthetic.student1626@mathsy.synthetic,0.568,english,Synthetic Student 1626 (E Level),Fresh Starter,kertas2,"[3, 18, 12, 10]",STU-SYN1626,1626,E,44.92,16388,"[4, 17, 11, 15]"
synthetic.student1627@mathsy.synthetic,0.3094,english,Synthetic Student 1627 (G Level),Fresh Starter,mixed,"[10, 6, 8, 1]",STU-SYN1627,1627,G,25,16389,"[18, 11]"
synthetic.student1628@mathsy.synthetic,0.7698,english,Synthetic Student 1628 (A- Level),Deep Focus Learner,kertas1,"[18, 2, 17, 14]",STU-SYN1628,1628,A-,76.2,16390,"[10, 1]"
synthetic.student1629@mathsy.synthetic,0.5534,english,Synthetic Student 1629 (D Level),Deep Focus Learner,mixed,"[1, 14]",STU-SYN1629,1629,D,48.47,16391,"[9, 8, 2, 5, 15]"
synthetic.student1630@mathsy.synthetic,0.506,english,Synthetic Student 1630 (E Level),Deep Focus Learner,kertas2,"[8, 3, 17, 4]",STU-SYN1630,1630,E,44.63,16392,"[9, 15, 16, 12]"
synthetic.student1631@mathsy.synthetic,0.8843,english,Synthetic Student 1631 (A+ Level),High Achiever,kertas1,"[12, 1]",STU-SYN1631,1631,A+,91.23,16393,"[8, 17, 18, 6]"
synthetic.student1632@mathsy.synthetic,0.5318,bm,Synthetic Student 1632 (C Level),Deep Focus Learner,kertas1,"[13, 17]",STU-SYN1632,1632,C,50.07,16394,"[2, 7, 8]"
synthetic.student1633@mathsy.synthetic,0.7503,bm,Synthetic Student 1633 (A- Level),Weekend Learner,mixed,"[8, 12, 15, 9]",STU-SYN1633,1633,A-,70.34,16395,"[11, 18, 17, 10, 16]"
synthetic.student1634@mathsy.synthetic,0.574,bm,Synthetic Student 1634 (D Level),Fresh Starter,kertas1,"[3, 11]",STU-SYN1634,1634,D,47.51,16396,"[10, 17]"
synthetic.student1635@mathsy.synthetic,0.6862,bm,Synthetic Student 1635 (B Level),Deep Focus Learner,kertas2,"[15, 1, 4]",STU-SYN1635,1635,B,64.98,16397,"[18, 9, 10]"
synthetic.student1636@mathsy.synthetic,0.6123,english,Synthetic Student 1636 (C Level),Flexible Learner,kertas1,"[10, 18, 16, 15]",STU-SYN1636,1636,C,54.0,16398,"[6, 1, 13, 17, 7]"
synthetic.student1637@mathsy.synthetic,0.4191,english,Synthetic Student 1637 (G Level),Fresh Starter,kertas1,"[6, 2]",STU-SYN1637,1637,G,31.85,16399,"[3, 13]"
synthetic.student1638@mathsy.synthetic,0.7295,bm,Synthetic Student 1638 (B+ Level),Flexible Learner,kertas1,"[3, 2]",STU-SYN1638,1638,B+,68.88,16400,"[1, 14, 8, 9]"
synthetic.student1639@mathsy.synthetic,0.6109,english,Synthetic Student 1639 (C+ Level),Deep Focus Learner,mixed,"[16, 1]",STU-SYN1639,1639,C+,58.36,16401,"[3, 15, 10]"
synthetic.student1640@mathsy.synthetic,0.3812,english,Synthetic Student 1640 (G Level),Fresh Starter,mixed,"[13, 6, 5, 3]",STU-SYN1640,1640,G,25.42,16402,"[12, 4, 8, 10]"
synthetic.student1641@mathsy.synthetic,0.5778,bm,Synthetic Student 1641 (D Level),Fresh Starter,mixed,"[4, 16, 5, 6]",STU-SYN1641,1641,D,46.23,16403,"[18, 10]"
synthetic.student1642@mathsy.synthetic,0.6856,english,Synthetic Student 1642 (B Level),Flexible Learner,mixed,"[12, 11]",STU-SYN1642,1642,B,61.74,16404,"[14, 6, 4, 7, 3]"
synthetic.student1643@mathsy.synthetic,0.5117,english,Synthetic Student 1643 (C Level),Flexible Learner,kertas1,"[6, 15, 12]",STU-SYN1643,1643,C,52.19,16405,"[17, 2]"
synthetic.student1644@mathsy.synthetic,0.749,english,Synthetic Student 1644 (A- Level),Weekend Learner,kertas2,"[4, 8, 1]",STU-SYN1644,1644,A-,72.46,16406,"[9, 15, 12]"
synthetic.student1645@mathsy.synthetic,0.7587,english,Synthetic Student 1645 (A Level),Consistent Climber,mixed,"[2, 11]",STU-SYN1645,1645,A,80.01,16407,"[13, 10, 6]"
synthetic.student1646@mathsy.synthetic,0.4957,bm,Synthetic Student 1646 (E Level),Weekend Learner,mixed,"[8, 13, 18, 1]",STU-SYN1646,1646,E,42.81,16408,"[2, 11, 15, 12, 10]"
synthetic.student1647@mathsy.synthetic,0.7825,english,Synthetic Student 1647 (A- Level),Deep Focus Learner,kertas1,"[13, 11, 1]",STU-SYN1647,1647,A-,74.0,16409,"[3, 6, 9]"
synthetic.student1648@mathsy.synthetic,0.6405,bm,Synthetic Student 1648 (B Level),Flexible Learner,kertas2,"[8, 4]",STU-SYN1648,1648,B,63.64,16410,"[12, 11]"
synthetic.student1649@mathsy.synthetic,0.5908,english,Synthetic Student 1649 (C Level),Flexible Learner,kertas2,"[13, 4, 7, 15]",STU-SYN1649,1649,C,54.49,16411,"[6, 3, 11, 14, 2]"
synthetic.student1650@mathsy.synthetic,0.6164,english,Synthetic Student 1650 (C+ Level),Flexible Learner,kertas1,"[16, 12, 13]",STU-SYN1650,1650,C+,55.44,16412,"[1, 7, 2, 15, 11]"
synthetic.student1651@mathsy.synthetic,0.7762,bm,Synthetic Student 1651 (A- Level),Deep Focus Learner,kertas1,"[7, 5, 15]",STU-SYN1651,1651,A-,75.87,16413,"[9, 18]"
synthetic.student1652@mathsy.synthetic,0.7823,english,Synthetic Student 1652 (A- Level),Consistent Climber,mixed,"[11, 4, 13, 12]",STU-SYN1652,1652,A-,78.27,16414,"[3, 5, 15, 8, 7]"
synthetic.student1653@mathsy.synthetic,0.6841,bm,Synthetic Student 1653 (B+ Level),Consistent Climber,kertas2,"[1, 2, 6]",STU-SYN1653,1653,B+,69.59,16415,"[12, 10, 7]"
synthetic.student1654@mathsy.synthetic,0.6746,english,Synthetic Student 1654 (B+ Level),Deep Focus Learner,mixed,"[15, 2]",STU-SYN1654,1654,B+,65.2,16416,"[13, 11]"
synthetic.student1655@mathsy.synthetic,0.7654,english,Synthetic Student 1655 (A- Level),Deep Focus Learner,mixed,"[5, 13, 16, 14]",STU-SYN1655,1655,A-,72.3,16417,"[12, 17, 6]"
synthetic.student1656@mathsy.synthetic,0.7345,english,Synthetic Student 1656 (A- Level),Flexible Learner,kertas1,"[9, 16, 10]",STU-SYN1656,1656,A-,70.92,16418,"[5, 12, 11]"
synthetic.student1657@mathsy.synthetic,0.6086,english,Synthetic Student 1657 (B Level),Flexible Learner,mixed,"[4, 18, 16]",STU-SYN1657,1657,B,60.05,16419,"[1, 3]"
synthetic.student1658@mathsy.synthetic,0.7336,english,Synthetic Student 1658 (A- Level),Weekend Learner,kertas1,"[11, 2]",STU-SYN1658,1658,A-,71.3,16420,"[17, 10, 7]"
synthetic.student1659@mathsy.synthetic,0.5066,english,Synthetic Student 1659 (D Level),Deep Focus Learner,mixed,"[14, 1]",STU-SYN1659,1659,D,47.09,16421,"[5, 3, 10, 17]"
synthetic.student1660@mathsy.synthetic,0.7636,english,Synthetic Student 1660 (A- Level),Consistent Climber,kertas1,"[3, 18, 4, 8]",STU-SYN1660,1660,A-,76.79,16422,"[9, 15, 2, 7]"
synthetic.student1661@mathsy.synthetic,0.5913,bm,Synthetic Student 1661 (D Level),Fresh Starter,mixed,"[8, 10, 6, 14]",STU-SYN1661,1661,D,46.41,16423,"[15, 16, 1, 3]"
synthetic.student1662@mathsy.synthetic,0.506,english,Synthetic Student 1662 (D Level),Weekend Learner,mixed,"[15, 7]",STU-SYN1662,1662,D,45.12,16424,"[14, 8, 1, 16]"
synthetic.student1663@mathsy.synthetic,0.7366,bm,Synthetic Student 1663 (A- Level),Consistent Climber,kertas1,"[17, 8, 18]",STU-SYN1663,1663,A-,76.68,16425,"[16, 15]"
synthetic.student1664@mathsy.synthetic,0.636,english,Synthetic Student 1664 (C+ Level),Deep Focus Learner,kertas1,"[18, 15, 12]",STU-SYN1664,1664,C+,57.84,16426,"[14, 9, 11, 3, 6]"
synthetic.student1665@mathsy.synthetic,0.7532,bm,Synthetic Student 1665 (B+ Level),Flexible Learner,kertas1,"[15, 12]",STU-SYN1665,1665,B+,69.29,16427,"[5, 17, 13, 3, 11]"
synthetic.student1666@mathsy.synthetic,0.8414,bm,Synthetic Student 1666 (A Level),Consistent Climber,kertas1,"[18, 9, 11, 7]",STU-SYN1666,1666,A,85.68,16428,"[17, 12, 3]"
synthetic.student1667@mathsy.synthetic,0.6495,english,Synthetic Student 1667 (B Level),Flexible Learner,mixed,"[1, 2, 5, 15]",STU-SYN1667,1667,B,62.17,16429,"[18, 4, 16, 17]"
synthetic.student1668@mathsy.synthetic,0.5701,bm,Synthetic Student 1668 (C Level),Flexible Learner,kertas2,"[16, 6]",STU-SYN1668,1668,C,51.27,16430,"[8, 1, 17, 15, 9]"
synthetic.student1669@mathsy.synthetic,0.8058,english,Synthetic Student 1669 (A- Level),Consistent Climber,kertas1,"[14, 15]",STU-SYN1669,1669,A-,79.42,16431,"[6, 17, 9, 10, 4]"
synthetic.student1670@mathsy.synthetic,0.6349,english,Synthetic Student 1670 (B Level),Consistent Climber,kertas1,"[4, 13, 7, 10]",STU-SYN1670,1670,B,64.43,16432,"[16, 17, 1, 6, 5]"
synthetic.student1671@mathsy.synthetic,0.7363,english,Synthetic Student 1671 (A- Level),Consistent Climber,mixed,"[7, 4, 13]",STU-SYN1671,1671,A-,75.56,16433,"[12, 14, 5, 15]"
synthetic.student1672@mathsy.synthetic,0.7685,bm,Synthetic Student 1672 (A- Level),Flexible Learner,mixed,"[7, 12, 16, 9]",STU-SYN1672,1672,A-,75.26,16434,"[3, 5, 13]"
synthetic.student1673@mathsy.synthetic,0.78,bm,Synthetic Student 1673 (A Level),Consistent Climber,kertas2,"[6, 15]",STU-SYN1673,1673,A,80.81,16435,"[5, 14]"
synthetic.student1674@mathsy.synthetic,0.63,english,Synthetic Student 1674 (B Level),Consistent Climber,kertas1,"[17, 12]",STU-SYN1674,1674,B,62.69,16436,"[3, 5, 9, 14, 13]"
synthetic.student1675@mathsy.synthetic,0.7969,bm,Synthetic Student 1675 (A Level),Consistent Climber,mixed,"[9, 4, 3]",STU-SYN1675,1675,A,82.02,16437,"[14, 18, 11, 12]"
synthetic.student1676@mathsy.synthetic,0.6756,english,Synthetic Student 1676 (B Level),Flexible Learner,mixed,"[3, 4]",STU-SYN1676,1676,B,63.66,16438,"[13, 5, 11, 15, 9]"
synthetic.student1677@mathsy.synthetic,0.6741,english,Synthetic Student 1677 (B Level),Flexible Learner,kertas2,"[4, 8]",STU-SYN1677,1677,B,64.5,16439,"[12, 11, 15]"
synthetic.student1678@mathsy.synthetic,0.693,english,Synthetic Student 1678 (B Level),Weekend Learner,mixed,"[16, 13, 4, 6]",STU-SYN1678,1678,B,64.52,16440,"[15, 5, 18]"
synthetic.student1679@mathsy.synthetic,0.5202,bm,Synthetic Student 1679 (D Level),Flexible Learner,kertas2,"[2, 7]",STU-SYN1679,1679,D,46.64,16441,"[5, 9, 13, 18]"
synthetic.student1680@mathsy.synthetic,0.6018,bm,Synthetic Student 1680 (C+ Level),Deep Focus Learner,kertas1,"[11, 3, 9]",STU-SYN1680,1680,C+,55.38,16442,"[17, 13, 4, 12]"
synthetic.student1681@mathsy.synthetic,0.6079,english,Synthetic Student 1681 (C+ Level),Weekend Learner,mixed,"[10, 14, 5]",STU-SYN1681,1681,C+,59.49,16443,"[2, 6]"
synthetic.student1682@mathsy.synthetic,0.7757,english,Synthetic Student 1682 (A- Level),Deep Focus Learner,mixed,"[4, 5]",STU-SYN1682,1682,A-,71.35,16444,"[15, 11, 7]"
synthetic.student1683@mathsy.synthetic,0.5652,english,Synthetic Student 1683 (C+ Level),Flexible Learner,kertas2,"[7, 5, 18]",STU-SYN1683,1683,C+,56.48,16445,"[10, 1]"
synthetic.student1684@mathsy.synthetic,0.9216,english,Synthetic Student 1684 (A+ Level),High Achiever,kertas2,"[17, 4, 10]",STU-SYN1684,1684,A+,96.76,16446,"[9, 18]"
synthetic.student1685@mathsy.synthetic,0.6149,english,Synthetic Student 1685 (D Level),Fresh Starter,mixed,"[18, 10, 8, 5]",STU-SYN1685,1685,D,48.9,16447,"[11, 12, 4, 3]"
synthetic.student1686@mathsy.synthetic,0.4598,english,Synthetic Student 1686 (G Level),Fresh Starter,kertas1,"[2, 18, 9]",STU-SYN1686,1686,G,31.28,16448,"[13, 15, 14]"
synthetic.student1687@mathsy.synthetic,0.7619,english,Synthetic Student 1687 (B+ Level),Flexible Learner,mixed,"[7, 12, 10, 17]",STU-SYN1687,1687,B+,69.92,16449,"[5, 8, 9, 11, 16]"
synthetic.student1688@mathsy.synthetic,0.9339,bm,Synthetic Student 1688 (A+ Level),High Achiever,kertas2,"[12, 10, 16, 14]",STU-SYN1688,1688,A+,94.81,16450,"[3, 13, 15, 4]"
synthetic.student1689@mathsy.synthetic,0.6914,english,Synthetic Student 1689 (B+ Level),Deep Focus Learner,mixed,"[16, 9, 1]",STU-SYN1689,1689,B+,65.43,16451,"[13, 2, 4, 5]"
synthetic.student1690@mathsy.synthetic,0.6828,english,Synthetic Student 1690 (B+ Level),Flexible Learner,kertas2,"[14, 5, 15]",STU-SYN1690,1690,B+,66.1,16452,"[18, 10, 8, 12]"
synthetic.student1691@mathsy.synthetic,0.9228,english,Synthetic Student 1691 (A+ Level),High Achiever,kertas2,"[17, 13]",STU-SYN1691,1691,A+,97.47,16453,"[9, 1]"
synthetic.student1692@mathsy.synthetic,0.6638,bm,Synthetic Student 1692 (B Level),Flexible Learner,kertas1,"[7, 6, 8, 14]",STU-SYN1692,1692,B,62.19,16454,"[2, 5, 4]"
synthetic.student1693@mathsy.synthetic,0.6078,english,Synthetic Student 1693 (B Level),Flexible Learner,kertas2,"[9, 11, 14]",STU-SYN1693,1693,B,60.25,16455,"[6, 3]"
synthetic.student1694@mathsy.synthetic,0.5605,english,Synthetic Student 1694 (C Level),Deep Focus Learner,mixed,"[18, 14, 15]",STU-SYN1694,1694,C,53.5,16456,"[6, 10]"
synthetic.student1695@mathsy.synthetic,0.6051,english,Synthetic Student 1695 (C+ Level),Weekend Learner,kertas1,"[16, 2]",STU-SYN1695,1695,C+,57.4,16457,"[7, 3, 8]"
synthetic.student1696@mathsy.synthetic,0.7974,english,Synthetic Student 1696 (A- Level),Deep Focus Learner,kertas1,"[11, 5, 3]",STU-SYN1696,1696,A-,79.19,16458,"[8, 13]"
synthetic.student1697@mathsy.synthetic,0.6902,english,Synthetic Student 1697 (B+ Level),Flexible Learner,kertas1,"[3, 18]",STU-SYN1697,1697,B+,67.68,16459,"[12, 7]"
synthetic.student1698@mathsy.synthetic,0.8463,bm,Synthetic Student 1698 (A Level),Consistent Climber,kertas1,"[8, 17]",STU-SYN1698,1698,A,88.75,16460,"[16, 10, 4]"
synthetic.student1699@mathsy.synthetic,0.7519,bm,Synthetic Student 1699 (A- Level),Deep Focus Learner,kertas1,"[9, 16]",STU-SYN1699,1699,A-,73.58,16461,"[18, 6]"
synthetic.student1700@mathsy.synthetic,0.4878,bm,Synthetic Student 1700 (E Level),Flexible Learner,mixed,"[12, 7, 3, 16]",STU-SYN1700,1700,E,43.72,16462,"[4, 6, 1, 13, 17]"
synthetic.student1701@mathsy.synthetic,0.7794,bm,Synthetic Student 1701 (A Level),Consistent Climber,kertas1,"[1, 9, 6]",STU-SYN1701,1701,A,81.47,16463,"[16, 5]"
synthetic.student1702@mathsy.synthetic,0.3278,bm,Synthetic Student 1702 (G Level),Fresh Starter,kertas2,"[13, 12, 7]",STU-SYN1702,1702,G,25,16464,"[2, 8, 18]"
synthetic.student1703@mathsy.synthetic,0.576,bm,Synthetic Student 1703 (C Level),Flexible Learner,kertas1,"[7, 14, 10, 9]",STU-SYN1703,1703,C,52.53,16465,"[11, 1, 18, 3, 6]"
synthetic.student1704@mathsy.synthetic,0.74,english,Synthetic Student 1704 (B+ Level),Weekend Learner,kertas1,"[12, 15]",STU-SYN1704,1704,B+,68.96,16466,"[7, 3, 4, 16]"
synthetic.student1705@mathsy.synthetic,0.5049,english,Synthetic Student 1705 (G Level),Fresh Starter,mixed,"[10, 6, 8, 2]",STU-SYN1705,1705,G,34.09,16467,"[15, 9, 3, 17]"
synthetic.student1706@mathsy.synthetic,0.619,bm,Synthetic Student 1706 (C+ Level),Flexible Learner,kertas1,"[5, 11]",STU-SYN1706,1706,C+,56.07,16468,"[12, 16, 17, 2, 13]"
synthetic.student1707@mathsy.synthetic,0.8464,bm,Synthetic Student 1707 (A Level),Consistent Climber,kertas2,"[14, 10]",STU-SYN1707,1707,A,85.9,16469,"[8, 2, 16, 13]"
synthetic.student1708@mathsy.synthetic,0.5768,english,Synthetic Student 1708 (C+ Level),Flexible Learner,mixed,"[4, 18]",STU-SYN1708,1708,C+,56.89,16470,"[1, 11]"
synthetic.student1709@mathsy.synthetic,0.9125,english,Synthetic Student 1709 (A+ Level),High Achiever,mixed,"[13, 1, 11, 8]",STU-SYN1709,1709,A+,94.28,16471,"[15, 16, 9]"
synthetic.student1710@mathsy.synthetic,0.4821,english,Synthetic Student 1710 (D Level),Flexible Learner,kertas1,"[11, 7]",STU-SYN1710,1710,D,48.29,16472,"[3, 12]"
synthetic.student1711@mathsy.synthetic,0.63,english,Synthetic Student 1711 (C+ Level),Deep Focus Learner,mixed,"[7, 5, 10]",STU-SYN1711,1711,C+,56.83,16473,"[3, 6, 14, 15]"
synthetic.student1712@mathsy.synthetic,0.4772,english,Synthetic Student 1712 (G Level),Fresh Starter,kertas2,"[8, 16, 10, 2]",STU-SYN1712,1712,G,35.12,16474,"[12, 6, 17, 13, 5]"
synthetic.student1713@mathsy.synthetic,0.6028,english,Synthetic Student 1713 (C+ Level),Deep Focus Learner,mixed,"[16, 1, 3]",STU-SYN1713,1713,C+,55.73,16475,"[2, 7, 5, 15]"
synthetic.student1714@mathsy.synthetic,0.8447,bm,Synthetic Student 1714 (A Level),High Achiever,kertas1,"[4, 10, 18, 16]",STU-SYN1714,1714,A,85.79,16476,"[12, 14, 8, 5]"
synthetic.student1715@mathsy.synthetic,0.8418,english,Synthetic Student 1715 (A Level),Consistent Climber,mixed,"[11, 9]",STU-SYN1715,1715,A,88.38,16477,"[17, 18, 1]"
synthetic.student1716@mathsy.synthetic,0.7259,english,Synthetic Student 1716 (B+ Level),Weekend Learner,mixed,"[4, 5]",STU-SYN1716,1716,B+,69.24,16478,"[2, 8]"
synthetic.student1717@mathsy.synthetic,0.8367,english,Synthetic Student 1717 (A Level),Consistent Climber,kertas2,"[2, 7, 18]",STU-SYN1717,1717,A,87.27,16479,"[6, 11, 8, 12]"
synthetic.student1718@mathsy.synthetic,0.6277,english,Synthetic Student 1718 (C+ Level),Deep Focus Learner,mixed,"[3, 13]",STU-SYN1718,1718,C+,57.63,16480,"[8, 17, 18, 15, 5]"
synthetic.student1719@mathsy.synthetic,0.55,bm,Synthetic Student 1719 (C Level),Flexible Learner,kertas1,"[18, 5]",STU-SYN1719,1719,C,53.69,16481,"[4, 11, 14]"
synthetic.student1720@mathsy.synthetic,0.7009,bm,Synthetic Student 1720 (A- Level),Consistent Climber,kertas2,"[3, 8]",STU-SYN1720,1720,A-,70.19,16482,"[14, 7, 5, 9, 2]"
synthetic.student1721@mathsy.synthetic,0.7205,english,Synthetic Student 1721 (B+ Level),Deep Focus Learner,kertas2,"[12, 1, 5]",STU-SYN1721,1721,B+,67.37,16483,"[2, 11, 9, 4]"
synthetic.student1722@mathsy.synthetic,0.4889,bm,Synthetic Student 1722 (D Level),Weekend Learner,mixed,"[8, 4, 14]",STU-SYN1722,1722,D,46.7,16484,"[18, 6, 5]"
synthetic.student1723@mathsy.synthetic,0.8763,english,Synthetic Student 1723 (A Level),High Achiever,mixed,"[2, 10, 13, 17]",STU-SYN1723,1723,A,85.94,16485,"[16, 9, 14, 1, 7]"
synthetic.student1724@mathsy.synthetic,0.7866,bm,Synthetic Student 1724 (A- Level),Consistent Climber,mixed,"[16, 4, 7]",STU-SYN1724,1724,A-,79.28,16486,"[8, 12, 13, 5, 15]"
synthetic.student1725@mathsy.synthetic,0.5651,english,Synthetic Student 1725 (C Level),Weekend Learner,mixed,"[5, 3]",STU-SYN1725,1725,C,54.21,16487,"[2, 7]"
synthetic.student1726@mathsy.synthetic,0.4631,bm,Synthetic Student 1726 (E Level),Weekend Learner,mixed,"[11, 3, 1]",STU-SYN1726,1726,E,43.64,16488,"[4, 13]"
synthetic.student1727@mathsy.synthetic,0.6846,english,Synthetic Student 1727 (B+ Level),Flexible Learner,kertas1,"[2, 15, 3, 18]",STU-SYN1727,1727,B+,65.37,16489,"[9, 17, 5, 1, 4]"
synthetic.student1728@mathsy.synthetic,0.4383,bm,Synthetic Student 1728 (G Level),Weekend Learner,kertas1,"[15, 4, 1]",STU-SYN1728,1728,G,38.45,16490,"[11, 7, 17, 12]"
synthetic.student1729@mathsy.synthetic,0.4878,bm,Synthetic Student 1729 (E Level),Deep Focus Learner,kertas2,"[2, 17]",STU-SYN1729,1729,E,44.7,16491,"[14, 10, 18, 5]"
synthetic.student1730@mathsy.synthetic,0.6932,english,Synthetic Student 1730 (B+ Level),Flexible Learner,mixed,"[6, 10]",STU-SYN1730,1730,B+,68.6,16492,"[8, 3, 7]"
synthetic.student1731@mathsy.synthetic,0.7317,bm,Synthetic Student 1731 (B+ Level),Deep Focus Learner,mixed,"[17, 18, 13, 11]",STU-SYN1731,1731,B+,69.12,16493,"[5, 9, 12]"
synthetic.student1732@mathsy.synthetic,0.6402,bm,Synthetic Student 1732 (B Level),Flexible Learner,kertas1,"[9, 17]",STU-SYN1732,1732,B,62.45,16494,"[8, 4, 10]"
synthetic.student1733@mathsy.synthetic,0.5394,bm,Synthetic Student 1733 (D Level),Flexible Learner,kertas2,"[16, 12, 9, 2]",STU-SYN1733,1733,D,49.14,16495,"[18, 10, 14, 1, 6]"
synthetic.student1734@mathsy.synthetic,0.7027,english,Synthetic Student 1734 (B+ Level),Weekend Learner,kertas1,"[10, 7]",STU-SYN1734,1734,B+,67.39,16496,"[14, 4]"
synthetic.student1735@mathsy.synthetic,0.3669,english,Synthetic Student 1735 (G Level),Fresh Starter,kertas2,"[9, 16]",STU-SYN1735,1735,G,25,16497,"[11, 18, 17, 5]"
synthetic.student1736@mathsy.synthetic,0.5837,english,Synthetic Student 1736 (B Level),Consistent Climber,kertas1,"[1, 12]",STU-SYN1736,1736,B,63.2,16498,"[10, 6]"
synthetic.student1737@mathsy.synthetic,0.658,english,Synthetic Student 1737 (B Level),Weekend Learner,kertas2,"[6, 13]",STU-SYN1737,1737,B,63.86,16499,"[17, 10]"
synthetic.student1738@mathsy.synthetic,0.4902,english,Synthetic Student 1738 (E Level),Weekend Learner,kertas1,"[15, 13]",STU-SYN1738,1738,E,42.73,16500,"[6, 8, 9, 4, 14]"
synthetic.student1739@mathsy.synthetic,0.7583,english,Synthetic Student 1739 (A- Level),Deep Focus Learner,kertas1,"[9, 5]",STU-SYN1739,1739,A-,74.0,16501,"[1, 4]"
synthetic.student1740@mathsy.synthetic,0.6436,english,Synthetic Student 1740 (B Level),Consistent Climber,mixed,"[5, 14, 1]",STU-SYN1740,1740,B,63.5,16502,"[12, 15, 10, 9]"
synthetic.student1741@mathsy.synthetic,0.8589,bm,Synthetic Student 1741 (A Level),High Achiever,kertas2,"[8, 11, 17, 16]",STU-SYN1741,1741,A,89.02,16503,"[18, 13, 14]"
synthetic.student1742@mathsy.synthetic,0.6133,english,Synthetic Student 1742 (C+ Level),Flexible Learner,mixed,"[16, 14, 2]",STU-SYN1742,1742,C+,58.86,16504,"[9, 3, 17]"
synthetic.student1743@mathsy.synthetic,0.7724,english,Synthetic Student 1743 (A- Level),Deep Focus Learner,mixed,"[6, 9, 3, 4]",STU-SYN1743,1743,A-,72.22,16505,"[7, 8, 5]"
synthetic.student1744@mathsy.synthetic,0.8853,english,Synthetic Student 1744 (A Level),High Achiever,kertas1,"[13, 9]",STU-SYN1744,1744,A,88.92,16506,"[6, 1, 2, 12, 11]"
synthetic.student1745@mathsy.synthetic,0.5698,bm,Synthetic Student 1745 (D Level),Fresh Starter,kertas1,"[4, 18, 9]",STU-SYN1745,1745,D,46.51,16507,"[7, 15]"
synthetic.student1746@mathsy.synthetic,0.8478,english,Synthetic Student 1746 (A Level),High Achiever,kertas1,"[10, 16]",STU-SYN1746,1746,A,88.69,16508,"[13, 12]"
synthetic.student1747@mathsy.synthetic,0.4888,english,Synthetic Student 1747 (E Level),Weekend Learner,kertas1,"[2, 13, 10]",STU-SYN1747,1747,E,43.64,16509,"[6, 5, 9, 11, 16]"
synthetic.student1748@mathsy.synthetic,0.6343,english,Synthetic Student 1748 (B Level),Weekend Learner,kertas2,"[13, 10]",STU-SYN1748,1748,B,61.04,16510,"[11, 14]"
synthetic.student1749@mathsy.synthetic,0.5383,english,Synthetic Student 1749 (C Level),Flexible Learner,mixed,"[11, 7, 8]",STU-SYN1749,1749,C,52.77,16511,"[17, 13]"
synthetic.student1750@mathsy.synthetic,0.8017,english,Synthetic Student 1750 (A- Level),Deep Focus Learner,kertas2,"[5, 2]",STU-SYN1750,1750,A-,76.95,16512,"[4, 14, 16]"
synthetic.student1751@mathsy.synthetic,0.9319,bm,Synthetic Student 1751 (A+ Level),High Achiever,kertas2,"[16, 5, 8]",STU-SYN1751,1751,A+,93.2,16513,"[12, 18, 13, 3, 11]"
synthetic.student1752@mathsy.synthetic,0.8073,english,Synthetic Student 1752 (A Level),Consistent Climber,kertas1,"[3, 8]",STU-SYN1752,1752,A,86.35,16514,"[12, 14]"
synthetic.student1753@mathsy.synthetic,0.7619,english,Synthetic Student 1753 (A- Level),Consistent Climber,kertas2,"[7, 14, 4]",STU-SYN1753,1753,A-,76.25,16515,"[13, 10, 1, 11]"
synthetic.student1754@mathsy.synthetic,0.8564,english,Synthetic Student 1754 (A Level),Consistent Climber,mixed,"[1, 12]",STU-SYN1754,1754,A,89.25,16516,"[11, 2]"
synthetic.student1755@mathsy.synthetic,0.5288,bm,Synthetic Student 1755 (C Level),Deep Focus Learner,kertas1,"[18, 10]",STU-SYN1755,1755,C,50.78,16517,"[6, 13]"
synthetic.student1756@mathsy.synthetic,0.5835,english,Synthetic Student 1756 (C Level),Weekend Learner,kertas1,"[8, 15, 17]",STU-SYN1756,1756,C,53.85,16518,"[18, 6, 14]"
synthetic.student1757@mathsy.synthetic,0.3895,english,Synthetic Student 1757 (G Level),Fresh Starter,kertas1,"[11, 3]",STU-SYN1757,1757,G,25.3,16519,"[18, 2, 4]"
synthetic.student1758@mathsy.synthetic,0.5044,bm,Synthetic Student 1758 (E Level),Deep Focus Learner,kertas1,"[2, 9]",STU-SYN1758,1758,E,44.69,16520,"[4, 3, 13, 7]"
synthetic.student1759@mathsy.synthetic,0.7442,english,Synthetic Student 1759 (A- Level),Flexible Learner,kertas1,"[9, 13, 8]",STU-SYN1759,1759,A-,72.64,16521,"[3, 11, 10]"
synthetic.student1760@mathsy.synthetic,0.8598,english,Synthetic Student 1760 (A Level),Consistent Climber,mixed,"[12, 1, 4, 8]",STU-SYN1760,1760,A,87.54,16522,"[11, 16, 2]"
synthetic.student1761@mathsy.synthetic,0.6001,english,Synthetic Student 1761 (B Level),Consistent Climber,kertas1,"[13, 12]",STU-SYN1761,1761,B,63.97,16523,"[1, 5, 10]"
synthetic.student1762@mathsy.synthetic,0.5966,bm,Synthetic Student 1762 (C+ Level),Consistent Climber,kertas1,"[8, 16, 6, 14]",STU-SYN1762,1762,C+,58.24,16524,"[15, 11, 4, 9, 12]"
synthetic.student1763@mathsy.synthetic,0.7526,bm,Synthetic Student 1763 (A- Level),Consistent Climber,kertas2,"[3, 1, 18]",STU-SYN1763,1763,A-,77.23,16525,"[11, 6]"
synthetic.student1764@mathsy.synthetic,0.6986,bm,Synthetic Student 1764 (B+ Level),Deep Focus Learner,kertas1,"[8, 4, 18]",STU-SYN1764,1764,B+,69.15,16526,"[9, 10]"
synthetic.student1765@mathsy.synthetic,0.8625,english,Synthetic Student 1765 (A+ Level),High Achiever,mixed,"[18, 11]",STU-SYN1765,1765,A+,92.34,16527,"[8, 15]"
synthetic.student1766@mathsy.synthetic,0.7044,english,Synthetic Student 1766 (B+ Level),Weekend Learner,kertas1,"[14, 9]",STU-SYN1766,1766,B+,65.46,16528,"[17, 7, 16]"
synthetic.student1767@mathsy.synthetic,0.7211,bm,Synthetic Student 1767 (B+ Level),Deep Focus Learner,mixed,"[18, 4, 8, 5]",STU-SYN1767,1767,B+,66.36,16529,"[17, 10, 2, 6, 16]"
synthetic.student1768@mathsy.synthetic,0.9413,bm,Synthetic Student 1768 (A+ Level),High Achiever,kertas2,"[17, 5, 16]",STU-SYN1768,1768,A+,95.15,16530,"[6, 14, 10, 13]"
synthetic.student1769@mathsy.synthetic,0.7738,bm,Synthetic Student 1769 (A- Level),Consistent Climber,kertas1,"[9, 1, 8, 16]",STU-SYN1769,1769,A-,78.53,16531,"[18, 4, 3, 13, 11]"
synthetic.student1770@mathsy.synthetic,0.3262,english,Synthetic Student 1770 (G Level),Fresh Starter,kertas2,"[13, 15, 7]",STU-SYN1770,1770,G,25,16532,"[17, 16]"
synthetic.student1771@mathsy.synthetic,0.7717,english,Synthetic Student 1771 (A- Level),Consistent Climber,kertas2,"[12, 15, 14, 4]",STU-SYN1771,1771,A-,78.42,16533,"[13, 17, 9]"
synthetic.student1772@mathsy.synthetic,0.8726,bm,Synthetic Student 1772 (A Level),High Achiever,mixed,"[12, 9, 6]",STU-SYN1772,1772,A,87.55,16534,"[3, 2, 1, 8, 13]"
synthetic.student1773@mathsy.synthetic,0.5352,english,Synthetic Student 1773 (C Level),Weekend Learner,kertas2,"[9, 6]",STU-SYN1773,1773,C,50.18,16535,"[10, 5, 4]"
synthetic.student1774@mathsy.synthetic,0.6245,english,Synthetic Student 1774 (C+ Level),Deep Focus Learner,kertas2,"[8, 17, 16]",STU-SYN1774,1774,C+,59.22,16536,"[7, 13, 5]"
synthetic.student1775@mathsy.synthetic,0.7746,english,Synthetic Student 1775 (A- Level),Consistent Climber,kertas1,"[3, 10]",STU-SYN1775,1775,A-,75.97,16537,"[14, 8, 18, 1, 2]"
synthetic.student1776@mathsy.synthetic,0.5733,bm,Synthetic Student 1776 (E Level),Fresh Starter,kertas1,"[3, 16, 8]",STU-SYN1776,1776,E,43.36,16538,"[10, 13, 6]"
synthetic.student1777@mathsy.synthetic,0.9385,english,Synthetic Student 1777 (A+ Level),High Achiever,kertas1,"[10, 7, 13]",STU-SYN1777,1777,A+,96.3,16539,"[8, 5, 17]"
synthetic.student1778@mathsy.synthetic,0.7837,english,Synthetic Student 1778 (A- Level),Consistent Climber,mixed,"[17, 5, 10]",STU-SYN1778,1778,A-,79.22,16540,"[15, 1, 8, 13]"
synthetic.student1779@mathsy.synthetic,0.4836,english,Synthetic Student 1779 (E Level),Flexible Learner,kertas1,"[7, 6, 10, 14]",STU-SYN1779,1779,E,43.17,16541,"[16, 1, 4, 13, 8]"
synthetic.student1780@mathsy.synthetic,0.727,english,Synthetic Student 1780 (A- Level),Consistent Climber,kertas1,"[6, 11, 1, 10]",STU-SYN1780,1780,A-,72.97,16542,"[3, 2, 9, 15, 18]"
synthetic.student1781@mathsy.synthetic,0.6622,english,Synthetic Student 1781 (B+ Level),Consistent Climber,kertas1,"[9, 1, 17]",STU-SYN1781,1781,B+,67.36,16543,"[12, 7, 15, 16, 14]"
synthetic.student1782@mathsy.synthetic,0.7963,english,Synthetic Student 1782 (A Level),High Achiever,kertas2,"[15, 17, 7, 10]",STU-SYN1782,1782,A,84.24,16544,"[8, 1, 2]"
synthetic.student1783@mathsy.synthetic,0.5072,english,Synthetic Student 1783 (E Level),Deep Focus Learner,kertas2,"[11, 18]",STU-SYN1783,1783,E,44.94,16545,"[16, 4, 1, 6, 8]"
synthetic.student1784@mathsy.synthetic,0.3951,bm,Synthetic Student 1784 (G Level),Fresh Starter,mixed,"[14, 10]",STU-SYN1784,1784,G,25,16546,"[3, 16, 4, 5, 8]"
synthetic.student1785@mathsy.synthetic,0.7373,bm,Synthetic Student 1785 (A- Level),Weekend Learner,mixed,"[18, 13, 2, 4]",STU-SYN1785,1785,A-,70.84,16547,"[8, 15, 1]"
synthetic.student1786@mathsy.synthetic,0.4604,bm,Synthetic Student 1786 (E Level),Flexible Learner,kertas1,"[18, 2]",STU-SYN1786,1786,E,44.09,16548,"[14, 8, 3]"
synthetic.student1787@mathsy.synthetic,0.4805,english,Synthetic Student 1787 (E Level),Deep Focus Learner,mixed,"[14, 13]",STU-SYN1787,1787,E,43.32,16549,"[17, 8, 7]"
synthetic.student1788@mathsy.synthetic,0.3763,english,Synthetic Student 1788 (G Level),Fresh Starter,kertas1,"[13, 11, 18]",STU-SYN1788,1788,G,25,16550,"[16, 9, 5, 17, 15]"
synthetic.student1789@mathsy.synthetic,0.6671,english,Synthetic Student 1789 (B+ Level),Flexible Learner,kertas1,"[18, 5]",STU-SYN1789,1789,B+,65.24,16551,"[8, 15]"
synthetic.student1790@mathsy.synthetic,0.6495,english,Synthetic Student 1790 (B+ Level),Consistent Climber,mixed,"[9, 17, 12, 11]",STU-SYN1790,1790,B+,68.3,16552,"[1, 8, 10]"
synthetic.student1791@mathsy.synthetic,0.6532,bm,Synthetic Student 1791 (B Level),Flexible Learner,kertas1,"[18, 14, 7]",STU-SYN1791,1791,B,62.29,16553,"[4, 11, 2, 12]"
synthetic.student1792@mathsy.synthetic,0.513,bm,Synthetic Student 1792 (E Level),Deep Focus Learner,kertas2,"[5, 10, 3, 2]",STU-SYN1792,1792,E,44.02,16554,"[14, 18, 1, 4, 13]"
synthetic.student1793@mathsy.synthetic,0.7226,english,Synthetic Student 1793 (B+ Level),Flexible Learner,kertas1,"[18, 1]",STU-SYN1793,1793,B+,69.22,16555,"[8, 6, 7]"
synthetic.student1794@mathsy.synthetic,0.8734,english,Synthetic Student 1794 (A Level),High Achiever,kertas2,"[17, 2]",STU-SYN1794,1794,A,87.26,16556,"[7, 12, 9, 14, 5]"
synthetic.student1795@mathsy.synthetic,0.5359,english,Synthetic Student 1795 (D Level),Flexible Learner,kertas2,"[16, 6, 13, 7]",STU-SYN1795,1795,D,47.95,16557,"[9, 2, 10, 1, 15]"
synthetic.student1796@mathsy.synthetic,0.6417,english,Synthetic Student 1796 (B+ Level),Consistent Climber,kertas2,"[2, 16, 18, 13]",STU-SYN1796,1796,B+,66.5,16558,"[14, 5, 1, 10]"
synthetic.student1797@mathsy.synthetic,0.6521,english,Synthetic Student 1797 (B Level),Deep Focus Learner,kertas1,"[9, 12]",STU-SYN1797,1797,B,60.68,16559,"[1, 15, 3, 13]"
synthetic.student1798@mathsy.synthetic,0.5,english,Synthetic Student 1798 (E Level),Deep Focus Learner,mixed,"[18, 9, 2]",STU-SYN1798,1798,E,43.53,16560,"[11, 3, 8, 17]"
synthetic.student1799@mathsy.synthetic,0.6933,bm,Synthetic Student 1799 (A- Level),Consistent Climber,kertas1,"[7, 12]",STU-SYN1799,1799,A-,74.16,16561,"[18, 13]"
synthetic.student1800@mathsy.synthetic,0.6362,english,Synthetic Student 1800 (C+ Level),Flexible Learner,kertas1,"[4, 14]",STU-SYN1800,1800,C+,57.84,16562,"[15, 16, 7, 3, 1]"
synthetic.student1801@mathsy.synthetic,0.6499,english,Synthetic Student 1801 (B Level),Consistent Climber,kertas1,"[2, 7, 1, 10]",STU-SYN1801,1801,B,64.7,16563,"[14, 17, 13, 3]"
synthetic.student1802@mathsy.synthetic,0.6093,english,Synthetic Student 1802 (C+ Level),Flexible Learner,kertas1,"[3, 1, 15, 11]",STU-SYN1802,1802,C+,59.73,16564,"[13, 10, 8]"
synthetic.student1803@mathsy.synthetic,0.8447,english,Synthetic Student 1803 (A Level),High Achiever,kertas1,"[2, 12, 8]",STU-SYN1803,1803,A,82.45,16565,"[16, 13, 4, 3, 11]"
synthetic.student1804@mathsy.synthetic,0.6935,english,Synthetic Student 1804 (B+ Level),Deep Focus Learner,kertas1,"[1, 2, 5, 15]",STU-SYN1804,1804,B+,66.05,16566,"[16, 8, 17]"
synthetic.student1805@mathsy.synthetic,0.5978,bm,Synthetic Student 1805 (B Level),Consistent Climber,kertas1,"[16, 8]",STU-SYN1805,1805,B,62.07,16567,"[15, 3, 10]"
synthetic.student1806@mathsy.synthetic,0.5793,english,Synthetic Student 1806 (E Level),Fresh Starter,mixed,"[11, 12, 3, 2]",STU-SYN1806,1806,E,42.77,16568,"[16, 9, 7, 5, 8]"
synthetic.student1807@mathsy.synthetic,0.612,english,Synthetic Student 1807 (B Level),Consistent Climber,kertas2,"[9, 18]",STU-SYN1807,1807,B,63.73,16569,"[14, 6, 7]"
synthetic.student1808@mathsy.synthetic,0.3563,english,Synthetic Student 1808 (G Level),Fresh Starter,kertas1,"[5, 11, 9, 10]",STU-SYN1808,1808,G,25,16570,"[8, 1]"
synthetic.student1809@mathsy.synthetic,0.7156,english,Synthetic Student 1809 (A- Level),Flexible Learner,kertas2,"[13, 9, 11, 15]",STU-SYN1809,1809,A-,70.95,16571,"[2, 4, 8]"
synthetic.student1810@mathsy.synthetic,0.7288,english,Synthetic Student 1810 (B+ Level),Flexible Learner,mixed,"[16, 14]",STU-SYN1810,1810,B+,68.98,16572,"[10, 2, 12, 8, 3]"
synthetic.student1811@mathsy.synthetic,0.5381,english,Synthetic Student 1811 (D Level),Deep Focus Learner,mixed,"[10, 1, 12, 14]",STU-SYN1811,1811,D,48.18,16573,"[4, 18, 8, 5]"
synthetic.student1812@mathsy.synthetic,0.4471,english,Synthetic Student 1812 (E Level),Weekend Learner,mixed,"[10, 13, 9]",STU-SYN1812,1812,E,42.07,16574,"[17, 16, 18]"
synthetic.student1813@mathsy.synthetic,0.7822,bm,Synthetic Student 1813 (A- Level),Consistent Climber,mixed,"[5, 12, 18, 8]",STU-SYN1813,1813,A-,77.91,16575,"[9, 10, 2, 4, 7]"
synthetic.student1814@mathsy.synthetic,0.7434,english,Synthetic Student 1814 (A- Level),Weekend Learner,kertas1,"[1, 16, 15]",STU-SYN1814,1814,A-,72.36,16576,"[9, 18]"
synthetic.student1815@mathsy.synthetic,0.7623,english,Synthetic Student 1815 (A- Level),Flexible Learner,mixed,"[6, 7, 12, 8]",STU-SYN1815,1815,A-,72.43,16577,"[3, 17, 18, 5]"
synthetic.student1816@mathsy.synthetic,0.5133,english,Synthetic Student 1816 (C Level),Weekend Learner,kertas2,"[6, 7]",STU-SYN1816,1816,C,50.28,16578,"[9, 4]"
synthetic.student1817@mathsy.synthetic,0.6309,bm,Synthetic Student 1817 (B Level),Consistent Climber,kertas1,"[13, 5, 3]",STU-SYN1817,1817,B,64.84,16579,"[8, 10, 18, 2]"
synthetic.student1818@mathsy.synthetic,0.7079,bm,Synthetic Student 1818 (B Level),Deep Focus Learner,kertas1,"[7, 10]",STU-SYN1818,1818,B,62.8,16580,"[15, 16, 5, 8, 13]"
synthetic.student1819@mathsy.synthetic,0.7167,english,Synthetic Student 1819 (B+ Level),Flexible Learner,kertas1,"[13, 17, 9, 18]",STU-SYN1819,1819,B+,67.68,16581,"[11, 10, 2, 8, 14]"
synthetic.student1820@mathsy.synthetic,0.7014,bm,Synthetic Student 1820 (B+ Level),Flexible Learner,kertas2,"[7, 5, 6, 17]",STU-SYN1820,1820,B+,66.26,16582,"[13, 4, 12, 15, 10]"
synthetic.student1821@mathsy.synthetic,0.6693,bm,Synthetic Student 1821 (B Level),Flexible Learner,mixed,"[11, 1]",STU-SYN1821,1821,B,63.14,16583,"[15, 2, 3]"
synthetic.student1822@mathsy.synthetic,0.82,english,Synthetic Student 1822 (A- Level),Deep Focus Learner,kertas2,"[11, 14, 13, 8]",STU-SYN1822,1822,A-,74.67,16584,"[15, 12, 6, 9, 2]"
synthetic.student1823@mathsy.synthetic,0.6203,bm,Synthetic Student 1823 (C+ Level),Weekend Learner,mixed,"[17, 5, 16, 8]",STU-SYN1823,1823,C+,57.99,16585,"[11, 15, 7, 9]"
synthetic.student1824@mathsy.synthetic,0.3481,english,Synthetic Student 1824 (G Level),Fresh Starter,mixed,"[5, 18, 3]",STU-SYN1824,1824,G,25,16586,"[8, 10, 14, 15]"
synthetic.student1825@mathsy.synthetic,0.6807,english,Synthetic Student 1825 (B Level),Flexible Learner,kertas1,"[14, 9]",STU-SYN1825,1825,B,63.35,16587,"[13, 2, 3]"
synthetic.student1826@mathsy.synthetic,0.694,english,Synthetic Student 1826 (B+ Level),Consistent Climber,mixed,"[12, 6, 18, 8]",STU-SYN1826,1826,B+,68.73,16588,"[14, 7, 4, 13, 2]"
synthetic.student1827@mathsy.synthetic,0.6443,bm,Synthetic Student 1827 (B Level),Deep Focus Learner,mixed,"[16, 2, 11, 6]",STU-SYN1827,1827,B,60.61,16589,"[5, 10]"
synthetic.student1828@mathsy.synthetic,0.676,english,Synthetic Student 1828 (B Level),Deep Focus Learner,kertas2,"[12, 5]",STU-SYN1828,1828,B,62.0,16590,"[9, 11, 1, 14, 15]"
synthetic.student1829@mathsy.synthetic,0.5806,bm,Synthetic Student 1829 (E Level),Fresh Starter,kertas2,"[2, 18, 10, 12]",STU-SYN1829,1829,E,43.82,16591,"[11, 5, 16, 9, 4]"
synthetic.student1830@mathsy.synthetic,0.5559,bm,Synthetic Student 1830 (C+ Level),Flexible Learner,mixed,"[11, 1]",STU-SYN1830,1830,C+,56.4,16592,"[15, 13]"
synthetic.student1831@mathsy.synthetic,0.4871,english,Synthetic Student 1831 (G Level),Fresh Starter,kertas2,"[16, 10, 18, 5]",STU-SYN1831,1831,G,36.0,16593,"[7, 6, 4]"
synthetic.student1832@mathsy.synthetic,0.6194,english,Synthetic Student 1832 (C+ Level),Deep Focus Learner,mixed,"[11, 6]",STU-SYN1832,1832,C+,57.65,16594,"[7, 10, 18, 8]"
synthetic.student1833@mathsy.synthetic,0.6493,bm,Synthetic Student 1833 (C+ Level),Flexible Learner,kertas1,"[15, 3, 17]",STU-SYN1833,1833,C+,59.88,16595,"[7, 4, 8, 2, 6]"
synthetic.student1834@mathsy.synthetic,0.5699,bm,Synthetic Student 1834 (C Level),Flexible Learner,kertas1,"[14, 11, 12, 13]",STU-SYN1834,1834,C,54.23,16596,"[18, 7, 8]"
synthetic.student1835@mathsy.synthetic,0.5783,bm,Synthetic Student 1835 (C Level),Weekend Learner,kertas2,"[5, 18]",STU-SYN1835,1835,C,53.18,16597,"[14, 15, 3, 9]"
synthetic.student1836@mathsy.synthetic,0.7775,english,Synthetic Student 1836 (A- Level),Deep Focus Learner,mixed,"[1, 12, 7, 8]",STU-SYN1836,1836,A-,71.49,16598,"[9, 16, 13, 6, 4]"
synthetic.student1837@mathsy.synthetic,0.5047,english,Synthetic Student 1837 (D Level),Deep Focus Learner,kertas1,"[2, 4, 5, 13]",STU-SYN1837,1837,D,49.57,16599,"[18, 16, 6]"
synthetic.student1838@mathsy.synthetic,0.3268,english,Synthetic Student 1838 (G Level),Fresh Starter,kertas1,"[3, 18, 5]",STU-SYN1838,1838,G,25,16600,"[15, 13]"
synthetic.student1839@mathsy.synthetic,0.5309,english,Synthetic Student 1839 (E Level),Fresh Starter,mixed,"[13, 8, 17, 1]",STU-SYN1839,1839,E,40.24,16601,"[11, 18, 16, 2]"
synthetic.student1840@mathsy.synthetic,0.7409,english,Synthetic Student 1840 (A- Level),Weekend Learner,mixed,"[11, 15, 2, 17]",STU-SYN1840,1840,A-,73.77,16602,"[13, 16]"
synthetic.student1841@mathsy.synthetic,0.6807,english,Synthetic Student 1841 (B Level),Weekend Learner,mixed,"[16, 9]",STU-SYN1841,1841,B,63.83,16603,"[12, 4, 3]"
synthetic.student1842@mathsy.synthetic,0.7368,english,Synthetic Student 1842 (B+ Level),Weekend Learner,kertas1,"[13, 14, 10, 3]",STU-SYN1842,1842,B+,68.78,16604,"[8, 4, 1, 6]"
synthetic.student1843@mathsy.synthetic,0.4083,english,Synthetic Student 1843 (G Level),Fresh Starter,mixed,"[5, 18, 13]",STU-SYN1843,1843,G,27.97,16605,"[9, 15, 7, 17]"
synthetic.student1844@mathsy.synthetic,0.8703,bm,Synthetic Student 1844 (A+ Level),High Achiever,kertas1,"[1, 15]",STU-SYN1844,1844,A+,91.71,16606,"[16, 13]"
synthetic.student1845@mathsy.synthetic,0.7013,english,Synthetic Student 1845 (B+ Level),Flexible Learner,kertas1,"[12, 14, 2, 16]",STU-SYN1845,1845,B+,66.22,16607,"[6, 3, 18]"
synthetic.student1846@mathsy.synthetic,0.8321,english,Synthetic Student 1846 (A Level),Consistent Climber,mixed,"[2, 18, 4, 16]",STU-SYN1846,1846,A,84.74,16608,"[11, 1, 15]"
synthetic.student1847@mathsy.synthetic,0.7827,english,Synthetic Student 1847 (A- Level),Deep Focus Learner,kertas1,"[18, 4, 5]",STU-SYN1847,1847,A-,72.82,16609,"[8, 1, 6, 16, 17]"
synthetic.student1848@mathsy.synthetic,0.5953,english,Synthetic Student 1848 (C+ Level),Flexible Learner,mixed,"[11, 2, 1, 13]",STU-SYN1848,1848,C+,56.96,16610,"[18, 6, 4]"
synthetic.student1849@mathsy.synthetic,0.7169,english,Synthetic Student 1849 (A- Level),Flexible Learner,kertas1,"[15, 16]",STU-SYN1849,1849,A-,70.69,16611,"[8, 14]"
synthetic.student1850@mathsy.synthetic,0.6183,english,Synthetic Student 1850 (B Level),Consistent Climber,kertas1,"[3, 10, 17]",STU-SYN1850,1850,B,61.45,16612,"[16, 15, 12, 13, 5]"
synthetic.student1851@mathsy.synthetic,0.7572,english,Synthetic Student 1851 (B+ Level),Flexible Learner,kertas2,"[13, 6, 7]",STU-SYN1851,1851,B+,69.0,16613,"[8, 17, 18, 4, 15]"
synthetic.student1852@mathsy.synthetic,0.6445,english,Synthetic Student 1852 (C+ Level),Deep Focus Learner,mixed,"[6, 9, 2]",STU-SYN1852,1852,C+,58.8,16614,"[18, 13, 7, 3]"
synthetic.student1853@mathsy.synthetic,0.6226,english,Synthetic Student 1853 (C Level),Weekend Learner,mixed,"[9, 2, 1]",STU-SYN1853,1853,C,54.77,16615,"[8, 10, 4, 11, 5]"
synthetic.student1854@mathsy.synthetic,0.7357,bm,Synthetic Student 1854 (B+ Level),Weekend Learner,kertas2,"[15, 16, 2]",STU-SYN1854,1854,B+,69.56,16616,"[17, 8, 18]"
synthetic.student1855@mathsy.synthetic,0.8424,english,Synthetic Student 1855 (A Level),High Achiever,kertas2,"[17, 9]",STU-SYN1855,1855,A,86.25,16617,"[12, 18, 3, 16, 2]"
synthetic.student1856@mathsy.synthetic,0.6904,bm,Synthetic Student 1856 (B+ Level),Flexible Learner,kertas2,"[3, 5, 7, 10]",STU-SYN1856,1856,B+,66.2,16618,"[18, 13, 17]"
synthetic.student1857@mathsy.synthetic,0.331,english,Synthetic Student 1857 (G Level),Fresh Starter,mixed,"[13, 12]",STU-SYN1857,1857,G,25,16619,"[18, 16]"
synthetic.student1858@mathsy.synthetic,0.7298,english,Synthetic Student 1858 (B+ Level),Deep Focus Learner,kertas2,"[3, 6, 11, 14]",STU-SYN1858,1858,B+,68.29,16620,"[15, 2, 8]"
synthetic.student1859@mathsy.synthetic,0.6044,bm,Synthetic Student 1859 (B Level),Consistent Climber,kertas1,"[3, 13, 11]",STU-SYN1859,1859,B,61.72,16621,"[9, 10, 4]"
synthetic.student1860@mathsy.synthetic,0.5849,bm,Synthetic Student 1860 (C+ Level),Flexible Learner,mixed,"[8, 3, 2, 17]",STU-SYN1860,1860,C+,58.94,16622,"[13, 12]"
synthetic.student1861@mathsy.synthetic,0.3476,english,Synthetic Student 1861 (G Level),Fresh Starter,kertas2,"[3, 8]",STU-SYN1861,1861,G,25,16623,"[18, 13, 7, 5]"
synthetic.student1862@mathsy.synthetic,0.7561,bm,Synthetic Student 1862 (A- Level),Consistent Climber,mixed,"[15, 11, 16]",STU-SYN1862,1862,A-,77.16,16624,"[14, 13]"
synthetic.student1863@mathsy.synthetic,0.922,english,Synthetic Student 1863 (A+ Level),High Achiever,mixed,"[11, 1, 2, 9]",STU-SYN1863,1863,A+,92.98,16625,"[3, 10, 5, 18, 7]"
synthetic.student1864@mathsy.synthetic,0.4821,english,Synthetic Student 1864 (D Level),Deep Focus Learner,kertas1,"[3, 17, 9]",STU-SYN1864,1864,D,45.88,16626,"[15, 6, 8]"
synthetic.student1865@mathsy.synthetic,0.6737,english,Synthetic Student 1865 (B Level),Flexible Learner,kertas1,"[13, 3, 11, 16]",STU-SYN1865,1865,B,61.82,16627,"[15, 14, 1, 9, 10]"
synthetic.student1866@mathsy.synthetic,0.3069,english,Synthetic Student 1866 (G Level),Fresh Starter,kertas1,"[14, 5]",STU-SYN1866,1866,G,25,16628,"[7, 1, 12, 17]"
synthetic.student1867@mathsy.synthetic,0.8494,bm,Synthetic Student 1867 (A Level),Consistent Climber,kertas2,"[2, 4, 1]",STU-SYN1867,1867,A,85.25,16629,"[6, 11, 18, 10, 7]"
synthetic.student1868@mathsy.synthetic,0.5953,bm,Synthetic Student 1868 (B Level),Consistent Climber,kertas1,"[11, 3, 12]",STU-SYN1868,1868,B,63.14,16630,"[5, 15, 13]"
synthetic.student1869@mathsy.synthetic,0.7813,bm,Synthetic Student 1869 (A- Level),Consistent Climber,kertas2,"[7, 8]",STU-SYN1869,1869,A-,79.65,16631,"[18, 14, 3, 6]"
synthetic.student1870@mathsy.synthetic,0.3397,english,Synthetic Student 1870 (G Level),Fresh Starter,kertas2,"[10, 7]",STU-SYN1870,1870,G,25,16632,"[1, 8, 3]"
synthetic.student1871@mathsy.synthetic,0.5988,english,Synthetic Student 1871 (C+ Level),Deep Focus Learner,kertas1,"[1, 13]",STU-SYN1871,1871,C+,58.19,16633,"[4, 10]"
synthetic.student1872@mathsy.synthetic,0.4068,english,Synthetic Student 1872 (G Level),Fresh Starter,kertas1,"[16, 18]",STU-SYN1872,1872,G,25,16634,"[4, 7, 2, 8, 17]"
synthetic.student1873@mathsy.synthetic,0.4687,bm,Synthetic Student 1873 (E Level),Flexible Learner,kertas2,"[13, 6]",STU-SYN1873,1873,E,42.92,16635,"[5, 11, 16, 3]"
synthetic.student1874@mathsy.synthetic,0.5066,english,Synthetic Student 1874 (D Level),Deep Focus Learner,kertas1,"[17, 11, 14]",STU-SYN1874,1874,D,48.91,16636,"[1, 18, 6]"
synthetic.student1875@mathsy.synthetic,0.4578,english,Synthetic Student 1875 (E Level),Weekend Learner,kertas1,"[8, 15]",STU-SYN1875,1875,E,40.88,16637,"[2, 14, 12, 18]"
synthetic.student1876@mathsy.synthetic,0.6151,english,Synthetic Student 1876 (D Level),Fresh Starter,kertas1,"[10, 8, 17, 11]",STU-SYN1876,1876,D,45.95,16638,"[3, 2, 6, 5, 13]"
synthetic.student1877@mathsy.synthetic,0.6888,english,Synthetic Student 1877 (A- Level),Consistent Climber,kertas1,"[1, 7, 5]",STU-SYN1877,1877,A-,72.92,16639,"[17, 15]"
synthetic.student1878@mathsy.synthetic,0.6493,english,Synthetic Student 1878 (B Level),Deep Focus Learner,kertas2,"[18, 12]",STU-SYN1878,1878,B,61.41,16640,"[10, 17, 14]"
synthetic.student1879@mathsy.synthetic,0.4066,english,Synthetic Student 1879 (G Level),Fresh Starter,kertas1,"[9, 3, 6]",STU-SYN1879,1879,G,27.73,16641,"[15, 11, 8]"
synthetic.student1880@mathsy.synthetic,0.4382,bm,Synthetic Student 1880 (G Level),Fresh Starter,mixed,"[3, 10, 15]",STU-SYN1880,1880,G,29.71,16642,"[9, 11, 18, 12]"
synthetic.student1881@mathsy.synthetic,0.5307,english,Synthetic Student 1881 (G Level),Fresh Starter,mixed,"[18, 6, 7, 9]",STU-SYN1881,1881,G,39.94,16643,"[10, 5, 15, 16]"
synthetic.student1882@mathsy.synthetic,0.6035,english,Synthetic Student 1882 (D Level),Fresh Starter,mixed,"[4, 14]",STU-SYN1882,1882,D,48.8,16644,"[2, 9]"
synthetic.student1883@mathsy.synthetic,0.7949,english,Synthetic Student 1883 (A- Level),Consistent Climber,mixed,"[8, 16, 4]",STU-SYN1883,1883,A-,79.61,16645,"[14, 2, 5, 1]"
synthetic.student1884@mathsy.synthetic,0.7174,english,Synthetic Student 1884 (A- Level),Consistent Climber,mixed,"[2, 13, 12, 8]",STU-SYN1884,1884,A-,73.55,16646,"[3, 1, 6]"
synthetic.student1885@mathsy.synthetic,0.7371,english,Synthetic Student 1885 (A- Level),Deep Focus Learner,kertas2,"[6, 15, 14, 12]",STU-SYN1885,1885,A-,71.12,16647,"[2, 7, 18]"
synthetic.student1886@mathsy.synthetic,0.5819,english,Synthetic Student 1886 (C Level),Deep Focus Learner,kertas1,"[6, 12, 1, 17]",STU-SYN1886,1886,C,51.12,16648,"[13, 7, 10, 4, 14]"
synthetic.student1887@mathsy.synthetic,0.6092,english,Synthetic Student 1887 (C+ Level),Deep Focus Learner,mixed,"[12, 9, 5, 14]",STU-SYN1887,1887,C+,58.01,16649,"[4, 17]"
synthetic.student1888@mathsy.synthetic,0.6717,bm,Synthetic Student 1888 (B+ Level),Deep Focus Learner,kertas2,"[13, 5, 9]",STU-SYN1888,1888,B+,65.52,16650,"[7, 15, 8]"
synthetic.student1889@mathsy.synthetic,0.8207,bm,Synthetic Student 1889 (A Level),Consistent Climber,kertas2,"[12, 6, 2, 11]",STU-SYN1889,1889,A,81.54,16651,"[17, 15, 13, 3, 10]"
synthetic.student1890@mathsy.synthetic,0.6298,english,Synthetic Student 1890 (B+ Level),Consistent Climber,kertas1,"[9, 11]",STU-SYN1890,1890,B+,65.85,16652,"[3, 1, 12]"
synthetic.student1891@mathsy.synthetic,0.5115,bm,Synthetic Student 1891 (D Level),Flexible Learner,mixed,"[10, 9, 11]",STU-SYN1891,1891,D,48.9,16653,"[8, 6, 18]"
synthetic.student1892@mathsy.synthetic,0.8267,english,Synthetic Student 1892 (A Level),Consistent Climber,kertas2,"[11, 17]",STU-SYN1892,1892,A,80.71,16654,"[15, 7, 1, 8, 2]"
synthetic.student1893@mathsy.synthetic,0.6386,english,Synthetic Student 1893 (C+ Level),Flexible Learner,mixed,"[17, 7, 4]",STU-SYN1893,1893,C+,58.83,16655,"[5, 12, 1, 13]"
synthetic.student1894@mathsy.synthetic,0.456,english,Synthetic Student 1894 (E Level),Weekend Learner,kertas2,"[6, 8, 18, 1]",STU-SYN1894,1894,E,44.53,16656,"[5, 12]"
synthetic.student1895@mathsy.synthetic,0.7508,bm,Synthetic Student 1895 (A Level),Consistent Climber,mixed,"[18, 13, 7, 10]",STU-SYN1895,1895,A,80.36,16657,"[6, 5]"
synthetic.student1896@mathsy.synthetic,0.3167,bm,Synthetic Student 1896 (G Level),Fresh Starter,kertas1,"[7, 16]",STU-SYN1896,1896,G,25,16658,"[5, 4, 11, 17, 1]"
synthetic.student1897@mathsy.synthetic,0.5646,english,Synthetic Student 1897 (C Level),Flexible Learner,kertas1,"[18, 1, 11, 3]",STU-SYN1897,1897,C,50.18,16659,"[12, 2, 10, 13, 4]"
synthetic.student1898@mathsy.synthetic,0.55,english,Synthetic Student 1898 (E Level),Fresh Starter,kertas1,"[9, 1, 14]",STU-SYN1898,1898,E,42.62,16660,"[10, 2, 4]"
synthetic.student1899@mathsy.synthetic,0.8272,english,Synthetic Student 1899 (A Level),Consistent Climber,kertas1,"[12, 8]",STU-SYN1899,1899,A,85.3,16661,"[3, 7, 14]"
synthetic.student1900@mathsy.synthetic,0.6251,english,Synthetic Student 1900 (B Level),Flexible Learner,kertas1,"[11, 16]",STU-SYN1900,1900,B,63.22,16662,"[10, 18]"
synthetic.student1901@mathsy.synthetic,0.84,english,Synthetic Student 1901 (A Level),Consistent Climber,kertas1,"[6, 1]",STU-SYN1901,1901,A,85.19,16663,"[4, 15, 7, 18]"
synthetic.student1902@mathsy.synthetic,0.6855,bm,Synthetic Student 1902 (B Level),Deep Focus Learner,kertas1,"[15, 14, 10]",STU-SYN1902,1902,B,63.92,16664,"[8, 18, 13]"
synthetic.student1903@mathsy.synthetic,0.7161,english,Synthetic Student 1903 (A- Level),Consistent Climber,kertas1,"[4, 7, 10, 1]",STU-SYN1903,1903,A-,75.74,16665,"[8, 5]"
synthetic.student1904@mathsy.synthetic,0.4786,english,Synthetic Student 1904 (E Level),Flexible Learner,kertas1,"[1, 8, 16, 17]",STU-SYN1904,1904,E,44.47,16666,"[13, 2, 9, 5, 15]"
synthetic.student1905@mathsy.synthetic,0.3592,bm,Synthetic Student 1905 (G Level),Fresh Starter,kertas1,"[14, 17]",STU-SYN1905,1905,G,25,16667,"[12, 1, 6, 10, 11]"
synthetic.student1906@mathsy.synthetic,0.6439,bm,Synthetic Student 1906 (C+ Level),Deep Focus Learner,mixed,"[7, 16, 10, 13]",STU-SYN1906,1906,C+,59.7,16668,"[3, 1, 17]"
synthetic.student1907@mathsy.synthetic,0.7845,english,Synthetic Student 1907 (A- Level),Deep Focus Learner,mixed,"[7, 9]",STU-SYN1907,1907,A-,73.2,16669,"[5, 3, 2]"
synthetic.student1908@mathsy.synthetic,0.8174,english,Synthetic Student 1908 (A Level),Consistent Climber,mixed,"[6, 5]",STU-SYN1908,1908,A,84.29,16670,"[3, 10, 1, 14]"
synthetic.student1909@mathsy.synthetic,0.4432,english,Synthetic Student 1909 (G Level),Fresh Starter,kertas1,"[1, 6, 17, 18]",STU-SYN1909,1909,G,29.36,16671,"[16, 12, 9, 4]"
synthetic.student1910@mathsy.synthetic,0.6782,english,Synthetic Student 1910 (B Level),Weekend Learner,kertas2,"[6, 8, 18, 10]",STU-SYN1910,1910,B,63.97,16672,"[12, 4, 7, 14]"
synthetic.student1911@mathsy.synthetic,0.6821,english,Synthetic Student 1911 (B Level),Flexible Learner,kertas1,"[8, 12, 18, 15]",STU-SYN1911,1911,B,62.21,16673,"[11, 13, 10, 4, 6]"
synthetic.student1912@mathsy.synthetic,0.5835,bm,Synthetic Student 1912 (E Level),Fresh Starter,mixed,"[2, 4, 18, 1]",STU-SYN1912,1912,E,44.82,16674,"[17, 8, 11, 15]"
synthetic.student1913@mathsy.synthetic,0.8374,bm,Synthetic Student 1913 (A Level),Consistent Climber,kertas1,"[15, 14, 6]",STU-SYN1913,1913,A,87.26,16675,"[16, 8]"
synthetic.student1914@mathsy.synthetic,0.519,english,Synthetic Student 1914 (D Level),Weekend Learner,kertas1,"[8, 16, 15]",STU-SYN1914,1914,D,45.21,16676,"[1, 13, 14, 4]"
synthetic.student1915@mathsy.synthetic,0.4892,bm,Synthetic Student 1915 (E Level),Flexible Learner,mixed,"[7, 11, 8]",STU-SYN1915,1915,E,43.34,16677,"[15, 12, 5, 3, 9]"
synthetic.student1916@mathsy.synthetic,0.784,bm,Synthetic Student 1916 (A- Level),Deep Focus Learner,mixed,"[6, 2, 14, 13]",STU-SYN1916,1916,A-,72.78,16678,"[3, 15, 5, 9, 10]"
synthetic.student1917@mathsy.synthetic,0.6803,english,Synthetic Student 1917 (B+ Level),Consistent Climber,kertas1,"[9, 17]",STU-SYN1917,1917,B+,68.12,16679,"[15, 11, 4, 5]"
synthetic.student1918@mathsy.synthetic,0.5493,english,Synthetic Student 1918 (D Level),Flexible Learner,kertas2,"[14, 7]",STU-SYN1918,1918,D,49.62,16680,"[8, 16, 2, 4]"
synthetic.student1919@mathsy.synthetic,0.5441,english,Synthetic Student 1919 (E Level),Fresh Starter,kertas1,"[4, 3, 15]",STU-SYN1919,1919,E,42.21,16681,"[1, 5, 13]"
synthetic.student1920@mathsy.synthetic,0.4904,english,Synthetic Student 1920 (G Level),Fresh Starter,kertas1,"[3, 6, 4]",STU-SYN1920,1920,G,39.04,16682,"[10, 12]"
synthetic.student1921@mathsy.synthetic,0.6223,english,Synthetic Student 1921 (B Level),Consistent Climber,kertas2,"[16, 7, 17]",STU-SYN1921,1921,B,60.87,16683,"[2, 13, 6, 11, 9]"
synthetic.student1922@mathsy.synthetic,0.5209,english,Synthetic Student 1922 (C Level),Deep Focus Learner,kertas1,"[1, 7, 11, 5]",STU-SYN1922,1922,C,51.57,16684,"[18, 4]"
synthetic.student1923@mathsy.synthetic,0.7412,english,Synthetic Student 1923 (A- Level),Weekend Learner,mixed,"[3, 18, 9]",STU-SYN1923,1923,A-,71.54,16685,"[11, 1]"
synthetic.student1924@mathsy.synthetic,0.5596,english,Synthetic Student 1924 (C Level),Flexible Learner,mixed,"[1, 10, 9]",STU-SYN1924,1924,C,54.58,16686,"[17, 2]"
synthetic.student1925@mathsy.synthetic,0.7985,english,Synthetic Student 1925 (A- Level),Deep Focus Learner,kertas2,"[8, 5]",STU-SYN1925,1925,A-,74.44,16687,"[17, 6, 18, 13, 11]"
synthetic.student1926@mathsy.synthetic,0.8145,english,Synthetic Student 1926 (A- Level),Deep Focus Learner,kertas2,"[11, 9, 17, 5]",STU-SYN1926,1926,A-,78.57,16688,"[18, 16]"
synthetic.student1927@mathsy.synthetic,0.6286,bm,Synthetic Student 1927 (C+ Level),Flexible Learner,kertas1,"[15, 13]",STU-SYN1927,1927,C+,56.52,16689,"[11, 4, 1, 10, 6]"
synthetic.student1928@mathsy.synthetic,0.4993,english,Synthetic Student 1928 (D Level),Deep Focus Learner,kertas2,"[1, 6, 10, 15]",STU-SYN1928,1928,D,49.21,16690,"[17, 2]"
synthetic.student1929@mathsy.synthetic,0.6517,english,Synthetic Student 1929 (B Level),Flexible Learner,kertas1,"[18, 16, 7]",STU-SYN1929,1929,B,61.74,16691,"[4, 6]"
synthetic.student1930@mathsy.synthetic,0.5573,english,Synthetic Student 1930 (C Level),Flexible Learner,mixed,"[2, 16, 5, 12]",STU-SYN1930,1930,C,53.5,16692,"[3, 11]"
synthetic.student1931@mathsy.synthetic,0.5766,bm,Synthetic Student 1931 (D Level),Fresh Starter,kertas2,"[8, 10]",STU-SYN1931,1931,D,48.42,16693,"[9, 5]"
synthetic.student1932@mathsy.synthetic,0.4946,english,Synthetic Student 1932 (E Level),Weekend Learner,mixed,"[16, 7, 8]",STU-SYN1932,1932,E,43.39,16694,"[4, 2, 15, 12]"
synthetic.student1933@mathsy.synthetic,0.4705,english,Synthetic Student 1933 (E Level),Weekend Learner,kertas1,"[14, 2]",STU-SYN1933,1933,E,40.84,16695,"[3, 7, 4, 10, 11]"
synthetic.student1934@mathsy.synthetic,0.6848,english,Synthetic Student 1934 (B Level),Flexible Learner,mixed,"[3, 4, 6, 1]",STU-SYN1934,1934,B,63.97,16696,"[8, 13, 16, 15, 11]"
synthetic.student1935@mathsy.synthetic,0.6025,english,Synthetic Student 1935 (C+ Level),Deep Focus Learner,kertas2,"[17, 6, 9]",STU-SYN1935,1935,C+,57.78,16697,"[7, 3]"
synthetic.student1936@mathsy.synthetic,0.7087,english,Synthetic Student 1936 (B+ Level),Flexible Learner,kertas2,"[7, 18]",STU-SYN1936,1936,B+,68.44,16698,"[11, 14]"
synthetic.student1937@mathsy.synthetic,0.5984,english,Synthetic Student 1937 (C+ Level),Consistent Climber,kertas1,"[12, 2, 16]",STU-SYN1937,1937,C+,59.56,16699,"[1, 17, 11, 10, 4]"
synthetic.student1938@mathsy.synthetic,0.7388,english,Synthetic Student 1938 (A- Level),Weekend Learner,kertas2,"[13, 3]",STU-SYN1938,1938,A-,70.08,16700,"[15, 8, 11]"
synthetic.student1939@mathsy.synthetic,0.5927,english,Synthetic Student 1939 (C+ Level),Weekend Learner,kertas1,"[5, 3, 7, 18]",STU-SYN1939,1939,C+,56.17,16701,"[16, 11, 8]"
synthetic.student1940@mathsy.synthetic,0.4929,english,Synthetic Student 1940 (G Level),Fresh Starter,kertas2,"[6, 18, 14]",STU-SYN1940,1940,G,32.49,16702,"[11, 12, 15, 17, 10]"
synthetic.student1941@mathsy.synthetic,0.5314,english,Synthetic Student 1941 (C Level),Weekend Learner,kertas2,"[15, 16]",STU-SYN1941,1941,C,50.14,16703,"[8, 3]"
synthetic.student1942@mathsy.synthetic,0.5879,english,Synthetic Student 1942 (C Level),Weekend Learner,kertas1,"[3, 16]",STU-SYN1942,1942,C,54.64,16704,"[1, 5, 17, 14]"
synthetic.student1943@mathsy.synthetic,0.5784,english,Synthetic Student 1943 (C Level),Weekend Learner,kertas2,"[15, 14, 12]",STU-SYN1943,1943,C,53.91,16705,"[4, 2, 13, 3]"
synthetic.student1944@mathsy.synthetic,0.7352,english,Synthetic Student 1944 (B+ Level),Deep Focus Learner,mixed,"[2, 6, 4, 10]",STU-SYN1944,1944,B+,66.05,16706,"[12, 7, 8, 1]"
synthetic.student1945@mathsy.synthetic,0.72,english,Synthetic Student 1945 (B+ Level),Weekend Learner,kertas1,"[7, 17, 5]",STU-SYN1945,1945,B+,68.8,16707,"[4, 2, 11]"
synthetic.student1946@mathsy.synthetic,0.5608,bm,Synthetic Student 1946 (C+ Level),Weekend Learner,kertas1,"[12, 11, 7, 13]",STU-SYN1946,1946,C+,55.12,16708,"[1, 4]"
synthetic.student1947@mathsy.synthetic,0.5358,bm,Synthetic Student 1947 (E Level),Fresh Starter,kertas2,"[16, 1, 12]",STU-SYN1947,1947,E,41.36,16709,"[4, 11]"
synthetic.student1948@mathsy.synthetic,0.6618,english,Synthetic Student 1948 (B+ Level),Consistent Climber,kertas2,"[12, 6, 7]",STU-SYN1948,1948,B+,66.67,16710,"[18, 1, 2]"
synthetic.student1949@mathsy.synthetic,0.5205,bm,Synthetic Student 1949 (C Level),Deep Focus Learner,mixed,"[14, 5]",STU-SYN1949,1949,C,50.58,16711,"[10, 15]"
synthetic.student1950@mathsy.synthetic,0.7588,english,Synthetic Student 1950 (A- Level),Flexible Learner,mixed,"[1, 18, 9, 15]",STU-SYN1950,1950,A-,75.65,16712,"[14, 3]"
synthetic.student1951@mathsy.synthetic,0.669,english,Synthetic Student 1951 (B+ Level),Flexible Learner,kertas1,"[14, 10]",STU-SYN1951,1951,B+,65.05,16713,"[3, 13, 9]"
synthetic.student1952@mathsy.synthetic,0.6471,english,Synthetic Student 1952 (B+ Level),Consistent Climber,kertas1,"[3, 7, 9, 14]",STU-SYN1952,1952,B+,65.49,16714,"[10, 16, 4, 1]"
synthetic.student1953@mathsy.synthetic,0.7421,english,Synthetic Student 1953 (A- Level),Flexible Learner,kertas1,"[13, 4]",STU-SYN1953,1953,A-,72.93,16715,"[9, 3]"
synthetic.student1954@mathsy.synthetic,0.7626,english,Synthetic Student 1954 (A Level),Consistent Climber,kertas1,"[17, 14, 12, 2]",STU-SYN1954,1954,A,81.84,16716,"[5, 6]"
synthetic.student1955@mathsy.synthetic,0.7773,english,Synthetic Student 1955 (A- Level),Deep Focus Learner,mixed,"[11, 9]",STU-SYN1955,1955,A-,73.34,16717,"[15, 4, 10, 7]"
synthetic.student1956@mathsy.synthetic,0.7755,english,Synthetic Student 1956 (A Level),Consistent Climber,mixed,"[12, 5, 4]",STU-SYN1956,1956,A,80.71,16718,"[2, 11]"
synthetic.student1957@mathsy.synthetic,0.615,english,Synthetic Student 1957 (C+ Level),Weekend Learner,mixed,"[15, 1, 5]",STU-SYN1957,1957,C+,57.28,16719,"[9, 8, 7]"
synthetic.student1958@mathsy.synthetic,0.5239,bm,Synthetic Student 1958 (D Level),Deep Focus Learner,kertas2,"[10, 18, 9, 11]",STU-SYN1958,1958,D,48.65,16720,"[6, 16, 12, 3]"
synthetic.student1959@mathsy.synthetic,0.3969,english,Synthetic Student 1959 (G Level),Fresh Starter,mixed,"[4, 9, 7]",STU-SYN1959,1959,G,25,16721,"[18, 6, 2, 1, 8]"
synthetic.student1960@mathsy.synthetic,0.8257,english,Synthetic Student 1960 (A Level),Consistent Climber,mixed,"[3, 2, 12, 4]",STU-SYN1960,1960,A,82.52,16722,"[5, 10, 6, 11, 8]"
synthetic.student1961@mathsy.synthetic,0.5356,bm,Synthetic Student 1961 (C Level),Flexible Learner,kertas1,"[5, 10, 13, 17]",STU-SYN1961,1961,C,51.37,16723,"[8, 18, 7]"
synthetic.student1962@mathsy.synthetic,0.8384,bm,Synthetic Student 1962 (A Level),Consistent Climber,mixed,"[16, 17, 14, 2]",STU-SYN1962,1962,A,87.07,16724,"[15, 7, 6]"
synthetic.student1963@mathsy.synthetic,0.6066,english,Synthetic Student 1963 (C+ Level),Weekend Learner,mixed,"[4, 14]",STU-SYN1963,1963,C+,55.12,16725,"[2, 11, 5, 1, 18]"
synthetic.student1964@mathsy.synthetic,0.6165,english,Synthetic Student 1964 (C+ Level),Weekend Learner,mixed,"[11, 5, 10]",STU-SYN1964,1964,C+,57.6,16726,"[18, 13, 3]"
synthetic.student1965@mathsy.synthetic,0.619,english,Synthetic Student 1965 (C+ Level),Weekend Learner,mixed,"[2, 5, 11]",STU-SYN1965,1965,C+,56.89,16727,"[4, 1, 18]"
synthetic.student1966@mathsy.synthetic,0.6352,english,Synthetic Student 1966 (B+ Level),Consistent Climber,kertas1,"[8, 10, 9]",STU-SYN1966,1966,B+,68.5,16728,"[13, 16, 2]"
synthetic.student1967@mathsy.synthetic,0.6667,english,Synthetic Student 1967 (B+ Level),Consistent Climber,kertas1,"[17, 12, 16, 11]",STU-SYN1967,1967,B+,66.51,16729,"[8, 10, 3, 7, 13]"
synthetic.student1968@mathsy.synthetic,0.5371,english,Synthetic Student 1968 (D Level),Flexible Learner,kertas1,"[9, 12, 18, 15]",STU-SYN1968,1968,D,49.99,16730,"[8, 11, 10, 16]"
synthetic.student1969@mathsy.synthetic,0.7076,bm,Synthetic Student 1969 (B+ Level),Weekend Learner,kertas2,"[3, 8, 7, 2]",STU-SYN1969,1969,B+,65.13,16731,"[6, 10, 9]"
synthetic.student1970@mathsy.synthetic,0.6557,english,Synthetic Student 1970 (B Level),Weekend Learner,kertas2,"[12, 3, 8]",STU-SYN1970,1970,B,64.73,16732,"[13, 18, 14]"
synthetic.student1971@mathsy.synthetic,0.8231,english,Synthetic Student 1971 (A Level),Consistent Climber,kertas1,"[9, 18, 5, 14]",STU-SYN1971,1971,A,84.44,16733,"[2, 1]"
synthetic.student1972@mathsy.synthetic,0.5279,bm,Synthetic Student 1972 (G Level),Fresh Starter,kertas2,"[11, 4, 14, 10]",STU-SYN1972,1972,G,38.38,16734,"[2, 17, 16]"
synthetic.student1973@mathsy.synthetic,0.4909,english,Synthetic Student 1973 (G Level),Fresh Starter,kertas2,"[10, 2, 17, 3]",STU-SYN1973,1973,G,38.57,16735,"[8, 14]"
synthetic.student1974@mathsy.synthetic,0.4855,english,Synthetic Student 1974 (E Level),Deep Focus Learner,kertas1,"[14, 2]",STU-SYN1974,1974,E,43.0,16736,"[3, 5, 7, 1]"
synthetic.student1975@mathsy.synthetic,0.736,english,Synthetic Student 1975 (A- Level),Deep Focus Learner,kertas1,"[12, 18, 11, 13]",STU-SYN1975,1975,A-,70.68,16737,"[7, 15, 4]"
synthetic.student1976@mathsy.synthetic,0.6089,english,Synthetic Student 1976 (B Level),Deep Focus Learner,kertas1,"[2, 3, 17, 10]",STU-SYN1976,1976,B,61.45,16738,"[9, 18]"
synthetic.student1977@mathsy.synthetic,0.6555,english,Synthetic Student 1977 (B Level),Deep Focus Learner,mixed,"[7, 16, 6, 15]",STU-SYN1977,1977,B,61.88,16739,"[14, 3]"
synthetic.student1978@mathsy.synthetic,0.4978,english,Synthetic Student 1978 (E Level),Weekend Learner,kertas2,"[8, 11, 2, 5]",STU-SYN1978,1978,E,42.64,16740,"[4, 10, 6, 18, 17]"
synthetic.student1979@mathsy.synthetic,0.4514,english,Synthetic Student 1979 (E Level),Flexible Learner,kertas2,"[11, 12, 1, 2]",STU-SYN1979,1979,E,40.97,16741,"[13, 8, 16, 15]"
synthetic.student1980@mathsy.synthetic,0.9478,english,Synthetic Student 1980 (A+ Level),High Achiever,mixed,"[8, 1, 17]",STU-SYN1980,1980,A+,98,16742,"[9, 6]"
synthetic.student1981@mathsy.synthetic,0.738,english,Synthetic Student 1981 (A- Level),Deep Focus Learner,kertas2,"[13, 4]",STU-SYN1981,1981,A-,72.28,16743,"[6, 3]"
synthetic.student1982@mathsy.synthetic,0.6358,english,Synthetic Student 1982 (B Level),Consistent Climber,kertas2,"[2, 18, 10]",STU-SYN1982,1982,B,64.5,16744,"[16, 9, 7, 17]"
synthetic.student1983@mathsy.synthetic,0.5154,bm,Synthetic Student 1983 (D Level),Weekend Learner,kertas2,"[11, 2]",STU-SYN1983,1983,D,47.1,16745,"[6, 14, 4, 16, 18]"
synthetic.student1984@mathsy.synthetic,0.8474,english,Synthetic Student 1984 (A Level),Consistent Climber,kertas2,"[2, 15, 1]",STU-SYN1984,1984,A,85.26,16746,"[10, 12, 18, 17, 6]"
synthetic.student1985@mathsy.synthetic,0.5834,english,Synthetic Student 1985 (C Level),Weekend Learner,kertas2,"[16, 5]",STU-SYN1985,1985,C,53.53,16747,"[13, 12, 4]"
synthetic.student1986@mathsy.synthetic,0.643,bm,Synthetic Student 1986 (B Level),Consistent Climber,kertas1,"[14, 5, 4]",STU-SYN1986,1986,B,61.72,16748,"[10, 13, 12, 11, 7]"
synthetic.student1987@mathsy.synthetic,0.7081,bm,Synthetic Student 1987 (B+ Level),Deep Focus Learner,kertas1,"[3, 17, 9, 10]",STU-SYN1987,1987,B+,67.31,16749,"[15, 1, 5]"
synthetic.student1988@mathsy.synthetic,0.4956,english,Synthetic Student 1988 (E Level),Flexible Learner,kertas1,"[13, 4, 2]",STU-SYN1988,1988,E,43.7,16750,"[17, 3, 1, 6, 5]"
synthetic.student1989@mathsy.synthetic,0.5398,english,Synthetic Student 1989 (D Level),Weekend Learner,mixed,"[16, 5, 12]",STU-SYN1989,1989,D,49.45,16751,"[13, 11, 14, 10, 9]"
synthetic.student1990@mathsy.synthetic,0.781,english,Synthetic Student 1990 (A- Level),Consistent Climber,kertas2,"[8, 10, 5]",STU-SYN1990,1990,A-,79.08,16752,"[13, 14, 12, 9]"
synthetic.student1991@mathsy.synthetic,0.6833,bm,Synthetic Student 1991 (B Level),Flexible Learner,mixed,"[7, 13, 9, 11]",STU-SYN1991,1991,B,61.54,16753,"[14, 1, 16, 5, 8]"
synthetic.student1992@mathsy.synthetic,0.6076,english,Synthetic Student 1992 (C+ Level),Deep Focus Learner,kertas1,"[5, 18]",STU-SYN1992,1992,C+,57.12,16754,"[3, 7, 1]"
synthetic.student1993@mathsy.synthetic,0.4959,english,Synthetic Student 1993 (D Level),Weekend Learner,mixed,"[13, 11]",STU-SYN1993,1993,D,47.09,16755,"[3, 15]"
synthetic.student1994@mathsy.synthetic,0.6312,english,Synthetic Student 1994 (B Level),Weekend Learner,mixed,"[4, 12]",STU-SYN1994,1994,B,60.93,16756,"[17, 3]"
synthetic.student1995@mathsy.synthetic,0.5136,english,Synthetic Student 1995 (D Level),Flexible Learner,mixed,"[5, 18, 13, 16]",STU-SYN1995,1995,D,49.06,16757,"[6, 11]"
synthetic.student1996@mathsy.synthetic,0.3985,bm,Synthetic Student 1996 (G Level),Fresh Starter,kertas2,"[1, 6, 18, 8]",STU-SYN1996,1996,G,26.25,16758,"[17, 14, 15, 7]"
synthetic.student1997@mathsy.synthetic,0.773,english,Synthetic Student 1997 (A- Level),Flexible Learner,kertas2,"[13, 5]",STU-SYN1997,1997,A-,74.4,16759,"[16, 6, 1, 8, 4]"
synthetic.student1998@mathsy.synthetic,0.8914,bm,Synthetic Student 1998 (A+ Level),High Achiever,mixed,"[11, 10, 6]",STU-SYN1998,1998,A+,92.41,16760,"[9, 17, 2]"
synthetic.student1999@mathsy.synthetic,0.6521,bm,Synthetic Student 1999 (B Level),Flexible Learner,kertas1,"[7, 5]",STU-SYN1999,1999,B,64.42,16761,"[4, 14]"
synthetic.student2000@mathsy.synthetic,0.6654,english,Synthetic Student 2000 (B Level),Weekend Learner,mixed,"[8, 14]",STU-SYN2000,2000,B,64.64,16762,"[2, 6]"
synthetic.student2001@mathsy.synthetic,0.3794,bm,Synthetic Student 2001 (G Level),Fresh Starter,kertas1,"[11, 13]",STU-SYN2001,2001,G,25,16763,"[4, 3, 14, 5]"
synthetic.student2002@mathsy.synthetic,0.8551,english,Synthetic Student 2002 (A Level),Consistent Climber,mixed,"[10, 7, 17, 8]",STU-SYN2002,2002,A,86.53,16764,"[9, 4, 16]"
synthetic.student2003@mathsy.synthetic,0.309,english,Synthetic Student 2003 (G Level),Fresh Starter,kertas1,"[2, 11, 15, 14]",STU-SYN2003,2003,G,25,16765,"[5, 6]"
synthetic.student2004@mathsy.synthetic,0.6632,bm,Synthetic Student 2004 (A- Level),Consistent Climber,kertas1,"[1, 15, 11]",STU-SYN2004,2004,A-,72.14,16766,"[3, 8]"
synthetic.student2005@mathsy.synthetic,0.759,english,Synthetic Student 2005 (A- Level),Flexible Learner,kertas2,"[6, 8, 16]",STU-SYN2005,2005,A-,72.5,16767,"[4, 10, 9, 13]"
synthetic.student2006@mathsy.synthetic,0.7449,bm,Synthetic Student 2006 (B+ Level),Flexible Learner,mixed,"[15, 3, 16, 7]",STU-SYN2006,2006,B+,69.06,16768,"[9, 8, 14, 5, 10]"
synthetic.student2007@mathsy.synthetic,0.8275,english,Synthetic Student 2007 (A Level),High Achiever,mixed,"[1, 16, 18, 17]",STU-SYN2007,2007,A,85.66,16769,"[3, 2, 8, 5]"
synthetic.student2008@mathsy.synthetic,0.3094,english,Synthetic Student 2008 (G Level),Fresh Starter,mixed,"[7, 3]",STU-SYN2008,2008,G,25,16770,"[8, 9, 18]"
synthetic.student2009@mathsy.synthetic,0.7167,english,Synthetic Student 2009 (B+ Level),Flexible Learner,kertas1,"[3, 2, 8]",STU-SYN2009,2009,B+,68.85,16771,"[16, 12, 18]"
synthetic.student2010@mathsy.synthetic,0.8024,english,Synthetic Student 2010 (A Level),High Achiever,kertas1,"[8, 6]",STU-SYN2010,2010,A,85.05,16772,"[7, 3, 12]"
synthetic.student2011@mathsy.synthetic,0.5969,english,Synthetic Student 2011 (B Level),Consistent Climber,mixed,"[12, 17, 6]",STU-SYN2011,2011,B,60.8,16773,"[11, 9, 7]"
synthetic.student2012@mathsy.synthetic,0.5852,english,Synthetic Student 2012 (B Level),Consistent Climber,kertas1,"[17, 10, 12, 3]",STU-SYN2012,2012,B,60.14,16774,"[16, 6, 8, 5]"
synthetic.student2013@mathsy.synthetic,0.4819,english,Synthetic Student 2013 (E Level),Flexible Learner,kertas1,"[1, 13, 8, 2]",STU-SYN2013,2013,E,42.15,16775,"[18, 7, 9, 14, 3]"
synthetic.student2014@mathsy.synthetic,0.7899,english,Synthetic Student 2014 (A Level),Consistent Climber,kertas2,"[18, 13, 9, 7]",STU-SYN2014,2014,A,83.98,16776,"[8, 17]"
synthetic.student2015@mathsy.synthetic,0.4678,bm,Synthetic Student 2015 (D Level),Weekend Learner,mixed,"[12, 3, 8]",STU-SYN2015,2015,D,45.65,16777,"[1, 5]"
synthetic.student2016@mathsy.synthetic,0.5405,english,Synthetic Student 2016 (D Level),Flexible Learner,mixed,"[16, 9, 6, 10]",STU-SYN2016,2016,D,46.26,16778,"[18, 3, 8, 7, 15]"
synthetic.student2017@mathsy.synthetic,0.5063,bm,Synthetic Student 2017 (D Level),Flexible Learner,mixed,"[16, 2]",STU-SYN2017,2017,D,49.56,16779,"[6, 18]"
synthetic.student2018@mathsy.synthetic,0.5131,english,Synthetic Student 2018 (C Level),Flexible Learner,kertas1,"[5, 16, 2, 1]",STU-SYN2018,2018,C,50.62,16780,"[4, 8]"
synthetic.student2019@mathsy.synthetic,0.6249,english,Synthetic Student 2019 (C+ Level),Weekend Learner,kertas1,"[18, 2, 6, 4]",STU-SYN2019,2019,C+,58.5,16781,"[15, 9, 7]"
synthetic.student2020@mathsy.synthetic,0.6867,english,Synthetic Student 2020 (B Level),Flexible Learner,kertas2,"[16, 10, 6]",STU-SYN2020,2020,B,63.86,16782,"[18, 5, 9, 2]"
synthetic.student2021@mathsy.synthetic,0.7154,bm,Synthetic Student 2021 (B+ Level),Weekend Learner,kertas1,"[18, 16, 7, 13]",STU-SYN2021,2021,B+,68.4,16783,"[10, 6, 8]"
synthetic.student2022@mathsy.synthetic,0.7534,english,Synthetic Student 2022 (A- Level),Consistent Climber,mixed,"[14, 13]",STU-SYN2022,2022,A-,76.08,16784,"[1, 9, 7]"
synthetic.student2023@mathsy.synthetic,0.7952,english,Synthetic Student 2023 (A Level),Consistent Climber,kertas2,"[10, 12, 4]",STU-SYN2023,2023,A,80.42,16785,"[8, 6, 11]"
synthetic.student2024@mathsy.synthetic,0.6005,english,Synthetic Student 2024 (C+ Level),Flexible Learner,mixed,"[6, 17]",STU-SYN2024,2024,C+,58.05,16786,"[13, 15, 2, 8, 18]"
synthetic.student2025@mathsy.synthetic,0.656,english,Synthetic Student 2025 (C+ Level),Flexible Learner,kertas1,"[12, 5, 16, 4]",STU-SYN2025,2025,C+,59.77,16787,"[2, 14, 8, 6, 10]"
synthetic.student2026@mathsy.synthetic,0.6632,english,Synthetic Student 2026 (B+ Level),Consistent Climber,kertas1,"[15, 10, 8]",STU-SYN2026,2026,B+,68.67,16788,"[14, 7, 5]"
synthetic.student2027@mathsy.synthetic,0.8133,bm,Synthetic Student 2027 (A Level),Consistent Climber,mixed,"[5, 14, 10]",STU-SYN2027,2027,A,85.36,16789,"[18, 17]"
synthetic.student2028@mathsy.synthetic,0.7466,bm,Synthetic Student 2028 (A- Level),Flexible Learner,kertas1,"[7, 2, 13]",STU-SYN2028,2028,A-,72.82,16790,"[9, 16, 5]"
synthetic.student2029@mathsy.synthetic,0.7108,bm,Synthetic Student 2029 (B+ Level),Deep Focus Learner,kertas1,"[14, 17, 4, 12]",STU-SYN2029,2029,B+,66.84,16791,"[2, 11, 13]"
synthetic.student2030@mathsy.synthetic,0.7125,english,Synthetic Student 2030 (B+ Level),Consistent Climber,kertas2,"[10, 14, 11, 9]",STU-SYN2030,2030,B+,69.71,16792,"[8, 4, 16, 3, 18]"
synthetic.student2031@mathsy.synthetic,0.553,english,Synthetic Student 2031 (C Level),Deep Focus Learner,kertas2,"[12, 16, 14]",STU-SYN2031,2031,C,50.18,16793,"[10, 9, 8, 17, 11]"
synthetic.student2032@mathsy.synthetic,0.4894,english,Synthetic Student 2032 (E Level),Deep Focus Learner,kertas2,"[14, 6, 1, 18]",STU-SYN2032,2032,E,42.21,16794,"[17, 11, 8, 3]"
synthetic.student2033@mathsy.synthetic,0.5976,english,Synthetic Student 2033 (E Level),Fresh Starter,kertas1,"[16, 15, 11]",STU-SYN2033,2033,E,43.58,16795,"[9, 13, 6, 5, 17]"
synthetic.student2034@mathsy.synthetic,0.6387,bm,Synthetic Student 2034 (B Level),Flexible Learner,mixed,"[12, 16, 8]",STU-SYN2034,2034,B,61.6,16796,"[11, 17, 14]"
synthetic.student2035@mathsy.synthetic,0.8025,english,Synthetic Student 2035 (A- Level),Deep Focus Learner,kertas1,"[5, 3]",STU-SYN2035,2035,A-,78.25,16797,"[11, 9]"
synthetic.student2036@mathsy.synthetic,0.8532,english,Synthetic Student 2036 (A Level),High Achiever,kertas1,"[13, 6, 17]",STU-SYN2036,2036,A,87.23,16798,"[2, 11, 18]"
synthetic.student2037@mathsy.synthetic,0.7896,english,Synthetic Student 2037 (A Level),High Achiever,mixed,"[9, 4]",STU-SYN2037,2037,A,80.73,16799,"[5, 18, 1, 17]"
synthetic.student2038@mathsy.synthetic,0.6803,english,Synthetic Student 2038 (B+ Level),Consistent Climber,kertas2,"[9, 4, 17, 12]",STU-SYN2038,2038,B+,68.26,16800,"[16, 11, 8, 6]"
synthetic.student2039@mathsy.synthetic,0.6835,english,Synthetic Student 2039 (A- Level),Consistent Climber,kertas2,"[5, 17]",STU-SYN2039,2039,A-,70.62,16801,"[12, 3, 16]"
synthetic.student2040@mathsy.synthetic,0.6303,english,Synthetic Student 2040 (C+ Level),Weekend Learner,kertas1,"[14, 17]",STU-SYN2040,2040,C+,58.08,16802,"[12, 10, 1, 15]"
synthetic.student2041@mathsy.synthetic,0.5113,english,Synthetic Student 2041 (D Level),Flexible Learner,mixed,"[5, 18, 6]",STU-SYN2041,2041,D,46.91,16803,"[4, 10, 12, 17, 14]"
synthetic.student2042@mathsy.synthetic,0.6044,english,Synthetic Student 2042 (B+ Level),Consistent Climber,kertas2,"[14, 10, 9, 3]",STU-SYN2042,2042,B+,66.89,16804,"[2, 8]"
synthetic.student2043@mathsy.synthetic,0.8227,english,Synthetic Student 2043 (A Level),High Achiever,mixed,"[9, 4]",STU-SYN2043,2043,A,86.7,16805,"[2, 14]"
synthetic.student2044@mathsy.synthetic,0.4426,english,Synthetic Student 2044 (G Level),Weekend Learner,kertas1,"[13, 5, 15]",STU-SYN2044,2044,G,37.16,16806,"[9, 17, 4, 11, 16]"
synthetic.student2045@mathsy.synthetic,0.6168,english,Synthetic Student 2045 (C+ Level),Flexible Learner,kertas2,"[6, 15, 11, 17]",STU-SYN2045,2045,C+,58.26,16807,"[5, 13, 8]"
synthetic.student2046@mathsy.synthetic,0.7811,english,Synthetic Student 2046 (A Level),Consistent Climber,kertas1,"[2, 12]",STU-SYN2046,2046,A,80.16,16808,"[14, 11, 4]"
synthetic.student2047@mathsy.synthetic,0.4121,english,Synthetic Student 2047 (G Level),Fresh Starter,kertas2,"[13, 8, 12, 6]",STU-SYN2047,2047,G,27.64,16809,"[3, 18, 15, 1]"
synthetic.student2048@mathsy.synthetic,0.7818,english,Synthetic Student 2048 (A Level),Consistent Climber,kertas1,"[15, 9, 14]",STU-SYN2048,2048,A,80.75,16810,"[12, 8, 18, 2, 16]"
synthetic.student2049@mathsy.synthetic,0.5595,english,Synthetic Student 2049 (D Level),Deep Focus Learner,mixed,"[10, 15]",STU-SYN2049,2049,D,47.66,16811,"[18, 3, 11, 13, 16]"
synthetic.student2050@mathsy.synthetic,0.4926,bm,Synthetic Student 2050 (D Level),Flexible Learner,kertas2,"[14, 1]",STU-SYN2050,2050,D,47.08,16812,"[18, 10, 6]"
synthetic.student2051@mathsy.synthetic,0.6066,english,Synthetic Student 2051 (E Level),Fresh Starter,kertas2,"[2, 17, 18, 9]",STU-SYN2051,2051,E,43.45,16813,"[1, 4, 10, 11, 13]"
synthetic.student2052@mathsy.synthetic,0.6809,english,Synthetic Student 2052 (B+ Level),Deep Focus Learner,kertas1,"[2, 15, 5]",STU-SYN2052,2052,B+,65.82,16814,"[14, 3]"
synthetic.student2053@mathsy.synthetic,0.5043,english,Synthetic Student 2053 (D Level),Flexible Learner,kertas1,"[18, 12]",STU-SYN2053,2053,D,47.48,16815,"[6, 15, 7]"
synthetic.student2054@mathsy.synthetic,0.6058,english,Synthetic Student 2054 (D Level),Fresh Starter,kertas1,"[17, 6]",STU-SYN2054,2054,D,49.87,16816,"[10, 15]"
synthetic.student2055@mathsy.synthetic,0.9444,english,Synthetic Student 2055 (A+ Level),High Achiever,mixed,"[18, 8, 13, 2]",STU-SYN2055,2055,A+,96.98,16817,"[17, 12, 3, 15]"
synthetic.student2056@mathsy.synthetic,0.6042,bm,Synthetic Student 2056 (B Level),Consistent Climber,mixed,"[10, 16]",STU-SYN2056,2056,B,62.74,16818,"[1, 11, 5]"
synthetic.student2057@mathsy.synthetic,0.6888,english,Synthetic Student 2057 (B Level),Flexible Learner,kertas1,"[7, 18, 2]",STU-SYN2057,2057,B,62.58,16819,"[12, 5, 4]"
synthetic.student2058@mathsy.synthetic,0.6643,english,Synthetic Student 2058 (B Level),Flexible Learner,kertas2,"[4, 3]",STU-SYN2058,2058,B,61.3,16820,"[2, 17, 18, 14, 16]"
synthetic.student2059@mathsy.synthetic,0.6526,english,Synthetic Student 2059 (B Level),Weekend Learner,kertas2,"[2, 3, 6]",STU-SYN2059,2059,B,63.57,16821,"[11, 16]"
synthetic.student2060@mathsy.synthetic,0.8154,english,Synthetic Student 2060 (A Level),Consistent Climber,kertas1,"[3, 5, 1, 13]",STU-SYN2060,2060,A,81.24,16822,"[6, 18, 16, 9, 12]"
synthetic.student2061@mathsy.synthetic,0.3789,english,Synthetic Student 2061 (G Level),Fresh Starter,kertas1,"[8, 14, 9]",STU-SYN2061,2061,G,25,16823,"[4, 1, 2, 5, 16]"
synthetic.student2062@mathsy.synthetic,0.8918,english,Synthetic Student 2062 (A+ Level),High Achiever,kertas1,"[12, 10]",STU-SYN2062,2062,A+,93.12,16824,"[14, 3, 17]"
synthetic.student2063@mathsy.synthetic,0.5887,english,Synthetic Student 2063 (D Level),Fresh Starter,kertas1,"[3, 4]",STU-SYN2063,2063,D,45.79,16825,"[15, 13, 16, 8]"
synthetic.student2064@mathsy.synthetic,0.5268,bm,Synthetic Student 2064 (D Level),Flexible Learner,mixed,"[9, 12]",STU-SYN2064,2064,D,49.03,16826,"[11, 15, 6, 4]"
synthetic.student2065@mathsy.synthetic,0.7287,english,Synthetic Student 2065 (B+ Level),Weekend Learner,kertas1,"[1, 16, 4]",STU-SYN2065,2065,B+,69.73,16827,"[17, 12, 6]"
synthetic.student2066@mathsy.synthetic,0.3434,english,Synthetic Student 2066 (G Level),Fresh Starter,kertas1,"[9, 7, 16, 18]",STU-SYN2066,2066,G,25,16828,"[1, 8, 15]"
synthetic.student2067@mathsy.synthetic,0.4918,english,Synthetic Student 2067 (E Level),Flexible Learner,mixed,"[4, 14, 8, 13]",STU-SYN2067,2067,E,43.58,16829,"[5, 18, 2, 3, 16]"
synthetic.student2068@mathsy.synthetic,0.7586,english,Synthetic Student 2068 (A- Level),Consistent Climber,kertas2,"[8, 3]",STU-SYN2068,2068,A-,78.09,16830,"[14, 9, 12]"
synthetic.student2069@mathsy.synthetic,0.3269,english,Synthetic Student 2069 (G Level),Fresh Starter,mixed,"[9, 11, 18]",STU-SYN2069,2069,G,25,16831,"[3, 7, 10]"
synthetic.student2070@mathsy.synthetic,0.7656,english,Synthetic Student 2070 (A- Level),Consistent Climber,kertas2,"[14, 7, 8]",STU-SYN2070,2070,A-,76.88,16832,"[11, 16, 6, 2]"
synthetic.student2071@mathsy.synthetic,0.3106,bm,Synthetic Student 2071 (G Level),Fresh Starter,kertas2,"[17, 5, 18, 2]",STU-SYN2071,2071,G,25,16833,"[4, 9, 8]"
synthetic.student2072@mathsy.synthetic,0.4658,english,Synthetic Student 2072 (G Level),Fresh Starter,mixed,"[15, 6, 18]",STU-SYN2072,2072,G,32.34,16834,"[9, 7, 13]"
synthetic.student2073@mathsy.synthetic,0.7174,english,Synthetic Student 2073 (B+ Level),Flexible Learner,kertas1,"[3, 16]",STU-SYN2073,2073,B+,66.03,16835,"[2, 11, 6, 4]"
synthetic.student2074@mathsy.synthetic,0.7887,english,Synthetic Student 2074 (A- Level),Consistent Climber,kertas1,"[6, 8, 4]",STU-SYN2074,2074,A-,77.03,16836,"[17, 11, 15, 9, 10]"
synthetic.student2075@mathsy.synthetic,0.6413,english,Synthetic Student 2075 (B+ Level),Consistent Climber,kertas1,"[3, 7, 5]",STU-SYN2075,2075,B+,67.85,16837,"[8, 2, 11]"
synthetic.student2076@mathsy.synthetic,0.4808,english,Synthetic Student 2076 (D Level),Flexible Learner,kertas2,"[2, 6, 7]",STU-SYN2076,2076,D,45.46,16838,"[3, 13]"
synthetic.student2077@mathsy.synthetic,0.7391,bm,Synthetic Student 2077 (A- Level),Consistent Climber,mixed,"[8, 4, 5]",STU-SYN2077,2077,A-,75.92,16839,"[10, 1, 13, 7, 6]"
synthetic.student2078@mathsy.synthetic,0.821,bm,Synthetic Student 2078 (A Level),Consistent Climber,mixed,"[15, 1, 16, 3]",STU-SYN2078,2078,A,82.72,16840,"[4, 13, 11, 9]"
synthetic.student2079@mathsy.synthetic,0.7305,english,Synthetic Student 2079 (A- Level),Deep Focus Learner,kertas1,"[11, 6]",STU-SYN2079,2079,A-,70.14,16841,"[2, 16, 8]"
synthetic.student2080@mathsy.synthetic,0.3093,english,Synthetic Student 2080 (G Level),Fresh Starter,kertas1,"[6, 8, 9, 15]",STU-SYN2080,2080,G,25,16842,"[3, 13, 1, 4, 7]"
synthetic.student2081@mathsy.synthetic,0.6358,bm,Synthetic Student 2081 (B+ Level),Consistent Climber,kertas1,"[16, 12, 14]",STU-SYN2081,2081,B+,66.88,16843,"[9, 11]"
synthetic.student2082@mathsy.synthetic,0.5006,english,Synthetic Student 2082 (D Level),Weekend Learner,mixed,"[10, 7]",STU-SYN2082,2082,D,46.86,16844,"[11, 15, 6, 17]"
synthetic.student2083@mathsy.synthetic,0.7465,bm,Synthetic Student 2083 (A- Level),Flexible Learner,mixed,"[9, 1, 13]",STU-SYN2083,2083,A-,70.34,16845,"[4, 8, 17, 14, 2]"
synthetic.student2084@mathsy.synthetic,0.5348,bm,Synthetic Student 2084 (D Level),Flexible Learner,kertas2,"[12, 13]",STU-SYN2084,2084,D,48.32,16846,"[8, 17, 11, 1, 18]"
synthetic.student2085@mathsy.synthetic,0.612,english,Synthetic Student 2085 (C+ Level),Deep Focus Learner,mixed,"[18, 8, 3]",STU-SYN2085,2085,C+,59.3,16847,"[16, 6]"
synthetic.student2086@mathsy.synthetic,0.6128,english,Synthetic Student 2086 (C Level),Deep Focus Learner,mixed,"[3, 9]",STU-SYN2086,2086,C,54.46,16848,"[4, 14, 16, 11]"
synthetic.student2087@mathsy.synthetic,0.754,english,Synthetic Student 2087 (B+ Level),Weekend Learner,mixed,"[4, 17, 16, 3]",STU-SYN2087,2087,B+,67.96,16849,"[13, 14, 5, 11, 18]"
synthetic.student2088@mathsy.synthetic,0.4865,bm,Synthetic Student 2088 (G Level),Fresh Starter,kertas2,"[13, 2, 18]",STU-SYN2088,2088,G,34.23,16850,"[10, 9, 15, 11, 17]"
synthetic.student2089@mathsy.synthetic,0.7136,english,Synthetic Student 2089 (B+ Level),Flexible Learner,kertas1,"[16, 10, 1, 17]",STU-SYN2089,2089,B+,67.13,16851,"[6, 18, 15, 5]"
synthetic.student2090@mathsy.synthetic,0.9547,english,Synthetic Student 2090 (A+ Level),High Achiever,kertas1,"[15, 18]",STU-SYN2090,2090,A+,97.73,16852,"[17, 16, 14]"
synthetic.student2091@mathsy.synthetic,0.3911,english,Synthetic Student 2091 (G Level),Fresh Starter,kertas1,"[12, 9, 14]",STU-SYN2091,2091,G,26.49,16853,"[18, 15, 4, 3]"
synthetic.student2092@mathsy.synthetic,0.6543,bm,Synthetic Student 2092 (B+ Level),Weekend Learner,kertas1,"[5, 4, 2, 11]",STU-SYN2092,2092,B+,65.68,16854,"[9, 7]"
synthetic.student2093@mathsy.synthetic,0.5988,english,Synthetic Student 2093 (C+ Level),Consistent Climber,kertas2,"[18, 15, 10]",STU-SYN2093,2093,C+,58.25,16855,"[16, 1, 8, 14, 6]"
synthetic.student2094@mathsy.synthetic,0.7774,bm,Synthetic Student 2094 (A- Level),Flexible Learner,mixed,"[16, 12]",STU-SYN2094,2094,A-,70.1,16856,"[4, 10, 15, 17, 9]"
synthetic.student2095@mathsy.synthetic,0.6816,bm,Synthetic Student 2095 (B+ Level),Consistent Climber,kertas1,"[2, 17]",STU-SYN2095,2095,B+,68.28,16857,"[8, 10, 4, 3, 18]"
synthetic.student2096@mathsy.synthetic,0.7829,english,Synthetic Student 2096 (A Level),High Achiever,kertas1,"[12, 9, 3]",STU-SYN2096,2096,A,82.37,16858,"[2, 6]"
synthetic.student2097@mathsy.synthetic,0.4962,english,Synthetic Student 2097 (G Level),Fresh Starter,kertas2,"[11, 17, 5, 7]",STU-SYN2097,2097,G,39.23,16859,"[8, 9, 3]"
synthetic.student2098@mathsy.synthetic,0.7826,english,Synthetic Student 2098 (A Level),High Achiever,mixed,"[18, 2]",STU-SYN2098,2098,A,80.78,16860,"[12, 5, 14]"
synthetic.student2099@mathsy.synthetic,0.5408,bm,Synthetic Student 2099 (E Level),Fresh Starter,kertas1,"[4, 1]",STU-SYN2099,2099,E,44.37,16861,"[9, 13]"
synthetic.student2100@mathsy.synthetic,0.4643,english,Synthetic Student 2100 (E Level),Flexible Learner,kertas1,"[18, 6, 11]",STU-SYN2100,2100,E,44.32,16862,"[17, 3]"
synthetic.student2101@mathsy.synthetic,0.6985,english,Synthetic Student 2101 (A- Level),Consistent Climber,kertas1,"[11, 7, 5]",STU-SYN2101,2101,A-,72.67,16863,"[3, 6, 13]"
synthetic.student2102@mathsy.synthetic,0.482,bm,Synthetic Student 2102 (G Level),Fresh Starter,kertas1,"[16, 4, 14, 8]",STU-SYN2102,2102,G,35.03,16864,"[11, 12, 18, 3, 15]"
synthetic.student2103@mathsy.synthetic,0.6595,english,Synthetic Student 2103 (B Level),Deep Focus Learner,mixed,"[3, 12, 15, 18]",STU-SYN2103,2103,B,62.67,16865,"[2, 16, 8]"
synthetic.student2104@mathsy.synthetic,0.8126,english,Synthetic Student 2104 (A- Level),Deep Focus Learner,kertas1,"[10, 6]",STU-SYN2104,2104,A-,73.48,16866,"[11, 9, 4, 5, 3]"
synthetic.student2105@mathsy.synthetic,0.5908,english,Synthetic Student 2105 (B Level),Consistent Climber,kertas1,"[18, 1, 8, 13]",STU-SYN2105,2105,B,60.72,16867,"[11, 9, 5]"
synthetic.student2106@mathsy.synthetic,0.6315,english,Synthetic Student 2106 (B+ Level),Consistent Climber,kertas1,"[6, 7, 5, 17]",STU-SYN2106,2106,B+,67.76,16868,"[18, 2]"
synthetic.student2107@mathsy.synthetic,0.4858,english,Synthetic Student 2107 (D Level),Flexible Learner,kertas1,"[8, 10, 1, 12]",STU-SYN2107,2107,D,45.73,16869,"[5, 9, 16, 18]"
synthetic.student2108@mathsy.synthetic,0.615,english,Synthetic Student 2108 (B+ Level),Consistent Climber,kertas2,"[14, 8, 1]",STU-SYN2108,2108,B+,66.01,16870,"[12, 4]"
synthetic.student2109@mathsy.synthetic,0.7602,english,Synthetic Student 2109 (A- Level),Consistent Climber,mixed,"[5, 15, 14]",STU-SYN2109,2109,A-,73.74,16871,"[10, 12, 17, 7, 3]"
synthetic.student2110@mathsy.synthetic,0.9558,english,Synthetic Student 2110 (A+ Level),High Achiever,kertas2,"[6, 8, 4, 5]",STU-SYN2110,2110,A+,98,16872,"[3, 15, 9, 7]"
synthetic.student2111@mathsy.synthetic,0.9187,english,Synthetic Student 2111 (A+ Level),High Achiever,mixed,"[18, 7]",STU-SYN2111,2111,A+,93.98,16873,"[4, 17, 15, 9]"
synthetic.student2112@mathsy.synthetic,0.834,bm,Synthetic Student 2112 (A Level),Consistent Climber,kertas1,"[13, 2, 14]",STU-SYN2112,2112,A,86.33,16874,"[9, 11]"
synthetic.student2113@mathsy.synthetic,0.8266,english,Synthetic Student 2113 (A Level),Consistent Climber,kertas1,"[9, 5, 1]",STU-SYN2113,2113,A,82.45,16875,"[15, 4, 12]"
synthetic.student2114@mathsy.synthetic,0.7033,english,Synthetic Student 2114 (B+ Level),Weekend Learner,kertas1,"[12, 14, 15]",STU-SYN2114,2114,B+,68.13,16876,"[2, 13]"
synthetic.student2115@mathsy.synthetic,0.6712,bm,Synthetic Student 2115 (C+ Level),Deep Focus Learner,mixed,"[14, 4, 18]",STU-SYN2115,2115,C+,59.39,16877,"[15, 2, 7, 16, 13]"
synthetic.student2116@mathsy.synthetic,0.5909,english,Synthetic Student 2116 (C Level),Deep Focus Learner,kertas2,"[18, 4]",STU-SYN2116,2116,C,53.97,16878,"[11, 17, 1]"
synthetic.student2117@mathsy.synthetic,0.5979,bm,Synthetic Student 2117 (C+ Level),Flexible Learner,kertas2,"[5, 10, 2]",STU-SYN2117,2117,C+,55.43,16879,"[18, 7, 3, 12]"
synthetic.student2118@mathsy.synthetic,0.5891,english,Synthetic Student 2118 (B Level),Consistent Climber,kertas2,"[9, 18, 4]",STU-SYN2118,2118,B,61.91,16880,"[15, 11]"
synthetic.student2119@mathsy.synthetic,0.6142,english,Synthetic Student 2119 (C+ Level),Flexible Learner,kertas2,"[9, 2]",STU-SYN2119,2119,C+,55.71,16881,"[3, 16, 17, 7, 13]"
synthetic.student2120@mathsy.synthetic,0.8165,english,Synthetic Student 2120 (A Level),Consistent Climber,kertas2,"[2, 6, 4]",STU-SYN2120,2120,A,81.82,16882,"[11, 12, 7, 9]"
synthetic.student2121@mathsy.synthetic,0.597,english,Synthetic Student 2121 (C Level),Deep Focus Learner,kertas1,"[7, 4, 17]",STU-SYN2121,2121,C,53.02,16883,"[16, 9, 5, 8, 3]"
synthetic.student2122@mathsy.synthetic,0.5213,english,Synthetic Student 2122 (D Level),Weekend Learner,kertas2,"[17, 3, 10]",STU-SYN2122,2122,D,46.23,16884,"[9, 8, 1, 14]"
synthetic.student2123@mathsy.synthetic,0.6513,english,Synthetic Student 2123 (B Level),Weekend Learner,kertas2,"[8, 18]",STU-SYN2123,2123,B,60.6,16885,"[1, 16, 4]"
synthetic.student2124@mathsy.synthetic,0.6894,bm,Synthetic Student 2124 (A- Level),Consistent Climber,mixed,"[14, 9, 11, 5]",STU-SYN2124,2124,A-,70.85,16886,"[18, 6, 3, 2, 13]"
synthetic.student2125@mathsy.synthetic,0.7865,english,Synthetic Student 2125 (A- Level),Deep Focus Learner,kertas1,"[2, 17, 14]",STU-SYN2125,2125,A-,75.57,16887,"[7, 6, 12]"
synthetic.student2126@mathsy.synthetic,0.6142,english,Synthetic Student 2126 (C+ Level),Flexible Learner,kertas1,"[17, 9]",STU-SYN2126,2126,C+,58.29,16888,"[5, 11, 13, 18]"
synthetic.student2127@mathsy.synthetic,0.5846,english,Synthetic Student 2127 (C Level),Deep Focus Learner,kertas2,"[11, 1, 8, 5]",STU-SYN2127,2127,C,53.08,16889,"[14, 4, 15, 12]"
synthetic.student2128@mathsy.synthetic,0.477,bm,Synthetic Student 2128 (G Level),Fresh Starter,kertas1,"[3, 18, 1]",STU-SYN2128,2128,G,32.49,16890,"[14, 4, 13, 2, 9]"
synthetic.student2129@mathsy.synthetic,0.7594,bm,Synthetic Student 2129 (A- Level),Flexible Learner,kertas2,"[8, 14]",STU-SYN2129,2129,A-,77.37,16891,"[4, 13]"
synthetic.student2130@mathsy.synthetic,0.4802,bm,Synthetic Student 2130 (G Level),Fresh Starter,mixed,"[7, 6, 3]",STU-SYN2130,2130,G,35.96,16892,"[10, 13]"
synthetic.student2131@mathsy.synthetic,0.6635,english,Synthetic Student 2131 (A- Level),Consistent Climber,kertas2,"[10, 6]",STU-SYN2131,2131,A-,71.86,16893,"[11, 8]"
synthetic.student2132@mathsy.synthetic,0.6642,bm,Synthetic Student 2132 (C+ Level),Weekend Learner,kertas1,"[18, 14, 4, 11]",STU-SYN2132,2132,C+,59.97,16894,"[5, 6, 13, 17]"
synthetic.student2133@mathsy.synthetic,0.7785,bm,Synthetic Student 2133 (A- Level),Flexible Learner,kertas2,"[14, 16]",STU-SYN2133,2133,A-,73.82,16895,"[3, 17, 12, 15]"
synthetic.student2134@mathsy.synthetic,0.5928,english,Synthetic Student 2134 (D Level),Fresh Starter,kertas2,"[10, 18, 6]",STU-SYN2134,2134,D,45.94,16896,"[14, 5, 17]"
synthetic.student2135@mathsy.synthetic,0.8482,english,Synthetic Student 2135 (A Level),Consistent Climber,mixed,"[12, 18, 14, 10]",STU-SYN2135,2135,A,83.39,16897,"[8, 7, 4, 13]"
synthetic.student2136@mathsy.synthetic,0.7445,english,Synthetic Student 2136 (A- Level),Weekend Learner,kertas2,"[13, 10, 9]",STU-SYN2136,2136,A-,70.77,16898,"[2, 4, 3]"
synthetic.student2137@mathsy.synthetic,0.7095,bm,Synthetic Student 2137 (A- Level),Consistent Climber,mixed,"[14, 3, 2]",STU-SYN2137,2137,A-,70.95,16899,"[6, 7, 4, 16]"
synthetic.student2138@mathsy.synthetic,0.5872,english,Synthetic Student 2138 (C+ Level),Flexible Learner,mixed,"[16, 18, 4, 5]",STU-SYN2138,2138,C+,56.78,16900,"[15, 10]"
synthetic.student2139@mathsy.synthetic,0.5332,english,Synthetic Student 2139 (G Level),Fresh Starter,kertas2,"[8, 12]",STU-SYN2139,2139,G,37.84,16901,"[15, 6, 3, 9]"
synthetic.student2140@mathsy.synthetic,0.7061,bm,Synthetic Student 2140 (B+ Level),Flexible Learner,kertas2,"[18, 7, 10, 15]",STU-SYN2140,2140,B+,65.52,16902,"[1, 8, 17]"
synthetic.student2141@mathsy.synthetic,0.5814,bm,Synthetic Student 2141 (C+ Level),Deep Focus Learner,kertas1,"[2, 7, 9]",STU-SYN2141,2141,C+,55.48,16903,"[11, 14]"
synthetic.student2142@mathsy.synthetic,0.7375,english,Synthetic Student 2142 (A- Level),Consistent Climber,kertas1,"[18, 7, 5, 13]",STU-SYN2142,2142,A-,77.36,16904,"[15, 4, 17]"
synthetic.student2143@mathsy.synthetic,0.7901,english,Synthetic Student 2143 (A Level),Consistent Climber,kertas1,"[9, 11, 8, 12]",STU-SYN2143,2143,A,80.17,16905,"[18, 7, 5, 16, 10]"
synthetic.student2144@mathsy.synthetic,0.4708,english,Synthetic Student 2144 (E Level),Weekend Learner,mixed,"[8, 2, 4]",STU-SYN2144,2144,E,41.33,16906,"[15, 17, 11, 18]"
synthetic.student2145@mathsy.synthetic,0.6524,bm,Synthetic Student 2145 (B Level),Weekend Learner,mixed,"[9, 12]",STU-SYN2145,2145,B,62.11,16907,"[17, 13]"
synthetic.student2146@mathsy.synthetic,0.4649,english,Synthetic Student 2146 (E Level),Weekend Learner,kertas2,"[5, 17, 8, 13]",STU-SYN2146,2146,E,42.38,16908,"[1, 4, 16]"
synthetic.student2147@mathsy.synthetic,0.6159,bm,Synthetic Student 2147 (B Level),Deep Focus Learner,kertas1,"[9, 15, 1]",STU-SYN2147,2147,B,60.31,16909,"[2, 18]"
synthetic.student2148@mathsy.synthetic,0.7879,english,Synthetic Student 2148 (A Level),Consistent Climber,kertas2,"[1, 10, 5]",STU-SYN2148,2148,A,80.19,16910,"[2, 15, 3, 13]"
synthetic.student2149@mathsy.synthetic,0.6656,english,Synthetic Student 2149 (A- Level),Consistent Climber,kertas2,"[6, 2, 18, 5]",STU-SYN2149,2149,A-,70.96,16911,"[15, 10]"
synthetic.student2150@mathsy.synthetic,0.5837,english,Synthetic Student 2150 (C+ Level),Consistent Climber,mixed,"[12, 1, 5, 14]",STU-SYN2150,2150,C+,59.17,16912,"[7, 13, 9, 11, 18]"
synthetic.student2151@mathsy.synthetic,0.4978,english,Synthetic Student 2151 (G Level),Fresh Starter,mixed,"[11, 8, 9, 2]",STU-SYN2151,2151,G,36.18,16913,"[6, 13, 14]"
synthetic.student2152@mathsy.synthetic,0.8814,english,Synthetic Student 2152 (A Level),High Achiever,kertas2,"[15, 8, 5]",STU-SYN2152,2152,A,85.56,16914,"[7, 16, 18, 11, 10]"
synthetic.student2153@mathsy.synthetic,0.6858,english,Synthetic Student 2153 (B+ Level),Consistent Climber,kertas2,"[10, 4, 6]",STU-SYN2153,2153,B+,68.58,16915,"[14, 18, 9, 16, 7]"
synthetic.student2154@mathsy.synthetic,0.5272,english,Synthetic Student 2154 (G Level),Fresh Starter,mixed,"[6, 11, 16, 10]",STU-SYN2154,2154,G,38.37,16916,"[8, 3, 5]"
synthetic.student2155@mathsy.synthetic,0.6808,bm,Synthetic Student 2155 (B Level),Flexible Learner,mixed,"[2, 4, 17]",STU-SYN2155,2155,B,62.34,16917,"[11, 14, 10, 5, 7]"
synthetic.student2156@mathsy.synthetic,0.5846,english,Synthetic Student 2156 (E Level),Fresh Starter,kertas2,"[10, 3]",STU-SYN2156,2156,E,44.56,16918,"[15, 5, 4, 6]"
synthetic.student2157@mathsy.synthetic,0.5655,english,Synthetic Student 2157 (C Level),Deep Focus Learner,mixed,"[13, 17]",STU-SYN2157,2157,C,53.88,16919,"[15, 8]"
synthetic.student2158@mathsy.synthetic,0.8916,english,Synthetic Student 2158 (A+ Level),High Achiever,kertas2,"[6, 7]",STU-SYN2158,2158,A+,93.18,16920,"[14, 8]"
synthetic.student2159@mathsy.synthetic,0.6489,english,Synthetic Student 2159 (B+ Level),Consistent Climber,mixed,"[8, 18]",STU-SYN2159,2159,B+,65.15,16921,"[16, 2, 11, 4]"
synthetic.student2160@mathsy.synthetic,0.7401,english,Synthetic Student 2160 (B+ Level),Weekend Learner,mixed,"[4, 14]",STU-SYN2160,2160,B+,69.98,16922,"[9, 10, 6, 7]"
synthetic.student2161@mathsy.synthetic,0.8417,english,Synthetic Student 2161 (A Level),High Achiever,kertas1,"[11, 6]",STU-SYN2161,2161,A,84.91,16923,"[18, 13, 2, 10, 8]"
synthetic.student2162@mathsy.synthetic,0.7232,english,Synthetic Student 2162 (A- Level),Consistent Climber,kertas1,"[17, 15]",STU-SYN2162,2162,A-,73.62,16924,"[12, 5, 4, 18]"
synthetic.student2163@mathsy.synthetic,0.4536,english,Synthetic Student 2163 (E Level),Flexible Learner,kertas1,"[7, 13, 1, 12]",STU-SYN2163,2163,E,40.15,16925,"[11, 8, 4, 15, 14]"
synthetic.student2164@mathsy.synthetic,0.3638,bm,Synthetic Student 2164 (G Level),Fresh Starter,kertas1,"[12, 10, 13]",STU-SYN2164,2164,G,25,16926,"[1, 7, 6, 8]"
synthetic.student2165@mathsy.synthetic,0.8277,english,Synthetic Student 2165 (A Level),Consistent Climber,kertas1,"[13, 3]",STU-SYN2165,2165,A,81.79,16927,"[6, 2, 5, 12, 10]"
synthetic.student2166@mathsy.synthetic,0.4358,english,Synthetic Student 2166 (G Level),Fresh Starter,mixed,"[17, 12, 4, 7]",STU-SYN2166,2166,G,30.12,16928,"[10, 6, 16]"
synthetic.student2167@mathsy.synthetic,0.643,bm,Synthetic Student 2167 (B Level),Flexible Learner,kertas2,"[8, 18, 10]",STU-SYN2167,2167,B,62.3,16929,"[4, 5]"
synthetic.student2168@mathsy.synthetic,0.5958,bm,Synthetic Student 2168 (D Level),Fresh Starter,mixed,"[12, 2, 5, 13]",STU-SYN2168,2168,D,47.45,16930,"[8, 18, 16]"
synthetic.student2169@mathsy.synthetic,0.3835,bm,Synthetic Student 2169 (G Level),Fresh Starter,kertas2,"[12, 8]",STU-SYN2169,2169,G,27.05,16931,"[1, 9]"
synthetic.student2170@mathsy.synthetic,0.6602,english,Synthetic Student 2170 (B Level),Flexible Learner,mixed,"[17, 4, 5]",STU-SYN2170,2170,B,60.94,16932,"[8, 11, 13, 16, 6]"
synthetic.student2171@mathsy.synthetic,0.707,bm,Synthetic Student 2171 (A- Level),Consistent Climber,mixed,"[8, 5]",STU-SYN2171,2171,A-,70.66,16933,"[7, 10, 6, 13]"
synthetic.student2172@mathsy.synthetic,0.6164,english,Synthetic Student 2172 (B Level),Consistent Climber,kertas2,"[3, 8, 1]",STU-SYN2172,2172,B,64.01,16934,"[13, 4, 7]"
synthetic.student2173@mathsy.synthetic,0.7951,english,Synthetic Student 2173 (A- Level),Consistent Climber,kertas2,"[12, 18]",STU-SYN2173,2173,A-,79.52,16935,"[6, 5, 3, 9]"
synthetic.student2174@mathsy.synthetic,0.5514,bm,Synthetic Student 2174 (D Level),Weekend Learner,mixed,"[10, 4, 12, 16]",STU-SYN2174,2174,D,48.33,16936,"[13, 11, 9, 15]"
synthetic.student2175@mathsy.synthetic,0.7869,english,Synthetic Student 2175 (A- Level),Consistent Climber,kertas2,"[15, 17]",STU-SYN2175,2175,A-,79.91,16937,"[11, 5, 7, 12, 10]"
synthetic.student2176@mathsy.synthetic,0.7417,bm,Synthetic Student 2176 (B+ Level),Flexible Learner,kertas1,"[5, 4, 6]",STU-SYN2176,2176,B+,69.84,16938,"[11, 13, 7, 12, 15]"
synthetic.student2177@mathsy.synthetic,0.5656,english,Synthetic Student 2177 (C Level),Flexible Learner,mixed,"[13, 8, 10]",STU-SYN2177,2177,C,50.02,16939,"[9, 11, 17, 18, 5]"
synthetic.student2178@mathsy.synthetic,0.5916,bm,Synthetic Student 2178 (C Level),Weekend Learner,mixed,"[18, 14, 15, 16]",STU-SYN2178,2178,C,54.01,16940,"[3, 7, 11]"
synthetic.student2179@mathsy.synthetic,0.5207,english,Synthetic Student 2179 (C Level),Weekend Learner,kertas1,"[13, 18, 5]",STU-SYN2179,2179,C,51.15,16941,"[12, 9]"
synthetic.student2180@mathsy.synthetic,0.4864,english,Synthetic Student 2180 (E Level),Weekend Learner,kertas2,"[6, 8, 11]",STU-SYN2180,2180,E,41.75,16942,"[4, 5, 9, 7, 1]"
synthetic.student2181@mathsy.synthetic,0.8152,english,Synthetic Student 2181 (A- Level),Deep Focus Learner,mixed,"[10, 8]",STU-SYN2181,2181,A-,79.09,16943,"[2, 9]"
synthetic.student2182@mathsy.synthetic,0.3492,english,Synthetic Student 2182 (G Level),Fresh Starter,kertas2,"[2, 15, 16]",STU-SYN2182,2182,G,25,16944,"[6, 14, 11, 17, 1]"
synthetic.student2183@mathsy.synthetic,0.8145,english,Synthetic Student 2183 (A Level),Consistent Climber,kertas1,"[11, 1]",STU-SYN2183,2183,A,81.77,16945,"[5, 16, 18, 10, 8]"
synthetic.student2184@mathsy.synthetic,0.6588,bm,Synthetic Student 2184 (B+ Level),Consistent Climber,kertas2,"[5, 14, 16]",STU-SYN2184,2184,B+,65.68,16946,"[2, 15, 6, 17, 13]"
synthetic.student2185@mathsy.synthetic,0.3719,bm,Synthetic Student 2185 (G Level),Fresh Starter,mixed,"[14, 16, 18, 8]",STU-SYN2185,2185,G,25,16947,"[7, 1, 17, 13, 12]"
synthetic.student2186@mathsy.synthetic,0.9266,english,Synthetic Student 2186 (A+ Level),High Achiever,kertas2,"[18, 15]",STU-SYN2186,2186,A+,94.42,16948,"[7, 1, 6]"
synthetic.student2187@mathsy.synthetic,0.6805,english,Synthetic Student 2187 (A- Level),Consistent Climber,kertas1,"[6, 14]",STU-SYN2187,2187,A-,70.83,16949,"[17, 1]"
synthetic.student2188@mathsy.synthetic,0.7665,english,Synthetic Student 2188 (A Level),Consistent Climber,kertas2,"[12, 10, 8]",STU-SYN2188,2188,A,80.26,16950,"[13, 11]"
synthetic.student2189@mathsy.synthetic,0.6974,bm,Synthetic Student 2189 (B+ Level),Consistent Climber,kertas1,"[16, 6]",STU-SYN2189,2189,B+,66.35,16951,"[12, 17, 5, 15, 2]"
synthetic.student2190@mathsy.synthetic,0.3159,bm,Synthetic Student 2190 (G Level),Fresh Starter,mixed,"[9, 2, 12, 8]",STU-SYN2190,2190,G,25,16952,"[13, 5, 15, 16, 1]"
synthetic.student2191@mathsy.synthetic,0.6465,english,Synthetic Student 2191 (B+ Level),Consistent Climber,kertas2,"[17, 18]",STU-SYN2191,2191,B+,68.6,16953,"[14, 8, 16]"
synthetic.student2192@mathsy.synthetic,0.7009,english,Synthetic Student 2192 (B+ Level),Consistent Climber,mixed,"[3, 15, 1]",STU-SYN2192,2192,B+,68.81,16954,"[16, 8, 5, 4, 6]"
synthetic.student2193@mathsy.synthetic,0.6471,bm,Synthetic Student 2193 (B Level),Flexible Learner,kertas1,"[5, 14, 9, 18]",STU-SYN2193,2193,B,62.06,16955,"[12, 1, 6]"
synthetic.student2194@mathsy.synthetic,0.7559,english,Synthetic Student 2194 (A- Level),Consistent Climber,kertas2,"[3, 8]",STU-SYN2194,2194,A-,77.05,16956,"[4, 17, 9]"
synthetic.student2195@mathsy.synthetic,0.4903,english,Synthetic Student 2195 (D Level),Flexible Learner,kertas1,"[7, 14, 15]",STU-SYN2195,2195,D,48.88,16957,"[6, 5]"
synthetic.student2196@mathsy.synthetic,0.6171,english,Synthetic Student 2196 (C+ Level),Deep Focus Learner,kertas1,"[1, 10]",STU-SYN2196,2196,C+,58.14,16958,"[2, 4, 7]"
synthetic.student2197@mathsy.synthetic,0.3054,english,Synthetic Student 2197 (G Level),Fresh Starter,kertas2,"[15, 17, 9]",STU-SYN2197,2197,G,25,16959,"[2, 3]"
synthetic.student2198@mathsy.synthetic,0.647,english,Synthetic Student 2198 (B+ Level),Consistent Climber,mixed,"[15, 3, 10]",STU-SYN2198,2198,B+,66.94,16960,"[8, 5, 1]"
synthetic.student2199@mathsy.synthetic,0.7499,english,Synthetic Student 2199 (A- Level),Consistent Climber,mixed,"[12, 7, 5]",STU-SYN2199,2199,A-,74.13,16961,"[3, 18, 2, 10, 17]"
synthetic.student2200@mathsy.synthetic,0.792,english,Synthetic Student 2200 (A- Level),Consistent Climber,kertas2,"[6, 10]",STU-SYN2200,2200,A-,77.57,16962,"[17, 7, 11, 5, 3]"
synthetic.student2201@mathsy.synthetic,0.6686,english,Synthetic Student 2201 (B+ Level),Consistent Climber,kertas1,"[1, 9, 6]",STU-SYN2201,2201,B+,69.12,16963,"[10, 18, 12]"
synthetic.student2202@mathsy.synthetic,0.6159,english,Synthetic Student 2202 (C+ Level),Weekend Learner,kertas2,"[13, 11, 6, 15]",STU-SYN2202,2202,C+,57.99,16964,"[10, 17, 8, 5]"
synthetic.student2203@mathsy.synthetic,0.4726,english,Synthetic Student 2203 (D Level),Flexible Learner,kertas2,"[6, 2, 11]",STU-SYN2203,2203,D,47.05,16965,"[7, 14]"
synthetic.student2204@mathsy.synthetic,0.4624,english,Synthetic Student 2204 (E Level),Weekend Learner,mixed,"[1, 2, 7, 17]",STU-SYN2204,2204,E,40.75,16966,"[10, 12, 13, 18]"
synthetic.student2205@mathsy.synthetic,0.5927,english,Synthetic Student 2205 (B Level),Consistent Climber,kertas2,"[9, 17]",STU-SYN2205,2205,B,61.85,16967,"[15, 5]"
synthetic.student2206@mathsy.synthetic,0.8024,english,Synthetic Student 2206 (A- Level),High Achiever,mixed,"[4, 17, 13]",STU-SYN2206,2206,A-,79.81,16968,"[10, 14, 2, 5, 7]"
synthetic.student2207@mathsy.synthetic,0.6608,bm,Synthetic Student 2207 (B+ Level),Consistent Climber,kertas2,"[15, 6, 7, 13]",STU-SYN2207,2207,B+,65.04,16969,"[12, 10, 11, 16, 17]"
synthetic.student2208@mathsy.synthetic,0.6924,bm,Synthetic Student 2208 (B+ Level),Consistent Climber,kertas2,"[12, 8, 4]",STU-SYN2208,2208,B+,68.32,16970,"[18, 17, 11, 15, 16]"
synthetic.student2209@mathsy.synthetic,0.7575,english,Synthetic Student 2209 (B+ Level),Flexible Learner,kertas1,"[10, 1]",STU-SYN2209,2209,B+,69.88,16971,"[9, 12, 17, 6, 8]"
synthetic.student2210@mathsy.synthetic,0.6381,english,Synthetic Student 2210 (C+ Level),Flexible Learner,kertas2,"[15, 9, 10]",STU-SYN2210,2210,C+,57.98,16972,"[18, 13, 14, 4]"
synthetic.student2211@mathsy.synthetic,0.8535,english,Synthetic Student 2211 (A Level),Consistent Climber,kertas1,"[8, 3, 4]",STU-SYN2211,2211,A,86.24,16973,"[14, 11, 15, 13]"
synthetic.student2212@mathsy.synthetic,0.7538,english,Synthetic Student 2212 (A- Level),Flexible Learner,mixed,"[18, 4, 16]",STU-SYN2212,2212,A-,75.13,16974,"[14, 12]"
synthetic.student2213@mathsy.synthetic,0.5281,english,Synthetic Student 2213 (D Level),Weekend Learner,mixed,"[4, 6, 17]",STU-SYN2213,2213,D,47.16,16975,"[13, 14, 18, 15, 9]"
synthetic.student2214@mathsy.synthetic,0.6793,english,Synthetic Student 2214 (B Level),Deep Focus Learner,kertas2,"[6, 7]",STU-SYN2214,2214,B,61.14,16976,"[4, 17, 15, 5]"
synthetic.student2215@mathsy.synthetic,0.6742,english,Synthetic Student 2215 (B+ Level),Deep Focus Learner,mixed,"[2, 5]",STU-SYN2215,2215,B+,65.47,16977,"[15, 10]"
synthetic.student2216@mathsy.synthetic,0.9108,english,Synthetic Student 2216 (A+ Level),High Achiever,kertas1,"[2, 17, 15]",STU-SYN2216,2216,A+,90.18,16978,"[6, 16, 14, 12, 9]"
synthetic.student2217@mathsy.synthetic,0.6943,english,Synthetic Student 2217 (B+ Level),Flexible Learner,kertas2,"[4, 8, 11]",STU-SYN2217,2217,B+,67.7,16979,"[18, 3]"
synthetic.student2218@mathsy.synthetic,0.714,bm,Synthetic Student 2218 (B+ Level),Deep Focus Learner,mixed,"[12, 3, 14, 4]",STU-SYN2218,2218,B+,65.29,16980,"[6, 7, 13, 11, 15]"
synthetic.student2219@mathsy.synthetic,0.752,english,Synthetic Student 2219 (A- Level),Deep Focus Learner,mixed,"[6, 1, 10, 13]",STU-SYN2219,2219,A-,73.04,16981,"[2, 7, 5]"
synthetic.student2220@mathsy.synthetic,0.552,english,Synthetic Student 2220 (C Level),Deep Focus Learner,kertas2,"[17, 3, 14, 5]",STU-SYN2220,2220,C,53.65,16982,"[1, 16]"
synthetic.student2221@mathsy.synthetic,0.5956,english,Synthetic Student 2221 (B Level),Consistent Climber,kertas2,"[6, 9]",STU-SYN2221,2221,B,64.74,16983,"[4, 16]"
synthetic.student2222@mathsy.synthetic,0.6619,english,Synthetic Student 2222 (B+ Level),Consistent Climber,kertas1,"[17, 14, 3, 1]",STU-SYN2222,2222,B+,66.17,16984,"[16, 15, 7, 8, 6]"
synthetic.student2223@mathsy.synthetic,0.6104,bm,Synthetic Student 2223 (B Level),Flexible Learner,kertas1,"[4, 17, 16, 6]",STU-SYN2223,2223,B,60.9,16985,"[12, 5]"
synthetic.student2224@mathsy.synthetic,0.6103,english,Synthetic Student 2224 (C+ Level),Flexible Learner,kertas1,"[16, 17, 11, 2]",STU-SYN2224,2224,C+,56.78,16986,"[3, 1, 15]"
synthetic.student2225@mathsy.synthetic,0.6118,english,Synthetic Student 2225 (C Level),Flexible Learner,mixed,"[11, 14, 6]",STU-SYN2225,2225,C,54.68,16987,"[18, 16, 13, 15, 7]"
synthetic.student2226@mathsy.synthetic,0.6224,english,Synthetic Student 2226 (C+ Level),Deep Focus Learner,kertas1,"[5, 1, 13, 14]",STU-SYN2226,2226,C+,58.38,16988,"[10, 17, 6]"
synthetic.student2227@mathsy.synthetic,0.7135,bm,Synthetic Student 2227 (A- Level),Consistent Climber,kertas2,"[8, 13, 18, 3]",STU-SYN2227,2227,A-,70.5,16989,"[16, 7, 12, 1, 6]"
synthetic.student2228@mathsy.synthetic,0.5897,bm,Synthetic Student 2228 (C+ Level),Flexible Learner,mixed,"[18, 3, 6]",STU-SYN2228,2228,C+,55.56,16990,"[13, 2, 7, 11, 17]"
synthetic.student2229@mathsy.synthetic,0.5018,english,Synthetic Student 2229 (D Level),Flexible Learner,kertas1,"[10, 6, 13]",STU-SYN2229,2229,D,47.41,16991,"[4, 7]"
synthetic.student2230@mathsy.synthetic,0.738,english,Synthetic Student 2230 (A- Level),Flexible Learner,kertas2,"[4, 1, 15, 5]",STU-SYN2230,2230,A-,72.14,16992,"[8, 17]"
synthetic.student2231@mathsy.synthetic,0.6632,english,Synthetic Student 2231 (B Level),Flexible Learner,kertas1,"[10, 12, 6, 9]",STU-SYN2231,2231,B,62.19,16993,"[15, 3, 5, 1]"
synthetic.student2232@mathsy.synthetic,0.5822,english,Synthetic Student 2232 (D Level),Fresh Starter,mixed,"[9, 4, 2, 12]",STU-SYN2232,2232,D,47.95,16994,"[11, 7]"
synthetic.student2233@mathsy.synthetic,0.688,bm,Synthetic Student 2233 (B+ Level),Weekend Learner,mixed,"[4, 3, 18, 12]",STU-SYN2233,2233,B+,65.26,16995,"[17, 14]"
synthetic.student2234@mathsy.synthetic,0.6465,bm,Synthetic Student 2234 (C+ Level),Deep Focus Learner,mixed,"[16, 11, 10]",STU-SYN2234,2234,C+,58.18,16996,"[1, 17, 13, 15]"
synthetic.student2235@mathsy.synthetic,0.459,bm,Synthetic Student 2235 (G Level),Weekend Learner,kertas1,"[4, 16, 10, 9]",STU-SYN2235,2235,G,39.88,16997,"[14, 15, 2, 5]"
synthetic.student2236@mathsy.synthetic,0.5374,bm,Synthetic Student 2236 (G Level),Fresh Starter,mixed,"[6, 14, 4, 7]",STU-SYN2236,2236,G,37.78,16998,"[5, 17, 18, 1, 12]"
synthetic.student2237@mathsy.synthetic,0.7162,bm,Synthetic Student 2237 (A- Level),Consistent Climber,kertas2,"[10, 3, 1, 16]",STU-SYN2237,2237,A-,74.7,16999,"[8, 5, 18, 4]"
synthetic.student2238@mathsy.synthetic,0.6909,english,Synthetic Student 2238 (B Level),Weekend Learner,kertas1,"[16, 4, 8]",STU-SYN2238,2238,B,63.88,17000,"[6, 15, 9, 3]"
synthetic.student2239@mathsy.synthetic,0.6885,bm,Synthetic Student 2239 (B+ Level),Consistent Climber,mixed,"[18, 6]",STU-SYN2239,2239,B+,68.43,17001,"[17, 1, 3, 11, 7]"
synthetic.student2240@mathsy.synthetic,0.8641,english,Synthetic Student 2240 (A Level),High Achiever,kertas1,"[17, 18]",STU-SYN2240,2240,A,88.95,17002,"[8, 13, 6, 3, 16]"
synthetic.student2241@mathsy.synthetic,0.5231,english,Synthetic Student 2241 (G Level),Fresh Starter,kertas1,"[14, 11, 5, 1]",STU-SYN2241,2241,G,37.11,17003,"[3, 13, 9, 2]"
synthetic.student2242@mathsy.synthetic,0.8225,english,Synthetic Student 2242 (A Level),Consistent Climber,kertas2,"[11, 8, 12, 18]",STU-SYN2242,2242,A,81.96,17004,"[3, 14, 13]"
synthetic.student2243@mathsy.synthetic,0.6113,english,Synthetic Student 2243 (C+ Level),Weekend Learner,kertas1,"[5, 6, 10]",STU-SYN2243,2243,C+,59.37,17005,"[14, 16]"
synthetic.student2244@mathsy.synthetic,0.768,english,Synthetic Student 2244 (A- Level),Consistent Climber,mixed,"[7, 2, 13]",STU-SYN2244,2244,A-,75.48,17006,"[6, 1, 18, 16]"
synthetic.student2245@mathsy.synthetic,0.7472,english,Synthetic Student 2245 (A- Level),Consistent Climber,kertas2,"[9, 13, 12]",STU-SYN2245,2245,A-,75.94,17007,"[18, 8, 17, 10]"
synthetic.student2246@mathsy.synthetic,0.7275,english,Synthetic Student 2246 (B+ Level),Flexible Learner,kertas2,"[10, 16, 7]",STU-SYN2246,2246,B+,69.46,17008,"[17, 6, 4]"
synthetic.student2247@mathsy.synthetic,0.6575,bm,Synthetic Student 2247 (B+ Level),Consistent Climber,kertas2,"[15, 16, 1]",STU-SYN2247,2247,B+,67.03,17009,"[2, 11, 13, 17]"
synthetic.student2248@mathsy.synthetic,0.7249,english,Synthetic Student 2248 (A- Level),Flexible Learner,kertas2,"[18, 12, 13]",STU-SYN2248,2248,A-,70.75,17010,"[10, 4]"
synthetic.student2249@mathsy.synthetic,0.8477,english,Synthetic Student 2249 (A Level),Consistent Climber,kertas1,"[9, 3, 13, 6]",STU-SYN2249,2249,A,89.11,17011,"[5, 7]"
synthetic.student2250@mathsy.synthetic,0.6054,english,Synthetic Student 2250 (C+ Level),Weekend Learner,kertas1,"[1, 6]",STU-SYN2250,2250,C+,56.42,17012,"[11, 3, 10]"
synthetic.student2251@mathsy.synthetic,0.9297,english,Synthetic Student 2251 (A+ Level),High Achiever,kertas1,"[11, 14]",STU-SYN2251,2251,A+,96.57,17013,"[17, 12, 7]"
synthetic.student2252@mathsy.synthetic,0.7398,english,Synthetic Student 2252 (A- Level),Weekend Learner,kertas2,"[9, 18, 7, 8]",STU-SYN2252,2252,A-,71.62,17014,"[2, 12, 5]"
synthetic.student2253@mathsy.synthetic,0.4303,english,Synthetic Student 2253 (G Level),Fresh Starter,kertas2,"[9, 14]",STU-SYN2253,2253,G,28.21,17015,"[11, 1, 15, 13, 7]"
synthetic.student2254@mathsy.synthetic,0.5314,bm,Synthetic Student 2254 (D Level),Weekend Learner,mixed,"[13, 11, 4, 18]",STU-SYN2254,2254,D,47.98,17016,"[1, 12, 9, 3]"
synthetic.student2255@mathsy.synthetic,0.6201,english,Synthetic Student 2255 (B Level),Consistent Climber,kertas2,"[9, 8, 15]",STU-SYN2255,2255,B,63.25,17017,"[6, 4, 1]"
synthetic.student2256@mathsy.synthetic,0.5019,english,Synthetic Student 2256 (D Level),Flexible Learner,mixed,"[14, 18, 5]",STU-SYN2256,2256,D,46.31,17018,"[17, 15, 1, 11, 10]"
synthetic.student2257@mathsy.synthetic,0.7596,english,Synthetic Student 2257 (A- Level),Consistent Climber,kertas1,"[1, 8, 7]",STU-SYN2257,2257,A-,73.32,17019,"[16, 17, 4, 6, 15]"
synthetic.student2258@mathsy.synthetic,0.8313,english,Synthetic Student 2258 (A Level),High Achiever,kertas2,"[2, 5, 4]",STU-SYN2258,2258,A,84.83,17020,"[6, 7, 13, 8]"
synthetic.student2259@mathsy.synthetic,0.4409,english,Synthetic Student 2259 (G Level),Fresh Starter,kertas1,"[15, 14]",STU-SYN2259,2259,G,29.6,17021,"[10, 11, 16, 12, 18]"
synthetic.student2260@mathsy.synthetic,0.5841,english,Synthetic Student 2260 (C Level),Deep Focus Learner,kertas1,"[17, 5, 8, 4]",STU-SYN2260,2260,C,50.77,17022,"[6, 15, 14, 7, 11]"
synthetic.student2261@mathsy.synthetic,0.5392,english,Synthetic Student 2261 (D Level),Deep Focus Learner,mixed,"[14, 1]",STU-SYN2261,2261,D,46.61,17023,"[5, 6, 12, 2, 10]"
synthetic.student2262@mathsy.synthetic,0.7389,bm,Synthetic Student 2262 (A- Level),Consistent Climber,kertas2,"[2, 5]",STU-SYN2262,2262,A-,76.38,17024,"[13, 16]"
synthetic.student2263@mathsy.synthetic,0.5056,english,Synthetic Student 2263 (C Level),Flexible Learner,kertas1,"[11, 12, 3, 1]",STU-SYN2263,2263,C,50.49,17025,"[16, 7]"
synthetic.student2264@mathsy.synthetic,0.6984,bm,Synthetic Student 2264 (B Level),Deep Focus Learner,mixed,"[16, 10]",STU-SYN2264,2264,B,63.61,17026,"[18, 14, 2, 8, 13]"
synthetic.student2265@mathsy.synthetic,0.6362,english,Synthetic Student 2265 (B+ Level),Consistent Climber,kertas1,"[6, 18, 12, 15]",STU-SYN2265,2265,B+,66.18,17027,"[13, 9, 3]"
synthetic.student2266@mathsy.synthetic,0.7207,english,Synthetic Student 2266 (A- Level),Consistent Climber,kertas1,"[7, 13, 14]",STU-SYN2266,2266,A-,76.46,17028,"[17, 3]"
synthetic.student2267@mathsy.synthetic,0.9585,english,Synthetic Student 2267 (A+ Level),High Achiever,kertas1,"[17, 3, 8]",STU-SYN2267,2267,A+,96.89,17029,"[6, 14, 10, 4, 7]"
synthetic.student2268@mathsy.synthetic,0.7867,english,Synthetic Student 2268 (A Level),High Achiever,kertas2,"[14, 1]",STU-SYN2268,2268,A,81.59,17030,"[12, 9, 5, 3, 17]"
synthetic.student2269@mathsy.synthetic,0.5798,english,Synthetic Student 2269 (C Level),Flexible Learner,kertas1,"[5, 18, 8]",STU-SYN2269,2269,C,53.87,17031,"[13, 17, 4]"
synthetic.student2270@mathsy.synthetic,0.7793,bm,Synthetic Student 2270 (A- Level),Deep Focus Learner,kertas1,"[9, 3, 18]",STU-SYN2270,2270,A-,70.24,17032,"[12, 6, 17, 15, 7]"
synthetic.student2271@mathsy.synthetic,0.6488,english,Synthetic Student 2271 (C+ Level),Deep Focus Learner,mixed,"[11, 12]",STU-SYN2271,2271,C+,59.15,17033,"[17, 9, 5, 3, 8]"
synthetic.student2272@mathsy.synthetic,0.4884,english,Synthetic Student 2272 (D Level),Flexible Learner,kertas2,"[7, 6]",STU-SYN2272,2272,D,45.99,17034,"[1, 2]"
synthetic.student2273@mathsy.synthetic,0.5806,bm,Synthetic Student 2273 (C Level),Weekend Learner,kertas1,"[8, 6]",STU-SYN2273,2273,C,52.42,17035,"[11, 3, 5, 9, 7]"
synthetic.student2274@mathsy.synthetic,0.5957,english,Synthetic Student 2274 (C+ Level),Deep Focus Learner,kertas1,"[8, 12, 11, 18]",STU-SYN2274,2274,C+,55.75,17036,"[9, 5]"
synthetic.student2275@mathsy.synthetic,0.5556,bm,Synthetic Student 2275 (C Level),Weekend Learner,mixed,"[1, 11, 17, 14]",STU-SYN2275,2275,C,53.73,17037,"[9, 13, 5, 4]"
synthetic.student2276@mathsy.synthetic,0.6326,bm,Synthetic Student 2276 (B+ Level),Consistent Climber,kertas1,"[2, 11, 18]",STU-SYN2276,2276,B+,66.6,17038,"[16, 14, 8]"
synthetic.student2277@mathsy.synthetic,0.7733,bm,Synthetic Student 2277 (A- Level),Consistent Climber,kertas1,"[12, 9, 6]",STU-SYN2277,2277,A-,77.77,17039,"[16, 18, 5, 2, 8]"
synthetic.student2278@mathsy.synthetic,0.6367,english,Synthetic Student 2278 (C+ Level),Flexible Learner,kertas2,"[18, 10]",STU-SYN2278,2278,C+,59.62,17040,"[7, 1, 6, 14, 13]"
synthetic.student2279@mathsy.synthetic,0.6179,english,Synthetic Student 2279 (C+ Level),Deep Focus Learner,kertas2,"[14, 3]",STU-SYN2279,2279,C+,57.68,17041,"[11, 10, 13]"
synthetic.student2280@mathsy.synthetic,0.8962,english,Synthetic Student 2280 (A+ Level),High Achiever,kertas1,"[8, 13, 6, 14]",STU-SYN2280,2280,A+,94.47,17042,"[17, 2]"
synthetic.student2281@mathsy.synthetic,0.4974,bm,Synthetic Student 2281 (G Level),Fresh Starter,kertas1,"[5, 1, 10]",STU-SYN2281,2281,G,37.75,17043,"[9, 7]"
synthetic.student2282@mathsy.synthetic,0.7755,english,Synthetic Student 2282 (A- Level),Deep Focus Learner,kertas1,"[7, 3]",STU-SYN2282,2282,A-,75.14,17044,"[16, 15]"
synthetic.student2283@mathsy.synthetic,0.8015,bm,Synthetic Student 2283 (A- Level),Deep Focus Learner,kertas2,"[9, 4, 5, 16]",STU-SYN2283,2283,A-,72.66,17045,"[11, 1, 13, 6, 17]"
synthetic.student2284@mathsy.synthetic,0.6602,bm,Synthetic Student 2284 (B Level),Deep Focus Learner,kertas1,"[14, 1, 18]",STU-SYN2284,2284,B,62.54,17046,"[8, 13, 9, 2]"
synthetic.student2285@mathsy.synthetic,0.5698,english,Synthetic Student 2285 (D Level),Fresh Starter,kertas2,"[5, 12]",STU-SYN2285,2285,D,45.69,17047,"[7, 11, 6]"
synthetic.student2286@mathsy.synthetic,0.5585,english,Synthetic Student 2286 (C Level),Weekend Learner,kertas2,"[9, 12, 2, 16]",STU-SYN2286,2286,C,54.7,17048,"[4, 6]"
synthetic.student2287@mathsy.synthetic,0.6001,english,Synthetic Student 2287 (C Level),Flexible Learner,kertas1,"[5, 15]",STU-SYN2287,2287,C,53.93,17049,"[2, 14, 13, 12, 11]"
synthetic.student2288@mathsy.synthetic,0.5174,english,Synthetic Student 2288 (E Level),Weekend Learner,kertas2,"[2, 18, 12, 13]",STU-SYN2288,2288,E,44.28,17050,"[11, 17, 5, 14]"
synthetic.student2289@mathsy.synthetic,0.5364,english,Synthetic Student 2289 (C Level),Flexible Learner,kertas1,"[16, 7, 1]",STU-SYN2289,2289,C,53.76,17051,"[10, 8]"
synthetic.student2290@mathsy.synthetic,0.4888,bm,Synthetic Student 2290 (G Level),Fresh Starter,kertas1,"[13, 12, 3]",STU-SYN2290,2290,G,34.66,17052,"[16, 9, 6, 8]"
synthetic.student2291@mathsy.synthetic,0.6672,english,Synthetic Student 2291 (B Level),Weekend Learner,kertas1,"[7, 2]",STU-SYN2291,2291,B,60.7,17053,"[13, 10, 12]"
synthetic.student2292@mathsy.synthetic,0.9289,english,Synthetic Student 2292 (A+ Level),High Achiever,kertas1,"[13, 16, 7]",STU-SYN2292,2292,A+,96.56,17054,"[8, 2, 5]"
synthetic.student2293@mathsy.synthetic,0.5112,english,Synthetic Student 2293 (G Level),Fresh Starter,kertas1,"[17, 15, 13, 1]",STU-SYN2293,2293,G,35.02,17055,"[16, 10, 14, 2, 12]"
synthetic.student2294@mathsy.synthetic,0.6077,english,Synthetic Student 2294 (B Level),Consistent Climber,kertas2,"[4, 11, 10, 17]",STU-SYN2294,2294,B,63.57,17056,"[18, 8, 2]"
synthetic.student2295@mathsy.synthetic,0.6419,english,Synthetic Student 2295 (C+ Level),Flexible Learner,kertas1,"[1, 11, 4, 10]",STU-SYN2295,2295,C+,59.35,17057,"[5, 7, 13, 6]"
synthetic.student2296@mathsy.synthetic,0.7584,english,Synthetic Student 2296 (A- Level),Weekend Learner,mixed,"[11, 14]",STU-SYN2296,2296,A-,70.55,17058,"[18, 7, 2, 13]"
synthetic.student2297@mathsy.synthetic,0.7034,english,Synthetic Student 2297 (B+ Level),Flexible Learner,mixed,"[9, 13, 11]",STU-SYN2297,2297,B+,66.47,17059,"[3, 12, 5, 10]"
synthetic.student2298@mathsy.synthetic,0.4297,bm,Synthetic Student 2298 (E Level),Weekend Learner,kertas2,"[10, 5, 2]",STU-SYN2298,2298,E,41.8,17060,"[6, 12]"
synthetic.student2299@mathsy.synthetic,0.6191,english,Synthetic Student 2299 (B Level),Consistent Climber,kertas1,"[10, 12, 4]",STU-SYN2299,2299,B,62.78,17061,"[5, 17]"
synthetic.student2300@mathsy.synthetic,0.8152,english,Synthetic Student 2300 (A Level),Deep Focus Learner,kertas1,"[13, 18, 11, 16]",STU-SYN2300,2300,A,80.59,17062,"[10, 3]"
synthetic.student2301@mathsy.synthetic,0.6617,english,Synthetic Student 2301 (B+ Level),Consistent Climber,kertas2,"[3, 1, 5]",STU-SYN2301,2301,B+,68.33,17063,"[10, 17, 4]"
synthetic.student2302@mathsy.synthetic,0.63,english,Synthetic Student 2302 (B Level),Weekend Learner,kertas2,"[17, 18, 11]",STU-SYN2302,2302,B,60.23,17064,"[15, 12, 5]"
synthetic.student2303@mathsy.synthetic,0.5888,bm,Synthetic Student 2303 (C Level),Weekend Learner,kertas2,"[2, 5, 6]",STU-SYN2303,2303,C,51.54,17065,"[15, 13, 4, 9, 3]"
synthetic.student2304@mathsy.synthetic,0.4247,english,Synthetic Student 2304 (G Level),Fresh Starter,kertas1,"[17, 18, 13, 10]",STU-SYN2304,2304,G,32.01,17066,"[1, 11]"
synthetic.student2305@mathsy.synthetic,0.8224,english,Synthetic Student 2305 (A Level),High Achiever,kertas1,"[7, 3]",STU-SYN2305,2305,A,84.09,17067,"[1, 5, 2, 10]"
synthetic.student2306@mathsy.synthetic,0.4821,english,Synthetic Student 2306 (E Level),Flexible Learner,kertas1,"[11, 7]",STU-SYN2306,2306,E,44.76,17068,"[18, 9, 3, 4]"
synthetic.student2307@mathsy.synthetic,0.5413,english,Synthetic Student 2307 (D Level),Weekend Learner,kertas1,"[13, 5, 16]",STU-SYN2307,2307,D,48.86,17069,"[8, 9, 17]"
synthetic.student2308@mathsy.synthetic,0.5506,english,Synthetic Student 2308 (C Level),Weekend Learner,mixed,"[14, 2]",STU-SYN2308,2308,C,54.25,17070,"[3, 10]"
synthetic.student2309@mathsy.synthetic,0.8681,bm,Synthetic Student 2309 (A+ Level),High Achiever,kertas2,"[3, 14, 18, 6]",STU-SYN2309,2309,A+,90.34,17071,"[1, 8, 16]"
synthetic.student2310@mathsy.synthetic,0.7835,english,Synthetic Student 2310 (A- Level),Deep Focus Learner,kertas2,"[8, 14, 7]",STU-SYN2310,2310,A-,76.96,17072,"[2, 13]"
synthetic.student2311@mathsy.synthetic,0.7214,english,Synthetic Student 2311 (A- Level),Consistent Climber,kertas1,"[4, 15, 7]",STU-SYN2311,2311,A-,74.38,17073,"[18, 2]"
synthetic.student2312@mathsy.synthetic,0.6199,bm,Synthetic Student 2312 (B Level),Consistent Climber,kertas2,"[13, 3, 12]",STU-SYN2312,2312,B,64.94,17074,"[2, 5]"
synthetic.student2313@mathsy.synthetic,0.4574,english,Synthetic Student 2313 (E Level),Flexible Learner,kertas1,"[14, 2, 3]",STU-SYN2313,2313,E,40.33,17075,"[7, 15, 8, 16, 10]"
synthetic.student2314@mathsy.synthetic,0.4884,english,Synthetic Student 2314 (E Level),Flexible Learner,kertas2,"[13, 5]",STU-SYN2314,2314,E,41.9,17076,"[16, 2, 15, 17, 1]"
synthetic.student2315@mathsy.synthetic,0.5846,bm,Synthetic Student 2315 (C+ Level),Consistent Climber,kertas1,"[14, 16, 6]",STU-SYN2315,2315,C+,59.16,17077,"[1, 18, 9, 4]"
synthetic.student2316@mathsy.synthetic,0.7358,english,Synthetic Student 2316 (A- Level),Consistent Climber,kertas2,"[16, 1, 4, 7]",STU-SYN2316,2316,A-,77.7,17078,"[2, 13]"
synthetic.student2317@mathsy.synthetic,0.4569,english,Synthetic Student 2317 (E Level),Weekend Learner,kertas1,"[1, 4, 10, 13]",STU-SYN2317,2317,E,40.45,17079,"[14, 8, 5, 2]"
synthetic.student2318@mathsy.synthetic,0.5018,english,Synthetic Student 2318 (D Level),Deep Focus Learner,mixed,"[10, 8, 11, 12]",STU-SYN2318,2318,D,46.22,17080,"[1, 13, 7]"
synthetic.student2319@mathsy.synthetic,0.6181,english,Synthetic Student 2319 (B Level),Deep Focus Learner,kertas1,"[7, 10]",STU-SYN2319,2319,B,60.76,17081,"[5, 11, 12]"
synthetic.student2320@mathsy.synthetic,0.6213,bm,Synthetic Student 2320 (B+ Level),Consistent Climber,kertas1,"[5, 9]",STU-SYN2320,2320,B+,67.54,17082,"[6, 3]"
synthetic.student2321@mathsy.synthetic,0.6448,english,Synthetic Student 2321 (B Level),Flexible Learner,kertas2,"[6, 1, 12, 18]",STU-SYN2321,2321,B,63.94,17083,"[9, 13]"
synthetic.student2322@mathsy.synthetic,0.4962,bm,Synthetic Student 2322 (D Level),Weekend Learner,kertas1,"[14, 6, 11, 7]",STU-SYN2322,2322,D,46.04,17084,"[9, 2, 5]"
synthetic.student2323@mathsy.synthetic,0.631,english,Synthetic Student 2323 (B Level),Consistent Climber,kertas1,"[13, 17]",STU-SYN2323,2323,B,63.46,17085,"[9, 10, 4, 11, 16]"
synthetic.student2324@mathsy.synthetic,0.7781,english,Synthetic Student 2324 (A- Level),Deep Focus Learner,kertas2,"[4, 15]",STU-SYN2324,2324,A-,77.79,17086,"[1, 17]"
synthetic.student2325@mathsy.synthetic,0.5134,english,Synthetic Student 2325 (E Level),Deep Focus Learner,kertas1,"[9, 11]",STU-SYN2325,2325,E,42.09,17087,"[18, 8, 10, 17, 13]"
synthetic.student2326@mathsy.synthetic,0.8091,english,Synthetic Student 2326 (A Level),Consistent Climber,kertas1,"[7, 4, 16, 12]",STU-SYN2326,2326,A,83.82,17088,"[6, 10, 18]"
synthetic.student2327@mathsy.synthetic,0.5597,english,Synthetic Student 2327 (C Level),Deep Focus Learner,kertas2,"[4, 6, 9]",STU-SYN2327,2327,C,52.12,17089,"[10, 12, 3]"
synthetic.student2328@mathsy.synthetic,0.5372,bm,Synthetic Student 2328 (D Level),Flexible Learner,mixed,"[9, 14, 11]",STU-SYN2328,2328,D,47.49,17090,"[17, 4, 13, 3, 7]"
synthetic.student2329@mathsy.synthetic,0.4363,english,Synthetic Student 2329 (G Level),Weekend Learner,kertas2,"[10, 13, 4]",STU-SYN2329,2329,G,36.49,17091,"[1, 11, 15, 16, 8]"
synthetic.student2330@mathsy.synthetic,0.754,english,Synthetic Student 2330 (A- Level),Deep Focus Learner,kertas2,"[11, 1]",STU-SYN2330,2330,A-,70.4,17092,"[2, 8, 15]"
synthetic.student2331@mathsy.synthetic,0.7252,bm,Synthetic Student 2331 (A- Level),Consistent Climber,kertas2,"[6, 5, 2, 16]",STU-SYN2331,2331,A-,71.66,17093,"[8, 7, 13, 9, 14]"
synthetic.student2332@mathsy.synthetic,0.7672,english,Synthetic Student 2332 (A- Level),Consistent Climber,kertas1,"[3, 17, 6]",STU-SYN2332,2332,A-,76.12,17094,"[7, 18, 4, 12, 10]"
synthetic.student2333@mathsy.synthetic,0.7253,english,Synthetic Student 2333 (B+ Level),Flexible Learner,kertas2,"[18, 16, 2, 1]",STU-SYN2333,2333,B+,66.45,17095,"[8, 9, 3, 10]"
synthetic.student2334@mathsy.synthetic,0.5366,english,Synthetic Student 2334 (C Level),Flexible Learner,mixed,"[5, 9, 1]",STU-SYN2334,2334,C,53.38,17096,"[11, 10]"
synthetic.student2335@mathsy.synthetic,0.5487,english,Synthetic Student 2335 (C Level),Flexible Learner,kertas1,"[4, 8, 17]",STU-SYN2335,2335,C,52.66,17097,"[14, 9, 3]"
synthetic.student2336@mathsy.synthetic,0.5488,english,Synthetic Student 2336 (E Level),Fresh Starter,mixed,"[17, 18, 16]",STU-SYN2336,2336,E,41.22,17098,"[14, 7, 12]"
synthetic.student2337@mathsy.synthetic,0.5133,english,Synthetic Student 2337 (G Level),Fresh Starter,kertas2,"[6, 16, 14]",STU-SYN2337,2337,G,39.79,17099,"[4, 11]"
synthetic.student2338@mathsy.synthetic,0.6835,bm,Synthetic Student 2338 (B Level),Deep Focus Learner,kertas1,"[1, 8, 3, 10]",STU-SYN2338,2338,B,62.94,17100,"[12, 16, 11, 5]"
synthetic.student2339@mathsy.synthetic,0.6135,bm,Synthetic Student 2339 (B+ Level),Consistent Climber,mixed,"[11, 9, 15]",STU-SYN2339,2339,B+,65.94,17101,"[2, 13]"
synthetic.student2340@mathsy.synthetic,0.7482,english,Synthetic Student 2340 (A- Level),Flexible Learner,kertas2,"[15, 12, 17, 5]",STU-SYN2340,2340,A-,71.45,17102,"[4, 18, 16]"
synthetic.student2341@mathsy.synthetic,0.4599,bm,Synthetic Student 2341 (E Level),Flexible Learner,kertas2,"[4, 5, 1, 17]",STU-SYN2341,2341,E,42.28,17103,"[10, 11, 7]"
synthetic.student2342@mathsy.synthetic,0.7821,bm,Synthetic Student 2342 (A Level),Consistent Climber,mixed,"[6, 18, 12, 3]",STU-SYN2342,2342,A,80.99,17104,"[17, 2, 16, 13]"
synthetic.student2343@mathsy.synthetic,0.8598,english,Synthetic Student 2343 (A Level),Consistent Climber,mixed,"[5, 6]",STU-SYN2343,2343,A,85.52,17105,"[12, 16, 18, 11, 1]"
synthetic.student2344@mathsy.synthetic,0.7966,bm,Synthetic Student 2344 (A- Level),Deep Focus Learner,mixed,"[5, 10, 4, 1]",STU-SYN2344,2344,A-,78.57,17106,"[15, 11]"
synthetic.student2345@mathsy.synthetic,0.8685,english,Synthetic Student 2345 (A+ Level),High Achiever,kertas1,"[14, 5]",STU-SYN2345,2345,A+,90.52,17107,"[18, 9, 11]"
synthetic.student2346@mathsy.synthetic,0.5451,bm,Synthetic Student 2346 (C Level),Weekend Learner,kertas2,"[17, 2, 9, 12]",STU-SYN2346,2346,C,51.75,17108,"[15, 11, 6, 4]"
synthetic.student2347@mathsy.synthetic,0.5973,english,Synthetic Student 2347 (C Level),Weekend Learner,kertas1,"[18, 16, 10]",STU-SYN2347,2347,C,54.23,17109,"[13, 5, 6, 12]"
synthetic.student2348@mathsy.synthetic,0.5001,english,Synthetic Student 2348 (D Level),Flexible Learner,mixed,"[12, 7]",STU-SYN2348,2348,D,48.59,17110,"[13, 14, 6]"
synthetic.student2349@mathsy.synthetic,0.4836,english,Synthetic Student 2349 (G Level),Fresh Starter,mixed,"[3, 17]",STU-SYN2349,2349,G,37.77,17111,"[5, 11]"
synthetic.student2350@mathsy.synthetic,0.5943,bm,Synthetic Student 2350 (C Level),Weekend Learner,kertas2,"[18, 12, 15, 8]",STU-SYN2350,2350,C,54.03,17112,"[7, 13, 3, 16]"
synthetic.student2351@mathsy.synthetic,0.6348,english,Synthetic Student 2351 (B Level),Deep Focus Learner,mixed,"[8, 13, 4, 11]",STU-SYN2351,2351,B,60.99,17113,"[14, 2]"
synthetic.student2352@mathsy.synthetic,0.8131,english,Synthetic Student 2352 (A Level),Consistent Climber,kertas1,"[15, 9, 16, 14]",STU-SYN2352,2352,A,86.09,17114,"[6, 12]"
synthetic.student2353@mathsy.synthetic,0.5936,english,Synthetic Student 2353 (D Level),Fresh Starter,kertas1,"[4, 5]",STU-SYN2353,2353,D,47.03,17115,"[7, 9]"
synthetic.student2354@mathsy.synthetic,0.7559,english,Synthetic Student 2354 (A- Level),Weekend Learner,kertas1,"[14, 16, 17]",STU-SYN2354,2354,A-,70.74,17116,"[13, 9, 7, 3]"
synthetic.student2355@mathsy.synthetic,0.8915,bm,Synthetic Student 2355 (A+ Level),High Achiever,kertas2,"[7, 4, 5, 17]",STU-SYN2355,2355,A+,93.74,17117,"[16, 18]"
synthetic.student2356@mathsy.synthetic,0.4822,english,Synthetic Student 2356 (G Level),Fresh Starter,kertas2,"[15, 7]",STU-SYN2356,2356,G,34.63,17118,"[13, 8, 12, 1]"
synthetic.student2357@mathsy.synthetic,0.8165,bm,Synthetic Student 2357 (A Level),Consistent Climber,kertas1,"[18, 3]",STU-SYN2357,2357,A,82.41,17119,"[11, 13, 5, 14]"
synthetic.student2358@mathsy.synthetic,0.6831,bm,Synthetic Student 2358 (B+ Level),Consistent Climber,mixed,"[15, 5, 17]",STU-SYN2358,2358,B+,69.54,17120,"[10, 16, 7, 3]"
synthetic.student2359@mathsy.synthetic,0.8669,bm,Synthetic Student 2359 (A Level),High Achiever,kertas1,"[12, 2]",STU-SYN2359,2359,A,86.83,17121,"[16, 11, 3, 17]"
synthetic.student2360@mathsy.synthetic,0.5347,bm,Synthetic Student 2360 (C Level),Weekend Learner,kertas1,"[12, 4, 18]",STU-SYN2360,2360,C,52.71,17122,"[17, 3]"
synthetic.student2361@mathsy.synthetic,0.7906,english,Synthetic Student 2361 (A- Level),Consistent Climber,kertas1,"[7, 3, 14, 4]",STU-SYN2361,2361,A-,79.66,17123,"[6, 2, 16, 5, 9]"
synthetic.student2362@mathsy.synthetic,0.5173,english,Synthetic Student 2362 (G Level),Fresh Starter,mixed,"[13, 8, 18]",STU-SYN2362,2362,G,37.22,17124,"[2, 7, 12, 9]"
synthetic.student2363@mathsy.synthetic,0.5674,english,Synthetic Student 2363 (C Level),Flexible Learner,kertas2,"[17, 2]",STU-SYN2363,2363,C,52.9,17125,"[9, 8, 13, 12, 5]"
synthetic.student2364@mathsy.synthetic,0.6889,english,Synthetic Student 2364 (B Level),Flexible Learner,kertas1,"[9, 6, 18]",STU-SYN2364,2364,B,62.02,17126,"[13, 17, 15, 1, 11]"
synthetic.student2365@mathsy.synthetic,0.6769,english,Synthetic Student 2365 (B Level),Flexible Learner,kertas2,"[13, 11, 12]",STU-SYN2365,2365,B,63.14,17127,"[6, 2, 3]"
synthetic.student2366@mathsy.synthetic,0.8175,english,Synthetic Student 2366 (A- Level),Deep Focus Learner,mixed,"[17, 11]",STU-SYN2366,2366,A-,77.95,17128,"[7, 5]"
synthetic.student2367@mathsy.synthetic,0.6823,english,Synthetic Student 2367 (A- Level),Consistent Climber,mixed,"[1, 2, 9, 16]",STU-SYN2367,2367,A-,70.4,17129,"[8, 6, 14, 12]"
synthetic.student2368@mathsy.synthetic,0.4811,english,Synthetic Student 2368 (E Level),Deep Focus Learner,kertas1,"[8, 4, 5]",STU-SYN2368,2368,E,42.27,17130,"[1, 16, 13, 6, 18]"
synthetic.student2369@mathsy.synthetic,0.5517,english,Synthetic Student 2369 (C Level),Weekend Learner,kertas1,"[11, 5]",STU-SYN2369,2369,C,50.29,17131,"[17, 18, 16]"
synthetic.student2370@mathsy.synthetic,0.8026,english,Synthetic Student 2370 (A Level),Consistent Climber,kertas1,"[6, 13, 3]",STU-SYN2370,2370,A,82.56,17132,"[8, 2, 14]"
synthetic.student2371@mathsy.synthetic,0.8458,bm,Synthetic Student 2371 (A Level),High Achiever,kertas1,"[9, 11, 16]",STU-SYN2371,2371,A,89.16,17133,"[15, 5]"
synthetic.student2372@mathsy.synthetic,0.758,english,Synthetic Student 2372 (A- Level),Consistent Climber,kertas2,"[2, 5, 15, 16]",STU-SYN2372,2372,A-,76.76,17134,"[17, 6, 14, 9]"
synthetic.student2373@mathsy.synthetic,0.5795,english,Synthetic Student 2373 (C Level),Weekend Learner,kertas1,"[5, 18, 11, 1]",STU-SYN2373,2373,C,51.23,17135,"[13, 7, 2, 3, 6]"
synthetic.student2374@mathsy.synthetic,0.58,english,Synthetic Student 2374 (C+ Level),Deep Focus Learner,kertas2,"[6, 12]",STU-SYN2374,2374,C+,56.46,17136,"[16, 3]"
synthetic.student2375@mathsy.synthetic,0.6647,bm,Synthetic Student 2375 (B+ Level),Consistent Climber,kertas2,"[1, 10, 8, 11]",STU-SYN2375,2375,B+,66.61,17137,"[3, 5, 6, 4]"
synthetic.student2376@mathsy.synthetic,0.5387,english,Synthetic Student 2376 (E Level),Fresh Starter,kertas1,"[14, 17, 13]",STU-SYN2376,2376,E,44.12,17138,"[11, 9]"
synthetic.student2377@mathsy.synthetic,0.7246,english,Synthetic Student 2377 (A- Level),Consistent Climber,kertas1,"[2, 16, 11, 17]",STU-SYN2377,2377,A-,72.73,17139,"[9, 18, 1, 12, 7]"
synthetic.student2378@mathsy.synthetic,0.5704,english,Synthetic Student 2378 (D Level),Deep Focus Learner,mixed,"[5, 10, 9]",STU-SYN2378,2378,D,49.52,17140,"[15, 7, 1, 16]"
synthetic.student2379@mathsy.synthetic,0.7596,bm,Synthetic Student 2379 (A- Level),Flexible Learner,kertas1,"[16, 9, 12]",STU-SYN2379,2379,A-,74.41,17141,"[8, 3, 1, 2]"
synthetic.student2380@mathsy.synthetic,0.4642,english,Synthetic Student 2380 (E Level),Flexible Learner,kertas2,"[11, 2]",STU-SYN2380,2380,E,41.97,17142,"[14, 5, 10, 3, 4]"
synthetic.student2381@mathsy.synthetic,0.9254,english,Synthetic Student 2381 (A+ Level),High Achiever,mixed,"[13, 14]",STU-SYN2381,2381,A+,95.63,17143,"[4, 15]"
synthetic.student2382@mathsy.synthetic,0.7116,english,Synthetic Student 2382 (A- Level),Consistent Climber,kertas1,"[18, 7]",STU-SYN2382,2382,A-,72.62,17144,"[16, 15, 1, 17]"
synthetic.student2383@mathsy.synthetic,0.7051,bm,Synthetic Student 2383 (B+ Level),Consistent Climber,kertas2,"[12, 14, 1, 10]",STU-SYN2383,2383,B+,69.11,17145,"[18, 16, 2, 9, 11]"
synthetic.student2384@mathsy.synthetic,0.8199,english,Synthetic Student 2384 (A Level),Consistent Climber,kertas2,"[4, 14]",STU-SYN2384,2384,A,87.77,17146,"[7, 9]"
synthetic.student2385@mathsy.synthetic,0.6792,english,Synthetic Student 2385 (B Level),Deep Focus Learner,mixed,"[7, 12, 2, 3]",STU-SYN2385,2385,B,62.47,17147,"[16, 8, 15, 1]"
synthetic.student2386@mathsy.synthetic,0.6797,bm,Synthetic Student 2386 (B+ Level),Deep Focus Learner,kertas1,"[9, 8]",STU-SYN2386,2386,B+,65.6,17148,"[14, 1]"
synthetic.student2387@mathsy.synthetic,0.4963,english,Synthetic Student 2387 (E Level),Weekend Learner,kertas2,"[9, 10, 16]",STU-SYN2387,2387,E,43.61,17149,"[18, 15, 13, 7, 8]"
synthetic.student2388@mathsy.synthetic,0.6304,english,Synthetic Student 2388 (B Level),Flexible Learner,mixed,"[3, 16]",STU-SYN2388,2388,B,60.21,17150,"[11, 6, 13]"
synthetic.student2389@mathsy.synthetic,0.7501,english,Synthetic Student 2389 (A- Level),Consistent Climber,kertas1,"[8, 14]",STU-SYN2389,2389,A-,79.19,17151,"[7, 1]"
synthetic.student2390@mathsy.synthetic,0.679,english,Synthetic Student 2390 (B Level),Deep Focus Learner,kertas1,"[9, 5, 3]",STU-SYN2390,2390,B,60.56,17152,"[13, 8, 15, 18, 10]"
synthetic.student2391@mathsy.synthetic,0.6787,bm,Synthetic Student 2391 (B Level),Deep Focus Learner,kertas1,"[1, 9, 12]",STU-SYN2391,2391,B,64.77,17153,"[10, 16, 17]"
synthetic.student2392@mathsy.synthetic,0.4892,english,Synthetic Student 2392 (G Level),Fresh Starter,mixed,"[6, 17, 18, 14]",STU-SYN2392,2392,G,35.2,17154,"[8, 2, 10]"
synthetic.student2393@mathsy.synthetic,0.5334,english,Synthetic Student 2393 (D Level),Weekend Learner,mixed,"[1, 2, 8]",STU-SYN2393,2393,D,45.89,17155,"[7, 6, 16, 3, 17]"
synthetic.student2394@mathsy.synthetic,0.3141,english,Synthetic Student 2394 (G Level),Fresh Starter,mixed,"[7, 3, 5]",STU-SYN2394,2394,G,25,17156,"[13, 2]"
synthetic.student2395@mathsy.synthetic,0.5732,bm,Synthetic Student 2395 (C Level),Deep Focus Learner,kertas1,"[1, 9]",STU-SYN2395,2395,C,51.37,17157,"[5, 15, 3, 11, 2]"
synthetic.student2396@mathsy.synthetic,0.5242,bm,Synthetic Student 2396 (C Level),Flexible Learner,kertas1,"[14, 5, 4, 13]",STU-SYN2396,2396,C,51.02,17158,"[11, 17]"
synthetic.student2397@mathsy.synthetic,0.7656,english,Synthetic Student 2397 (A- Level),Flexible Learner,kertas1,"[16, 7, 4, 12]",STU-SYN2397,2397,A-,74.88,17159,"[11, 9, 6]"
synthetic.student2398@mathsy.synthetic,0.6549,english,Synthetic Student 2398 (B+ Level),Consistent Climber,kertas1,"[4, 6, 7]",STU-SYN2398,2398,B+,69.73,17160,"[2, 15]"
synthetic.student2399@mathsy.synthetic,0.5215,bm,Synthetic Student 2399 (E Level),Fresh Starter,kertas1,"[14, 12, 11]",STU-SYN2399,2399,E,40.43,17161,"[18, 8, 13]"
synthetic.student2400@mathsy.synthetic,0.6586,english,Synthetic Student 2400 (C+ Level),Weekend Learner,kertas1,"[7, 13, 5, 14]",STU-SYN2400,2400,C+,58.92,17162,"[17, 11, 8]"
synthetic.student2401@mathsy.synthetic,0.5413,english,Synthetic Student 2401 (G Level),Fresh Starter,mixed,"[10, 1, 15]",STU-SYN2401,2401,G,39.01,17163,"[3, 6, 12, 16, 11]"
synthetic.student2402@mathsy.synthetic,0.4026,english,Synthetic Student 2402 (G Level),Fresh Starter,kertas2,"[15, 8, 12]",STU-SYN2402,2402,G,25,17164,"[10, 1, 18, 17, 13]"
synthetic.student2403@mathsy.synthetic,0.7479,english,Synthetic Student 2403 (A- Level),Consistent Climber,mixed,"[7, 12]",STU-SYN2403,2403,A-,75.69,17165,"[9, 2, 3, 13]"
synthetic.student2404@mathsy.synthetic,0.8575,english,Synthetic Student 2404 (A+ Level),Consistent Climber,kertas1,"[4, 10, 8]",STU-SYN2404,2404,A+,90.1,17166,"[13, 7]"
synthetic.student2405@mathsy.synthetic,0.7958,english,Synthetic Student 2405 (A Level),High Achiever,kertas2,"[6, 9, 14]",STU-SYN2405,2405,A,82.24,17167,"[18, 17, 7, 13]"
synthetic.student2406@mathsy.synthetic,0.5901,bm,Synthetic Student 2406 (C+ Level),Weekend Learner,mixed,"[10, 2]",STU-SYN2406,2406,C+,55.84,17168,"[18, 16]"
synthetic.student2407@mathsy.synthetic,0.3449,english,Synthetic Student 2407 (G Level),Fresh Starter,kertas2,"[10, 12, 6]",STU-SYN2407,2407,G,25,17169,"[16, 8, 18]"
synthetic.student2408@mathsy.synthetic,0.7345,english,Synthetic Student 2408 (A- Level),Consistent Climber,mixed,"[2, 17, 4]",STU-SYN2408,2408,A-,73.23,17170,"[5, 1, 7, 6]"
synthetic.student2409@mathsy.synthetic,0.6523,bm,Synthetic Student 2409 (B Level),Deep Focus Learner,kertas2,"[3, 7, 4, 1]",STU-SYN2409,2409,B,63.26,17171,"[11, 15]"
synthetic.student2410@mathsy.synthetic,0.588,bm,Synthetic Student 2410 (C+ Level),Flexible Learner,kertas2,"[6, 18]",STU-SYN2410,2410,C+,57.75,17172,"[16, 17, 1]"
synthetic.student2411@mathsy.synthetic,0.5956,bm,Synthetic Student 2411 (E Level),Fresh Starter,mixed,"[5, 12, 10]",STU-SYN2411,2411,E,44.1,17173,"[16, 1, 17, 13, 8]"
synthetic.student2412@mathsy.synthetic,0.4916,english,Synthetic Student 2412 (G Level),Fresh Starter,kertas1,"[8, 6, 14, 18]",STU-SYN2412,2412,G,33.92,17174,"[7, 5, 1, 3, 4]"
synthetic.student2413@mathsy.synthetic,0.3352,english,Synthetic Student 2413 (G Level),Fresh Starter,kertas1,"[16, 14, 9, 8]",STU-SYN2413,2413,G,25,17175,"[1, 10]"
synthetic.student2414@mathsy.synthetic,0.5454,bm,Synthetic Student 2414 (C Level),Flexible Learner,mixed,"[13, 1]",STU-SYN2414,2414,C,54.39,17176,"[7, 18]"
synthetic.student2415@mathsy.synthetic,0.6169,english,Synthetic Student 2415 (D Level),Fresh Starter,kertas2,"[1, 15, 7]",STU-SYN2415,2415,D,46.83,17177,"[4, 13, 16, 17]"
synthetic.student2416@mathsy.synthetic,0.9555,english,Synthetic Student 2416 (A+ Level),High Achiever,kertas2,"[13, 9]",STU-SYN2416,2416,A+,97.53,17178,"[17, 15, 7, 4, 11]"
synthetic.student2417@mathsy.synthetic,0.7546,bm,Synthetic Student 2417 (A- Level),Weekend Learner,kertas2,"[17, 2, 10, 8]",STU-SYN2417,2417,A-,71.29,17179,"[12, 13, 6, 18]"
synthetic.student2418@mathsy.synthetic,0.7664,bm,Synthetic Student 2418 (A- Level),Consistent Climber,mixed,"[12, 9]",STU-SYN2418,2418,A-,76.66,17180,"[18, 1, 6, 3, 2]"
synthetic.student2419@mathsy.synthetic,0.5961,english,Synthetic Student 2419 (C+ Level),Consistent Climber,mixed,"[13, 1]",STU-SYN2419,2419,C+,58.72,17181,"[7, 16, 14, 12, 3]"
synthetic.student2420@mathsy.synthetic,0.7773,bm,Synthetic Student 2420 (A- Level),Flexible Learner,kertas2,"[18, 3, 2, 16]",STU-SYN2420,2420,A-,72.51,17182,"[10, 1, 15, 9, 13]"
synthetic.student2421@mathsy.synthetic,0.842,bm,Synthetic Student 2421 (A Level),Consistent Climber,kertas1,"[9, 13, 2, 4]",STU-SYN2421,2421,A,82.54,17183,"[1, 17, 10, 16, 14]"
synthetic.student2422@mathsy.synthetic,0.7487,english,Synthetic Student 2422 (A- Level),Deep Focus Learner,mixed,"[8, 6, 14, 11]",STU-SYN2422,2422,A-,71.16,17184,"[12, 17, 9]"
synthetic.student2423@mathsy.synthetic,0.8546,bm,Synthetic Student 2423 (A Level),Consistent Climber,kertas2,"[14, 8, 11, 12]",STU-SYN2423,2423,A,85.28,17185,"[13, 7, 4, 18]"
synthetic.student2424@mathsy.synthetic,0.4954,bm,Synthetic Student 2424 (D Level),Deep Focus Learner,mixed,"[7, 14, 5, 2]",STU-SYN2424,2424,D,46.46,17186,"[1, 11, 18]"
synthetic.student2425@mathsy.synthetic,0.8527,english,Synthetic Student 2425 (A Level),Consistent Climber,kertas2,"[18, 16, 7]",STU-SYN2425,2425,A,82.8,17187,"[3, 12, 9, 1, 4]"
synthetic.student2426@mathsy.synthetic,0.6438,english,Synthetic Student 2426 (C+ Level),Flexible Learner,mixed,"[12, 17, 1, 10]",STU-SYN2426,2426,C+,58.78,17188,"[14, 8, 2, 6, 4]"
synthetic.student2427@mathsy.synthetic,0.6857,english,Synthetic Student 2427 (B Level),Deep Focus Learner,mixed,"[13, 3]",STU-SYN2427,2427,B,64.83,17189,"[15, 8, 1]"
synthetic.student2428@mathsy.synthetic,0.6202,english,Synthetic Student 2428 (C+ Level),Deep Focus Learner,kertas2,"[17, 8, 12, 3]",STU-SYN2428,2428,C+,55.29,17190,"[10, 5, 18, 4]"
synthetic.student2429@mathsy.synthetic,0.5765,english,Synthetic Student 2429 (C+ Level),Flexible Learner,kertas2,"[6, 14]",STU-SYN2429,2429,C+,55.11,17191,"[12, 17, 9, 11]"
synthetic.student2430@mathsy.synthetic,0.7275,english,Synthetic Student 2430 (B+ Level),Weekend Learner,mixed,"[9, 6]",STU-SYN2430,2430,B+,66.3,17192,"[14, 7, 15, 16]"
synthetic.student2431@mathsy.synthetic,0.9046,english,Synthetic Student 2431 (A+ Level),High Achiever,kertas1,"[2, 9, 17]",STU-SYN2431,2431,A+,91.92,17193,"[13, 16, 12, 1]"
synthetic.student2432@mathsy.synthetic,0.9148,english,Synthetic Student 2432 (A+ Level),High Achiever,mixed,"[14, 2]",STU-SYN2432,2432,A+,95.19,17194,"[8, 7, 6, 13]"
synthetic.student2433@mathsy.synthetic,0.4741,bm,Synthetic Student 2433 (G Level),Fresh Starter,kertas2,"[17, 11, 16, 12]",STU-SYN2433,2433,G,34.82,17195,"[5, 10, 3, 14]"
synthetic.student2434@mathsy.synthetic,0.639,english,Synthetic Student 2434 (B Level),Weekend Learner,mixed,"[3, 9, 5, 1]",STU-SYN2434,2434,B,61.9,17196,"[14, 10, 12]"
synthetic.student2435@mathsy.synthetic,0.5062,english,Synthetic Student 2435 (G Level),Fresh Starter,kertas2,"[10, 4, 8]",STU-SYN2435,2435,G,38.5,17197,"[14, 5, 9]"
synthetic.student2436@mathsy.synthetic,0.641,bm,Synthetic Student 2436 (B Level),Deep Focus Learner,kertas1,"[13, 11]",STU-SYN2436,2436,B,60.33,17198,"[12, 18, 7, 6]"
synthetic.student2437@mathsy.synthetic,0.7144,english,Synthetic Student 2437 (B+ Level),Weekend Learner,kertas2,"[14, 1, 16]",STU-SYN2437,2437,B+,68.16,17199,"[6, 2, 11]"
synthetic.student2438@mathsy.synthetic,0.4907,english,Synthetic Student 2438 (E Level),Flexible Learner,kertas1,"[16, 17, 7]",STU-SYN2438,2438,E,40.98,17200,"[1, 18, 14, 9, 11]"
synthetic.student2439@mathsy.synthetic,0.7552,english,Synthetic Student 2439 (A- Level),Deep Focus Learner,mixed,"[3, 4, 8, 12]",STU-SYN2439,2439,A-,73.1,17201,"[16, 2]"
synthetic.student2440@mathsy.synthetic,0.3506,bm,Synthetic Student 2440 (G Level),Fresh Starter,kertas2,"[11, 5, 12]",STU-SYN2440,2440,G,25,17202,"[8, 3, 6]"
synthetic.student2441@mathsy.synthetic,0.6402,english,Synthetic Student 2441 (C+ Level),Weekend Learner,mixed,"[7, 12, 10, 17]",STU-SYN2441,2441,C+,56.33,17203,"[8, 14, 3, 2, 9]"
synthetic.student2442@mathsy.synthetic,0.766,bm,Synthetic Student 2442 (A- Level),Deep Focus Learner,kertas1,"[3, 7, 4]",STU-SYN2442,2442,A-,75.67,17204,"[12, 8]"
synthetic.student2443@mathsy.synthetic,0.8643,english,Synthetic Student 2443 (A Level),High Achiever,kertas1,"[3, 13]",STU-SYN2443,2443,A,87.41,17205,"[18, 1, 8, 7, 9]"
synthetic.student2444@mathsy.synthetic,0.7721,bm,Synthetic Student 2444 (A- Level),Consistent Climber,kertas2,"[12, 11]",STU-SYN2444,2444,A-,77.61,17206,"[17, 14, 8, 10]"
synthetic.student2445@mathsy.synthetic,0.5036,english,Synthetic Student 2445 (D Level),Deep Focus Learner,mixed,"[4, 8, 16]",STU-SYN2445,2445,D,48.62,17207,"[10, 7, 2]"
synthetic.student2446@mathsy.synthetic,0.7425,english,Synthetic Student 2446 (A- Level),Consistent Climber,mixed,"[15, 18, 8, 2]",STU-SYN2446,2446,A-,76.18,17208,"[3, 6, 5]"
synthetic.student2447@mathsy.synthetic,0.4538,english,Synthetic Student 2447 (E Level),Flexible Learner,kertas1,"[13, 8, 3]",STU-SYN2447,2447,E,41.42,17209,"[1, 18, 12, 5]"
synthetic.student2448@mathsy.synthetic,0.7287,english,Synthetic Student 2448 (A- Level),Weekend Learner,mixed,"[1, 8, 17]",STU-SYN2448,2448,A-,70.42,17210,"[5, 2]"
synthetic.student2449@mathsy.synthetic,0.5679,bm,Synthetic Student 2449 (C Level),Weekend Learner,kertas1,"[2, 5, 7]",STU-SYN2449,2449,C,50.82,17211,"[10, 13, 17, 18]"
synthetic.student2450@mathsy.synthetic,0.8164,english,Synthetic Student 2450 (A Level),High Achiever,kertas1,"[1, 8]",STU-SYN2450,2450,A,80.87,17212,"[18, 5, 3, 14]"
synthetic.student2451@mathsy.synthetic,0.4567,english,Synthetic Student 2451 (E Level),Flexible Learner,kertas1,"[5, 2, 16, 6]",STU-SYN2451,2451,E,42.98,17213,"[10, 9, 7, 11]"
synthetic.student2452@mathsy.synthetic,0.6138,english,Synthetic Student 2452 (C+ Level),Deep Focus Learner,kertas1,"[2, 3]",STU-SYN2452,2452,C+,56.81,17214,"[11, 12, 16, 9]"
synthetic.student2453@mathsy.synthetic,0.5695,english,Synthetic Student 2453 (D Level),Weekend Learner,kertas2,"[16, 3]",STU-SYN2453,2453,D,48.29,17215,"[8, 18, 1, 12, 6]"
synthetic.student2454@mathsy.synthetic,0.8836,bm,Synthetic Student 2454 (A Level),High Achiever,mixed,"[1, 5, 10, 11]",STU-SYN2454,2454,A,88.62,17216,"[18, 17, 16, 3, 14]"
synthetic.student2455@mathsy.synthetic,0.6912,english,Synthetic Student 2455 (B+ Level),Flexible Learner,kertas2,"[8, 15, 2]",STU-SYN2455,2455,B+,66.29,17217,"[1, 13, 3, 6]"
synthetic.student2456@mathsy.synthetic,0.4539,english,Synthetic Student 2456 (E Level),Weekend Learner,kertas2,"[18, 2]",STU-SYN2456,2456,E,40.35,17218,"[7, 12, 4, 15, 11]"
synthetic.student2457@mathsy.synthetic,0.4638,bm,Synthetic Student 2457 (D Level),Flexible Learner,kertas2,"[5, 2, 12]",STU-SYN2457,2457,D,45.24,17219,"[1, 10]"
synthetic.student2458@mathsy.synthetic,0.8505,english,Synthetic Student 2458 (A Level),High Achiever,kertas2,"[5, 17, 12, 3]",STU-SYN2458,2458,A,88.49,17220,"[15, 9, 10]"
synthetic.student2459@mathsy.synthetic,0.5592,bm,Synthetic Student 2459 (C Level),Weekend Learner,kertas1,"[7, 17, 13]",STU-SYN2459,2459,C,50.52,17221,"[4, 5, 2]"
synthetic.student2460@mathsy.synthetic,0.7957,bm,Synthetic Student 2460 (A Level),High Achiever,kertas2,"[11, 12, 7, 9]",STU-SYN2460,2460,A,85.66,17222,"[15, 16]"
synthetic.student2461@mathsy.synthetic,0.7104,english,Synthetic Student 2461 (B+ Level),Weekend Learner,mixed,"[11, 5]",STU-SYN2461,2461,B+,66.86,17223,"[12, 8, 17]"
synthetic.student2462@mathsy.synthetic,0.8335,bm,Synthetic Student 2462 (A Level),Consistent Climber,mixed,"[11, 9, 4, 13]",STU-SYN2462,2462,A,82.16,17224,"[5, 16, 7, 1, 6]"
synthetic.student2463@mathsy.synthetic,0.613,english,Synthetic Student 2463 (D Level),Fresh Starter,kertas1,"[12, 1]",STU-SYN2463,2463,D,46.73,17225,"[5, 8, 16, 13]"
synthetic.student2464@mathsy.synthetic,0.7659,english,Synthetic Student 2464 (A- Level),Flexible Learner,kertas2,"[13, 9, 7]",STU-SYN2464,2464,A-,71.58,17226,"[15, 12, 18, 5, 8]"
synthetic.student2465@mathsy.synthetic,0.7777,english,Synthetic Student 2465 (A Level),Consistent Climber,kertas2,"[17, 7, 13, 16]",STU-SYN2465,2465,A,80.79,17227,"[8, 12, 1]"
synthetic.student2466@mathsy.synthetic,0.7947,bm,Synthetic Student 2466 (A- Level),Deep Focus Learner,kertas1,"[14, 5]",STU-SYN2466,2466,A-,72.4,17228,"[1, 13, 8, 12, 2]"
synthetic.student2467@mathsy.synthetic,0.7226,english,Synthetic Student 2467 (B+ Level),Deep Focus Learner,kertas2,"[10, 13]",STU-SYN2467,2467,B+,67.57,17229,"[14, 8, 16]"
synthetic.student2468@mathsy.synthetic,0.6972,english,Synthetic Student 2468 (A- Level),Consistent Climber,mixed,"[6, 1, 17, 15]",STU-SYN2468,2468,A-,72.72,17230,"[10, 13, 16]"
synthetic.student2469@mathsy.synthetic,0.5366,english,Synthetic Student 2469 (D Level),Deep Focus Learner,kertas1,"[17, 12, 18]",STU-SYN2469,2469,D,48.11,17231,"[1, 13, 14, 3]"
synthetic.student2470@mathsy.synthetic,0.738,bm,Synthetic Student 2470 (A- Level),Flexible Learner,kertas1,"[6, 1, 2]",STU-SYN2470,2470,A-,70.93,17232,"[8, 4]"
synthetic.student2471@mathsy.synthetic,0.4479,english,Synthetic Student 2471 (G Level),Fresh Starter,mixed,"[12, 9]",STU-SYN2471,2471,G,36.71,17233,"[2, 1]"
synthetic.student2472@mathsy.synthetic,0.6863,english,Synthetic Student 2472 (B Level),Deep Focus Learner,kertas1,"[1, 13]",STU-SYN2472,2472,B,61.96,17234,"[2, 8, 14, 4]"
synthetic.student2473@mathsy.synthetic,0.9041,english,Synthetic Student 2473 (A+ Level),High Achiever,kertas2,"[12, 18]",STU-SYN2473,2473,A+,93.81,17235,"[7, 16, 9, 10]"
synthetic.student2474@mathsy.synthetic,0.7047,english,Synthetic Student 2474 (B+ Level),Flexible Learner,mixed,"[13, 15, 11]",STU-SYN2474,2474,B+,68.36,17236,"[17, 12, 9]"
synthetic.student2475@mathsy.synthetic,0.4646,english,Synthetic Student 2475 (G Level),Fresh Starter,kertas2,"[16, 7, 4]",STU-SYN2475,2475,G,33.3,17237,"[14, 11, 18, 9]"
synthetic.student2476@mathsy.synthetic,0.5041,bm,Synthetic Student 2476 (D Level),Deep Focus Learner,mixed,"[3, 6, 15]",STU-SYN2476,2476,D,46.95,17238,"[8, 7, 12, 11]"
synthetic.student2477@mathsy.synthetic,0.9302,english,Synthetic Student 2477 (A+ Level),High Achiever,mixed,"[6, 14, 4, 13]",STU-SYN2477,2477,A+,98,17239,"[11, 16]"
synthetic.student2478@mathsy.synthetic,0.6691,english,Synthetic Student 2478 (B Level),Flexible Learner,kertas1,"[12, 15, 5]",STU-SYN2478,2478,B,61.92,17240,"[8, 6, 14, 17]"
synthetic.student2479@mathsy.synthetic,0.5886,english,Synthetic Student 2479 (C+ Level),Weekend Learner,kertas1,"[10, 11, 6]",STU-SYN2479,2479,C+,56.54,17241,"[17, 4]"
synthetic.student2480@mathsy.synthetic,0.6385,english,Synthetic Student 2480 (B+ Level),Consistent Climber,kertas1,"[16, 13, 5, 1]",STU-SYN2480,2480,B+,65.47,17242,"[4, 10, 18, 8]"
synthetic.student2481@mathsy.synthetic,0.4952,english,Synthetic Student 2481 (D Level),Flexible Learner,mixed,"[5, 16]",STU-SYN2481,2481,D,48.06,17243,"[17, 9]"
synthetic.student2482@mathsy.synthetic,0.6477,english,Synthetic Student 2482 (C+ Level),Deep Focus Learner,kertas1,"[14, 3, 11]",STU-SYN2482,2482,C+,58.21,17244,"[5, 18, 9, 12, 17]"
synthetic.student2483@mathsy.synthetic,0.6042,english,Synthetic Student 2483 (D Level),Fresh Starter,kertas1,"[8, 18, 14]",STU-SYN2483,2483,D,47.19,17245,"[11, 16, 1]"
synthetic.student2484@mathsy.synthetic,0.7878,english,Synthetic Student 2484 (A- Level),Consistent Climber,mixed,"[14, 18]",STU-SYN2484,2484,A-,79.45,17246,"[6, 3, 10, 11]"
synthetic.student2485@mathsy.synthetic,0.5968,english,Synthetic Student 2485 (B Level),Consistent Climber,kertas1,"[2, 8, 9]",STU-SYN2485,2485,B,60.31,17247,"[3, 12, 15, 10]"
synthetic.student2486@mathsy.synthetic,0.8481,english,Synthetic Student 2486 (A Level),Consistent Climber,mixed,"[17, 1, 2]",STU-SYN2486,2486,A,86.25,17248,"[11, 5, 13]"
synthetic.student2487@mathsy.synthetic,0.4927,english,Synthetic Student 2487 (D Level),Deep Focus Learner,kertas1,"[6, 4, 14, 13]",STU-SYN2487,2487,D,47.71,17249,"[1, 15]"
synthetic.student2488@mathsy.synthetic,0.5717,english,Synthetic Student 2488 (C Level),Weekend Learner,kertas1,"[16, 18, 10, 5]",STU-SYN2488,2488,C,51.56,17250,"[7, 2, 9, 17]"
synthetic.student2489@mathsy.synthetic,0.7029,bm,Synthetic Student 2489 (A- Level),Consistent Climber,mixed,"[11, 7, 18]",STU-SYN2489,2489,A-,70.36,17251,"[12, 13, 8, 17]"
synthetic.student2490@mathsy.synthetic,0.5019,bm,Synthetic Student 2490 (G Level),Fresh Starter,mixed,"[18, 10, 12]",STU-SYN2490,2490,G,36.62,17252,"[17, 4, 8, 2]"
synthetic.student2491@mathsy.synthetic,0.6557,english,Synthetic Student 2491 (B Level),Flexible Learner,kertas1,"[15, 6, 7, 12]",STU-SYN2491,2491,B,60.52,17253,"[16, 1, 13, 10]"
synthetic.student2492@mathsy.synthetic,0.7399,english,Synthetic Student 2492 (B+ Level),Deep Focus Learner,kertas1,"[16, 4]",STU-SYN2492,2492,B+,69.78,17254,"[6, 7, 14, 5, 10]"
synthetic.student2493@mathsy.synthetic,0.4807,english,Synthetic Student 2493 (D Level),Weekend Learner,mixed,"[10, 8, 15]",STU-SYN2493,2493,D,46.18,17255,"[11, 17, 4]"
synthetic.student2494@mathsy.synthetic,0.5735,english,Synthetic Student 2494 (C Level),Deep Focus Learner,kertas2,"[11, 1]",STU-SYN2494,2494,C,53.36,17256,"[16, 2, 17]"
synthetic.student2495@mathsy.synthetic,0.7568,english,Synthetic Student 2495 (A- Level),Weekend Learner,kertas1,"[4, 12, 14]",STU-SYN2495,2495,A-,72.39,17257,"[13, 9]"
synthetic.student2496@mathsy.synthetic,0.7505,english,Synthetic Student 2496 (A- Level),Flexible Learner,kertas1,"[13, 7, 14]",STU-SYN2496,2496,A-,70.64,17258,"[9, 17, 16, 1, 3]"
synthetic.student2497@mathsy.synthetic,0.6334,english,Synthetic Student 2497 (C+ Level),Weekend Learner,mixed,"[6, 7, 1, 8]",STU-SYN2497,2497,C+,59.37,17259,"[5, 4, 12]"
synthetic.student2498@mathsy.synthetic,0.5641,english,Synthetic Student 2498 (C Level),Flexible Learner,kertas2,"[10, 2, 7]",STU-SYN2498,2498,C,50.83,17260,"[6, 3, 11, 13]"
synthetic.student2499@mathsy.synthetic,0.6646,english,Synthetic Student 2499 (B Level),Weekend Learner,kertas2,"[4, 5]",STU-SYN2499,2499,B,61.77,17261,"[9, 16, 2, 8]"
synthetic.student2500@mathsy.synthetic,0.7307,bm,Synthetic Student 2500 (A- Level),Consistent Climber,kertas2,"[15, 2, 16]",STU-SYN2500,2500,A-,75.67,17262,"[18, 5]"
synthetic.student2501@mathsy.synthetic,0.7172,bm,Synthetic Student 2501 (A- Level),Consistent Climber,mixed,"[15, 3, 12]",STU-SYN2501,2501,A-,72.89,17263,"[1, 5]"
synthetic.student2502@mathsy.synthetic,0.6738,bm,Synthetic Student 2502 (A- Level),Consistent Climber,kertas1,"[10, 17, 9]",STU-SYN2502,2502,A-,71.43,17264,"[7, 3]"
synthetic.student2503@mathsy.synthetic,0.5948,english,Synthetic Student 2503 (C+ Level),Deep Focus Learner,kertas1,"[7, 11]",STU-SYN2503,2503,C+,55.1,17265,"[4, 5, 8, 14]"
synthetic.student2504@mathsy.synthetic,0.8292,bm,Synthetic Student 2504 (A Level),Consistent Climber,kertas2,"[3, 15, 17]",STU-SYN2504,2504,A,82.23,17266,"[7, 10, 12, 4, 11]"
synthetic.student2505@mathsy.synthetic,0.8074,english,Synthetic Student 2505 (A Level),Consistent Climber,kertas1,"[6, 2]",STU-SYN2505,2505,A,83.1,17267,"[16, 10, 7]"
synthetic.student2506@mathsy.synthetic,0.725,bm,Synthetic Student 2506 (A- Level),Consistent Climber,kertas2,"[18, 7]",STU-SYN2506,2506,A-,72.01,17268,"[17, 12, 11, 2]"
synthetic.student2507@mathsy.synthetic,0.8234,english,Synthetic Student 2507 (A Level),High Achiever,kertas2,"[1, 6, 9]",STU-SYN2507,2507,A,81.53,17269,"[11, 3, 12, 8, 4]"
synthetic.student2508@mathsy.synthetic,0.7374,english,Synthetic Student 2508 (B+ Level),Flexible Learner,mixed,"[17, 18, 5, 7]",STU-SYN2508,2508,B+,69.41,17270,"[10, 8, 4, 15]"
synthetic.student2509@mathsy.synthetic,0.6449,bm,Synthetic Student 2509 (C+ Level),Weekend Learner,kertas2,"[13, 17, 10, 3]",STU-SYN2509,2509,C+,58.24,17271,"[15, 14, 6, 18]"
synthetic.student2510@mathsy.synthetic,0.5146,bm,Synthetic Student 2510 (D Level),Flexible Learner,kertas2,"[6, 12, 14, 18]",STU-SYN2510,2510,D,46.09,17272,"[17, 9, 5, 11]"
synthetic.student2511@mathsy.synthetic,0.5538,english,Synthetic Student 2511 (C Level),Weekend Learner,mixed,"[16, 17, 8]",STU-SYN2511,2511,C,53.27,17273,"[10, 1]"
synthetic.student2512@mathsy.synthetic,0.8421,english,Synthetic Student 2512 (A Level),Consistent Climber,mixed,"[15, 11, 2]",STU-SYN2512,2512,A,83.79,17274,"[7, 9, 3, 1]"
synthetic.student2513@mathsy.synthetic,0.9165,english,Synthetic Student 2513 (A+ Level),High Achiever,kertas1,"[17, 12, 3, 18]",STU-SYN2513,2513,A+,98,17275,"[7, 8]"
synthetic.student2514@mathsy.synthetic,0.7014,english,Synthetic Student 2514 (B+ Level),Weekend Learner,mixed,"[10, 12, 1]",STU-SYN2514,2514,B+,68.28,17276,"[3, 9]"
synthetic.student2515@mathsy.synthetic,0.7576,english,Synthetic Student 2515 (A- Level),Flexible Learner,mixed,"[4, 8]",STU-SYN2515,2515,A-,74.25,17277,"[1, 14]"
synthetic.student2516@mathsy.synthetic,0.7684,english,Synthetic Student 2516 (A- Level),Deep Focus Learner,kertas1,"[11, 9, 17, 16]",STU-SYN2516,2516,A-,70.8,17278,"[6, 2, 13, 5, 18]"
synthetic.student2517@mathsy.synthetic,0.7423,bm,Synthetic Student 2517 (A- Level),Weekend Learner,kertas1,"[6, 10, 13, 14]",STU-SYN2517,2517,A-,70.15,17279,"[1, 11, 9]"
synthetic.student2518@mathsy.synthetic,0.4905,bm,Synthetic Student 2518 (G Level),Fresh Starter,kertas1,"[4, 5, 10, 12]",STU-SYN2518,2518,G,37.03,17280,"[3, 7, 13]"
synthetic.student2519@mathsy.synthetic,0.4698,english,Synthetic Student 2519 (G Level),Fresh Starter,mixed,"[13, 16]",STU-SYN2519,2519,G,36.55,17281,"[11, 15]"
synthetic.student2520@mathsy.synthetic,0.6546,bm,Synthetic Student 2520 (B Level),Weekend Learner,mixed,"[12, 11, 17]",STU-SYN2520,2520,B,62.52,17282,"[14, 18, 10]"
synthetic.student2521@mathsy.synthetic,0.7273,english,Synthetic Student 2521 (B+ Level),Flexible Learner,kertas1,"[14, 18]",STU-SYN2521,2521,B+,69.14,17283,"[11, 12]"
synthetic.student2522@mathsy.synthetic,0.5276,english,Synthetic Student 2522 (G Level),Fresh Starter,kertas1,"[5, 18, 10]",STU-SYN2522,2522,G,37.7,17284,"[15, 6, 12]"
synthetic.student2523@mathsy.synthetic,0.5281,bm,Synthetic Student 2523 (G Level),Fresh Starter,kertas1,"[10, 7, 15]",STU-SYN2523,2523,G,37.93,17285,"[11, 14, 18, 13]"
synthetic.student2524@mathsy.synthetic,0.6163,english,Synthetic Student 2524 (D Level),Fresh Starter,kertas2,"[6, 4, 14]",STU-SYN2524,2524,D,47.61,17286,"[10, 2, 15]"
synthetic.student2525@mathsy.synthetic,0.5312,bm,Synthetic Student 2525 (C Level),Weekend Learner,mixed,"[6, 15, 14, 18]",STU-SYN2525,2525,C,50.64,17287,"[11, 3]"
synthetic.student2526@mathsy.synthetic,0.6326,bm,Synthetic Student 2526 (B Level),Deep Focus Learner,kertas2,"[16, 15, 8]",STU-SYN2526,2526,B,61.01,17288,"[6, 4]"
synthetic.student2527@mathsy.synthetic,0.5828,bm,Synthetic Student 2527 (C+ Level),Weekend Learner,kertas2,"[2, 18, 12]",STU-SYN2527,2527,C+,57.73,17289,"[3, 17]"
synthetic.student2528@mathsy.synthetic,0.6069,english,Synthetic Student 2528 (E Level),Fresh Starter,mixed,"[12, 1, 14]",STU-SYN2528,2528,E,43.77,17290,"[7, 9, 18, 4, 11]"
synthetic.student2529@mathsy.synthetic,0.3931,bm,Synthetic Student 2529 (G Level),Fresh Starter,kertas1,"[15, 16, 4, 13]",STU-SYN2529,2529,G,28.81,17291,"[10, 6]"
synthetic.student2530@mathsy.synthetic,0.6074,bm,Synthetic Student 2530 (C Level),Deep Focus Learner,mixed,"[4, 7, 11]",STU-SYN2530,2530,C,51.78,17292,"[10, 9, 13, 17, 6]"
synthetic.student2531@mathsy.synthetic,0.6026,english,Synthetic Student 2531 (C Level),Weekend Learner,mixed,"[12, 8, 16]",STU-SYN2531,2531,C,53.99,17293,"[10, 11, 6, 3, 15]"
synthetic.student2532@mathsy.synthetic,0.5124,bm,Synthetic Student 2532 (D Level),Weekend Learner,kertas2,"[6, 12, 11]",STU-SYN2532,2532,D,47.33,17294,"[8, 9, 14]"
synthetic.student2533@mathsy.synthetic,0.616,bm,Synthetic Student 2533 (C+ Level),Flexible Learner,mixed,"[10, 6]",STU-SYN2533,2533,C+,55.3,17295,"[5, 13, 12, 7, 4]"
synthetic.student2534@mathsy.synthetic,0.4261,bm,Synthetic Student 2534 (E Level),Weekend Learner,kertas2,"[2, 5, 17, 1]",STU-SYN2534,2534,E,41.39,17296,"[11, 16]"
synthetic.student2535@mathsy.synthetic,0.5382,english,Synthetic Student 2535 (C Level),Weekend Learner,kertas2,"[5, 8, 13]",STU-SYN2535,2535,C,52.78,17297,"[9, 3]"
synthetic.student2536@mathsy.synthetic,0.7732,english,Synthetic Student 2536 (A- Level),Flexible Learner,kertas1,"[2, 7, 11]",STU-SYN2536,2536,A-,74.07,17298,"[5, 9, 6, 15]"
synthetic.student2537@mathsy.synthetic,0.8429,bm,Synthetic Student 2537 (A+ Level),Consistent Climber,kertas2,"[12, 8, 10, 6]",STU-SYN2537,2537,A+,90.05,17299,"[4, 16]"
synthetic.student2538@mathsy.synthetic,0.5243,bm,Synthetic Student 2538 (D Level),Deep Focus Learner,kertas1,"[15, 7]",STU-SYN2538,2538,D,45.96,17300,"[5, 14, 11, 9, 16]"
synthetic.student2539@mathsy.synthetic,0.8004,english,Synthetic Student 2539 (A Level),Consistent Climber,kertas1,"[11, 6, 17]",STU-SYN2539,2539,A,85.94,17301,"[2, 4]"
synthetic.student2540@mathsy.synthetic,0.6308,english,Synthetic Student 2540 (B Level),Consistent Climber,mixed,"[11, 14, 7]",STU-SYN2540,2540,B,63.55,17302,"[8, 2, 3, 12, 16]"
synthetic.student2541@mathsy.synthetic,0.5061,english,Synthetic Student 2541 (D Level),Flexible Learner,mixed,"[17, 2, 8]",STU-SYN2541,2541,D,45.45,17303,"[9, 13, 12, 11, 5]"
synthetic.student2542@mathsy.synthetic,0.4379,english,Synthetic Student 2542 (G Level),Fresh Starter,kertas2,"[4, 14, 13, 5]",STU-SYN2542,2542,G,30.85,17304,"[12, 15, 17, 18]"
synthetic.student2543@mathsy.synthetic,0.6007,english,Synthetic Student 2543 (B Level),Consistent Climber,mixed,"[15, 9, 3]",STU-SYN2543,2543,B,63.0,17305,"[7, 10, 18, 13, 5]"
synthetic.student2544@mathsy.synthetic,0.4606,english,Synthetic Student 2544 (G Level),Fresh Starter,kertas1,"[5, 2]",STU-SYN2544,2544,G,32.77,17306,"[12, 6, 11]"
synthetic.student2545@mathsy.synthetic,0.7278,english,Synthetic Student 2545 (B+ Level),Deep Focus Learner,mixed,"[6, 5]",STU-SYN2545,2545,B+,67.22,17307,"[14, 16, 15, 11]"
synthetic.student2546@mathsy.synthetic,0.361,english,Synthetic Student 2546 (G Level),Fresh Starter,kertas1,"[17, 15, 1]",STU-SYN2546,2546,G,25.31,17308,"[10, 16]"
synthetic.student2547@mathsy.synthetic,0.671,english,Synthetic Student 2547 (B+ Level),Consistent Climber,kertas2,"[8, 5, 7]",STU-SYN2547,2547,B+,67.76,17309,"[1, 14, 11, 17]"
synthetic.student2548@mathsy.synthetic,0.671,english,Synthetic Student 2548 (B Level),Deep Focus Learner,mixed,"[6, 12]",STU-SYN2548,2548,B,64.82,17310,"[3, 10, 5]"
synthetic.student2549@mathsy.synthetic,0.7738,english,Synthetic Student 2549 (A- Level),Deep Focus Learner,mixed,"[12, 15]",STU-SYN2549,2549,A-,75.51,17311,"[9, 4, 7]"
synthetic.student2550@mathsy.synthetic,0.6266,bm,Synthetic Student 2550 (C+ Level),Weekend Learner,kertas1,"[13, 9]",STU-SYN2550,2550,C+,59.22,17312,"[16, 4, 7]"
synthetic.student2551@mathsy.synthetic,0.5595,english,Synthetic Student 2551 (E Level),Fresh Starter,mixed,"[5, 8]",STU-SYN2551,2551,E,44.49,17313,"[4, 18, 2, 17]"
synthetic.student2552@mathsy.synthetic,0.7004,english,Synthetic Student 2552 (A- Level),Consistent Climber,mixed,"[6, 13]",STU-SYN2552,2552,A-,72.11,17314,"[9, 8, 4, 16, 15]"
synthetic.student2553@mathsy.synthetic,0.6521,english,Synthetic Student 2553 (B Level),Weekend Learner,kertas1,"[8, 16, 2]",STU-SYN2553,2553,B,61.95,17315,"[7, 17, 3]"
synthetic.student2554@mathsy.synthetic,0.6346,bm,Synthetic Student 2554 (C+ Level),Deep Focus Learner,kertas1,"[5, 10, 1, 8]",STU-SYN2554,2554,C+,55.49,17316,"[17, 16, 6, 12, 15]"
synthetic.student2555@mathsy.synthetic,0.4983,bm,Synthetic Student 2555 (D Level),Deep Focus Learner,mixed,"[6, 14, 9]",STU-SYN2555,2555,D,47.43,17317,"[12, 5]"
synthetic.student2556@mathsy.synthetic,0.8053,english,Synthetic Student 2556 (A Level),Consistent Climber,kertas2,"[5, 10, 6, 1]",STU-SYN2556,2556,A,81.93,17318,"[3, 14, 15, 8]"
synthetic.student2557@mathsy.synthetic,0.766,english,Synthetic Student 2557 (A- Level),Deep Focus Learner,kertas1,"[16, 18, 15]",STU-SYN2557,2557,A-,73.64,17319,"[3, 8, 4]"
synthetic.student2558@mathsy.synthetic,0.6591,english,Synthetic Student 2558 (B+ Level),Consistent Climber,kertas2,"[14, 1]",STU-SYN2558,2558,B+,68.97,17320,"[6, 8]"
synthetic.student2559@mathsy.synthetic,0.4463,english,Synthetic Student 2559 (G Level),Fresh Starter,kertas1,"[4, 13, 12, 11]",STU-SYN2559,2559,G,32.59,17321,"[15, 7]"
synthetic.student2560@mathsy.synthetic,0.7659,english,Synthetic Student 2560 (A- Level),Consistent Climber,kertas2,"[12, 13, 7, 10]",STU-SYN2560,2560,A-,79.88,17322,"[8, 15, 9]"
synthetic.student2561@mathsy.synthetic,0.731,bm,Synthetic Student 2561 (A- Level),Flexible Learner,kertas1,"[9, 8, 1]",STU-SYN2561,2561,A-,70.64,17323,"[16, 11, 15]"
synthetic.student2562@mathsy.synthetic,0.484,english,Synthetic Student 2562 (G Level),Fresh Starter,mixed,"[6, 14, 5]",STU-SYN2562,2562,G,36.7,17324,"[9, 15, 17]"
synthetic.student2563@mathsy.synthetic,0.558,bm,Synthetic Student 2563 (C Level),Flexible Learner,kertas2,"[4, 14, 1, 2]",STU-SYN2563,2563,C,51.03,17325,"[6, 17, 10, 7]"
synthetic.student2564@mathsy.synthetic,0.4614,bm,Synthetic Student 2564 (E Level),Flexible Learner,kertas1,"[14, 15]",STU-SYN2564,2564,E,44.93,17326,"[1, 5, 11]"
synthetic.student2565@mathsy.synthetic,0.6127,bm,Synthetic Student 2565 (C+ Level),Flexible Learner,kertas1,"[2, 13, 4]",STU-SYN2565,2565,C+,57.48,17327,"[5, 15, 7, 6]"
synthetic.student2566@mathsy.synthetic,0.6589,english,Synthetic Student 2566 (B Level),Flexible Learner,kertas1,"[7, 16, 17, 12]",STU-SYN2566,2566,B,63.0,17328,"[8, 11, 18, 15]"
synthetic.student2567@mathsy.synthetic,0.3967,english,Synthetic Student 2567 (G Level),Fresh Starter,kertas1,"[3, 10]",STU-SYN2567,2567,G,25,17329,"[17, 14, 11, 2, 8]"
synthetic.student2568@mathsy.synthetic,0.5601,english,Synthetic Student 2568 (C Level),Deep Focus Learner,kertas1,"[2, 17, 18]",STU-SYN2568,2568,C,51.92,17330,"[1, 10, 13]"
synthetic.student2569@mathsy.synthetic,0.7737,english,Synthetic Student 2569 (A Level),Consistent Climber,kertas1,"[10, 18, 6]",STU-SYN2569,2569,A,81.11,17331,"[7, 14, 4]"
synthetic.student2570@mathsy.synthetic,0.3627,bm,Synthetic Student 2570 (G Level),Fresh Starter,kertas1,"[18, 13]",STU-SYN2570,2570,G,25,17332,"[4, 10]"
synthetic.student2571@mathsy.synthetic,0.4524,english,Synthetic Student 2571 (E Level),Flexible Learner,kertas1,"[13, 16, 5, 9]",STU-SYN2571,2571,E,42.96,17333,"[4, 12]"
synthetic.student2572@mathsy.synthetic,0.5593,english,Synthetic Student 2572 (C Level),Weekend Learner,kertas2,"[6, 11]",STU-SYN2572,2572,C,52.05,17334,"[13, 8, 5]"
synthetic.student2573@mathsy.synthetic,0.592,english,Synthetic Student 2573 (B Level),Consistent Climber,kertas1,"[13, 17, 18]",STU-SYN2573,2573,B,60.3,17335,"[14, 15, 5, 9, 7]"
synthetic.student2574@mathsy.synthetic,0.6369,bm,Synthetic Student 2574 (B Level),Flexible Learner,mixed,"[12, 2]",STU-SYN2574,2574,B,61.3,17336,"[18, 10, 11]"
synthetic.student2575@mathsy.synthetic,0.5724,english,Synthetic Student 2575 (C Level),Flexible Learner,kertas1,"[7, 3, 16, 13]",STU-SYN2575,2575,C,51.42,17337,"[5, 8, 2, 14]"
synthetic.student2576@mathsy.synthetic,0.5702,english,Synthetic Student 2576 (D Level),Deep Focus Learner,kertas2,"[18, 5, 15, 4]",STU-SYN2576,2576,D,49.34,17338,"[2, 6, 12, 10, 14]"
synthetic.student2577@mathsy.synthetic,0.4643,bm,Synthetic Student 2577 (G Level),Weekend Learner,kertas1,"[18, 12, 14]",STU-SYN2577,2577,G,37.58,17339,"[9, 17, 3, 10, 4]"
synthetic.student2578@mathsy.synthetic,0.6569,english,Synthetic Student 2578 (B+ Level),Consistent Climber,kertas2,"[8, 5, 11]",STU-SYN2578,2578,B+,68.41,17340,"[17, 10, 3]"
synthetic.student2579@mathsy.synthetic,0.5906,english,Synthetic Student 2579 (C+ Level),Deep Focus Learner,mixed,"[12, 13, 10, 9]",STU-SYN2579,2579,C+,55.38,17341,"[16, 5, 6]"
synthetic.student2580@mathsy.synthetic,0.526,bm,Synthetic Student 2580 (D Level),Weekend Learner,kertas1,"[1, 10, 17]",STU-SYN2580,2580,D,47.52,17342,"[16, 9]"
synthetic.student2581@mathsy.synthetic,0.4894,english,Synthetic Student 2581 (G Level),Fresh Starter,kertas1,"[3, 7, 17, 5]",STU-SYN2581,2581,G,37.51,17343,"[6, 10]"
synthetic.student2582@mathsy.synthetic,0.762,bm,Synthetic Student 2582 (A Level),Consistent Climber,kertas1,"[6, 16, 13]",STU-SYN2582,2582,A,81.02,17344,"[8, 11]"
synthetic.student2583@mathsy.synthetic,0.4808,bm,Synthetic Student 2583 (D Level),Weekend Learner,kertas1,"[8, 1]",STU-SYN2583,2583,D,45.79,17345,"[7, 5, 3]"
synthetic.student2584@mathsy.synthetic,0.5263,english,Synthetic Student 2584 (G Level),Fresh Starter,kertas1,"[5, 6, 2]",STU-SYN2584,2584,G,39.13,17346,"[9, 8, 13, 10]"
synthetic.student2585@mathsy.synthetic,0.5872,english,Synthetic Student 2585 (B Level),Consistent Climber,kertas1,"[16, 17]",STU-SYN2585,2585,B,61.57,17347,"[7, 8, 11]"
synthetic.student2586@mathsy.synthetic,0.6086,bm,Synthetic Student 2586 (C Level),Weekend Learner,kertas1,"[16, 4, 18]",STU-SYN2586,2586,C,53.35,17348,"[9, 7, 8, 10, 2]"
synthetic.student2587@mathsy.synthetic,0.492,bm,Synthetic Student 2587 (D Level),Deep Focus Learner,kertas1,"[4, 7, 3]",STU-SYN2587,2587,D,46.2,17349,"[5, 16, 2]"
synthetic.student2588@mathsy.synthetic,0.8025,english,Synthetic Student 2588 (A- Level),Deep Focus Learner,kertas1,"[9, 17, 5, 2]",STU-SYN2588,2588,A-,72.82,17350,"[13, 16, 3, 6, 4]"
synthetic.student2589@mathsy.synthetic,0.422,bm,Synthetic Student 2589 (G Level),Weekend Learner,mixed,"[11, 13, 8, 9]",STU-SYN2589,2589,G,38.12,17351,"[16, 12, 10]"
synthetic.student2590@mathsy.synthetic,0.7662,english,Synthetic Student 2590 (A- Level),Consistent Climber,mixed,"[6, 11]",STU-SYN2590,2590,A-,78.21,17352,"[15, 12]"
synthetic.student2591@mathsy.synthetic,0.3221,bm,Synthetic Student 2591 (G Level),Fresh Starter,kertas1,"[17, 10]",STU-SYN2591,2591,G,25,17353,"[11, 18, 3, 16, 8]"
synthetic.student2592@mathsy.synthetic,0.5018,english,Synthetic Student 2592 (E Level),Deep Focus Learner,kertas1,"[7, 15, 3, 6]",STU-SYN2592,2592,E,44.14,17354,"[4, 5, 1, 11, 12]"
synthetic.student2593@mathsy.synthetic,0.8239,english,Synthetic Student 2593 (A Level),High Achiever,kertas1,"[11, 10, 13]",STU-SYN2593,2593,A,87.95,17355,"[9, 8]"
synthetic.student2594@mathsy.synthetic,0.3709,bm,Synthetic Student 2594 (G Level),Fresh Starter,kertas1,"[7, 18, 3, 6]",STU-SYN2594,2594,G,26.11,17356,"[4, 1, 2]"
synthetic.student2595@mathsy.synthetic,0.5827,bm,Synthetic Student 2595 (D Level),Fresh Starter,kertas1,"[7, 8]",STU-SYN2595,2595,D,48.37,17357,"[18, 2]"
synthetic.student2596@mathsy.synthetic,0.5645,english,Synthetic Student 2596 (E Level),Fresh Starter,kertas2,"[10, 2, 4]",STU-SYN2596,2596,E,41.73,17358,"[8, 18, 5, 12]"
synthetic.student2597@mathsy.synthetic,0.4871,english,Synthetic Student 2597 (E Level),Flexible Learner,kertas1,"[14, 7, 11, 15]",STU-SYN2597,2597,E,43.48,17359,"[2, 16, 10, 8, 9]"
synthetic.student2598@mathsy.synthetic,0.6373,english,Synthetic Student 2598 (B Level),Flexible Learner,kertas1,"[16, 17, 15, 18]",STU-SYN2598,2598,B,63.82,17360,"[1, 10]"
synthetic.student2599@mathsy.synthetic,0.3688,english,Synthetic Student 2599 (G Level),Fresh Starter,kertas1,"[5, 14, 4, 8]",STU-SYN2599,2599,G,25,17361,"[13, 7]"
synthetic.student2600@mathsy.synthetic,0.713,english,Synthetic Student 2600 (B+ Level),Deep Focus Learner,kertas1,"[18, 2]",STU-SYN2600,2600,B+,65.43,17362,"[8, 4, 6, 14]"
synthetic.student2601@mathsy.synthetic,0.6062,bm,Synthetic Student 2601 (C+ Level),Deep Focus Learner,mixed,"[1, 2, 18, 6]",STU-SYN2601,2601,C+,55.44,17363,"[10, 7, 11, 13, 14]"
synthetic.student2602@mathsy.synthetic,0.8369,english,Synthetic Student 2602 (A Level),Consistent Climber,kertas2,"[6, 7]",STU-SYN2602,2602,A,85.23,17364,"[9, 4, 13, 17, 8]"
synthetic.student2603@mathsy.synthetic,0.6283,english,Synthetic Student 2603 (C+ Level),Deep Focus Learner,kertas2,"[10, 5, 3]",STU-SYN2603,2603,C+,59.8,17365,"[14, 13]"
synthetic.student2604@mathsy.synthetic,0.658,bm,Synthetic Student 2604 (B Level),Weekend Learner,kertas1,"[5, 6, 17]",STU-SYN2604,2604,B,60.25,17366,"[13, 3, 14, 10]"
synthetic.student2605@mathsy.synthetic,0.9299,english,Synthetic Student 2605 (A+ Level),High Achiever,kertas2,"[9, 3]",STU-SYN2605,2605,A+,95.23,17367,"[5, 4, 14, 7]"
synthetic.student2606@mathsy.synthetic,0.8613,bm,Synthetic Student 2606 (A Level),High Achiever,kertas2,"[2, 10]",STU-SYN2606,2606,A,86.76,17368,"[9, 8, 3, 13, 15]"
synthetic.student2607@mathsy.synthetic,0.5397,english,Synthetic Student 2607 (D Level),Deep Focus Learner,mixed,"[11, 4]",STU-SYN2607,2607,D,48.61,17369,"[17, 3, 12, 18, 6]"
synthetic.student2608@mathsy.synthetic,0.4655,english,Synthetic Student 2608 (E Level),Flexible Learner,mixed,"[11, 13]",STU-SYN2608,2608,E,43.9,17370,"[9, 10]"
synthetic.student2609@mathsy.synthetic,0.5134,bm,Synthetic Student 2609 (C Level),Weekend Learner,kertas2,"[2, 5]",STU-SYN2609,2609,C,50.61,17371,"[11, 3]"
synthetic.student2610@mathsy.synthetic,0.8115,english,Synthetic Student 2610 (A- Level),Deep Focus Learner,kertas1,"[13, 4]",STU-SYN2610,2610,A-,77.0,17372,"[7, 14, 1]"
synthetic.student2611@mathsy.synthetic,0.6738,english,Synthetic Student 2611 (B+ Level),Consistent Climber,kertas1,"[14, 13]",STU-SYN2611,2611,B+,68.91,17373,"[4, 3, 6, 11]"
synthetic.student2612@mathsy.synthetic,0.5158,english,Synthetic Student 2612 (D Level),Flexible Learner,mixed,"[10, 14, 8, 17]",STU-SYN2612,2612,D,49.22,17374,"[4, 1, 12]"
synthetic.student2613@mathsy.synthetic,0.6038,bm,Synthetic Student 2613 (C Level),Flexible Learner,kertas2,"[16, 5, 17, 15]",STU-SYN2613,2613,C,54.23,17375,"[3, 2, 9, 11]"
synthetic.student2614@mathsy.synthetic,0.6366,english,Synthetic Student 2614 (C+ Level),Flexible Learner,mixed,"[15, 10]",STU-SYN2614,2614,C+,58.01,17376,"[12, 4, 11, 16, 18]"
synthetic.student2615@mathsy.synthetic,0.7195,english,Synthetic Student 2615 (B Level),Weekend Learner,kertas1,"[8, 18]",STU-SYN2615,2615,B,63.73,17377,"[3, 7, 10, 6, 17]"
synthetic.student2616@mathsy.synthetic,0.5122,english,Synthetic Student 2616 (D Level),Flexible Learner,kertas1,"[7, 10]",STU-SYN2616,2616,D,46.68,17378,"[6, 17, 4, 8, 18]"
synthetic.student2617@mathsy.synthetic,0.6659,bm,Synthetic Student 2617 (B Level),Weekend Learner,kertas1,"[15, 8, 14, 17]",STU-SYN2617,2617,B,60.36,17379,"[1, 10, 18, 16]"
synthetic.student2618@mathsy.synthetic,0.7701,bm,Synthetic Student 2618 (A- Level),Flexible Learner,mixed,"[16, 12, 14, 1]",STU-SYN2618,2618,A-,75.03,17380,"[9, 4, 7]"
synthetic.student2619@mathsy.synthetic,0.4908,english,Synthetic Student 2619 (E Level),Deep Focus Learner,kertas1,"[1, 5, 13]",STU-SYN2619,2619,E,44.0,17381,"[7, 4, 9, 10]"
synthetic.student2620@mathsy.synthetic,0.7238,bm,Synthetic Student 2620 (B+ Level),Weekend Learner,mixed,"[4, 3]",STU-SYN2620,2620,B+,66.46,17382,"[12, 6, 14, 16]"
synthetic.student2621@mathsy.synthetic,0.8366,bm,Synthetic Student 2621 (A Level),Consistent Climber,mixed,"[5, 16]",STU-SYN2621,2621,A,85.01,17383,"[17, 3, 18, 11]"
synthetic.student2622@mathsy.synthetic,0.8372,english,Synthetic Student 2622 (A Level),High Achiever,mixed,"[13, 7, 5, 10]",STU-SYN2622,2622,A,88.54,17384,"[4, 3, 6]"
synthetic.student2623@mathsy.synthetic,0.5498,bm,Synthetic Student 2623 (C Level),Weekend Learner,kertas2,"[14, 6, 11]",STU-SYN2623,2623,C,52.19,17385,"[5, 10, 7, 12]"
synthetic.student2624@mathsy.synthetic,0.6178,bm,Synthetic Student 2624 (B Level),Consistent Climber,kertas1,"[3, 10, 15]",STU-SYN2624,2624,B,61.46,17386,"[5, 13, 11, 1, 7]"
synthetic.student2625@mathsy.synthetic,0.7983,english,Synthetic Student 2625 (A Level),High Achiever,mixed,"[16, 15, 14]",STU-SYN2625,2625,A,84.53,17387,"[12, 1, 2]"
synthetic.student2626@mathsy.synthetic,0.4637,english,Synthetic Student 2626 (D Level),Flexible Learner,kertas1,"[1, 8]",STU-SYN2626,2626,D,45.74,17388,"[11, 9, 5]"
synthetic.student2627@mathsy.synthetic,0.4435,bm,Synthetic Student 2627 (G Level),Fresh Starter,kertas2,"[2, 3, 7, 10]",STU-SYN2627,2627,G,31.85,17389,"[12, 4, 9]"
synthetic.student2628@mathsy.synthetic,0.4301,english,Synthetic Student 2628 (E Level),Weekend Learner,kertas2,"[12, 10, 6]",STU-SYN2628,2628,E,40.17,17390,"[1, 16]"
synthetic.student2629@mathsy.synthetic,0.4642,english,Synthetic Student 2629 (G Level),Weekend Learner,kertas2,"[14, 9, 17, 8]",STU-SYN2629,2629,G,39.53,17391,"[3, 18, 16, 15, 7]"
synthetic.student2630@mathsy.synthetic,0.7204,english,Synthetic Student 2630 (A- Level),Consistent Climber,kertas1,"[15, 4]",STU-SYN2630,2630,A-,71.21,17392,"[14, 12, 18, 10]"
synthetic.student2631@mathsy.synthetic,0.6252,english,Synthetic Student 2631 (C+ Level),Flexible Learner,mixed,"[7, 14, 15]",STU-SYN2631,2631,C+,57.85,17393,"[12, 4, 11, 2, 13]"
synthetic.student2632@mathsy.synthetic,0.6149,bm,Synthetic Student 2632 (C+ Level),Flexible Learner,kertas1,"[16, 17, 18, 11]",STU-SYN2632,2632,C+,58.17,17394,"[1, 6, 5]"
synthetic.student2633@mathsy.synthetic,0.6364,english,Synthetic Student 2633 (C+ Level),Weekend Learner,kertas2,"[6, 18]",STU-SYN2633,2633,C+,59.08,17395,"[8, 11, 15, 16]"
synthetic.student2634@mathsy.synthetic,0.5278,bm,Synthetic Student 2634 (C Level),Flexible Learner,mixed,"[14, 15]",STU-SYN2634,2634,C,50.91,17396,"[6, 5]"
synthetic.student2635@mathsy.synthetic,0.6138,english,Synthetic Student 2635 (B Level),Consistent Climber,kertas1,"[13, 6, 15]",STU-SYN2635,2635,B,63.84,17397,"[2, 17]"
synthetic.student2636@mathsy.synthetic,0.6178,bm,Synthetic Student 2636 (C+ Level),Deep Focus Learner,kertas2,"[17, 8]",STU-SYN2636,2636,C+,57.9,17398,"[7, 12, 14]"
synthetic.student2637@mathsy.synthetic,0.6037,english,Synthetic Student 2637 (C+ Level),Flexible Learner,mixed,"[11, 1, 8]",STU-SYN2637,2637,C+,56.73,17399,"[18, 7, 10]"
synthetic.student2638@mathsy.synthetic,0.7431,english,Synthetic Student 2638 (A- Level),Flexible Learner,kertas1,"[1, 16, 12, 7]",STU-SYN2638,2638,A-,71.8,17400,"[4, 8, 15]"
synthetic.student2639@mathsy.synthetic,0.432,english,Synthetic Student 2639 (E Level),Weekend Learner,kertas2,"[8, 13, 9]",STU-SYN2639,2639,E,40.14,17401,"[14, 12, 3]"
synthetic.student2640@mathsy.synthetic,0.777,english,Synthetic Student 2640 (A- Level),Deep Focus Learner,kertas2,"[14, 10, 3]",STU-SYN2640,2640,A-,71.03,17402,"[16, 9, 4, 2, 17]"
synthetic.student2641@mathsy.synthetic,0.8672,english,Synthetic Student 2641 (A+ Level),High Achiever,mixed,"[5, 1, 4, 16]",STU-SYN2641,2641,A+,90.82,17403,"[18, 13]"
synthetic.student2642@mathsy.synthetic,0.59,bm,Synthetic Student 2642 (C Level),Deep Focus Learner,kertas2,"[18, 15, 14, 7]",STU-SYN2642,2642,C,52.58,17404,"[12, 2, 1, 3]"
synthetic.student2643@mathsy.synthetic,0.849,english,Synthetic Student 2643 (A Level),Consistent Climber,kertas1,"[14, 4]",STU-SYN2643,2643,A,89.72,17405,"[13, 8]"
synthetic.student2644@mathsy.synthetic,0.5032,english,Synthetic Student 2644 (D Level),Flexible Learner,kertas1,"[2, 15, 6, 10]",STU-SYN2644,2644,D,45.82,17406,"[11, 7, 1, 16, 17]"
synthetic.student2645@mathsy.synthetic,0.5281,english,Synthetic Student 2645 (G Level),Fresh Starter,kertas1,"[3, 10, 17, 1]",STU-SYN2645,2645,G,39.43,17407,"[2, 6, 5, 9]"
synthetic.student2646@mathsy.synthetic,0.4264,english,Synthetic Student 2646 (G Level),Weekend Learner,kertas1,"[5, 14]",STU-SYN2646,2646,G,37.06,17408,"[10, 4, 11, 7]"
synthetic.student2647@mathsy.synthetic,0.6353,english,Synthetic Student 2647 (B Level),Weekend Learner,kertas2,"[9, 6, 2, 4]",STU-SYN2647,2647,B,63.08,17409,"[5, 12]"
synthetic.student2648@mathsy.synthetic,0.9221,english,Synthetic Student 2648 (A+ Level),High Achiever,kertas1,"[5, 4]",STU-SYN2648,2648,A+,98,17410,"[11, 12]"
synthetic.student2649@mathsy.synthetic,0.5932,english,Synthetic Student 2649 (C Level),Weekend Learner,kertas1,"[17, 16, 10]",STU-SYN2649,2649,C,52.54,17411,"[13, 2, 15, 9, 3]"
synthetic.student2650@mathsy.synthetic,0.5141,bm,Synthetic Student 2650 (D Level),Flexible Learner,kertas1,"[2, 7, 18]",STU-SYN2650,2650,D,49.39,17412,"[3, 1, 13]"
synthetic.student2651@mathsy.synthetic,0.7273,bm,Synthetic Student 2651 (B+ Level),Flexible Learner,kertas1,"[7, 9, 2]",STU-SYN2651,2651,B+,67.53,17413,"[18, 10, 5, 15, 16]"
synthetic.student2652@mathsy.synthetic,0.5666,bm,Synthetic Student 2652 (C Level),Deep Focus Learner,kertas1,"[9, 7]",STU-SYN2652,2652,C,54.49,17414,"[12, 10]"
synthetic.student2653@mathsy.synthetic,0.6739,english,Synthetic Student 2653 (B Level),Flexible Learner,mixed,"[6, 9, 4, 8]",STU-SYN2653,2653,B,62.28,17415,"[16, 12, 7, 1, 14]"
synthetic.student2654@mathsy.synthetic,0.4986,english,Synthetic Student 2654 (E Level),Deep Focus Learner,kertas1,"[5, 14, 9, 17]",STU-SYN2654,2654,E,41.92,17416,"[11, 3, 18, 10, 7]"
synthetic.student2655@mathsy.synthetic,0.783,bm,Synthetic Student 2655 (A- Level),Deep Focus Learner,mixed,"[16, 14, 10]",STU-SYN2655,2655,A-,73.29,17417,"[15, 5, 6, 9]"
synthetic.student2656@mathsy.synthetic,0.5974,bm,Synthetic Student 2656 (E Level),Fresh Starter,mixed,"[3, 16]",STU-SYN2656,2656,E,44.04,17418,"[17, 15, 6, 13]"
synthetic.student2657@mathsy.synthetic,0.6354,bm,Synthetic Student 2657 (B Level),Flexible Learner,kertas2,"[5, 17, 16, 6]",STU-SYN2657,2657,B,60.41,17419,"[9, 8, 11, 3, 13]"
synthetic.student2658@mathsy.synthetic,0.7217,english,Synthetic Student 2658 (B+ Level),Weekend Learner,kertas2,"[8, 4]",STU-SYN2658,2658,B+,69.0,17420,"[7, 1, 6]"
synthetic.student2659@mathsy.synthetic,0.6747,bm,Synthetic Student 2659 (B Level),Weekend Learner,mixed,"[11, 6]",STU-SYN2659,2659,B,63.9,17421,"[9, 7, 2]"
synthetic.student2660@mathsy.synthetic,0.6436,english,Synthetic Student 2660 (C+ Level),Weekend Learner,mixed,"[18, 4]",STU-SYN2660,2660,C+,58.2,17422,"[1, 11, 12, 17]"
synthetic.student2661@mathsy.synthetic,0.7252,bm,Synthetic Student 2661 (B+ Level),Deep Focus Learner,mixed,"[10, 11]",STU-SYN2661,2661,B+,68.89,17423,"[15, 18, 9, 4]"
synthetic.student2662@mathsy.synthetic,0.5849,english,Synthetic Student 2662 (C+ Level),Deep Focus Learner,mixed,"[3, 15]",STU-SYN2662,2662,C+,58.14,17424,"[6, 17]"
synthetic.student2663@mathsy.synthetic,0.4837,english,Synthetic Student 2663 (D Level),Weekend Learner,kertas1,"[6, 1]",STU-SYN2663,2663,D,45.16,17425,"[17, 13, 12]"
synthetic.student2664@mathsy.synthetic,0.9524,bm,Synthetic Student 2664 (A+ Level),High Achiever,kertas2,"[15, 17, 11]",STU-SYN2664,2664,A+,97.99,17426,"[7, 18, 16, 5]"
synthetic.student2665@mathsy.synthetic,0.6385,bm,Synthetic Student 2665 (B Level),Consistent Climber,kertas2,"[5, 14, 3]",STU-SYN2665,2665,B,61.82,17427,"[13, 2, 8, 7, 17]"
synthetic.student2666@mathsy.synthetic,0.6478,english,Synthetic Student 2666 (B Level),Weekend Learner,mixed,"[18, 4]",STU-SYN2666,2666,B,61.35,17428,"[15, 10, 7, 3]"
synthetic.student2667@mathsy.synthetic,0.7355,english,Synthetic Student 2667 (A- Level),Consistent Climber,kertas1,"[5, 15, 16]",STU-SYN2667,2667,A-,72.61,17429,"[4, 11, 3, 8, 18]"
synthetic.student2668@mathsy.synthetic,0.7018,english,Synthetic Student 2668 (A- Level),Consistent Climber,mixed,"[15, 8, 11]",STU-SYN2668,2668,A-,71.55,17430,"[14, 2, 10, 9]"
synthetic.student2669@mathsy.synthetic,0.7593,bm,Synthetic Student 2669 (A- Level),Weekend Learner,mixed,"[10, 11]",STU-SYN2669,2669,A-,74.75,17431,"[8, 12]"
synthetic.student2670@mathsy.synthetic,0.759,bm,Synthetic Student 2670 (B+ Level),Weekend Learner,mixed,"[14, 2, 17, 11]",STU-SYN2670,2670,B+,68.98,17432,"[12, 18, 15, 9, 13]"
synthetic.student2671@mathsy.synthetic,0.7436,bm,Synthetic Student 2671 (A- Level),Consistent Climber,kertas1,"[13, 15, 12, 11]",STU-SYN2671,2671,A-,73.77,17433,"[18, 8, 6, 7, 3]"
synthetic.student2672@mathsy.synthetic,0.6161,english,Synthetic Student 2672 (C+ Level),Deep Focus Learner,mixed,"[17, 9, 18]",STU-SYN2672,2672,C+,58.99,17434,"[12, 14]"
synthetic.student2673@mathsy.synthetic,0.7942,english,Synthetic Student 2673 (A- Level),Consistent Climber,kertas2,"[7, 17, 3]",STU-SYN2673,2673,A-,76.93,17435,"[6, 11, 5, 13, 16]"
synthetic.student2674@mathsy.synthetic,0.5123,english,Synthetic Student 2674 (D Level),Deep Focus Learner,kertas1,"[10, 5, 11]",STU-SYN2674,2674,D,45.63,17436,"[1, 17, 15, 7]"
synthetic.student2675@mathsy.synthetic,0.7132,bm,Synthetic Student 2675 (B+ Level),Flexible Learner,kertas1,"[8, 3]",STU-SYN2675,2675,B+,69.98,17437,"[15, 10]"
synthetic.student2676@mathsy.synthetic,0.7796,bm,Synthetic Student 2676 (A- Level),Consistent Climber,mixed,"[15, 4, 1]",STU-SYN2676,2676,A-,73.23,17438,"[9, 16, 6, 18, 14]"
synthetic.student2677@mathsy.synthetic,0.934,english,Synthetic Student 2677 (A+ Level),High Achiever,mixed,"[10, 5, 11]",STU-SYN2677,2677,A+,97.12,17439,"[16, 9, 8]"
synthetic.student2678@mathsy.synthetic,0.7044,bm,Synthetic Student 2678 (A- Level),Consistent Climber,kertas2,"[3, 2]",STU-SYN2678,2678,A-,70.66,17440,"[18, 9, 16, 1, 13]"
synthetic.student2679@mathsy.synthetic,0.6014,english,Synthetic Student 2679 (B Level),Consistent Climber,kertas2,"[10, 5, 4]",STU-SYN2679,2679,B,63.36,17441,"[8, 12]"
synthetic.student2680@mathsy.synthetic,0.8554,english,Synthetic Student 2680 (A Level),Consistent Climber,kertas1,"[14, 13, 1, 8]",STU-SYN2680,2680,A,86.53,17442,"[7, 12, 17, 10]"
synthetic.student2681@mathsy.synthetic,0.5464,english,Synthetic Student 2681 (D Level),Weekend Learner,kertas1,"[9, 1, 16, 2]",STU-SYN2681,2681,D,48.33,17443,"[8, 14, 6, 7]"
synthetic.student2682@mathsy.synthetic,0.6345,bm,Synthetic Student 2682 (B+ Level),Consistent Climber,kertas1,"[11, 5]",STU-SYN2682,2682,B+,68.54,17444,"[8, 16]"
synthetic.student2683@mathsy.synthetic,0.8053,english,Synthetic Student 2683 (A- Level),Consistent Climber,mixed,"[10, 3, 4]",STU-SYN2683,2683,A-,79.66,17445,"[15, 13, 8, 17, 9]"
synthetic.student2684@mathsy.synthetic,0.622,english,Synthetic Student 2684 (C+ Level),Deep Focus Learner,mixed,"[3, 18, 1, 15]",STU-SYN2684,2684,C+,56.15,17446,"[17, 8, 16, 11]"
synthetic.student2685@mathsy.synthetic,0.4091,english,Synthetic Student 2685 (G Level),Fresh Starter,mixed,"[13, 4, 16, 2]",STU-SYN2685,2685,G,31.06,17447,"[8, 7]"
synthetic.student2686@mathsy.synthetic,0.8533,english,Synthetic Student 2686 (A Level),Consistent Climber,mixed,"[11, 8, 14]",STU-SYN2686,2686,A,89.21,17448,"[2, 10, 12]"
synthetic.student2687@mathsy.synthetic,0.5224,english,Synthetic Student 2687 (E Level),Flexible Learner,mixed,"[3, 8, 1]",STU-SYN2687,2687,E,44.38,17449,"[18, 2, 16, 4, 15]"
synthetic.student2688@mathsy.synthetic,0.8306,english,Synthetic Student 2688 (A Level),Consistent Climber,kertas1,"[4, 13, 6, 18]",STU-SYN2688,2688,A,81.77,17450,"[3, 12, 16, 15]"
synthetic.student2689@mathsy.synthetic,0.6276,bm,Synthetic Student 2689 (B+ Level),Consistent Climber,mixed,"[12, 18, 5, 2]",STU-SYN2689,2689,B+,66.99,17451,"[16, 15]"
synthetic.student2690@mathsy.synthetic,0.7755,bm,Synthetic Student 2690 (A- Level),Consistent Climber,kertas2,"[12, 14, 11, 16]",STU-SYN2690,2690,A-,78.88,17452,"[17, 10, 9]"
synthetic.student2691@mathsy.synthetic,0.6031,english,Synthetic Student 2691 (C Level),Deep Focus Learner,mixed,"[15, 12]",STU-SYN2691,2691,C,54.7,17453,"[5, 4, 6, 9, 17]"
synthetic.student2692@mathsy.synthetic,0.7845,english,Synthetic Student 2692 (A- Level),Consistent Climber,kertas1,"[16, 17, 6]",STU-SYN2692,2692,A-,75.8,17454,"[1, 18, 4, 13]"
synthetic.student2693@mathsy.synthetic,0.931,bm,Synthetic Student 2693 (A+ Level),High Achiever,kertas2,"[7, 9, 4]",STU-SYN2693,2693,A+,97.93,17455,"[10, 14]"
synthetic.student2694@mathsy.synthetic,0.4999,english,Synthetic Student 2694 (D Level),Flexible Learner,kertas2,"[7, 2, 1]",STU-SYN2694,2694,D,49.45,17456,"[9, 10]"
synthetic.student2695@mathsy.synthetic,0.5992,english,Synthetic Student 2695 (B Level),Consistent Climber,mixed,"[2, 17, 10, 6]",STU-SYN2695,2695,B,60.55,17457,"[3, 9, 1]"
synthetic.student2696@mathsy.synthetic,0.5925,english,Synthetic Student 2696 (D Level),Fresh Starter,kertas2,"[15, 9]",STU-SYN2696,2696,D,47.6,17458,"[6, 4]"
synthetic.student2697@mathsy.synthetic,0.8366,english,Synthetic Student 2697 (A Level),High Achiever,kertas1,"[12, 11, 3, 5]",STU-SYN2697,2697,A,87.3,17459,"[10, 18, 16]"
synthetic.student2698@mathsy.synthetic,0.6279,english,Synthetic Student 2698 (B Level),Consistent Climber,kertas1,"[3, 2]",STU-SYN2698,2698,B,63.3,17460,"[8, 13, 14, 17, 11]"
synthetic.student2699@mathsy.synthetic,0.7316,english,Synthetic Student 2699 (A- Level),Consistent Climber,mixed,"[16, 13, 6, 3]",STU-SYN2699,2699,A-,74.23,17461,"[9, 11, 18, 2, 15]"
synthetic.student2700@mathsy.synthetic,0.8088,english,Synthetic Student 2700 (A- Level),Deep Focus Learner,kertas1,"[13, 15, 17]",STU-SYN2700,2700,A-,79.02,17462,"[14, 4]"
synthetic.student2701@mathsy.synthetic,0.7525,english,Synthetic Student 2701 (A- Level),Weekend Learner,kertas2,"[6, 18]",STU-SYN2701,2701,A-,72.32,17463,"[4, 3, 8]"
synthetic.student2702@mathsy.synthetic,0.6854,english,Synthetic Student 2702 (B Level),Flexible Learner,kertas1,"[3, 18, 10]",STU-SYN2702,2702,B,63.41,17464,"[2, 6, 4, 13, 1]"
synthetic.student2703@mathsy.synthetic,0.746,english,Synthetic Student 2703 (A- Level),Flexible Learner,kertas1,"[10, 3, 5, 18]",STU-SYN2703,2703,A-,73.41,17465,"[12, 1, 14]"
synthetic.student2704@mathsy.synthetic,0.788,english,Synthetic Student 2704 (A- Level),Deep Focus Learner,kertas1,"[2, 16]",STU-SYN2704,2704,A-,75.88,17466,"[12, 10]"
synthetic.student2705@mathsy.synthetic,0.5665,english,Synthetic Student 2705 (E Level),Fresh Starter,kertas1,"[15, 11, 12]",STU-SYN2705,2705,E,44.62,17467,"[4, 7, 5]"
synthetic.student2706@mathsy.synthetic,0.3005,bm,Synthetic Student 2706 (G Level),Fresh Starter,kertas2,"[6, 7]",STU-SYN2706,2706,G,25,17468,"[13, 16]"
synthetic.student2707@mathsy.synthetic,0.5225,bm,Synthetic Student 2707 (G Level),Fresh Starter,mixed,"[4, 5, 14]",STU-SYN2707,2707,G,36.96,17469,"[2, 9, 6, 7, 15]"
synthetic.student2708@mathsy.synthetic,0.8848,english,Synthetic Student 2708 (A+ Level),High Achiever,kertas1,"[8, 17, 4]",STU-SYN2708,2708,A+,91.29,17470,"[11, 3, 7, 13, 1]"
synthetic.student2709@mathsy.synthetic,0.8011,bm,Synthetic Student 2709 (A Level),High Achiever,mixed,"[3, 7, 4, 1]",STU-SYN2709,2709,A,83.2,17471,"[13, 16, 2, 18]"
synthetic.student2710@mathsy.synthetic,0.3762,english,Synthetic Student 2710 (G Level),Fresh Starter,mixed,"[13, 7, 17, 6]",STU-SYN2710,2710,G,25,17472,"[2, 5, 10]"
synthetic.student2711@mathsy.synthetic,0.6519,bm,Synthetic Student 2711 (B Level),Consistent Climber,mixed,"[14, 15, 5, 11]",STU-SYN2711,2711,B,64.92,17473,"[9, 18, 13, 3, 6]"
synthetic.student2712@mathsy.synthetic,0.7,bm,Synthetic Student 2712 (B+ Level),Deep Focus Learner,kertas1,"[18, 9, 17, 3]",STU-SYN2712,2712,B+,65.95,17474,"[5, 10, 6, 15]"
synthetic.student2713@mathsy.synthetic,0.8631,english,Synthetic Student 2713 (A+ Level),High Achiever,kertas2,"[2, 10, 1, 17]",STU-SYN2713,2713,A+,92.04,17475,"[5, 14, 16]"
synthetic.student2714@mathsy.synthetic,0.6493,english,Synthetic Student 2714 (B Level),Consistent Climber,kertas1,"[10, 13]",STU-SYN2714,2714,B,63.37,17476,"[2, 5, 4, 3, 6]"
synthetic.student2715@mathsy.synthetic,0.7415,bm,Synthetic Student 2715 (B+ Level),Flexible Learner,kertas1,"[7, 13, 4]",STU-SYN2715,2715,B+,69.61,17477,"[8, 15, 5, 6, 1]"
synthetic.student2716@mathsy.synthetic,0.6659,english,Synthetic Student 2716 (B+ Level),Consistent Climber,mixed,"[2, 6]",STU-SYN2716,2716,B+,68.68,17478,"[12, 8, 10, 7]"
synthetic.student2717@mathsy.synthetic,0.5457,english,Synthetic Student 2717 (D Level),Deep Focus Learner,kertas1,"[17, 15, 9, 3]",STU-SYN2717,2717,D,46.28,17479,"[6, 10, 5, 2, 14]"
synthetic.student2718@mathsy.synthetic,0.6503,english,Synthetic Student 2718 (B Level),Consistent Climber,mixed,"[7, 11]",STU-SYN2718,2718,B,64.83,17480,"[6, 10, 13, 14]"
synthetic.student2719@mathsy.synthetic,0.5363,bm,Synthetic Student 2719 (D Level),Flexible Learner,kertas2,"[14, 17, 12, 13]",STU-SYN2719,2719,D,47.06,17481,"[9, 2, 6, 16, 1]"
synthetic.student2720@mathsy.synthetic,0.7634,english,Synthetic Student 2720 (A- Level),Deep Focus Learner,mixed,"[13, 1]",STU-SYN2720,2720,A-,71.83,17482,"[8, 11, 15]"
synthetic.student2721@mathsy.synthetic,0.9073,english,Synthetic Student 2721 (A+ Level),High Achiever,mixed,"[7, 4]",STU-SYN2721,2721,A+,96.61,17483,"[6, 3]"
synthetic.student2722@mathsy.synthetic,0.4873,bm,Synthetic Student 2722 (E Level),Flexible Learner,kertas1,"[7, 13, 6, 11]",STU-SYN2722,2722,E,43.82,17484,"[10, 18, 1, 3, 14]"
synthetic.student2723@mathsy.synthetic,0.8842,english,Synthetic Student 2723 (A+ Level),High Achiever,kertas1,"[11, 5, 1, 17]",STU-SYN2723,2723,A+,92.66,17485,"[7, 8]"
synthetic.student2724@mathsy.synthetic,0.8716,english,Synthetic Student 2724 (A+ Level),High Achiever,kertas2,"[6, 2, 9, 17]",STU-SYN2724,2724,A+,92.79,17486,"[10, 15, 13]"
synthetic.student2725@mathsy.synthetic,0.7016,english,Synthetic Student 2725 (B+ Level),Consistent Climber,mixed,"[6, 5, 3, 9]",STU-SYN2725,2725,B+,69.82,17487,"[18, 2, 14, 12, 13]"
synthetic.student2726@mathsy.synthetic,0.7719,english,Synthetic Student 2726 (A- Level),Consistent Climber,kertas2,"[7, 18, 15, 10]",STU-SYN2726,2726,A-,75.45,17488,"[8, 12, 13, 16, 2]"
synthetic.student2727@mathsy.synthetic,0.5578,bm,Synthetic Student 2727 (C Level),Flexible Learner,mixed,"[2, 1]",STU-SYN2727,2727,C,54.23,17489,"[14, 17, 18, 4]"
synthetic.student2728@mathsy.synthetic,0.5783,english,Synthetic Student 2728 (C Level),Flexible Learner,kertas2,"[3, 7]",STU-SYN2728,2728,C,51.14,17490,"[18, 11, 5, 1, 16]"
synthetic.student2729@mathsy.synthetic,0.7065,english,Synthetic Student 2729 (B Level),Weekend Learner,mixed,"[5, 18, 15]",STU-SYN2729,2729,B,64.72,17491,"[2, 12, 10, 11]"
synthetic.student2730@mathsy.synthetic,0.4794,english,Synthetic Student 2730 (G Level),Fresh Starter,kertas1,"[4, 17]",STU-SYN2730,2730,G,34.36,17492,"[8, 14, 5, 15]"
synthetic.student2731@mathsy.synthetic,0.6558,english,Synthetic Student 2731 (C+ Level),Flexible Learner,kertas2,"[9, 6, 11]",STU-SYN2731,2731,C+,57.74,17493,"[3, 13, 4, 17, 10]"
synthetic.student2732@mathsy.synthetic,0.8878,english,Synthetic Student 2732 (A+ Level),High Achiever,kertas2,"[14, 16]",STU-SYN2732,2732,A+,92.61,17494,"[17, 7]"
synthetic.student2733@mathsy.synthetic,0.7189,english,Synthetic Student 2733 (A- Level),Consistent Climber,kertas2,"[8, 11]",STU-SYN2733,2733,A-,73.59,17495,"[4, 3, 13]"
synthetic.student2734@mathsy.synthetic,0.5294,english,Synthetic Student 2734 (D Level),Deep Focus Learner,kertas2,"[9, 6]",STU-SYN2734,2734,D,48.07,17496,"[10, 16, 11, 7, 4]"
synthetic.student2735@mathsy.synthetic,0.6119,english,Synthetic Student 2735 (B Level),Consistent Climber,kertas1,"[16, 8, 13, 11]",STU-SYN2735,2735,B,61.01,17497,"[15, 5, 4, 18, 3]"
synthetic.student2736@mathsy.synthetic,0.6737,english,Synthetic Student 2736 (A- Level),Consistent Climber,kertas2,"[13, 17, 14, 6]",STU-SYN2736,2736,A-,72.32,17498,"[10, 5]"
synthetic.student2737@mathsy.synthetic,0.8181,english,Synthetic Student 2737 (A Level),Consistent Climber,kertas1,"[1, 3, 13]",STU-SYN2737,2737,A,87.94,17499,"[15, 4]"
synthetic.student2738@mathsy.synthetic,0.6966,english,Synthetic Student 2738 (A- Level),Consistent Climber,kertas2,"[10, 13, 1]",STU-SYN2738,2738,A-,74.82,17500,"[4, 2]"
synthetic.student2739@mathsy.synthetic,0.5644,english,Synthetic Student 2739 (D Level),Deep Focus Learner,kertas2,"[16, 18]",STU-SYN2739,2739,D,48.71,17501,"[4, 17, 5, 1, 9]"
synthetic.student2740@mathsy.synthetic,0.5805,english,Synthetic Student 2740 (C Level),Flexible Learner,kertas2,"[10, 3, 1, 2]",STU-SYN2740,2740,C,53.94,17502,"[4, 6, 15, 13]"
synthetic.student2741@mathsy.synthetic,0.7518,english,Synthetic Student 2741 (A- Level),Consistent Climber,kertas2,"[14, 11, 4, 5]",STU-SYN2741,2741,A-,75.43,17503,"[6, 18, 16, 3, 9]"
synthetic.student2742@mathsy.synthetic,0.8567,english,Synthetic Student 2742 (A Level),High Achiever,kertas1,"[3, 6, 8]",STU-SYN2742,2742,A,87.23,17504,"[16, 9, 10, 4]"
synthetic.student2743@mathsy.synthetic,0.6231,english,Synthetic Student 2743 (B Level),Consistent Climber,kertas1,"[1, 2, 14]",STU-SYN2743,2743,B,60.47,17505,"[17, 9, 4, 13, 3]"
synthetic.student2744@mathsy.synthetic,0.8052,bm,Synthetic Student 2744 (A- Level),Deep Focus Learner,mixed,"[12, 14, 13]",STU-SYN2744,2744,A-,74.47,17506,"[18, 6, 7, 8]"
synthetic.student2745@mathsy.synthetic,0.4663,english,Synthetic Student 2745 (E Level),Flexible Learner,mixed,"[10, 18]",STU-SYN2745,2745,E,44.54,17507,"[16, 1]"
synthetic.student2746@mathsy.synthetic,0.825,english,Synthetic Student 2746 (A Level),Consistent Climber,kertas2,"[15, 8, 7]",STU-SYN2746,2746,A,82.98,17508,"[4, 17, 5, 16, 9]"
synthetic.student2747@mathsy.synthetic,0.4003,english,Synthetic Student 2747 (G Level),Fresh Starter,kertas1,"[8, 2]",STU-SYN2747,2747,G,26.36,17509,"[4, 10, 1, 12, 18]"
synthetic.student2748@mathsy.synthetic,0.7416,bm,Synthetic Student 2748 (A- Level),Flexible Learner,kertas1,"[1, 15]",STU-SYN2748,2748,A-,70.32,17510,"[6, 16, 3, 13, 5]"
synthetic.student2749@mathsy.synthetic,0.6643,bm,Synthetic Student 2749 (B Level),Deep Focus Learner,kertas1,"[1, 14]",STU-SYN2749,2749,B,64.71,17511,"[9, 17]"
synthetic.student2750@mathsy.synthetic,0.5959,bm,Synthetic Student 2750 (C+ Level),Consistent Climber,kertas1,"[10, 5, 4, 12]",STU-SYN2750,2750,C+,56.75,17512,"[15, 17, 3, 8, 2]"
synthetic.student2751@mathsy.synthetic,0.8225,english,Synthetic Student 2751 (A Level),Consistent Climber,mixed,"[10, 5, 18]",STU-SYN2751,2751,A,85.67,17513,"[2, 6]"
synthetic.student2752@mathsy.synthetic,0.7679,english,Synthetic Student 2752 (A- Level),Flexible Learner,kertas1,"[2, 6, 16, 17]",STU-SYN2752,2752,A-,75.95,17514,"[18, 14]"
synthetic.student2753@mathsy.synthetic,0.8092,english,Synthetic Student 2753 (A Level),Consistent Climber,mixed,"[3, 15, 2]",STU-SYN2753,2753,A,82.9,17515,"[16, 7, 11, 4]"
synthetic.student2754@mathsy.synthetic,0.7071,bm,Synthetic Student 2754 (A- Level),Consistent Climber,mixed,"[13, 18, 17]",STU-SYN2754,2754,A-,70.6,17516,"[9, 16, 1, 6, 14]"
synthetic.student2755@mathsy.synthetic,0.6049,english,Synthetic Student 2755 (B+ Level),Consistent Climber,kertas1,"[10, 18, 9, 11]",STU-SYN2755,2755,B+,65.62,17517,"[7, 17]"
synthetic.student2756@mathsy.synthetic,0.3662,english,Synthetic Student 2756 (G Level),Fresh Starter,kertas1,"[6, 11, 16, 13]",STU-SYN2756,2756,G,25,17518,"[10, 2, 5]"
synthetic.student2757@mathsy.synthetic,0.603,bm,Synthetic Student 2757 (B Level),Consistent Climber,mixed,"[11, 14, 10, 17]",STU-SYN2757,2757,B,60.18,17519,"[18, 2, 1, 5, 13]"
synthetic.student2758@mathsy.synthetic,0.6351,english,Synthetic Student 2758 (C+ Level),Flexible Learner,kertas1,"[15, 2, 17]",STU-SYN2758,2758,C+,59.99,17520,"[4, 10]"
synthetic.student2759@mathsy.synthetic,0.9087,english,Synthetic Student 2759 (A+ Level),High Achiever,kertas1,"[13, 17, 15]",STU-SYN2759,2759,A+,97.98,17521,"[7, 12]"
synthetic.student2760@mathsy.synthetic,0.7329,english,Synthetic Student 2760 (B+ Level),Deep Focus Learner,mixed,"[10, 16]",STU-SYN2760,2760,B+,68.15,17522,"[14, 11, 4, 12]"
synthetic.student2761@mathsy.synthetic,0.8184,english,Synthetic Student 2761 (A- Level),Deep Focus Learner,kertas1,"[16, 13, 7]",STU-SYN2761,2761,A-,75.03,17523,"[11, 5, 15, 18, 3]"
synthetic.student2762@mathsy.synthetic,0.767,bm,Synthetic Student 2762 (A Level),Consistent Climber,kertas1,"[4, 16, 10]",STU-SYN2762,2762,A,82.6,17524,"[13, 1]"
synthetic.student2763@mathsy.synthetic,0.7178,english,Synthetic Student 2763 (A- Level),Consistent Climber,kertas1,"[12, 17, 1]",STU-SYN2763,2763,A-,71.65,17525,"[4, 2, 11, 8]"
synthetic.student2764@mathsy.synthetic,0.6367,english,Synthetic Student 2764 (B+ Level),Consistent Climber,kertas1,"[17, 8]",STU-SYN2764,2764,B+,65.25,17526,"[5, 6, 12, 10]"
synthetic.student2765@mathsy.synthetic,0.4723,bm,Synthetic Student 2765 (G Level),Fresh Starter,kertas2,"[9, 12, 10]",STU-SYN2765,2765,G,35.9,17527,"[11, 7, 13, 4]"
synthetic.student2766@mathsy.synthetic,0.7366,english,Synthetic Student 2766 (B+ Level),Flexible Learner,kertas2,"[10, 13, 4, 14]",STU-SYN2766,2766,B+,68.68,17528,"[18, 2, 15, 17]"
synthetic.student2767@mathsy.synthetic,0.4985,english,Synthetic Student 2767 (E Level),Deep Focus Learner,mixed,"[4, 7, 16, 1]",STU-SYN2767,2767,E,44.41,17529,"[12, 2, 15, 9, 11]"
synthetic.student2768@mathsy.synthetic,0.6163,bm,Synthetic Student 2768 (C+ Level),Flexible Learner,kertas1,"[7, 3, 14, 15]",STU-SYN2768,2768,C+,58.31,17530,"[1, 18, 17]"
synthetic.student2769@mathsy.synthetic,0.5485,bm,Synthetic Student 2769 (C Level),Deep Focus Learner,kertas1,"[7, 11]",STU-SYN2769,2769,C,50.32,17531,"[14, 16, 4, 15]"
synthetic.student2770@mathsy.synthetic,0.6134,english,Synthetic Student 2770 (C+ Level),Deep Focus Learner,mixed,"[12, 15, 7]",STU-SYN2770,2770,C+,55.22,17532,"[9, 14, 4, 13, 2]"
synthetic.student2771@mathsy.synthetic,0.3901,english,Synthetic Student 2771 (G Level),Fresh Starter,mixed,"[16, 18, 14, 7]",STU-SYN2771,2771,G,26.58,17533,"[1, 3]"
synthetic.student2772@mathsy.synthetic,0.608,english,Synthetic Student 2772 (B Level),Flexible Learner,kertas2,"[1, 12]",STU-SYN2772,2772,B,60.4,17534,"[17, 16]"
synthetic.student2773@mathsy.synthetic,0.6955,english,Synthetic Student 2773 (B+ Level),Deep Focus Learner,mixed,"[18, 4]",STU-SYN2773,2773,B+,66.12,17535,"[11, 15, 7]"
synthetic.student2774@mathsy.synthetic,0.6815,english,Synthetic Student 2774 (C+ Level),Deep Focus Learner,kertas1,"[11, 17, 15]",STU-SYN2774,2774,C+,58.29,17536,"[10, 8, 16, 4, 5]"
synthetic.student2775@mathsy.synthetic,0.5893,english,Synthetic Student 2775 (D Level),Fresh Starter,kertas2,"[6, 7, 8, 16]",STU-SYN2775,2775,D,48.93,17537,"[18, 3]"
synthetic.student2776@mathsy.synthetic,0.6453,english,Synthetic Student 2776 (B Level),Deep Focus Learner,kertas2,"[8, 13]",STU-SYN2776,2776,B,60.92,17538,"[12, 11, 5]"
synthetic.student2777@mathsy.synthetic,0.5728,english,Synthetic Student 2777 (C Level),Deep Focus Learner,kertas1,"[10, 5, 14]",STU-SYN2777,2777,C,52.82,17539,"[13, 9, 4, 8, 12]"
synthetic.student2778@mathsy.synthetic,0.4001,english,Synthetic Student 2778 (G Level),Fresh Starter,kertas1,"[5, 8]",STU-SYN2778,2778,G,26.73,17540,"[10, 13, 11]"
synthetic.student2779@mathsy.synthetic,0.603,english,Synthetic Student 2779 (B Level),Consistent Climber,kertas1,"[5, 8, 9, 6]",STU-SYN2779,2779,B,63.2,17541,"[14, 15]"
synthetic.student2780@mathsy.synthetic,0.5598,bm,Synthetic Student 2780 (C+ Level),Flexible Learner,mixed,"[16, 13, 18, 8]",STU-SYN2780,2780,C+,55.01,17542,"[2, 7]"
synthetic.student2781@mathsy.synthetic,0.8884,bm,Synthetic Student 2781 (A Level),High Achiever,mixed,"[7, 13]",STU-SYN2781,2781,A,86.42,17543,"[15, 3, 10, 8, 11]"
synthetic.student2782@mathsy.synthetic,0.4831,bm,Synthetic Student 2782 (G Level),Fresh Starter,kertas2,"[16, 4, 8]",STU-SYN2782,2782,G,32.7,17544,"[13, 3, 6, 11]"
synthetic.student2783@mathsy.synthetic,0.6206,english,Synthetic Student 2783 (B+ Level),Consistent Climber,kertas1,"[1, 4]",STU-SYN2783,2783,B+,66.65,17545,"[17, 2]"
synthetic.student2784@mathsy.synthetic,0.3046,english,Synthetic Student 2784 (G Level),Fresh Starter,kertas1,"[6, 5, 2]",STU-SYN2784,2784,G,25,17546,"[4, 11, 10]"
synthetic.student2785@mathsy.synthetic,0.7074,english,Synthetic Student 2785 (A- Level),Consistent Climber,mixed,"[13, 1, 2]",STU-SYN2785,2785,A-,73.76,17547,"[10, 6, 3]"
synthetic.student2786@mathsy.synthetic,0.8318,english,Synthetic Student 2786 (A Level),High Achiever,mixed,"[7, 9, 8, 15]",STU-SYN2786,2786,A,84.5,17548,"[16, 2, 1, 18]"
synthetic.student2787@mathsy.synthetic,0.561,bm,Synthetic Student 2787 (C Level),Deep Focus Learner,kertas1,"[18, 16, 17, 10]",STU-SYN2787,2787,C,50.89,17549,"[11, 3, 2, 9]"
synthetic.student2788@mathsy.synthetic,0.7091,english,Synthetic Student 2788 (B+ Level),Flexible Learner,kertas2,"[15, 2, 11, 8]",STU-SYN2788,2788,B+,65.37,17550,"[1, 12, 3, 4]"
synthetic.student2789@mathsy.synthetic,0.8096,english,Synthetic Student 2789 (A Level),High Achiever,mixed,"[13, 18]",STU-SYN2789,2789,A,81.87,17551,"[2, 16, 3, 11]"
synthetic.student2790@mathsy.synthetic,0.8134,bm,Synthetic Student 2790 (A- Level),Deep Focus Learner,kertas1,"[12, 4, 7]",STU-SYN2790,2790,A-,74.07,17552,"[13, 10, 15, 14, 11]"
synthetic.student2791@mathsy.synthetic,0.5863,english,Synthetic Student 2791 (C+ Level),Consistent Climber,kertas1,"[14, 18, 13, 11]",STU-SYN2791,2791,C+,57.15,17553,"[3, 4, 1, 15, 12]"
synthetic.student2792@mathsy.synthetic,0.5533,bm,Synthetic Student 2792 (C Level),Deep Focus Learner,mixed,"[18, 3, 6, 10]",STU-SYN2792,2792,C,52.33,17554,"[1, 14, 17]"
synthetic.student2793@mathsy.synthetic,0.5723,english,Synthetic Student 2793 (C Level),Flexible Learner,kertas1,"[10, 12]",STU-SYN2793,2793,C,53.62,17555,"[17, 15, 2]"
synthetic.student2794@mathsy.synthetic,0.713,english,Synthetic Student 2794 (B+ Level),Flexible Learner,kertas1,"[10, 18, 2]",STU-SYN2794,2794,B+,67.18,17556,"[12, 14, 7, 3, 15]"
synthetic.student2795@mathsy.synthetic,0.7699,bm,Synthetic Student 2795 (A Level),Consistent Climber,mixed,"[7, 15, 14]",STU-SYN2795,2795,A,81.49,17557,"[18, 11, 13]"
synthetic.student2796@mathsy.synthetic,0.5921,english,Synthetic Student 2796 (C+ Level),Weekend Learner,mixed,"[17, 7]",STU-SYN2796,2796,C+,57.9,17558,"[11, 5, 18]"
synthetic.student2797@mathsy.synthetic,0.8414,bm,Synthetic Student 2797 (A Level),Consistent Climber,mixed,"[14, 6]",STU-SYN2797,2797,A,85.31,17559,"[16, 3, 2, 1]"
synthetic.student2798@mathsy.synthetic,0.5163,bm,Synthetic Student 2798 (D Level),Weekend Learner,kertas1,"[2, 13]",STU-SYN2798,2798,D,49.19,17560,"[17, 3]"
synthetic.student2799@mathsy.synthetic,0.6447,english,Synthetic Student 2799 (B Level),Weekend Learner,mixed,"[14, 13, 8]",STU-SYN2799,2799,B,60.31,17561,"[2, 1, 16, 7]"
synthetic.student2800@mathsy.synthetic,0.7847,english,Synthetic Student 2800 (A- Level),Deep Focus Learner,mixed,"[10, 3, 12]",STU-SYN2800,2800,A-,76.01,17562,"[6, 4, 5]"
synthetic.student2801@mathsy.synthetic,0.5898,english,Synthetic Student 2801 (E Level),Fresh Starter,kertas1,"[1, 3, 8, 15]",STU-SYN2801,2801,E,43.81,17563,"[10, 7, 11, 4, 9]"
synthetic.student2802@mathsy.synthetic,0.7353,english,Synthetic Student 2802 (A- Level),Consistent Climber,kertas1,"[9, 8, 18, 2]",STU-SYN2802,2802,A-,75.49,17564,"[10, 11, 5]"
synthetic.student2803@mathsy.synthetic,0.6496,bm,Synthetic Student 2803 (B Level),Consistent Climber,mixed,"[5, 4, 9]",STU-SYN2803,2803,B,64.76,17565,"[16, 2, 1, 7]"
synthetic.student2804@mathsy.synthetic,0.75,english,Synthetic Student 2804 (A- Level),Deep Focus Learner,kertas1,"[13, 15, 9, 16]",STU-SYN2804,2804,A-,70.68,17566,"[3, 11, 7, 5]"
synthetic.student2805@mathsy.synthetic,0.6632,bm,Synthetic Student 2805 (B Level),Flexible Learner,mixed,"[1, 8, 16, 15]",STU-SYN2805,2805,B,64.18,17567,"[6, 10, 14]"
synthetic.student2806@mathsy.synthetic,0.8583,english,Synthetic Student 2806 (A+ Level),High Achiever,kertas1,"[6, 5]",STU-SYN2806,2806,A+,93.56,17568,"[17, 4]"
synthetic.student2807@mathsy.synthetic,0.9598,english,Synthetic Student 2807 (A+ Level),High Achiever,kertas1,"[8, 16, 17, 11]",STU-SYN2807,2807,A+,98,17569,"[13, 1, 15]"
synthetic.student2808@mathsy.synthetic,0.5643,english,Synthetic Student 2808 (D Level),Fresh Starter,kertas1,"[4, 17]",STU-SYN2808,2808,D,46.23,17570,"[1, 2]"
synthetic.student2809@mathsy.synthetic,0.6873,english,Synthetic Student 2809 (B+ Level),Flexible Learner,mixed,"[11, 1, 10]",STU-SYN2809,2809,B+,68.01,17571,"[16, 17]"
synthetic.student2810@mathsy.synthetic,0.5147,english,Synthetic Student 2810 (C Level),Flexible Learner,kertas2,"[13, 11, 6, 10]",STU-SYN2810,2810,C,51.37,17572,"[3, 12]"
synthetic.student2811@mathsy.synthetic,0.6415,bm,Synthetic Student 2811 (B Level),Consistent Climber,kertas2,"[6, 9, 3]",STU-SYN2811,2811,B,64.83,17573,"[7, 14, 1, 11]"
synthetic.student2812@mathsy.synthetic,0.5773,bm,Synthetic Student 2812 (E Level),Fresh Starter,kertas2,"[9, 3]",STU-SYN2812,2812,E,41.52,17574,"[1, 10, 5, 2, 6]"
synthetic.student2813@mathsy.synthetic,0.6699,english,Synthetic Student 2813 (B+ Level),Consistent Climber,kertas1,"[1, 6, 5]",STU-SYN2813,2813,B+,69.76,17575,"[8, 14, 9]"
synthetic.student2814@mathsy.synthetic,0.5577,bm,Synthetic Student 2814 (C Level),Deep Focus Learner,kertas1,"[7, 8]",STU-SYN2814,2814,C,53.3,17576,"[6, 16]"
synthetic.student2815@mathsy.synthetic,0.7948,english,Synthetic Student 2815 (A- Level),Deep Focus Learner,kertas2,"[17, 9, 16]",STU-SYN2815,2815,A-,77.26,17577,"[12, 18]"
synthetic.student2816@mathsy.synthetic,0.336,english,Synthetic Student 2816 (G Level),Fresh Starter,mixed,"[11, 13, 12]",STU-SYN2816,2816,G,25,17578,"[14, 3, 5, 16, 17]"
synthetic.student2817@mathsy.synthetic,0.6054,bm,Synthetic Student 2817 (D Level),Fresh Starter,kertas1,"[14, 13, 7]",STU-SYN2817,2817,D,48.08,17579,"[10, 5, 6]"
synthetic.student2818@mathsy.synthetic,0.6378,english,Synthetic Student 2818 (B+ Level),Consistent Climber,kertas2,"[6, 17, 9]",STU-SYN2818,2818,B+,67.23,17580,"[8, 14, 5]"
synthetic.student2819@mathsy.synthetic,0.6552,english,Synthetic Student 2819 (B Level),Flexible Learner,kertas2,"[7, 3, 8]",STU-SYN2819,2819,B,62.62,17581,"[9, 1, 11]"
synthetic.student2820@mathsy.synthetic,0.7539,english,Synthetic Student 2820 (A- Level),Flexible Learner,mixed,"[5, 3]",STU-SYN2820,2820,A-,72.1,17582,"[17, 12, 11, 10]"
synthetic.student2821@mathsy.synthetic,0.7101,english,Synthetic Student 2821 (B+ Level),Weekend Learner,kertas1,"[16, 13, 9]",STU-SYN2821,2821,B+,66.34,17583,"[8, 10, 18]"
synthetic.student2822@mathsy.synthetic,0.7981,bm,Synthetic Student 2822 (A- Level),Deep Focus Learner,kertas2,"[1, 13, 4, 6]",STU-SYN2822,2822,A-,75.72,17584,"[9, 3, 7, 10, 15]"
synthetic.student2823@mathsy.synthetic,0.5648,bm,Synthetic Student 2823 (C Level),Deep Focus Learner,kertas1,"[16, 17, 18, 10]",STU-SYN2823,2823,C,52.26,17585,"[5, 3, 11, 12]"
synthetic.student2824@mathsy.synthetic,0.6013,english,Synthetic Student 2824 (C+ Level),Deep Focus Learner,kertas1,"[8, 14, 17]",STU-SYN2824,2824,C+,55.18,17586,"[6, 16, 2, 12]"
synthetic.student2825@mathsy.synthetic,0.7911,english,Synthetic Student 2825 (A- Level),Deep Focus Learner,mixed,"[18, 17]",STU-SYN2825,2825,A-,74.8,17587,"[4, 3, 13]"
synthetic.student2826@mathsy.synthetic,0.6842,english,Synthetic Student 2826 (B Level),Flexible Learner,mixed,"[8, 5, 9]",STU-SYN2826,2826,B,64.95,17588,"[14, 15, 11]"
synthetic.student2827@mathsy.synthetic,0.8439,english,Synthetic Student 2827 (A Level),High Achiever,mixed,"[15, 2, 11, 8]",STU-SYN2827,2827,A,87.81,17589,"[10, 13]"
synthetic.student2828@mathsy.synthetic,0.6077,english,Synthetic Student 2828 (B Level),Consistent Climber,kertas1,"[1, 6, 3]",STU-SYN2828,2828,B,62.42,17590,"[2, 8, 16, 15]"
synthetic.student2829@mathsy.synthetic,0.3681,english,Synthetic Student 2829 (G Level),Fresh Starter,kertas2,"[8, 6, 16, 11]",STU-SYN2829,2829,G,25,17591,"[18, 14]"
synthetic.student2830@mathsy.synthetic,0.5165,english,Synthetic Student 2830 (D Level),Deep Focus Learner,mixed,"[13, 4, 1]",STU-SYN2830,2830,D,45.46,17592,"[15, 16, 3, 14]"
synthetic.student2831@mathsy.synthetic,0.8429,english,Synthetic Student 2831 (A Level),Consistent Climber,kertas1,"[1, 4, 16]",STU-SYN2831,2831,A,86.96,17593,"[7, 2, 12, 3]"
synthetic.student2832@mathsy.synthetic,0.6322,english,Synthetic Student 2832 (C+ Level),Flexible Learner,kertas1,"[10, 6]",STU-SYN2832,2832,C+,58.24,17594,"[7, 2, 3, 9]"
synthetic.student2833@mathsy.synthetic,0.5163,english,Synthetic Student 2833 (D Level),Weekend Learner,mixed,"[3, 1, 12, 7]",STU-SYN2833,2833,D,49.23,17595,"[14, 6]"
synthetic.student2834@mathsy.synthetic,0.7019,bm,Synthetic Student 2834 (B Level),Weekend Learner,mixed,"[16, 9]",STU-SYN2834,2834,B,64.71,17596,"[3, 2, 12, 17]"
synthetic.student2835@mathsy.synthetic,0.6491,english,Synthetic Student 2835 (B Level),Weekend Learner,mixed,"[3, 5]",STU-SYN2835,2835,B,60.18,17597,"[8, 6, 11, 13]"
synthetic.student2836@mathsy.synthetic,0.3762,english,Synthetic Student 2836 (G Level),Fresh Starter,mixed,"[10, 6, 14, 17]",STU-SYN2836,2836,G,25,17598,"[12, 4, 2, 7]"
synthetic.student2837@mathsy.synthetic,0.6571,english,Synthetic Student 2837 (C+ Level),Weekend Learner,kertas2,"[11, 1, 18, 13]",STU-SYN2837,2837,C+,57.23,17599,"[8, 16, 12, 17, 9]"
synthetic.student2838@mathsy.synthetic,0.6762,english,Synthetic Student 2838 (B+ Level),Consistent Climber,kertas1,"[7, 13, 1, 18]",STU-SYN2838,2838,B+,69.15,17600,"[10, 6, 16]"
synthetic.student2839@mathsy.synthetic,0.3311,english,Synthetic Student 2839 (G Level),Fresh Starter,mixed,"[5, 6]",STU-SYN2839,2839,G,25,17601,"[1, 9]"
synthetic.student2840@mathsy.synthetic,0.5546,english,Synthetic Student 2840 (C Level),Weekend Learner,kertas1,"[16, 4]",STU-SYN2840,2840,C,52.98,17602,"[5, 3]"
synthetic.student2841@mathsy.synthetic,0.4921,english,Synthetic Student 2841 (G Level),Fresh Starter,mixed,"[17, 2]",STU-SYN2841,2841,G,35.36,17603,"[10, 16, 9, 11]"
synthetic.student2842@mathsy.synthetic,0.581,english,Synthetic Student 2842 (B Level),Consistent Climber,kertas1,"[3, 15, 10, 8]",STU-SYN2842,2842,B,61.68,17604,"[9, 2]"
synthetic.student2843@mathsy.synthetic,0.7108,english,Synthetic Student 2843 (B+ Level),Weekend Learner,kertas1,"[18, 16, 3]",STU-SYN2843,2843,B+,66.22,17605,"[2, 7, 10]"
synthetic.student2844@mathsy.synthetic,0.5368,bm,Synthetic Student 2844 (C Level),Weekend Learner,kertas1,"[17, 12]",STU-SYN2844,2844,C,50.83,17606,"[2, 13]"
synthetic.student2845@mathsy.synthetic,0.6922,english,Synthetic Student 2845 (B Level),Flexible Learner,kertas1,"[8, 16]",STU-SYN2845,2845,B,63.67,17607,"[10, 2, 18, 11, 6]"
synthetic.student2846@mathsy.synthetic,0.5145,english,Synthetic Student 2846 (D Level),Deep Focus Learner,kertas1,"[13, 4, 8]",STU-SYN2846,2846,D,48.37,17608,"[3, 9, 6, 15]"
synthetic.student2847@mathsy.synthetic,0.7763,bm,Synthetic Student 2847 (A- Level),Consistent Climber,kertas2,"[17, 4]",STU-SYN2847,2847,A-,77.12,17609,"[6, 2, 5, 12, 14]"
synthetic.student2848@mathsy.synthetic,0.8423,bm,Synthetic Student 2848 (A Level),High Achiever,kertas1,"[18, 15]",STU-SYN2848,2848,A,84.06,17610,"[11, 16, 1, 17, 10]"
synthetic.student2849@mathsy.synthetic,0.4817,english,Synthetic Student 2849 (G Level),Fresh Starter,kertas2,"[7, 15, 10]",STU-SYN2849,2849,G,31.44,17611,"[6, 18, 9, 8]"
synthetic.student2850@mathsy.synthetic,0.6919,english,Synthetic Student 2850 (A- Level),Consistent Climber,mixed,"[7, 3, 18, 11]",STU-SYN2850,2850,A-,71.94,17612,"[6, 1, 15]"
synthetic.student2851@mathsy.synthetic,0.5792,bm,Synthetic Student 2851 (E Level),Fresh Starter,kertas1,"[14, 17, 11]",STU-SYN2851,2851,E,42.74,17613,"[13, 16, 1, 4]"
synthetic.student2852@mathsy.synthetic,0.7528,english,Synthetic Student 2852 (A- Level),Flexible Learner,kertas2,"[8, 17, 12, 3]",STU-SYN2852,2852,A-,75.48,17614,"[13, 2]"
synthetic.student2853@mathsy.synthetic,0.5081,bm,Synthetic Student 2853 (D Level),Deep Focus Learner,kertas1,"[18, 3]",STU-SYN2853,2853,D,48.87,17615,"[17, 10, 5]"
synthetic.student2854@mathsy.synthetic,0.7073,english,Synthetic Student 2854 (B+ Level),Weekend Learner,kertas2,"[14, 16, 2]",STU-SYN2854,2854,B+,65.34,17616,"[3, 10, 18, 15]"
synthetic.student2855@mathsy.synthetic,0.6679,bm,Synthetic Student 2855 (C+ Level),Flexible Learner,kertas2,"[2, 8]",STU-SYN2855,2855,C+,59.62,17617,"[15, 16, 5, 10, 12]"
synthetic.student2856@mathsy.synthetic,0.8706,english,Synthetic Student 2856 (A Level),High Achiever,mixed,"[14, 3]",STU-SYN2856,2856,A,89.27,17618,"[16, 4, 9, 1]"
synthetic.student2857@mathsy.synthetic,0.5727,english,Synthetic Student 2857 (C Level),Flexible Learner,mixed,"[16, 8]",STU-SYN2857,2857,C,52.73,17619,"[10, 9, 6, 2, 18]"
synthetic.student2858@mathsy.synthetic,0.8124,bm,Synthetic Student 2858 (A Level),Consistent Climber,kertas1,"[17, 10, 3]",STU-SYN2858,2858,A,85.54,17620,"[8, 13]"
synthetic.student2859@mathsy.synthetic,0.583,english,Synthetic Student 2859 (B Level),Consistent Climber,kertas2,"[13, 12, 16, 8]",STU-SYN2859,2859,B,61.88,17621,"[11, 4]"
synthetic.student2860@mathsy.synthetic,0.7014,english,Synthetic Student 2860 (B Level),Weekend Learner,kertas2,"[7, 3, 5]",STU-SYN2860,2860,B,63.67,17622,"[1, 9, 18, 8, 16]"
synthetic.student2861@mathsy.synthetic,0.6812,english,Synthetic Student 2861 (B+ Level),Flexible Learner,mixed,"[17, 1, 16]",STU-SYN2861,2861,B+,65.61,17623,"[8, 14, 5, 12]"
synthetic.student2862@mathsy.synthetic,0.6089,english,Synthetic Student 2862 (C+ Level),Deep Focus Learner,kertas1,"[1, 4, 14, 11]",STU-SYN2862,2862,C+,56.8,17624,"[17, 15, 5, 9]"
synthetic.student2863@mathsy.synthetic,0.452,english,Synthetic Student 2863 (E Level),Flexible Learner,kertas1,"[17, 2, 15, 3]",STU-SYN2863,2863,E,42.47,17625,"[4, 10, 18]"
synthetic.student2864@mathsy.synthetic,0.5812,bm,Synthetic Student 2864 (C+ Level),Flexible Learner,kertas1,"[6, 9]",STU-SYN2864,2864,C+,55.01,17626,"[14, 4, 16, 13]"
synthetic.student2865@mathsy.synthetic,0.7636,english,Synthetic Student 2865 (A- Level),Consistent Climber,mixed,"[6, 2]",STU-SYN2865,2865,A-,79.71,17627,"[14, 4, 7, 17]"
synthetic.student2866@mathsy.synthetic,0.4068,bm,Synthetic Student 2866 (G Level),Fresh Starter,mixed,"[15, 13]",STU-SYN2866,2866,G,25.49,17628,"[7, 16, 18, 6]"
synthetic.student2867@mathsy.synthetic,0.4983,english,Synthetic Student 2867 (E Level),Fresh Starter,kertas2,"[18, 10]",STU-SYN2867,2867,E,40.3,17629,"[11, 5]"
synthetic.student2868@mathsy.synthetic,0.5321,english,Synthetic Student 2868 (C Level),Flexible Learner,mixed,"[12, 11, 13, 15]",STU-SYN2868,2868,C,50.55,17630,"[4, 8, 7, 2]"
synthetic.student2869@mathsy.synthetic,0.7425,english,Synthetic Student 2869 (A- Level),Flexible Learner,mixed,"[11, 13, 6]",STU-SYN2869,2869,A-,73.56,17631,"[1, 15, 2]"
synthetic.student2870@mathsy.synthetic,0.5234,english,Synthetic Student 2870 (D Level),Weekend Learner,kertas1,"[1, 9, 13, 8]",STU-SYN2870,2870,D,48.0,17632,"[10, 16, 6]"
synthetic.student2871@mathsy.synthetic,0.6497,english,Synthetic Student 2871 (B+ Level),Consistent Climber,kertas1,"[6, 8]",STU-SYN2871,2871,B+,65.87,17633,"[12, 1, 10, 17, 3]"
synthetic.student2872@mathsy.synthetic,0.6078,english,Synthetic Student 2872 (C+ Level),Deep Focus Learner,kertas2,"[8, 5]",STU-SYN2872,2872,C+,57.19,17634,"[16, 11, 14]"
synthetic.student2873@mathsy.synthetic,0.6658,english,Synthetic Student 2873 (B+ Level),Flexible Learner,kertas1,"[2, 7]",STU-SYN2873,2873,B+,65.41,17635,"[12, 16, 3]"
synthetic.student2874@mathsy.synthetic,0.4478,english,Synthetic Student 2874 (E Level),Weekend Learner,mixed,"[17, 6]",STU-SYN2874,2874,E,42.33,17636,"[12, 10]"
synthetic.student2875@mathsy.synthetic,0.4872,english,Synthetic Student 2875 (D Level),Weekend Learner,kertas2,"[7, 15, 3, 1]",STU-SYN2875,2875,D,45.62,17637,"[6, 2, 9, 5]"
synthetic.student2876@mathsy.synthetic,0.5031,english,Synthetic Student 2876 (E Level),Flexible Learner,kertas1,"[8, 11, 4, 12]",STU-SYN2876,2876,E,44.38,17638,"[15, 3, 18, 14, 5]"
synthetic.student2877@mathsy.synthetic,0.636,english,Synthetic Student 2877 (B Level),Flexible Learner,kertas1,"[7, 15, 14, 1]",STU-SYN2877,2877,B,62.2,17639,"[3, 4]"
synthetic.student2878@mathsy.synthetic,0.4365,bm,Synthetic Student 2878 (E Level),Weekend Learner,kertas2,"[4, 18, 2, 7]",STU-SYN2878,2878,E,42.75,17640,"[8, 16]"
synthetic.student2879@mathsy.synthetic,0.6334,bm,Synthetic Student 2879 (C+ Level),Flexible Learner,kertas1,"[8, 16, 6]",STU-SYN2879,2879,C+,56.9,17641,"[14, 7, 2, 9]"
synthetic.student2880@mathsy.synthetic,0.4703,english,Synthetic Student 2880 (E Level),Flexible Learner,kertas2,"[8, 15]",STU-SYN2880,2880,E,43.65,17642,"[7, 6, 18]"
synthetic.student2881@mathsy.synthetic,0.6231,english,Synthetic Student 2881 (B Level),Deep Focus Learner,kertas2,"[15, 18, 9]",STU-SYN2881,2881,B,60.24,17643,"[11, 7]"
synthetic.student2882@mathsy.synthetic,0.8919,english,Synthetic Student 2882 (A+ Level),High Achiever,kertas1,"[13, 14]",STU-SYN2882,2882,A+,93.38,17644,"[17, 11, 7]"
synthetic.student2883@mathsy.synthetic,0.6013,english,Synthetic Student 2883 (C Level),Flexible Learner,kertas2,"[16, 1]",STU-SYN2883,2883,C,54.86,17645,"[12, 6, 15, 4]"
synthetic.student2884@mathsy.synthetic,0.7286,english,Synthetic Student 2884 (A- Level),Consistent Climber,kertas2,"[13, 4, 18]",STU-SYN2884,2884,A-,76.07,17646,"[14, 3, 17]"
synthetic.student2885@mathsy.synthetic,0.5095,english,Synthetic Student 2885 (G Level),Fresh Starter,kertas1,"[13, 10, 17, 12]",STU-SYN2885,2885,G,37.04,17647,"[9, 18, 11]"
synthetic.student2886@mathsy.synthetic,0.7422,english,Synthetic Student 2886 (A- Level),Consistent Climber,kertas2,"[8, 2, 5, 6]",STU-SYN2886,2886,A-,78.05,17648,"[12, 18]"
synthetic.student2887@mathsy.synthetic,0.5556,english,Synthetic Student 2887 (E Level),Fresh Starter,kertas2,"[7, 6, 16, 1]",STU-SYN2887,2887,E,43.19,17649,"[10, 5]"
synthetic.student2888@mathsy.synthetic,0.58,english,Synthetic Student 2888 (C Level),Weekend Learner,mixed,"[18, 7, 15, 17]",STU-SYN2888,2888,C,54.49,17650,"[10, 6, 11, 12]"
synthetic.student2889@mathsy.synthetic,0.5206,english,Synthetic Student 2889 (D Level),Weekend Learner,kertas1,"[9, 1, 5, 4]",STU-SYN2889,2889,D,47.01,17651,"[10, 7, 8, 18]"
synthetic.student2890@mathsy.synthetic,0.5203,english,Synthetic Student 2890 (G Level),Fresh Starter,kertas2,"[1, 17, 18]",STU-SYN2890,2890,G,38.64,17652,"[13, 9, 2, 3]"
synthetic.student2891@mathsy.synthetic,0.8808,english,Synthetic Student 2891 (A+ Level),High Achiever,kertas2,"[1, 8]",STU-SYN2891,2891,A+,92.92,17653,"[6, 3, 10]"
synthetic.student2892@mathsy.synthetic,0.6516,english,Synthetic Student 2892 (B Level),Consistent Climber,mixed,"[13, 17, 11]",STU-SYN2892,2892,B,63.93,17654,"[9, 16, 5, 7, 2]"
synthetic.student2893@mathsy.synthetic,0.5327,english,Synthetic Student 2893 (C Level),Flexible Learner,kertas1,"[5, 15]",STU-SYN2893,2893,C,50.1,17655,"[11, 18, 1]"
synthetic.student2894@mathsy.synthetic,0.6011,bm,Synthetic Student 2894 (C+ Level),Deep Focus Learner,kertas1,"[8, 15, 18, 12]",STU-SYN2894,2894,C+,57.15,17656,"[16, 2, 6]"
synthetic.student2895@mathsy.synthetic,0.352,english,Synthetic Student 2895 (G Level),Fresh Starter,mixed,"[6, 17, 13, 5]",STU-SYN2895,2895,G,25,17657,"[7, 9]"
synthetic.student2896@mathsy.synthetic,0.6854,bm,Synthetic Student 2896 (B+ Level),Flexible Learner,mixed,"[3, 7, 14, 9]",STU-SYN2896,2896,B+,65.86,17658,"[1, 6, 8]"
synthetic.student2897@mathsy.synthetic,0.6602,english,Synthetic Student 2897 (C+ Level),Flexible Learner,kertas1,"[7, 9]",STU-SYN2897,2897,C+,59.93,17659,"[17, 6, 1, 18, 5]"
synthetic.student2898@mathsy.synthetic,0.8596,english,Synthetic Student 2898 (A Level),Consistent Climber,kertas2,"[5, 6]",STU-SYN2898,2898,A,85.04,17660,"[12, 8, 1, 17, 15]"
synthetic.student2899@mathsy.synthetic,0.5871,bm,Synthetic Student 2899 (C+ Level),Consistent Climber,kertas2,"[10, 4]",STU-SYN2899,2899,C+,58.65,17661,"[6, 15, 7, 16, 17]"
synthetic.student2900@mathsy.synthetic,0.6361,english,Synthetic Student 2900 (B Level),Flexible Learner,kertas2,"[11, 12, 4, 6]",STU-SYN2900,2900,B,60.43,17662,"[13, 10, 17, 14]"
synthetic.student2901@mathsy.synthetic,0.5973,english,Synthetic Student 2901 (C+ Level),Deep Focus Learner,kertas1,"[8, 18]",STU-SYN2901,2901,C+,55.96,17663,"[15, 7, 1, 3, 16]"
synthetic.student2902@mathsy.synthetic,0.6197,bm,Synthetic Student 2902 (B+ Level),Consistent Climber,kertas2,"[17, 9]",STU-SYN2902,2902,B+,66.83,17664,"[12, 8]"
synthetic.student2903@mathsy.synthetic,0.7048,english,Synthetic Student 2903 (A- Level),Consistent Climber,kertas1,"[3, 15, 14, 7]",STU-SYN2903,2903,A-,71.16,17665,"[6, 18, 9, 5]"
synthetic.student2904@mathsy.synthetic,0.8048,english,Synthetic Student 2904 (A Level),Consistent Climber,mixed,"[17, 1, 6]",STU-SYN2904,2904,A,83.54,17666,"[11, 14, 8]"
synthetic.student2905@mathsy.synthetic,0.3387,english,Synthetic Student 2905 (G Level),Fresh Starter,kertas2,"[18, 7, 8]",STU-SYN2905,2905,G,25,17667,"[12, 15, 11]"
synthetic.student2906@mathsy.synthetic,0.783,bm,Synthetic Student 2906 (A Level),Consistent Climber,kertas2,"[16, 1]",STU-SYN2906,2906,A,80.25,17668,"[12, 17, 2]"
synthetic.student2907@mathsy.synthetic,0.6423,bm,Synthetic Student 2907 (B+ Level),Consistent Climber,mixed,"[13, 17, 7, 1]",STU-SYN2907,2907,B+,66.29,17669,"[18, 3, 8]"
synthetic.student2908@mathsy.synthetic,0.7512,bm,Synthetic Student 2908 (A- Level),Deep Focus Learner,kertas2,"[13, 12, 4, 6]",STU-SYN2908,2908,A-,71.77,17670,"[15, 8, 3]"
synthetic.student2909@mathsy.synthetic,0.6022,bm,Synthetic Student 2909 (B+ Level),Consistent Climber,mixed,"[16, 14, 18]",STU-SYN2909,2909,B+,65.1,17671,"[10, 17]"
synthetic.student2910@mathsy.synthetic,0.5053,bm,Synthetic Student 2910 (D Level),Deep Focus Learner,kertas1,"[5, 8]",STU-SYN2910,2910,D,46.2,17672,"[3, 6]"
synthetic.student2911@mathsy.synthetic,0.7364,english,Synthetic Student 2911 (A- Level),Weekend Learner,kertas1,"[17, 6]",STU-SYN2911,2911,A-,73.66,17673,"[9, 10]"
synthetic.student2912@mathsy.synthetic,0.8267,bm,Synthetic Student 2912 (A Level),High Achiever,kertas1,"[1, 13, 8]",STU-SYN2912,2912,A,83.65,17674,"[4, 12, 7, 10, 14]"
synthetic.student2913@mathsy.synthetic,0.8203,english,Synthetic Student 2913 (A Level),Consistent Climber,mixed,"[6, 15, 13, 5]",STU-SYN2913,2913,A,83.35,17675,"[7, 18, 9, 14]"
synthetic.student2914@mathsy.synthetic,0.7951,bm,Synthetic Student 2914 (A- Level),Consistent Climber,mixed,"[16, 6]",STU-SYN2914,2914,A-,78.25,17676,"[14, 7, 12, 3, 15]"
synthetic.student2915@mathsy.synthetic,0.6199,english,Synthetic Student 2915 (C Level),Fresh Starter,mixed,"[12, 17, 11, 6]",STU-SYN2915,2915,C,51.58,17677,"[1, 3]"
synthetic.student2916@mathsy.synthetic,0.5251,bm,Synthetic Student 2916 (D Level),Weekend Learner,kertas1,"[7, 3]",STU-SYN2916,2916,D,48.64,17678,"[9, 13, 16]"
synthetic.student2917@mathsy.synthetic,0.5862,bm,Synthetic Student 2917 (B Level),Consistent Climber,mixed,"[18, 17]",STU-SYN2917,2917,B,63.14,17679,"[2, 11]"
synthetic.student2918@mathsy.synthetic,0.5762,english,Synthetic Student 2918 (C Level),Deep Focus Learner,mixed,"[11, 17]",STU-SYN2918,2918,C,50.03,17680,"[13, 4, 6, 5, 15]"
synthetic.student2919@mathsy.synthetic,0.8575,english,Synthetic Student 2919 (A Level),High Achiever,mixed,"[17, 15, 13, 9]",STU-SYN2919,2919,A,89.2,17681,"[10, 14]"
synthetic.student2920@mathsy.synthetic,0.8469,english,Synthetic Student 2920 (A Level),Consistent Climber,kertas1,"[4, 10, 15]",STU-SYN2920,2920,A,86.6,17682,"[7, 14]"
synthetic.student2921@mathsy.synthetic,0.5893,bm,Synthetic Student 2921 (C Level),Flexible Learner,kertas2,"[14, 12]",STU-SYN2921,2921,C,53.53,17683,"[10, 16, 13, 15, 18]"
synthetic.student2922@mathsy.synthetic,0.5961,bm,Synthetic Student 2922 (B Level),Consistent Climber,kertas1,"[4, 7]",STU-SYN2922,2922,B,60.13,17684,"[3, 15, 17, 9, 8]"
synthetic.student2923@mathsy.synthetic,0.8223,english,Synthetic Student 2923 (A Level),High Achiever,kertas1,"[1, 2, 11]",STU-SYN2923,2923,A,87.82,17685,"[13, 18, 16]"
synthetic.student2924@mathsy.synthetic,0.4497,english,Synthetic Student 2924 (G Level),Fresh Starter,kertas1,"[16, 1, 9]",STU-SYN2924,2924,G,34.88,17686,"[5, 6]"
synthetic.student2925@mathsy.synthetic,0.4719,english,Synthetic Student 2925 (D Level),Flexible Learner,kertas2,"[1, 9, 4]",STU-SYN2925,2925,D,45.18,17687,"[16, 15]"
synthetic.student2926@mathsy.synthetic,0.67,english,Synthetic Student 2926 (B+ Level),Flexible Learner,kertas2,"[10, 11, 3, 12]",STU-SYN2926,2926,B+,68.31,17688,"[2, 9]"
synthetic.student2927@mathsy.synthetic,0.773,english,Synthetic Student 2927 (A- Level),Consistent Climber,kertas1,"[14, 13]",STU-SYN2927,2927,A-,76.55,17689,"[10, 6, 11, 1, 16]"
synthetic.student2928@mathsy.synthetic,0.6324,english,Synthetic Student 2928 (B Level),Consistent Climber,kertas2,"[2, 13, 4]",STU-SYN2928,2928,B,62.46,17690,"[5, 11, 1, 18]"
synthetic.student2929@mathsy.synthetic,0.7013,english,Synthetic Student 2929 (A- Level),Consistent Climber,mixed,"[10, 5, 2]",STU-SYN2929,2929,A-,70.19,17691,"[12, 3, 7, 8, 16]"
synthetic.student2930@mathsy.synthetic,0.5206,english,Synthetic Student 2930 (D Level),Weekend Learner,kertas1,"[12, 7, 9]",STU-SYN2930,2930,D,49.11,17692,"[6, 14, 11, 8]"
synthetic.student2931@mathsy.synthetic,0.7312,english,Synthetic Student 2931 (A- Level),Consistent Climber,kertas1,"[8, 4, 12, 10]",STU-SYN2931,2931,A-,71.87,17693,"[15, 13, 6, 17, 9]"
synthetic.student2932@mathsy.synthetic,0.8135,bm,Synthetic Student 2932 (A- Level),Deep Focus Learner,kertas1,"[3, 8, 12, 17]",STU-SYN2932,2932,A-,77.76,17694,"[14, 10]"
synthetic.student2933@mathsy.synthetic,0.6483,bm,Synthetic Student 2933 (B+ Level),Consistent Climber,mixed,"[3, 16, 1]",STU-SYN2933,2933,B+,68.36,17695,"[7, 13, 2]"
synthetic.student2934@mathsy.synthetic,0.4496,english,Synthetic Student 2934 (E Level),Weekend Learner,kertas1,"[8, 12, 18, 2]",STU-SYN2934,2934,E,40.21,17696,"[16, 14, 6, 15, 17]"
synthetic.student2935@mathsy.synthetic,0.8345,english,Synthetic Student 2935 (A Level),High Achiever,kertas1,"[8, 14, 11]",STU-SYN2935,2935,A,87.33,17697,"[17, 3, 16, 9]"
synthetic.student2936@mathsy.synthetic,0.7009,bm,Synthetic Student 2936 (B Level),Deep Focus Learner,kertas2,"[4, 11, 18, 14]",STU-SYN2936,2936,B,63.91,17698,"[7, 6, 1, 5, 16]"
synthetic.student2937@mathsy.synthetic,0.6437,english,Synthetic Student 2937 (B Level),Weekend Learner,kertas2,"[6, 9]",STU-SYN2937,2937,B,61.97,17699,"[13, 5, 3]"
synthetic.student2938@mathsy.synthetic,0.6155,english,Synthetic Student 2938 (D Level),Fresh Starter,kertas1,"[10, 14, 2, 15]",STU-SYN2938,2938,D,47.93,17700,"[11, 18, 1, 4, 5]"
synthetic.student2939@mathsy.synthetic,0.5046,bm,Synthetic Student 2939 (D Level),Flexible Learner,mixed,"[4, 2]",STU-SYN2939,2939,D,46.81,17701,"[15, 10, 14]"
synthetic.student2940@mathsy.synthetic,0.756,english,Synthetic Student 2940 (B+ Level),Weekend Learner,kertas1,"[5, 6, 3]",STU-SYN2940,2940,B+,69.91,17702,"[1, 9, 11]"
synthetic.student2941@mathsy.synthetic,0.7368,bm,Synthetic Student 2941 (B+ Level),Deep Focus Learner,kertas1,"[10, 4]",STU-SYN2941,2941,B+,67.28,17703,"[15, 12, 9, 7, 16]"
synthetic.student2942@mathsy.synthetic,0.8871,english,Synthetic Student 2942 (A Level),High Achiever,kertas1,"[2, 11, 6, 13]",STU-SYN2942,2942,A,89.13,17704,"[9, 7, 8, 4, 17]"
synthetic.student2943@mathsy.synthetic,0.5652,bm,Synthetic Student 2943 (E Level),Fresh Starter,mixed,"[14, 6, 12, 16]",STU-SYN2943,2943,E,41.59,17705,"[2, 9, 3, 13, 11]"
synthetic.student2944@mathsy.synthetic,0.5356,english,Synthetic Student 2944 (D Level),Weekend Learner,kertas1,"[16, 9, 8, 15]",STU-SYN2944,2944,D,46.15,17706,"[12, 10, 6, 2, 18]"
synthetic.student2945@mathsy.synthetic,0.8234,english,Synthetic Student 2945 (A Level),High Achiever,kertas1,"[1, 3]",STU-SYN2945,2945,A,81.58,17707,"[4, 8, 18, 5, 17]"
synthetic.student2946@mathsy.synthetic,0.6756,english,Synthetic Student 2946 (B+ Level),Flexible Learner,kertas2,"[5, 17]",STU-SYN2946,2946,B+,65.43,17708,"[12, 2]"
synthetic.student2947@mathsy.synthetic,0.7528,bm,Synthetic Student 2947 (B+ Level),Weekend Learner,kertas1,"[13, 15, 16]",STU-SYN2947,2947,B+,66.48,17709,"[9, 17, 7, 18, 8]"
synthetic.student2948@mathsy.synthetic,0.5484,english,Synthetic Student 2948 (D Level),Weekend Learner,kertas2,"[13, 6, 8, 5]",STU-SYN2948,2948,D,48.79,17710,"[11, 10, 16, 1]"
synthetic.student2949@mathsy.synthetic,0.7895,english,Synthetic Student 2949 (A Level),High Achiever,kertas2,"[10, 1, 16]",STU-SYN2949,2949,A,84.42,17711,"[13, 9, 18]"
synthetic.student2950@mathsy.synthetic,0.5942,english,Synthetic Student 2950 (B Level),Consistent Climber,kertas2,"[2, 7]",STU-SYN2950,2950,B,62.06,17712,"[5, 17]"
synthetic.student2951@mathsy.synthetic,0.5444,english,Synthetic Student 2951 (D Level),Flexible Learner,kertas1,"[11, 10]",STU-SYN2951,2951,D,49.89,17713,"[1, 16, 2, 13, 7]"
synthetic.student2952@mathsy.synthetic,0.5183,bm,Synthetic Student 2952 (E Level),Deep Focus Learner,kertas1,"[1, 5, 17]",STU-SYN2952,2952,E,43.1,17714,"[10, 4, 6, 2, 9]"
synthetic.student2953@mathsy.synthetic,0.8816,english,Synthetic Student 2953 (A Level),High Achiever,mixed,"[1, 5]",STU-SYN2953,2953,A,88.77,17715,"[4, 6, 10, 8, 15]"
synthetic.student2954@mathsy.synthetic,0.7542,english,Synthetic Student 2954 (A- Level),Weekend Learner,kertas1,"[6, 5, 3, 14]",STU-SYN2954,2954,A-,73.12,17716,"[11, 17]"
synthetic.student2955@mathsy.synthetic,0.605,english,Synthetic Student 2955 (C Level),Flexible Learner,mixed,"[10, 4]",STU-SYN2955,2955,C,54.12,17717,"[8, 7, 13, 16, 2]"
synthetic.student2956@mathsy.synthetic,0.716,english,Synthetic Student 2956 (B+ Level),Flexible Learner,mixed,"[14, 8]",STU-SYN2956,2956,B+,66.21,17718,"[5, 4, 11, 6]"
synthetic.student2957@mathsy.synthetic,0.5941,english,Synthetic Student 2957 (C+ Level),Consistent Climber,kertas1,"[7, 4, 16]",STU-SYN2957,2957,C+,59.36,17719,"[3, 5, 8, 12]"
synthetic.student2958@mathsy.synthetic,0.802,bm,Synthetic Student 2958 (A- Level),Deep Focus Learner,kertas1,"[5, 15, 12, 11]",STU-SYN2958,2958,A-,77.53,17720,"[16, 1, 17]"
synthetic.student2959@mathsy.synthetic,0.5345,english,Synthetic Student 2959 (G Level),Fresh Starter,kertas2,"[14, 10, 4, 2]",STU-SYN2959,2959,G,38.58,17721,"[17, 18, 6, 12]"
synthetic.student2960@mathsy.synthetic,0.8173,bm,Synthetic Student 2960 (A Level),Consistent Climber,mixed,"[9, 11, 13, 8]",STU-SYN2960,2960,A,83.2,17722,"[6, 2, 10]"
synthetic.student2961@mathsy.synthetic,0.7507,bm,Synthetic Student 2961 (A- Level),Consistent Climber,mixed,"[9, 16, 11, 13]",STU-SYN2961,2961,A-,76.62,17723,"[8, 4, 17]"
synthetic.student2962@mathsy.synthetic,0.7183,english,Synthetic Student 2962 (B+ Level),Flexible Learner,mixed,"[15, 7, 14, 6]",STU-SYN2962,2962,B+,67.18,17724,"[4, 16, 1, 9, 8]"
synthetic.student2963@mathsy.synthetic,0.3305,english,Synthetic Student 2963 (G Level),Fresh Starter,kertas1,"[17, 6]",STU-SYN2963,2963,G,25,17725,"[16, 18, 5, 12, 14]"
synthetic.student2964@mathsy.synthetic,0.5114,english,Synthetic Student 2964 (D Level),Flexible Learner,mixed,"[3, 8]",STU-SYN2964,2964,D,47.41,17726,"[15, 13, 10]"
synthetic.student2965@mathsy.synthetic,0.5143,english,Synthetic Student 2965 (E Level),Fresh Starter,kertas2,"[2, 11, 13]",STU-SYN2965,2965,E,40.71,17727,"[5, 16]"
synthetic.student2966@mathsy.synthetic,0.6661,english,Synthetic Student 2966 (B Level),Flexible Learner,kertas1,"[5, 4]",STU-SYN2966,2966,B,60.32,17728,"[14, 9, 11, 16, 17]"
synthetic.student2967@mathsy.synthetic,0.5576,english,Synthetic Student 2967 (E Level),Fresh Starter,kertas2,"[5, 8, 6, 1]",STU-SYN2967,2967,E,42.6,17729,"[17, 10, 4, 14]"
synthetic.student2968@mathsy.synthetic,0.5879,english,Synthetic Student 2968 (C Level),Deep Focus Learner,mixed,"[12, 17, 7, 14]",STU-SYN2968,2968,C,54.12,17730,"[16, 15, 11]"
synthetic.student2969@mathsy.synthetic,0.7702,english,Synthetic Student 2969 (A- Level),Flexible Learner,kertas1,"[2, 18]",STU-SYN2969,2969,A-,74.95,17731,"[6, 17, 8]"
synthetic.student2970@mathsy.synthetic,0.7283,english,Synthetic Student 2970 (A- Level),Weekend Learner,kertas2,"[13, 9]",STU-SYN2970,2970,A-,70.78,17732,"[10, 18, 11]"
synthetic.student2971@mathsy.synthetic,0.5366,english,Synthetic Student 2971 (C Level),Deep Focus Learner,mixed,"[17, 9, 14]",STU-SYN2971,2971,C,50.19,17733,"[6, 2]"
synthetic.student2972@mathsy.synthetic,0.6221,english,Synthetic Student 2972 (C+ Level),Deep Focus Learner,kertas1,"[9, 12, 6]",STU-SYN2972,2972,C+,58.63,17734,"[13, 18, 2]"
synthetic.student2973@mathsy.synthetic,0.589,bm,Synthetic Student 2973 (B Level),Consistent Climber,kertas2,"[14, 10, 8]",STU-SYN2973,2973,B,62.71,17735,"[11, 7, 17, 9]"
synthetic.student2974@mathsy.synthetic,0.5266,english,Synthetic Student 2974 (D Level),Deep Focus Learner,kertas1,"[9, 12]",STU-SYN2974,2974,D,46.74,17736,"[5, 6, 2]"
synthetic.student2975@mathsy.synthetic,0.5864,bm,Synthetic Student 2975 (C Level),Flexible Learner,kertas2,"[5, 3, 8]",STU-SYN2975,2975,C,52.06,17737,"[2, 13, 10, 12]"
synthetic.student2976@mathsy.synthetic,0.7214,english,Synthetic Student 2976 (A- Level),Consistent Climber,mixed,"[6, 8, 16]",STU-SYN2976,2976,A-,73.08,17738,"[18, 15, 11, 12]"
synthetic.student2977@mathsy.synthetic,0.3802,english,Synthetic Student 2977 (G Level),Fresh Starter,kertas1,"[3, 15, 16, 13]",STU-SYN2977,2977,G,25,17739,"[18, 12, 9, 17, 8]"
synthetic.student2978@mathsy.synthetic,0.7829,bm,Synthetic Student 2978 (A- Level),Deep Focus Learner,kertas2,"[16, 11]",STU-SYN2978,2978,A-,76.3,17740,"[1, 8]"
synthetic.student2979@mathsy.synthetic,0.6046,english,Synthetic Student 2979 (B Level),Consistent Climber,kertas2,"[8, 7, 2, 3]",STU-SYN2979,2979,B,63.17,17741,"[5, 17, 1]"
synthetic.student2980@mathsy.synthetic,0.6045,english,Synthetic Student 2980 (C+ Level),Deep Focus Learner,kertas1,"[7, 4, 2]",STU-SYN2980,2980,C+,56.51,17742,"[3, 18, 14]"
synthetic.student2981@mathsy.synthetic,0.7414,bm,Synthetic Student 2981 (A- Level),Consistent Climber,mixed,"[3, 17]",STU-SYN2981,2981,A-,76.67,17743,"[6, 14]"
synthetic.student2982@mathsy.synthetic,0.745,bm,Synthetic Student 2982 (A- Level),Consistent Climber,kertas2,"[16, 2, 6]",STU-SYN2982,2982,A-,76.14,17744,"[8, 7, 5]"
synthetic.student2983@mathsy.synthetic,0.7822,bm,Synthetic Student 2983 (A Level),High Achiever,kertas2,"[5, 8]",STU-SYN2983,2983,A,80.42,17745,"[11, 17, 1]"
synthetic.student2984@mathsy.synthetic,0.7566,english,Synthetic Student 2984 (B+ Level),Flexible Learner,mixed,"[11, 2, 5]",STU-SYN2984,2984,B+,68.96,17746,"[12, 18, 1, 4, 10]"
synthetic.student2985@mathsy.synthetic,0.5657,bm,Synthetic Student 2985 (C Level),Flexible Learner,kertas2,"[18, 16]",STU-SYN2985,2985,C,51.69,17747,"[14, 5, 12, 1, 6]"
synthetic.student2986@mathsy.synthetic,0.4283,english,Synthetic Student 2986 (G Level),Weekend Learner,kertas1,"[5, 8, 3]",STU-SYN2986,2986,G,37.46,17748,"[4, 12, 13]"
synthetic.student2987@mathsy.synthetic,0.8357,english,Synthetic Student 2987 (A Level),Consistent Climber,kertas1,"[8, 17, 3, 2]",STU-SYN2987,2987,A,83.06,17749,"[15, 18, 16, 14, 6]"
synthetic.student2988@mathsy.synthetic,0.6565,bm,Synthetic Student 2988 (B+ Level),Consistent Climber,kertas2,"[15, 16, 18]",STU-SYN2988,2988,B+,65.4,17750,"[1, 8, 17, 13]"
synthetic.student2989@mathsy.synthetic,0.5144,bm,Synthetic Student 2989 (D Level),Weekend Learner,kertas1,"[12, 17, 1]",STU-SYN2989,2989,D,47.93,17751,"[5, 7, 10]"
synthetic.student2990@mathsy.synthetic,0.6459,english,Synthetic Student 2990 (B Level),Flexible Learner,mixed,"[15, 18]",STU-SYN2990,2990,B,62.62,17752,"[1, 3, 14]"
synthetic.student2991@mathsy.synthetic,0.6724,english,Synthetic Student 2991 (B Level),Weekend Learner,mixed,"[7, 5, 11]",STU-SYN2991,2991,B,62.82,17753,"[6, 1, 9, 16, 13]"
synthetic.student2992@mathsy.synthetic,0.7696,english,Synthetic Student 2992 (A Level),Consistent Climber,mixed,"[13, 9]",STU-SYN2992,2992,A,81.83,17754,"[10, 17]"
synthetic.student2993@mathsy.synthetic,0.4596,bm,Synthetic Student 2993 (G Level),Weekend Learner,kertas2,"[10, 4]",STU-SYN2993,2993,G,38.46,17755,"[13, 1, 11, 16, 5]"
synthetic.student2994@mathsy.synthetic,0.8281,english,Synthetic Student 2994 (A Level),High Achiever,mixed,"[10, 1]",STU-SYN2994,2994,A,87.59,17756,"[17, 2, 16]"
synthetic.student2995@mathsy.synthetic,0.3687,english,Synthetic Student 2995 (G Level),Fresh Starter,kertas1,"[6, 14]",STU-SYN2995,2995,G,25.98,17757,"[12, 9, 5]"
synthetic.student2996@mathsy.synthetic,0.8173,english,Synthetic Student 2996 (A- Level),Deep Focus Learner,mixed,"[3, 17, 13]",STU-SYN2996,2996,A-,77.05,17758,"[6, 14, 4, 1, 18]"
synthetic.student2997@mathsy.synthetic,0.7106,bm,Synthetic Student 2997 (B+ Level),Flexible Learner,kertas1,"[7, 1]",STU-SYN2997,2997,B+,67.03,17759,"[3, 5, 12, 18]"
synthetic.student2998@mathsy.synthetic,0.7469,english,Synthetic Student 2998 (A- Level),Consistent Climber,kertas1,"[3, 9, 7, 13]",STU-SYN2998,2998,A-,78.87,17760,"[18, 17, 14]"
synthetic.student2999@mathsy.synthetic,0.7637,english,Synthetic Student 2999 (A Level),Consistent Climber,kertas1,"[6, 14]",STU-SYN2999,2999,A,80.19,17761,"[18, 1]"
synthetic.student3000@mathsy.synthetic,0.7757,english,Synthetic Student 3000 (A Level),Consistent Climber,kertas1,"[13, 14, 4]",STU-SYN3000,3000,A,80.18,17762,"[17, 11]"
