active_day_ratio,active_days,active_days_last_7_days,avg_session_minutes,avg_time_per_question,evening_session_ratio,max_streak,pattern_label,persona,questions_per_session,recent_active_day_ratio,session_growth_ratio,sessions_last_7_days,sessions_previous_7_days,study_minutes_last_7_days,study_minutes_previous_7_days,synthetic_student_index,total_questions,total_sessions,total_study_minutes,user_id,weekend_session_ratio
0.7692,30,2,9.22,91.11,0.8462,4,Flexible Learner,Flexible Learner,4.82,0.6667,2.0,3,1,70.47,7.85,1,188,39,359.48,14763,0.1538
0.6429,18,1,11.56,100.24,0.1071,3,Weekend Learner,Weekend Learner,5.89,1.0,1,1,0,4.27,0.0,2,165,28,323.72,14764,0.8929
0.6222,56,3,14.3,142.08,1.0,6,High Achiever,High Achiever,5.27,0.4286,0.4,7,5,62.03,71.43,3,474,90,1287.2,14765,0.1889
0.6667,34,2,13.36,139.38,1.0,4,Consistent Climber,Consistent Climber,4.94,1.0,-0.7143,2,7,29.05,70.08,4,252,51,681.27,14766,0.0
0.8929,25,1,19.6,191.42,1.0,6,Deep Focus Learner,Deep Focus Learner,5.57,0.5,2,2,0,66.68,0.0,5,156,28,548.85,14767,0.3214
0.8537,35,4,10.13,96.6,0.8537,3,Flexible Learner,Flexible Learner,5.1,1.0,-0.2,4,5,32.6,49.32,6,209,41,415.37,14768,0.2439
0.7358,39,3,11.28,106.01,0.6981,4,Flexible Learner,Flexible Learner,5.36,1.0,-0.25,3,4,17.9,28.22,7,284,53,597.63,14769,0.3585
0.963,26,0,8.78,82.96,1.0,3,Deep Focus Learner,Deep Focus Learner,5.04,0,-1.0,0,1,0.0,11.78,8,136,27,237.0,14770,0.3333
0.8542,41,4,12.16,119.91,1.0,5,Consistent Climber,Consistent Climber,5.17,0.8,-0.1667,5,6,59.95,97.43,9,248,48,583.45,14771,0.0
0.9524,20,0,9.13,77.9,1.0,2,Deep Focus Learner,Deep Focus Learner,5.67,0,-1.0,0,2,0.0,21.73,10,119,21,191.65,14772,0.1429
0.7636,42,4,11.2,101.53,0.6727,5,Flexible Learner,Flexible Learner,5.44,0.8,0.25,5,4,57.07,36.77,11,299,55,615.77,14773,0.2909
0.6522,15,1,10.75,89.79,0.1304,2,Weekend Learner,Weekend Learner,5.83,1.0,1,1,0,10.78,0.0,12,134,23,247.2,14774,1.0
0.7647,39,1,11.21,102.66,0.8039,5,Flexible Learner,Flexible Learner,5.51,1.0,0.0,1,1,10.32,8.12,13,281,51,571.9,14775,0.2157
0.6716,45,2,12.26,112.04,1.0,4,Consistent Climber,Consistent Climber,5.55,0.5,-0.3333,4,6,29.7,54.37,14,372,67,821.68,14776,0.0
0.6818,45,3,15.95,167.39,1.0,4,Consistent Climber,Consistent Climber,5.14,0.6,-0.2857,5,7,69.83,131.35,15,339,66,1052.68,14777,0.0
0.5484,17,1,8.7,75.41,0.1613,2,Weekend Learner,Weekend Learner,5.52,0.5,2,2,0,21.93,0.0,16,171,31,269.82,14778,1.0
0.68,17,2,13.92,132.46,0.24,2,Weekend Learner,Weekend Learner,5.36,0.5,0.3333,4,3,34.62,63.2,17,134,25,348.08,14779,0.96
0.6053,23,2,10.65,107.92,0.1579,2,Weekend Learner,Weekend Learner,4.87,0.6667,-0.25,3,4,24.93,31.18,18,185,38,404.77,14780,0.9211
0.5556,15,2,10.39,103.1,0.2593,2,Weekend Learner,Weekend Learner,5.07,0.6667,0.0,3,3,22.75,25.57,19,137,27,280.47,14781,1.0
0.7308,38,2,10.13,92.18,1.0,5,Consistent Climber,Consistent Climber,5.35,1.0,2,2,0,14.5,0.0,20,278,52,526.8,14782,0.0
0.614,35,1,12.68,121.01,1.0,3,Consistent Climber,Consistent Climber,5.42,1.0,-0.5,1,2,34.03,45.15,21,309,57,722.85,14783,0.0
0.7838,29,2,9.41,90.6,0.6757,4,Flexible Learner,Flexible Learner,4.92,1.0,-0.3333,2,3,12.6,31.27,22,182,37,348.32,14784,0.3243
0.5349,23,2,15.84,167.81,0.1395,2,Weekend Learner,Weekend Learner,4.95,1.0,-0.5,2,4,19.37,67.1,23,213,43,681.13,14785,1.0
0.6429,18,2,19.98,193.48,0.25,2,Weekend Learner,Weekend Learner,5.64,0.5,3.0,4,1,86.13,5.27,24,158,28,559.33,14786,0.9643
0.8,36,3,11.55,117.27,0.7556,4,Flexible Learner,Flexible Learner,5.07,0.75,1.0,4,2,69.15,26.75,25,228,45,519.73,14787,0.2
0.8158,31,2,15.8,171.28,0.8421,4,Flexible Learner,Flexible Learner,4.89,0.5,4,4,0,39.38,0.0,26,186,38,600.55,14788,0.1579
1.0,18,2,10.89,105.73,0.6667,2,Fresh Starter,Fresh Starter,5.11,1.0,0.0,2,2,37.48,29.17,27,92,18,195.98,14789,0.1667
1.0,12,2,8.87,85.24,0.5833,1,Fresh Starter,Fresh Starter,4.83,1.0,2,2,0,15.87,0.0,28,58,12,106.47,14790,0.4167
1.0,10,0,9.77,82.91,0.7,2,Fresh Starter,Fresh Starter,5.6,0,0,0,0,0.0,0.0,29,56,10,97.68,14791,0.1
0.625,25,2,12.47,117.39,0.2,3,Weekend Learner,Weekend Learner,5.38,0.6667,0.5,3,2,30.58,14.63,30,215,40,498.95,14792,0.95
0.875,28,0,9.82,95.81,0.6875,4,Flexible Learner,Flexible Learner,5.0,0,0,0,0,0.0,0.0,31,160,32,314.18,14793,0.375
0.8158,31,1,13.71,139.32,0.8684,4,Flexible Learner,Flexible Learner,5.26,1.0,-0.5,1,2,8.5,21.97,32,200,38,520.83,14794,0.2632
0.7576,25,0,10.99,104.09,1.0,4,Deep Focus Learner,Deep Focus Learner,5.27,0,-1.0,0,4,0.0,25.48,33,174,33,362.68,14795,0.3636
0.8788,29,2,12.75,136.51,0.7576,3,Flexible Learner,Flexible Learner,4.79,1.0,1.0,2,1,51.77,6.25,34,158,33,420.8,14796,0.2121
0.6486,24,2,11.68,108.82,0.027,3,Weekend Learner,Weekend Learner,5.38,1.0,-0.5,2,4,15.57,101.92,35,199,37,432.3,14797,0.9459
0.75,39,0,16.25,161.55,1.0,5,High Achiever,High Achiever,5.33,0,-1.0,0,4,0.0,35.03,36,277,52,845.13,14798,0.1731
0.6071,17,2,16.09,167.06,0.3214,2,Weekend Learner,Weekend Learner,5.11,0.3333,5.0,6,1,82.98,9.18,37,143,28,450.45,14799,0.9286
0.8421,16,0,9.13,84.78,1.0,2,Deep Focus Learner,Deep Focus Learner,5.0,0,-1.0,0,1,0.0,9.43,38,95,19,173.45,14800,0.2105
0.9394,31,3,11.88,122.1,1.0,4,Deep Focus Learner,Deep Focus Learner,4.94,1.0,2.0,3,1,37.12,4.87,39,163,33,392.02,14801,0.1818
0.8235,28,2,13.16,138.31,0.8529,5,Flexible Learner,Flexible Learner,4.94,1.0,1.0,2,1,11.85,11.8,40,168,34,447.52,14802,0.2353
0.7143,35,2,11.86,106.48,0.6939,5,Flexible Learner,Flexible Learner,5.67,0.6667,-0.25,3,4,90.75,49.45,41,278,49,580.97,14803,0.3878
0.8182,18,3,9.2,78.25,0.1818,2,Weekend Learner,Weekend Learner,5.45,0.75,0.3333,4,3,39.75,32.52,42,120,22,202.5,14804,0.9545
0.6739,31,3,8.75,80.54,1.0,2,Consistent Climber,Consistent Climber,5.0,0.6,1.5,5,2,42.92,18.25,43,230,46,402.35,14805,0.0
0.9286,26,3,14.06,161.67,1.0,2,Deep Focus Learner,Deep Focus Learner,4.5,1.0,0.5,3,2,24.03,52.45,44,126,28,393.68,14806,0.1786
0.6081,45,2,11.7,105.76,1.0,4,Consistent Climber,Consistent Climber,5.59,1.0,-0.6,2,5,46.62,42.23,45,414,74,866.02,14807,0.0
0.7805,32,1,11.63,96.61,0.7073,3,Flexible Learner,Flexible Learner,6.05,0.5,-0.7143,2,7,68.82,60.37,46,248,41,476.97,14808,0.2439
1.0,16,0,11.92,127.77,0.5625,3,Fresh Starter,Fresh Starter,4.62,0,-1.0,0,1,0.0,12.2,47,74,16,190.68,14809,0.375
0.8039,41,4,15.12,163.96,0.6275,3,Flexible Learner,Flexible Learner,4.84,0.8,0.6667,5,3,49.77,64.78,48,247,51,771.15,14810,0.2157
0.5641,22,1,15.61,142.36,0.1026,2,Weekend Learner,Weekend Learner,5.79,1.0,-0.6667,1,3,5.12,28.42,49,226,39,608.87,14811,0.9744
0.7419,46,3,17.63,176.53,1.0,5,Consistent Climber,Consistent Climber,5.31,0.6,-0.2857,5,7,51.97,119.47,50,329,62,1093.23,14812,0.0
0.5806,36,2,13.35,131.83,1.0,5,Consistent Climber,Consistent Climber,5.21,0.6667,0.0,3,3,49.83,25.15,51,323,62,828.0,14813,0.0
1.0,21,1,11.78,126.38,0.7143,2,Fresh Starter,Fresh Starter,4.62,1.0,1,1,0,29.55,0.0,52,97,21,247.38,14814,0.4286
0.8214,23,0,12.85,108.99,1.0,3,Deep Focus Learner,Deep Focus Learner,6.04,0,0,0,0,0.0,0.0,53,169,28,359.92,14815,0.3214
0.686,59,5,16.68,171.31,1.0,6,High Achiever,High Achiever,5.17,0.7143,0.0,7,7,60.27,96.62,54,445,86,1434.5,14816,0.1163
0.86,43,3,14.13,143.32,1.0,5,High Achiever,High Achiever,5.16,1.0,0.0,3,3,75.8,70.38,55,258,50,706.38,14817,0.16
0.8,40,1,9.71,88.14,0.62,4,Flexible Learner,Flexible Learner,5.28,1.0,1,1,0,8.42,0.0,56,264,50,485.53,14818,0.26
0.8667,26,2,13.38,140.37,0.8,2,Flexible Learner,Flexible Learner,4.97,0.6667,0.5,3,2,20.1,11.8,57,149,30,401.47,14819,0.2333
0.8056,29,2,11.05,105.5,0.8056,4,Flexible Learner,Flexible Learner,5.25,0.6667,-0.4,3,5,30.22,36.9,58,189,36,397.82,14820,0.3611
0.6667,16,2,12.62,120.17,0.0833,2,Weekend Learner,Weekend Learner,5.33,0.5,4,4,0,30.18,0.0,59,128,24,302.98,14821,1.0
0.7561,31,3,15.07,168.1,0.8049,2,Flexible Learner,Flexible Learner,4.76,1.0,-0.25,3,4,29.27,34.6,60,195,41,617.68,14822,0.2927
0.6119,41,4,10.55,102.82,1.0,5,Consistent Climber,Consistent Climber,5.04,0.4,1.5,10,4,99.5,35.33,61,338,67,707.1,14823,0.0
1.0,23,1,9.03,81.96,0.7391,2,Fresh Starter,Fresh Starter,5.39,1.0,-0.5,1,2,8.35,14.42,62,124,23,207.73,14824,0.2174
0.7949,31,2,16.26,163.0,0.7179,3,Flexible Learner,Flexible Learner,5.28,1.0,1.0,2,1,24.35,12.05,63,206,39,634.12,14825,0.359
0.8919,33,2,9.7,97.76,0.7838,3,Flexible Learner,Flexible Learner,4.78,1.0,1.0,2,1,12.32,6.68,64,177,37,358.73,14826,0.2703
0.7347,36,4,17.08,177.42,1.0,4,Consistent Climber,Consistent Climber,5.16,1.0,0.0,4,4,45.72,40.55,65,253,49,836.7,14827,0.0
0.8276,24,3,11.42,108.22,0.7241,3,Flexible Learner,Flexible Learner,5.38,1.0,0.5,3,2,20.12,10.88,66,156,29,331.18,14828,0.1724
0.9091,20,2,12.52,142.94,1.0,2,Deep Focus Learner,Deep Focus Learner,4.5,1.0,1.0,2,1,39.12,11.52,67,99,22,275.33,14829,0.2727
0.7636,42,3,14.39,140.42,0.7091,3,Flexible Learner,Flexible Learner,5.29,0.6,0.0,5,5,61.85,85.77,68,291,55,791.72,14830,0.4
0.6364,14,1,8.77,78.17,0.3182,2,Weekend Learner,Weekend Learner,5.41,1.0,1,1,0,9.62,0.0,69,119,22,192.88,14831,1.0
0.7895,30,2,11.17,102.13,1.0,3,Deep Focus Learner,Deep Focus Learner,5.39,0.6667,0.5,3,2,23.15,17.4,70,205,38,424.63,14832,0.3158
0.6338,45,4,11.42,103.59,1.0,3,Consistent Climber,Consistent Climber,5.61,0.8,0.25,5,4,67.97,38.42,71,398,71,811.17,14833,0.0
1.0,16,1,13.41,107.15,0.625,2,Fresh Starter,Fresh Starter,6.5,1.0,1,1,0,13.58,0.0,72,104,16,214.63,14834,0.5
1.0,11,0,16.0,126.42,0.9091,2,Fresh Starter,Fresh Starter,6.64,0,-1.0,0,1,0.0,9.38,73,73,11,176.03,14835,0.1818
0.8286,29,4,13.77,138.5,1.0,4,Deep Focus Learner,Deep Focus Learner,5.17,0.8,4.0,5,1,66.12,36.27,74,181,35,481.78,14836,0.3143
0.7059,48,3,10.34,98.03,1.0,5,Consistent Climber,Consistent Climber,5.19,0.75,-0.3333,4,6,51.18,49.78,75,353,68,702.8,14837,0.0
0.8857,31,1,10.49,98.79,0.8,3,Flexible Learner,Flexible Learner,5.23,1.0,-0.6667,1,3,14.67,24.08,76,183,35,367.13,14838,0.2857
1.0,13,1,12.21,151.88,0.9231,4,Fresh Starter,Fresh Starter,4.0,1.0,0.0,1,1,9.17,20.3,77,52,13,158.77,14839,0.1538
0.561,23,1,12.2,140.78,0.1463,2,Weekend Learner,Weekend Learner,4.39,1.0,-0.6667,1,3,11.42,76.05,78,180,41,500.4,14840,0.9756
0.9167,33,5,11.02,115.89,0.6944,4,Flexible Learner,Flexible Learner,4.69,1.0,0.6667,5,3,77.08,42.13,79,169,36,396.75,14841,0.3056
0.8696,20,1,11.99,94.92,1.0,2,Deep Focus Learner,Deep Focus Learner,6.3,1.0,0.0,1,1,6.05,12.62,80,145,23,275.88,14842,0.3478
0.9062,29,2,12.78,112.11,1.0,4,Deep Focus Learner,Deep Focus Learner,5.78,1.0,-0.5,2,4,19.47,85.67,81,185,32,408.8,14843,0.125
0.7288,43,3,9.37,80.36,1.0,4,Consistent Climber,Consistent Climber,5.63,0.75,-0.3333,4,6,27.85,61.17,82,332,59,552.8,14844,0.0
0.4681,22,2,11.58,135.2,0.1277,2,Weekend Learner,Weekend Learner,4.32,0.4,0.6667,5,3,88.05,38.18,83,203,47,544.23,14845,1.0
1.0,10,0,8.5,73.38,0.6,2,Fresh Starter,Fresh Starter,5.5,0,-1.0,0,1,0.0,5.67,84,55,10,85.03,14846,0.3
0.7955,35,3,10.14,102.53,0.7727,3,Flexible Learner,Flexible Learner,4.89,0.75,0.3333,4,3,41.53,25.13,85,215,44,446.18,14847,0.25
0.7818,43,3,15.61,162.84,1.0,4,High Achiever,High Achiever,5.04,1.0,-0.5714,3,7,43.45,115.13,86,277,55,858.35,14848,0.1273
0.7547,40,1,11.75,117.2,0.8113,5,Flexible Learner,Flexible Learner,5.09,1.0,-0.8333,1,6,6.03,52.32,87,270,53,622.72,14849,0.2453
0.8667,39,3,12.82,115.52,0.6,4,Flexible Learner,Flexible Learner,5.62,1.0,-0.4,3,5,87.68,68.3,88,253,45,577.02,14850,0.4
0.6471,22,2,10.62,97.64,0.1471,2,Weekend Learner,Weekend Learner,5.35,1.0,-0.3333,2,3,23.07,24.98,89,182,34,361.03,14851,0.9706
0.6806,49,3,16.1,148.13,1.0,5,Consistent Climber,Consistent Climber,5.76,0.6,0.0,5,5,47.4,47.37,90,415,72,1159.28,14852,0.0
0.6667,46,4,11.57,115.79,1.0,3,High Achiever,High Achiever,5.04,0.5714,0.4,7,5,87.13,42.9,91,348,69,798.3,14853,0.1884
0.9545,21,1,11.95,124.19,1.0,2,Deep Focus Learner,Deep Focus Learner,4.82,1.0,0.0,1,1,8.22,8.75,92,106,22,262.98,14854,0.1364
0.8163,40,3,11.17,104.9,0.6327,5,Flexible Learner,Flexible Learner,5.39,0.75,3.0,4,1,40.35,7.98,93,264,49,547.5,14855,0.2857
0.8667,26,4,11.44,104.04,1.0,3,Deep Focus Learner,Deep Focus Learner,5.37,0.6667,2.0,6,2,51.5,41.2,94,161,30,343.25,14856,0.3333
0.7255,37,2,10.09,87.56,0.8235,4,Flexible Learner,Flexible Learner,5.59,0.6667,-0.4,3,5,28.55,51.3,95,285,51,514.83,14857,0.3137
0.8085,38,3,12.99,137.43,0.766,4,Flexible Learner,Flexible Learner,4.89,1.0,-0.25,3,4,27.47,67.88,96,230,47,610.53,14858,0.1915
0.6941,59,4,10.4,90.42,1.0,6,High Achiever,High Achiever,5.68,0.6667,-0.3333,6,9,45.17,76.85,97,483,85,883.92,14859,0.1059
0.7174,33,4,12.4,123.61,1.0,4,Consistent Climber,Consistent Climber,5.17,0.8,0.25,5,4,50.2,40.77,98,238,46,570.32,14860,0.0
1.0,11,1,15.55,129.99,0.8182,1,Fresh Starter,Fresh Starter,6.18,1.0,0.0,1,1,38.32,7.35,99,68,11,171.03,14861,0.3636
0.9524,20,3,17.12,164.76,1.0,3,Deep Focus Learner,Deep Focus Learner,5.62,1.0,0.5,3,2,49.38,63.18,100,118,21,359.43,14862,0.381
0.6727,37,3,13.96,140.46,1.0,5,Consistent Climber,Consistent Climber,5.18,1.0,0.5,3,2,21.12,17.93,101,285,55,767.62,14863,0.0
0.7429,26,1,12.79,112.77,0.7143,3,Flexible Learner,Flexible Learner,5.71,0.5,-0.6,2,5,32.42,70.6,102,200,35,447.72,14864,0.1143
0.5974,46,3,12.41,133.25,1.0,5,Consistent Climber,Consistent Climber,4.65,0.75,-0.2,4,5,48.42,53.23,103,358,77,955.73,14865,0.0
0.9062,29,2,12.87,112.79,0.6875,3,Flexible Learner,Flexible Learner,5.81,1.0,0.0,2,2,18.08,18.65,104,186,32,411.95,14866,0.3438
0.8276,24,1,9.84,86.88,1.0,2,Deep Focus Learner,Deep Focus Learner,5.45,1.0,-0.5,1,2,7.33,20.6,105,158,29,285.25,14867,0.3103
0.8108,30,3,11.04,108.78,1.0,2,Deep Focus Learner,Deep Focus Learner,4.97,1.0,-0.5714,3,7,28.35,52.98,106,184,37,408.6,14868,0.3243
0.6842,39,4,14.01,147.34,1.0,5,Consistent Climber,Consistent Climber,4.93,0.6667,0.0,6,6,123.55,52.12,107,281,57,798.43,14869,0.0
0.9,27,1,9.94,87.8,1.0,3,Deep Focus Learner,Deep Focus Learner,5.43,1.0,0.0,1,1,8.0,12.53,108,163,30,298.18,14870,0.2333
0.7941,27,2,13.73,129.61,0.6765,2,Flexible Learner,Flexible Learner,5.53,1.0,1.0,2,1,15.5,8.0,109,188,34,466.82,14871,0.2941
0.9032,28,0,13.0,123.81,1.0,6,Deep Focus Learner,Deep Focus Learner,5.39,0,-1.0,0,3,0.0,29.47,110,167,31,403.0,14872,0.1935
0.9355,29,1,11.57,110.07,0.7097,3,Flexible Learner,Flexible Learner,5.32,1.0,-0.5,1,2,2.92,15.35,111,165,31,358.8,14873,0.2581
0.8387,26,1,10.88,117.9,0.7419,2,Flexible Learner,Flexible Learner,4.52,1.0,-0.6667,1,3,15.32,27.33,112,140,31,337.37,14874,0.2258
0.6857,48,3,10.52,92.96,1.0,5,Consistent Climber,Consistent Climber,5.6,0.75,0.0,4,4,39.87,47.98,113,392,70,736.65,14875,0.0
0.74,37,2,12.8,131.52,0.68,5,Flexible Learner,Flexible Learner,4.98,1.0,0.0,2,2,21.48,13.35,114,249,50,639.83,14876,0.38
0.7167,43,3,13.64,129.05,1.0,4,Consistent Climber,Consistent Climber,5.52,0.75,-0.2,4,5,80.87,65.95,115,331,60,818.33,14877,0.0
0.5366,22,1,11.89,105.01,0.1951,3,Weekend Learner,Weekend Learner,5.76,0.3333,0.5,3,2,23.72,33.63,116,236,41,487.63,14878,0.9268
0.6901,49,4,11.98,109.02,1.0,4,High Achiever,High Achiever,5.55,1.0,-0.3333,4,6,39.5,62.63,117,394,71,850.55,14879,0.1408
0.8276,24,1,10.01,95.1,1.0,2,Deep Focus Learner,Deep Focus Learner,5.03,1.0,-0.6667,1,3,7.23,26.37,118,146,29,290.32,14880,0.2414
0.6111,22,2,9.21,82.56,0.25,2,Weekend Learner,Weekend Learner,5.39,0.5,-0.3333,4,6,34.68,50.2,119,194,36,331.62,14881,0.9722
0.662,47,3,11.66,119.65,1.0,5,Consistent Climber,Consistent Climber,4.97,1.0,-0.4,3,5,55.57,31.08,120,353,71,827.87,14882,0.0
0.5556,25,1,9.01,86.07,0.2444,2,Weekend Learner,Weekend Learner,5.09,1.0,-0.5,1,2,5.1,20.08,121,229,45,405.37,14883,1.0
0.76,38,3,13.89,127.84,0.78,3,Flexible Learner,Flexible Learner,5.64,1.0,-0.5714,3,7,28.22,76.28,122,282,50,694.73,14884,0.32
0.9355,29,0,10.5,97.6,1.0,2,Deep Focus Learner,Deep Focus Learner,5.23,0,-1.0,0,3,0.0,26.18,123,162,31,325.38,14885,0.1935
0.8261,38,1,11.24,97.38,0.7391,4,Flexible Learner,Flexible Learner,5.8,1.0,-0.75,1,4,6.0,44.52,124,267,46,517.18,14886,0.3261
1.0,19,0,15.85,159.74,0.4211,2,Fresh Starter,Fresh Starter,5.26,0,-1.0,0,1,0.0,11.45,125,100,19,301.07,14887,0.3684
0.7059,36,3,15.94,163.11,1.0,4,Consistent Climber,Consistent Climber,5.16,1.0,-0.4,3,5,32.22,82.15,126,263,51,812.88,14888,0.0
0.6567,44,1,16.38,173.88,1.0,5,Consistent Climber,Consistent Climber,5.01,0.5,-0.5,2,4,20.77,35.9,127,336,67,1097.58,14889,0.0
0.8611,31,3,10.6,89.48,1.0,3,Deep Focus Learner,Deep Focus Learner,5.72,0.75,1.0,4,2,44.55,21.97,128,206,36,381.68,14890,0.25
0.8667,26,3,11.31,104.68,1.0,3,Deep Focus Learner,Deep Focus Learner,5.47,1.0,0.5,3,2,28.35,14.48,129,164,30,339.35,14891,0.2667
0.7708,37,2,14.94,143.37,1.0,4,Consistent Climber,Consistent Climber,5.48,0.6667,0.0,3,3,36.52,36.3,130,263,48,717.02,14892,0.0
1.0,15,3,8.82,82.81,0.4,2,Fresh Starter,Fresh Starter,4.93,1.0,3,3,0,24.12,0.0,131,74,15,132.33,14893,0.2667
0.5,16,2,15.88,147.57,0.2188,2,Weekend Learner,Weekend Learner,5.75,0.3333,6,6,0,51.13,0.0,132,184,32,508.12,14894,1.0
0.6538,51,4,12.47,113.88,1.0,5,High Achiever,High Achiever,5.59,0.6667,0.2,6,5,92.5,135.65,133,436,78,972.45,14895,0.1154
0.9375,30,0,11.42,129.94,1.0,3,Deep Focus Learner,Deep Focus Learner,4.47,0,-1.0,0,3,0.0,33.13,134,143,32,365.55,14896,0.3438
0.6575,48,3,11.77,108.8,1.0,5,High Achiever,High Achiever,5.47,0.375,1.6667,8,3,132.48,31.03,135,399,73,859.15,14897,0.1096
0.5455,24,2,15.0,157.21,0.1818,3,Weekend Learner,Weekend Learner,4.98,0.4,0.6667,5,3,65.82,36.28,136,219,44,659.97,14898,0.9545
0.6027,44,3,10.93,99.18,1.0,5,Consistent Climber,Consistent Climber,5.56,0.75,-0.5,4,8,33.92,65.78,137,406,73,797.53,14899,0.0
1.0,8,0,17.12,219.21,0.5,1,Fresh Starter,Fresh Starter,4.25,0,0,0,0,0.0,0.0,138,34,8,136.98,14900,0.375
0.7963,43,6,9.86,91.2,0.7037,5,Flexible Learner,Flexible Learner,5.35,0.6667,0.5,9,6,116.55,58.0,139,289,54,532.65,14901,0.1481
0.6984,44,3,10.43,89.85,1.0,5,High Achiever,High Achiever,5.65,0.75,-0.3333,4,6,51.25,49.08,140,356,63,657.28,14902,0.127
0.6667,16,2,19.59,178.59,0.1667,2,Weekend Learner,Weekend Learner,5.96,0.6667,2.0,3,1,84.78,6.23,141,143,24,470.18,14903,1.0
0.6914,56,4,15.0,149.22,1.0,5,High Achiever,High Achiever,5.26,0.5714,0.4,7,5,99.2,97.97,142,426,81,1214.98,14904,0.1728
1.0,14,1,8.24,78.42,0.5714,3,Fresh Starter,Fresh Starter,5.14,1.0,1,1,0,13.85,0.0,143,72,14,115.33,14905,0.2143
0.9545,21,1,15.03,184.79,1.0,3,Deep Focus Learner,Deep Focus Learner,4.32,1.0,1,1,0,7.18,0.0,144,95,22,330.7,14906,0.3636
0.7292,35,3,12.25,118.12,0.75,4,Flexible Learner,Flexible Learner,5.23,0.75,-0.3333,4,6,53.72,104.58,145,251,48,588.03,14907,0.3542
0.8667,26,3,12.37,106.79,0.7333,5,Flexible Learner,Flexible Learner,5.8,0.75,0.0,4,4,72.7,60.95,146,174,30,371.03,14908,0.2667
1.0,21,0,13.23,139.8,0.5714,3,Fresh Starter,Fresh Starter,4.86,0,-1.0,0,1,0.0,6.2,147,102,21,277.93,14909,0.1905
0.8333,25,5,14.46,132.07,0.6667,3,Flexible Learner,Flexible Learner,5.6,0.8333,2.0,6,2,114.92,22.88,148,168,30,433.95,14910,0.2667
0.7843,40,1,15.87,140.17,0.8039,4,Flexible Learner,Flexible Learner,5.92,1.0,-0.6667,1,3,10.83,26.83,149,302,51,809.47,14911,0.3333
0.6571,46,5,12.48,120.8,1.0,5,High Achiever,High Achiever,5.17,0.625,0.6,8,5,80.17,72.95,150,362,70,873.58,14912,0.1714
0.9,36,4,12.11,129.17,0.775,3,Flexible Learner,Flexible Learner,4.75,1.0,0.0,4,4,34.37,39.98,151,190,40,484.23,14913,0.4
0.9259,25,1,15.58,131.26,1.0,2,Deep Focus Learner,Deep Focus Learner,6.22,1.0,0.0,1,1,7.18,8.97,152,168,27,420.65,14914,0.2222
0.9062,29,2,9.61,85.14,1.0,5,Deep Focus Learner,Deep Focus Learner,5.47,1.0,0.0,2,2,16.82,21.53,153,175,32,307.57,14915,0.25
0.8333,25,3,12.94,118.54,1.0,3,Deep Focus Learner,Deep Focus Learner,5.63,0.75,3.0,4,1,88.3,43.98,154,169,30,388.33,14916,0.3667
1.0,20,2,11.74,124.11,0.6,2,Fresh Starter,Fresh Starter,4.85,1.0,1.0,2,1,16.25,6.52,155,97,20,234.8,14917,0.2
0.8684,33,1,12.5,119.25,0.7895,3,Flexible Learner,Flexible Learner,5.37,1.0,-0.6667,1,3,10.7,24.92,156,204,38,474.97,14918,0.3684
0.7391,34,2,12.29,139.48,0.8043,4,Flexible Learner,Flexible Learner,4.46,1.0,-0.3333,2,3,17.25,27.9,157,205,46,565.35,14919,0.2391
0.6818,15,1,12.37,143.88,0.2273,2,Weekend Learner,Weekend Learner,4.45,1.0,-0.6667,1,3,11.88,37.72,158,98,22,272.17,14920,1.0
0.5625,18,0,14.14,156.73,0.1562,2,Weekend Learner,Weekend Learner,4.66,0,-1.0,0,4,0.0,42.93,159,149,32,452.52,14921,0.9688
0.72,36,3,11.27,98.47,0.58,3,Flexible Learner,Flexible Learner,5.68,1.0,-0.25,3,4,27.48,37.42,160,284,50,563.4,14922,0.24
0.9231,36,2,10.42,94.01,0.7436,5,Flexible Learner,Flexible Learner,5.54,1.0,1.0,2,1,16.52,5.57,161,216,39,406.33,14923,0.4103
0.6571,23,1,12.68,121.13,0.1143,2,Weekend Learner,Weekend Learner,5.4,1.0,-0.6667,1,3,9.13,29.58,162,189,35,443.73,14924,0.9714
0.75,30,1,11.15,98.88,0.725,4,Flexible Learner,Flexible Learner,5.55,1.0,-0.6667,1,3,45.53,24.87,163,222,40,445.95,14925,0.275
0.7838,29,3,9.74,89.98,1.0,3,Deep Focus Learner,Deep Focus Learner,5.22,0.75,0.3333,4,3,38.27,40.87,164,193,37,360.28,14926,0.2432
0.5952,25,1,11.92,105.95,0.1905,2,Weekend Learner,Weekend Learner,5.67,0.3333,0.5,3,2,22.42,58.0,165,238,42,500.83,14927,1.0
0.5897,23,2,15.75,154.2,0.2051,3,Weekend Learner,Weekend Learner,5.36,0.2857,0.75,7,4,101.65,52.97,166,209,39,614.12,14928,0.9744
0.7547,40,5,10.73,95.59,0.6792,4,Flexible Learner,Flexible Learner,5.57,0.8333,1.0,6,3,62.7,32.18,167,295,53,568.82,14929,0.2453
0.6538,17,1,12.71,152.42,0.0769,2,Weekend Learner,Weekend Learner,4.23,0.3333,2.0,3,1,64.53,5.18,168,110,26,330.57,14930,0.9615
0.8036,45,2,10.16,87.66,1.0,5,Consistent Climber,Consistent Climber,5.55,0.6667,2.0,3,1,57.23,5.8,169,311,56,568.85,14931,0.0
0.8235,28,0,11.27,98.85,1.0,4,Deep Focus Learner,Deep Focus Learner,5.71,0,-1.0,0,1,0.0,37.57,170,194,34,383.02,14932,0.2647
0.7885,41,2,14.99,151.89,0.7115,4,Flexible Learner,Flexible Learner,5.19,1.0,-0.5,2,4,24.72,51.28,171,270,52,779.7,14933,0.2885
0.7429,26,0,11.55,127.79,1.0,4,Deep Focus Learner,Deep Focus Learner,4.6,0,-1.0,0,3,0.0,26.32,172,161,35,404.38,14934,0.3429
0.95,19,1,8.36,90.04,1.0,2,Deep Focus Learner,Deep Focus Learner,4.25,1.0,-0.5,1,2,13.15,20.0,173,85,20,167.2,14935,0.3
1.0,30,1,11.18,101.9,0.7667,7,Flexible Learner,Flexible Learner,5.47,1.0,1,1,0,7.17,0.0,174,164,30,335.35,14936,0.3
0.8158,31,2,12.88,146.85,0.7105,6,Flexible Learner,Flexible Learner,4.53,0.5,-0.4286,4,7,77.08,36.87,175,172,38,489.27,14937,0.2895
0.4894,23,2,10.31,92.18,0.1702,3,Weekend Learner,Weekend Learner,5.43,0.5,1.0,4,2,34.32,22.93,176,255,47,484.5,14938,0.9149
0.4565,21,1,13.76,140.31,0.2391,2,Weekend Learner,Weekend Learner,5.07,1.0,1,1,0,7.4,0.0,177,233,46,632.78,14939,0.9783
0.5122,21,2,14.33,137.13,0.1463,2,Weekend Learner,Weekend Learner,5.39,0.6667,2.0,3,1,49.67,7.97,178,221,41,587.37,14940,1.0
0.8158,31,4,11.06,103.92,0.7368,3,Flexible Learner,Flexible Learner,5.29,1.0,0.3333,4,3,35.67,30.17,179,201,38,420.1,14941,0.2895
0.7143,25,3,10.48,95.65,0.1429,2,Weekend Learner,Weekend Learner,5.26,0.6,1.5,5,2,49.3,20.37,180,184,35,366.65,14942,0.8857
0.6575,48,1,12.93,115.21,1.0,5,High Achiever,High Achiever,5.67,1.0,-0.8333,1,6,41.83,67.38,181,414,73,944.18,14943,0.2603
0.8108,30,1,17.21,183.02,1.0,2,Deep Focus Learner,Deep Focus Learner,5.03,1.0,-0.6667,1,3,11.67,91.55,182,186,37,636.82,14944,0.2432
0.5238,22,2,11.55,98.59,0.1429,2,Weekend Learner,Weekend Learner,5.88,0.6667,0.0,3,3,78.85,21.67,183,247,42,485.2,14945,0.9524
0.6184,47,4,16.65,170.68,1.0,5,Consistent Climber,Consistent Climber,5.18,0.6667,0.0,6,6,197.23,97.3,184,394,76,1265.57,14946,0.0
0.7193,41,3,16.52,177.32,1.0,5,Consistent Climber,Consistent Climber,4.96,0.75,3.0,4,1,25.58,11.42,185,283,57,941.65,14947,0.0
0.8846,23,1,13.83,141.89,1.0,2,Deep Focus Learner,Deep Focus Learner,5.0,1.0,-0.5,1,2,3.87,52.98,186,130,26,359.55,14948,0.1154
0.9355,29,2,14.46,148.18,1.0,3,Deep Focus Learner,Deep Focus Learner,5.16,1.0,0.0,2,2,32.12,20.13,187,160,31,448.32,14949,0.2903
0.7321,41,5,11.56,104.92,1.0,5,Consistent Climber,Consistent Climber,5.62,0.5556,0.5,9,6,102.75,56.1,188,315,56,647.1,14950,0.0
0.8611,31,1,18.1,159.01,0.7778,4,Flexible Learner,Flexible Learner,6.14,0.3333,0.5,3,2,54.05,21.15,189,221,36,651.57,14951,0.1667
0.6548,55,5,13.3,142.57,1.0,6,High Achiever,High Achiever,4.81,0.7143,2.5,7,2,150.28,31.97,190,404,84,1117.45,14952,0.131
0.8462,33,2,9.9,89.7,0.8718,3,Flexible Learner,Flexible Learner,5.33,1.0,-0.5,2,4,16.87,31.75,191,208,39,386.13,14953,0.3846
0.8,40,4,14.92,163.95,0.82,6,Flexible Learner,Flexible Learner,4.82,0.6667,1.0,6,3,98.77,72.2,192,241,50,745.95,14954,0.28
0.5753,42,4,10.32,91.77,1.0,4,Consistent Climber,Consistent Climber,5.55,0.5714,0.4,7,5,66.72,48.03,193,405,73,753.7,14955,0.0
0.8571,36,1,9.8,93.82,0.5714,4,Flexible Learner,Flexible Learner,5.02,1.0,-0.5,1,2,7.68,11.65,194,211,42,411.72,14956,0.2619
0.7,21,0,15.31,147.39,0.1667,3,Weekend Learner,Weekend Learner,5.47,0,-1.0,0,2,0.0,19.1,195,164,30,459.22,14957,0.9333
1.0,20,0,11.58,111.96,0.6,2,Fresh Starter,Fresh Starter,5.2,0,-1.0,0,2,0.0,37.8,196,104,20,231.68,14958,0.35
0.766,36,2,10.81,116.51,1.0,4,Consistent Climber,Consistent Climber,4.62,1.0,1.0,2,1,17.92,10.13,197,217,47,508.1,14959,0.0
0.8837,38,1,9.89,112.25,0.7442,4,Flexible Learner,Flexible Learner,4.28,1.0,-0.75,1,4,5.88,37.28,198,184,43,425.17,14960,0.2791
0.7742,24,2,9.68,87.74,1.0,3,Deep Focus Learner,Deep Focus Learner,5.39,0.5,3.0,4,1,33.25,8.35,199,167,31,300.22,14961,0.3871
1.0,20,1,11.11,111.05,0.65,3,Fresh Starter,Fresh Starter,5.15,1.0,0.0,1,1,10.22,9.82,200,103,20,222.18,14962,0.3
0.6923,18,1,14.07,153.94,0.1923,3,Weekend Learner,Weekend Learner,4.88,0.3333,0.5,3,2,21.67,26.55,201,127,26,365.87,14963,0.9615
0.7879,26,2,15.23,152.85,1.0,6,Deep Focus Learner,Deep Focus Learner,5.27,1.0,0.0,2,2,13.6,19.75,202,174,33,502.43,14964,0.3333
0.8056,29,4,15.48,147.72,1.0,2,Deep Focus Learner,Deep Focus Learner,5.56,1.0,1.0,4,2,53.75,67.57,203,200,36,557.33,14965,0.3056
1.0,14,1,12.88,134.51,0.7857,2,Fresh Starter,Fresh Starter,4.86,1.0,-0.6667,1,3,12.63,29.57,204,68,14,180.28,14966,0.4286
1.0,12,1,11.47,141.28,0.4167,2,Fresh Starter,Fresh Starter,4.17,1.0,1,1,0,7.95,0.0,205,50,12,137.63,14967,0.6667
0.5135,19,2,12.3,108.63,0.2162,2,Weekend Learner,Weekend Learner,5.73,0.4,1.5,5,2,52.92,12.32,206,212,37,455.2,14968,0.973
0.8205,32,2,12.29,113.12,0.7692,3,Flexible Learner,Flexible Learner,5.51,0.6667,2.0,3,1,50.82,35.45,207,215,39,479.18,14969,0.2821
0.8636,19,1,14.95,145.0,1.0,2,Deep Focus Learner,Deep Focus Learner,5.41,1.0,1,1,0,11.83,0.0,208,119,22,328.98,14970,0.2727
0.8571,30,4,11.01,118.16,1.0,3,Deep Focus Learner,Deep Focus Learner,4.46,0.8,0.0,5,5,45.75,36.75,209,156,35,385.23,14971,0.3143
0.5897,23,2,10.92,96.96,0.2051,2,Weekend Learner,Weekend Learner,5.56,0.5,3.0,4,1,32.95,5.53,210,217,39,425.87,14972,1.0
0.7447,35,4,9.29,84.09,1.0,5,Consistent Climber,Consistent Climber,5.26,0.8,1.5,5,2,45.1,16.67,211,247,47,436.8,14973,0.0
0.9,27,2,13.78,144.81,0.7333,4,Flexible Learner,Flexible Learner,4.9,0.6667,0.0,3,3,57.82,12.97,212,147,30,413.27,14974,0.3667
0.5897,23,2,10.77,115.45,0.1795,2,Weekend Learner,Weekend Learner,4.67,1.0,1.0,2,1,13.87,7.53,213,182,39,419.98,14975,0.9744
0.7234,34,3,13.77,129.1,1.0,4,Consistent Climber,Consistent Climber,5.51,0.75,0.0,4,4,79.57,42.95,214,259,47,647.42,14976,0.0
0.6,42,3,16.84,161.29,1.0,4,Consistent Climber,Consistent Climber,5.53,0.6,-0.1667,5,6,151.7,132.33,215,387,70,1178.48,14977,0.0
0.6531,32,1,8.88,83.69,1.0,3,Consistent Climber,Consistent Climber,5.0,1.0,-0.8,1,5,11.18,48.68,216,245,49,435.33,14978,0.0
0.6406,41,2,10.07,91.08,1.0,5,Consistent Climber,Consistent Climber,5.41,0.5,-0.4286,4,7,76.52,62.07,217,346,64,644.77,14979,0.0
0.7838,29,1,10.5,109.43,1.0,2,Deep Focus Learner,Deep Focus Learner,4.76,1.0,-0.5,1,2,10.3,24.45,218,176,37,388.33,14980,0.3243
1.0,19,3,8.78,83.66,0.6316,2,Fresh Starter,Fresh Starter,5.26,1.0,0.0,3,3,28.57,35.75,219,100,19,166.82,14981,0.1579
0.6765,23,1,12.65,108.56,0.2059,2,Weekend Learner,Weekend Learner,6.03,1.0,-0.5,1,2,53.3,17.77,220,205,34,430.13,14982,1.0
1.0,14,0,10.41,102.24,0.5,2,Fresh Starter,Fresh Starter,5.14,0,-1.0,0,3,0.0,21.8,221,72,14,145.78,14983,0.2143
0.6167,37,4,12.46,119.77,1.0,3,High Achiever,High Achiever,5.32,0.4,1.0,10,5,164.1,131.75,222,319,60,747.8,14984,0.1667
0.4792,23,2,10.65,97.54,0.1667,2,Weekend Learner,Weekend Learner,5.35,0.6667,0.5,3,2,30.23,12.57,223,257,48,511.3,14985,0.9375
0.9333,28,0,14.16,133.19,1.0,4,Deep Focus Learner,Deep Focus Learner,5.57,0,-1.0,0,2,0.0,20.33,224,167,30,424.68,14986,0.3
0.7826,36,2,12.4,123.78,0.6739,3,Flexible Learner,Flexible Learner,5.13,0.6667,0.0,3,3,28.5,24.22,225,236,46,570.62,14987,0.3261
0.8,28,1,8.98,86.45,1.0,4,Deep Focus Learner,Deep Focus Learner,4.94,1.0,-0.8,1,5,10.02,61.72,226,173,35,314.4,14988,0.4
0.7273,16,1,10.91,91.39,0.2273,2,Weekend Learner,Weekend Learner,5.77,1.0,-0.5,1,2,7.62,20.97,227,127,22,240.05,14989,1.0
1.0,23,0,8.97,104.0,0.5652,3,Fresh Starter,Fresh Starter,4.13,0,-1.0,0,2,0.0,15.55,228,95,23,206.33,14990,0.3043
0.7692,40,2,15.45,143.9,0.6538,4,Flexible Learner,Flexible Learner,5.67,1.0,1.0,2,1,12.78,11.55,229,295,52,803.28,14991,0.2692
0.5526,21,1,11.56,133.73,0.1842,2,Weekend Learner,Weekend Learner,4.26,0.3333,-0.5,3,6,25.57,53.48,230,162,38,439.15,14992,0.9474
0.9231,24,2,17.14,171.18,1.0,5,Deep Focus Learner,Deep Focus Learner,5.38,1.0,2,2,0,18.7,0.0,231,140,26,445.68,14993,0.2308
0.5581,24,1,11.89,108.76,0.093,2,Weekend Learner,Weekend Learner,5.58,0.5,-0.3333,2,3,14.52,26.57,232,240,43,511.08,14994,0.9767
0.8298,39,3,13.76,123.46,1.0,4,Consistent Climber,Consistent Climber,5.81,0.6,1.5,5,2,75.7,79.85,233,273,47,646.65,14995,0.0
0.6429,54,3,15.14,165.82,1.0,5,High Achiever,High Achiever,4.77,0.75,-0.3333,4,6,40.82,101.88,234,401,84,1271.58,14996,0.0833
0.875,28,2,12.5,127.81,0.7188,3,Flexible Learner,Flexible Learner,5.06,1.0,2,2,0,45.68,0.0,235,162,32,400.03,14997,0.3438
0.6406,41,4,15.96,157.15,1.0,5,Consistent Climber,Consistent Climber,5.42,1.0,3.0,4,1,29.75,17.62,236,347,64,1021.37,14998,0.0
0.5682,25,2,13.18,156.36,0.2273,2,Weekend Learner,Weekend Learner,4.32,0.6667,0.0,3,3,23.55,36.13,237,190,44,579.85,14999,0.9773
0.8889,16,2,14.69,138.06,1.0,5,Deep Focus Learner,Deep Focus Learner,5.5,0.6667,2.0,3,1,28.0,9.67,238,99,18,264.37,15000,0.3333
0.6364,21,2,12.04,116.86,0.2121,2,Weekend Learner,Weekend Learner,5.27,1.0,-0.6,2,5,14.98,103.98,239,174,33,397.48,15001,1.0
0.7632,29,0,13.6,119.34,0.7105,2,Flexible Learner,Flexible Learner,5.84,0,0,0,0,0.0,0.0,240,222,38,516.62,15002,0.3421
0.75,33,1,15.0,135.07,0.8182,6,Flexible Learner,Flexible Learner,5.89,1.0,-0.8571,1,7,7.63,120.35,241,259,44,659.87,15003,0.3182
1.0,13,2,17.19,173.9,0.8462,5,Fresh Starter,Fresh Starter,5.38,1.0,-0.5,2,4,41.37,33.42,242,70,13,223.43,15004,0.3077
1.0,9,0,9.25,105.61,0.6667,2,Fresh Starter,Fresh Starter,4.22,0,0,0,0,0.0,0.0,243,38,9,83.27,15005,0.2222
0.8684,33,2,11.47,106.21,1.0,3,Deep Focus Learner,Deep Focus Learner,5.39,0.6667,-0.4,3,5,54.33,55.15,244,205,38,436.02,15006,0.2105
0.641,50,4,11.03,114.98,1.0,5,Consistent Climber,Consistent Climber,4.82,0.6667,-0.25,6,8,72.07,85.52,245,376,78,860.55,15007,0.0
0.8095,34,0,21.06,203.47,0.7143,4,Flexible Learner,Flexible Learner,5.64,0,-1.0,0,4,0.0,35.87,246,237,42,884.7,15008,0.3095
0.5806,36,4,11.68,114.59,1.0,5,Consistent Climber,Consistent Climber,5.11,0.8,0.0,5,5,65.85,43.52,247,317,62,724.03,15009,0.0
0.8158,31,3,11.65,108.7,0.6053,7,Flexible Learner,Flexible Learner,5.26,1.0,-0.7273,3,11,27.83,113.37,248,200,38,442.78,15010,0.2895
0.6522,15,0,12.2,107.68,0.0435,2,Weekend Learner,Weekend Learner,5.78,0,-1.0,0,1,0.0,11.75,249,133,23,280.65,15011,1.0
1.0,24,2,9.36,86.82,0.75,2,Fresh Starter,Fresh Starter,5.12,1.0,1.0,2,1,18.22,9.8,250,123,24,224.6,15012,0.125
0.5696,45,3,11.6,98.18,1.0,5,Consistent Climber,Consistent Climber,5.87,0.6,0.0,5,5,43.08,50.43,251,464,79,916.13,15013,0.0
0.8947,34,2,12.71,115.68,0.8684,3,Flexible Learner,Flexible Learner,5.58,0.6667,0.0,3,3,39.03,31.02,252,212,38,483.05,15014,0.3158
0.875,28,0,13.09,119.34,1.0,3,Deep Focus Learner,Deep Focus Learner,5.69,0,-1.0,0,3,0.0,28.7,253,182,32,418.98,15015,0.4062
0.8431,43,2,15.7,148.5,1.0,4,High Achiever,High Achiever,5.57,0.6667,-0.25,3,4,88.63,77.72,254,284,51,800.93,15016,0.1569
0.84,21,2,14.85,145.89,1.0,3,Deep Focus Learner,Deep Focus Learner,5.32,1.0,-0.6667,2,6,31.98,105.33,255,133,25,371.15,15017,0.48
0.5152,17,0,16.8,148.63,0.2121,2,Weekend Learner,Weekend Learner,5.94,0,-1.0,0,1,0.0,9.78,256,196,33,554.28,15018,0.9697
0.6757,50,3,11.86,118.92,1.0,4,High Achiever,High Achiever,5.01,0.75,1.0,4,2,33.55,23.6,257,371,74,877.67,15019,0.1892
0.7234,34,1,9.91,85.67,1.0,4,Consistent Climber,Consistent Climber,5.64,1.0,0.0,1,1,6.83,11.65,258,265,47,465.9,15020,0.0
0.72,36,4,11.44,102.35,1.0,5,High Achiever,High Achiever,5.6,0.8,-0.2857,5,7,38.22,68.07,259,280,50,572.1,15021,0.16
0.814,35,1,11.77,108.93,0.814,5,Flexible Learner,Flexible Learner,5.33,1.0,-0.75,1,4,6.55,52.6,260,229,43,505.93,15022,0.3953
0.5833,21,2,9.9,96.8,0.0833,3,Weekend Learner,Weekend Learner,4.86,0.5,0.3333,4,3,37.27,24.17,261,175,36,356.43,15023,0.9444
0.8667,39,3,12.7,132.2,0.7556,3,Flexible Learner,Flexible Learner,4.96,1.0,0.0,3,3,41.33,38.67,262,223,45,571.72,15024,0.2444
0.6667,22,1,10.07,86.38,0.2424,2,Weekend Learner,Weekend Learner,5.7,0.5,0.0,2,2,35.8,18.32,263,188,33,332.25,15025,0.9091
1.0,9,0,16.52,188.38,0.6667,1,Fresh Starter,Fresh Starter,4.67,0,0,0,0,0.0,0.0,264,42,9,148.72,15026,0.0
0.64,48,5,12.53,107.11,1.0,5,Consistent Climber,Consistent Climber,6.0,0.5,1.5,10,4,132.32,92.4,265,450,75,939.75,15027,0.0
0.8947,17,1,11.13,110.15,1.0,2,Deep Focus Learner,Deep Focus Learner,5.05,1.0,0.0,1,1,9.48,8.32,266,96,19,211.4,15028,0.2632
0.8235,28,1,10.92,98.04,0.6765,5,Flexible Learner,Flexible Learner,5.59,1.0,0.0,1,1,9.83,24.05,267,190,34,371.42,15029,0.2647
0.7812,25,3,11.56,120.72,0.7188,3,Flexible Learner,Flexible Learner,4.84,0.6,0.6667,5,3,40.72,23.45,268,155,32,369.78,15030,0.3125
0.8485,28,2,11.71,114.99,1.0,4,Deep Focus Learner,Deep Focus Learner,5.15,0.6667,0.5,3,2,52.12,19.6,269,170,33,386.58,15031,0.2727
0.6667,20,1,9.96,95.43,0.1667,2,Weekend Learner,Weekend Learner,5.17,1.0,-0.5,1,2,10.68,18.03,270,155,30,298.8,15032,0.9667
1.0,10,1,10.12,81.33,0.6,2,Fresh Starter,Fresh Starter,6.1,1.0,0.0,1,1,6.28,7.45,271,61,10,101.22,15033,0.5
0.5949,47,4,19.59,190.9,1.0,5,Consistent Climber,Consistent Climber,5.56,0.5,0.0,8,8,103.95,144.42,272,439,79,1547.73,15034,0.0
1.0,11,3,19.67,184.3,0.6364,2,Fresh Starter,Fresh Starter,5.73,1.0,3,3,0,55.85,0.0,273,63,11,216.33,15035,0.1818
0.625,45,3,14.94,158.89,1.0,5,Consistent Climber,Consistent Climber,4.99,0.5,0.5,6,4,54.12,54.68,274,359,72,1075.85,15036,0.0
0.6486,24,3,18.38,178.16,0.1351,2,Weekend Learner,Weekend Learner,5.49,1.0,0.5,3,2,64.62,13.88,275,203,37,679.93,15037,0.9459
0.7907,34,3,14.34,158.6,0.814,3,Flexible Learner,Flexible Learner,4.77,0.75,1.0,4,2,41.4,38.25,276,205,43,616.83,15038,0.3953
0.6212,41,3,10.2,86.96,1.0,4,Consistent Climber,Consistent Climber,5.76,0.6,-0.1667,5,6,35.72,89.68,277,380,66,673.47,15039,0.0
0.8378,31,1,11.66,98.89,0.6757,3,Flexible Learner,Flexible Learner,6.03,1.0,-0.6667,1,3,12.8,48.25,278,223,37,431.52,15040,0.1622
0.75,42,1,14.06,140.8,1.0,5,High Achiever,High Achiever,5.2,1.0,-0.8,1,5,7.45,92.95,279,291,56,787.48,15041,0.1429
0.6053,46,4,13.46,129.19,1.0,5,Consistent Climber,Consistent Climber,5.42,0.6667,0.5,6,4,81.92,48.9,280,412,76,1022.78,15042,0.0
0.766,36,2,15.28,169.78,0.7447,5,Flexible Learner,Flexible Learner,4.72,0.5,0.3333,4,3,37.6,51.42,281,222,47,718.22,15043,0.3404
0.6706,57,3,11.38,99.53,1.0,6,High Achiever,High Achiever,5.75,0.6,-0.4444,5,9,45.72,82.5,282,489,85,967.47,15044,0.2
0.75,45,3,13.5,131.32,1.0,5,Consistent Climber,Consistent Climber,5.33,0.75,-0.2,4,5,53.07,139.92,283,320,60,809.83,15045,0.0
0.662,47,3,10.1,93.63,1.0,4,Consistent Climber,Consistent Climber,5.21,0.375,0.1429,8,7,63.67,81.88,284,370,71,716.93,15046,0.0
0.7667,23,1,15.82,152.9,0.1333,2,Weekend Learner,Weekend Learner,5.57,1.0,-0.6667,1,3,4.27,32.78,285,167,30,474.58,15047,0.9667
1.0,10,2,14.58,132.77,0.5,1,Fresh Starter,Fresh Starter,5.6,1.0,2,2,0,12.77,0.0,286,56,10,145.77,15048,0.2
0.8889,16,3,8.11,69.65,1.0,2,Deep Focus Learner,Deep Focus Learner,5.17,0.6,1.5,5,2,48.83,14.95,287,93,18,145.98,15049,0.5556
1.0,14,0,12.36,109.31,0.5,2,Fresh Starter,Fresh Starter,5.71,0,0,0,0,0.0,0.0,288,80,14,173.08,15050,0.2143
0.6571,23,2,10.05,80.34,0.1714,2,Weekend Learner,Weekend Learner,6.17,0.6667,0.0,3,3,39.6,33.88,289,216,35,351.68,15051,1.0
0.8333,25,1,13.37,126.92,0.8333,4,Flexible Learner,Flexible Learner,5.47,1.0,-0.5,1,2,4.72,17.8,290,164,30,401.12,15052,0.2667
0.9118,31,1,10.09,91.3,0.6765,3,Flexible Learner,Flexible Learner,5.47,0.5,1.0,2,1,16.13,9.73,291,186,34,343.03,15053,0.3235
0.7021,33,2,14.15,124.62,1.0,4,Consistent Climber,Consistent Climber,5.87,0.5,0.0,4,4,71.98,41.28,292,276,47,664.87,15054,0.0
0.8929,25,0,12.48,141.76,0.9286,3,Flexible Learner,Flexible Learner,4.43,0,-1.0,0,2,0.0,12.9,293,124,28,349.43,15055,0.4286
0.9091,30,1,12.51,118.29,0.6364,4,Flexible Learner,Flexible Learner,5.36,1.0,-0.5,1,2,9.6,11.05,294,177,33,412.68,15056,0.2121
0.7708,37,3,19.9,184.73,0.7917,4,Flexible Learner,Flexible Learner,5.83,0.75,0.3333,4,3,135.87,34.12,295,280,48,955.3,15057,0.2083
0.5844,45,4,15.13,171.71,1.0,4,Consistent Climber,Consistent Climber,4.68,0.6667,-0.4545,6,11,138.88,170.77,296,360,77,1165.33,15058,0.0
0.6203,49,2,13.01,137.38,1.0,6,High Achiever,High Achiever,4.87,0.5,-0.3333,4,6,58.68,59.92,297,385,79,1028.05,15059,0.1519
0.88,22,3,19.26,187.96,1.0,5,Deep Focus Learner,Deep Focus Learner,5.52,1.0,0.5,3,2,59.27,13.93,298,138,25,481.62,15060,0.24
0.5349,23,1,15.25,159.59,0.186,2,Weekend Learner,Weekend Learner,4.98,0.3333,0.0,3,3,50.68,23.58,299,214,43,655.87,15061,0.9767
0.5,24,2,14.55,136.71,0.1667,3,Weekend Learner,Weekend Learner,5.52,0.6667,-0.5,3,6,23.25,150.83,300,265,48,698.48,15062,0.9583
1.0,12,0,10.15,98.83,0.6667,1,Fresh Starter,Fresh Starter,4.92,0,-1.0,0,2,0.0,19.23,301,59,12,121.78,15063,0.25
0.8511,40,4,13.25,144.19,0.766,3,Flexible Learner,Flexible Learner,4.72,0.6667,5.0,6,1,71.98,12.43,302,222,47,622.63,15064,0.2979
0.8667,26,1,11.11,105.45,1.0,3,Deep Focus Learner,Deep Focus Learner,5.3,1.0,-0.5,1,2,5.28,53.18,303,159,30,333.18,15065,0.2667
0.9189,34,2,8.38,79.8,0.7838,5,Flexible Learner,Flexible Learner,4.89,1.0,2,2,0,14.12,0.0,304,181,37,310.18,15066,0.2973
0.8947,17,3,13.46,132.25,1.0,2,Deep Focus Learner,Deep Focus Learner,5.42,1.0,3,3,0,57.58,0.0,305,103,19,255.73,15067,0.1579
0.5909,26,2,15.52,168.05,0.2955,3,Weekend Learner,Weekend Learner,4.86,0.6667,-0.4,3,5,64.42,126.17,306,214,44,682.8,15068,0.9318
0.6567,44,4,17.4,175.67,1.0,4,Consistent Climber,Consistent Climber,5.28,0.8,0.6667,5,3,70.73,24.07,307,354,67,1165.77,15069,0.0
0.7857,22,4,14.2,124.19,0.5714,3,Flexible Learner,Flexible Learner,5.93,1.0,-0.2,4,5,81.27,114.8,308,166,28,397.47,15070,0.3929
0.9259,25,2,15.6,152.7,1.0,3,Deep Focus Learner,Deep Focus Learner,5.48,1.0,-0.3333,2,3,28.0,28.43,309,148,27,421.13,15071,0.3333
0.6667,46,3,11.71,119.86,1.0,5,Consistent Climber,Consistent Climber,4.88,0.75,-0.3333,4,6,35.25,70.72,310,337,69,807.97,15072,0.0
0.5806,18,2,10.75,102.58,0.2581,2,Weekend Learner,Weekend Learner,5.23,0.6667,0.5,3,2,26.68,23.75,311,162,31,333.32,15073,1.0
0.4828,14,1,14.19,151.99,0.069,2,Weekend Learner,Weekend Learner,4.86,0.5,-0.3333,2,3,37.63,42.38,312,141,29,411.37,15074,1.0
0.6506,54,5,12.8,124.81,1.0,6,High Achiever,High Achiever,5.22,0.7143,0.1667,7,6,59.57,105.32,313,433,83,1062.42,15075,0.1446
0.8065,25,0,10.69,99.94,1.0,2,Deep Focus Learner,Deep Focus Learner,5.16,0,-1.0,0,2,0.0,34.27,314,160,31,331.27,15076,0.3226
0.6857,48,1,12.91,139.66,1.0,6,High Achiever,High Achiever,4.73,1.0,-0.875,1,8,9.4,92.92,315,331,70,903.43,15077,0.1286
0.6375,51,5,16.86,171.1,1.0,6,High Achiever,High Achiever,5.26,0.625,0.0,8,8,271.88,85.37,316,421,80,1348.82,15078,0.075
0.95,19,2,12.0,110.81,1.0,2,Deep Focus Learner,Deep Focus Learner,5.6,1.0,-0.5,2,4,61.48,28.13,317,112,20,240.0,15079,0.3
0.8966,26,3,10.04,90.59,0.6897,3,Flexible Learner,Flexible Learner,5.41,1.0,-0.5,3,6,28.68,48.65,318,157,29,291.23,15080,0.3448
0.5676,21,1,13.79,125.07,0.1892,2,Weekend Learner,Weekend Learner,5.7,0.5,-0.3333,2,3,19.48,26.85,319,211,37,510.22,15081,0.973
0.6618,45,1,12.88,145.1,1.0,4,Consistent Climber,Consistent Climber,4.56,1.0,-0.75,1,4,16.05,32.13,320,310,68,876.03,15082,0.0
1.0,13,2,8.57,75.86,0.6154,2,Fresh Starter,Fresh Starter,5.46,1.0,1.0,2,1,18.58,12.08,321,71,13,111.38,15083,0.2308
0.7719,44,3,13.77,129.11,1.0,4,Consistent Climber,Consistent Climber,5.51,0.75,1.0,4,2,25.82,22.93,322,314,57,784.65,15084,0.0
0.4792,23,1,11.21,103.43,0.2708,2,Weekend Learner,Weekend Learner,5.46,0.5,-0.3333,2,3,18.93,41.47,323,262,48,537.98,15085,0.9792
0.9,27,2,9.39,93.0,1.0,3,Deep Focus Learner,Deep Focus Learner,4.93,0.6667,0.0,3,3,21.13,42.48,324,148,30,281.58,15086,0.1667
0.7143,35,4,14.38,143.71,1.0,5,Consistent Climber,Consistent Climber,5.2,1.0,1.0,4,2,37.53,75.52,325,255,49,704.78,15087,0.0
0.8571,30,2,18.23,187.07,1.0,3,Deep Focus Learner,Deep Focus Learner,5.26,0.6667,0.5,3,2,21.52,20.58,326,184,35,638.18,15088,0.4286
0.7857,44,4,15.38,147.28,1.0,4,High Achiever,High Achiever,5.46,0.5714,0.75,7,4,74.92,48.83,327,306,56,861.15,15089,0.1607
0.6875,33,2,9.31,89.49,0.6458,4,Flexible Learner,Flexible Learner,4.98,1.0,1.0,2,1,54.75,6.48,328,239,48,447.0,15090,0.25
0.6349,40,0,14.52,154.96,1.0,5,Consistent Climber,Consistent Climber,4.89,0,-1.0,0,5,0.0,39.1,329,308,63,914.73,15091,0.0
0.6364,14,2,10.75,98.03,0.1364,2,Weekend Learner,Weekend Learner,5.32,0.5,4,4,0,28.38,0.0,330,117,22,236.6,15092,0.9545
0.6477,57,6,12.56,129.64,1.0,6,High Achiever,High Achiever,4.97,0.8571,0.1667,7,6,64.27,45.32,331,437,88,1104.92,15093,0.1818
1.0,18,0,20.39,184.34,0.7778,3,Fresh Starter,Fresh Starter,6.17,0,-1.0,0,1,0.0,7.62,332,111,18,366.93,15094,0.2778
0.6522,15,1,10.85,92.6,0.1739,2,Weekend Learner,Weekend Learner,5.83,1.0,-0.5,1,2,10.77,15.0,333,134,23,249.63,15095,1.0
0.6923,45,4,17.11,163.36,1.0,4,Consistent Climber,Consistent Climber,5.62,0.6667,2.0,6,2,119.95,11.55,334,365,65,1112.1,15096,0.0
0.678,40,2,10.55,99.17,1.0,5,Consistent Climber,Consistent Climber,5.31,1.0,-0.5,2,4,19.73,29.07,335,313,59,622.38,15097,0.0
0.5294,18,0,10.19,100.09,0.2941,2,Weekend Learner,Weekend Learner,5.0,0,0,0,0,0.0,0.0,336,170,34,346.4,15098,0.9706
0.9143,32,2,10.9,97.54,0.7714,3,Flexible Learner,Flexible Learner,5.57,1.0,-0.3333,2,3,20.9,29.05,337,195,35,381.33,15099,0.2571
0.8,24,0,10.22,105.99,1.0,2,Deep Focus Learner,Deep Focus Learner,4.83,0,-1.0,0,3,0.0,24.05,338,145,30,306.48,15100,0.2667
0.6833,41,1,16.05,146.27,1.0,5,Consistent Climber,Consistent Climber,5.78,0.3333,-0.4,3,5,15.27,36.92,339,347,60,962.93,15101,0.0
0.9286,26,0,11.17,107.74,0.75,3,Flexible Learner,Flexible Learner,5.14,0,-1.0,0,2,0.0,26.85,340,144,28,312.78,15102,0.3929
0.6351,47,1,15.91,162.78,1.0,5,Consistent Climber,Consistent Climber,5.16,1.0,-0.6667,1,3,10.63,47.33,341,382,74,1177.5,15103,0.0
0.8,28,3,15.81,169.16,1.0,4,Deep Focus Learner,Deep Focus Learner,4.97,1.0,3,3,0,41.78,0.0,342,174,35,553.42,15104,0.3143
0.5844,45,4,12.57,113.55,1.0,6,High Achiever,High Achiever,5.65,0.6667,0.0,6,6,51.12,72.65,343,435,77,967.78,15105,0.1558
0.6714,47,2,11.74,108.52,1.0,6,High Achiever,High Achiever,5.46,0.6667,0.0,3,3,47.55,19.63,344,382,70,821.65,15106,0.1286
1.0,17,1,10.51,118.88,0.8235,2,Fresh Starter,Fresh Starter,4.53,1.0,-0.5,1,2,9.95,12.52,345,77,17,178.6,15107,0.2941
0.9474,18,2,16.23,189.13,1.0,2,Deep Focus Learner,Deep Focus Learner,4.58,1.0,1.0,2,1,52.78,15.02,346,87,19,308.32,15108,0.2105
1.0,22,1,10.41,93.36,0.6818,4,Fresh Starter,Fresh Starter,5.27,1.0,-0.5,1,2,11.53,19.7,347,116,22,229.12,15109,0.4091
0.8846,23,1,11.22,103.51,1.0,3,Deep Focus Learner,Deep Focus Learner,5.46,1.0,-0.6667,1,3,7.52,28.73,348,142,26,291.77,15110,0.1538
0.766,36,1,10.1,91.7,1.0,4,Consistent Climber,Consistent Climber,5.4,0.5,-0.3333,2,3,17.22,44.35,349,254,47,474.63,15111,0.0
0.75,24,1,8.12,75.61,1.0,4,Deep Focus Learner,Deep Focus Learner,4.91,1.0,-0.75,1,4,6.45,44.53,350,157,32,259.83,15112,0.4062
0.6395,55,4,19.09,182.13,1.0,6,High Achiever,High Achiever,5.72,0.8,1.5,5,2,125.73,25.47,351,492,86,1641.63,15113,0.2209
0.7447,35,2,10.35,102.2,1.0,5,Consistent Climber,Consistent Climber,5.02,1.0,0.0,2,2,21.18,10.62,352,236,47,486.43,15114,0.0
0.8182,45,5,10.41,94.33,0.7636,6,Flexible Learner,Flexible Learner,5.42,1.0,-0.1667,5,6,113.17,50.1,353,298,55,572.68,15115,0.3455
0.6111,44,3,12.89,127.59,1.0,5,Consistent Climber,Consistent Climber,5.12,0.75,-0.4286,4,7,50.05,68.53,354,369,72,928.35,15116,0.0
0.8519,46,2,13.08,128.14,0.7407,6,Flexible Learner,Flexible Learner,5.3,0.6667,-0.4,3,5,22.07,42.2,355,286,54,706.28,15117,0.2222
0.6296,34,4,13.1,141.86,1.0,4,Consistent Climber,Consistent Climber,4.76,0.5,8,8,0,72.22,0.0,356,257,54,707.4,15118,0.0
1.0,12,1,10.12,85.2,0.5833,3,Fresh Starter,Fresh Starter,5.75,1.0,-0.5,1,2,8.03,15.72,357,69,12,121.43,15119,0.25
1.0,21,1,12.81,124.72,1.0,2,Deep Focus Learner,Deep Focus Learner,5.24,1.0,0.0,1,1,11.0,9.2,358,110,21,269.05,15120,0.381
0.6316,36,3,12.76,139.51,1.0,3,Consistent Climber,Consistent Climber,4.74,0.75,0.0,4,4,91.2,52.75,359,270,57,727.42,15121,0.0
0.8333,30,2,15.41,150.47,1.0,4,Deep Focus Learner,Deep Focus Learner,5.33,0.6667,2.0,3,1,22.82,7.28,360,192,36,554.85,15122,0.1944
0.7391,17,2,13.4,135.71,0.2609,2,Weekend Learner,Weekend Learner,5.04,0.5,3.0,4,1,42.42,2.92,361,116,23,308.3,15123,0.9565
1.0,14,0,9.19,89.83,0.4286,2,Fresh Starter,Fresh Starter,4.93,0,-1.0,0,2,0.0,26.53,362,69,14,128.6,15124,0.1429
1.0,14,2,8.16,78.93,0.5,3,Fresh Starter,Fresh Starter,4.93,1.0,1.0,2,1,16.45,10.82,363,69,14,114.28,15125,0.2143
0.8889,32,2,14.53,132.93,1.0,4,Deep Focus Learner,Deep Focus Learner,5.75,1.0,2,2,0,63.12,0.0,364,207,36,522.97,15126,0.25
0.6552,38,1,15.91,174.17,1.0,4,Consistent Climber,Consistent Climber,4.88,0.3333,2.0,3,1,112.95,7.7,365,283,58,923.02,15127,0.0
0.9231,24,2,13.11,121.34,1.0,4,Deep Focus Learner,Deep Focus Learner,5.62,1.0,-0.5,2,4,23.57,67.98,366,146,26,340.85,15128,0.1538
0.82,41,6,10.46,101.78,0.66,6,Flexible Learner,Flexible Learner,5.1,1.0,0.2,6,5,124.53,58.77,367,255,50,523.13,15129,0.28
0.9032,28,3,10.38,92.87,0.7097,3,Flexible Learner,Flexible Learner,5.55,1.0,0.5,3,2,22.43,19.57,368,172,31,321.77,15130,0.2903
0.7778,28,1,11.78,102.96,1.0,4,Deep Focus Learner,Deep Focus Learner,5.78,1.0,-0.6667,1,3,6.45,24.42,369,208,36,424.2,15131,0.3056
0.7143,50,3,10.77,96.24,1.0,5,Consistent Climber,Consistent Climber,5.56,0.6,0.0,5,5,53.65,54.1,370,389,70,753.6,15132,0.0
0.5,22,2,12.47,119.19,0.1818,2,Weekend Learner,Weekend Learner,5.36,0.2857,0.1667,7,6,107.03,64.82,371,236,44,548.68,15133,0.9545
0.6197,44,3,11.01,103.83,1.0,5,Consistent Climber,Consistent Climber,5.28,0.75,-0.6923,4,13,83.98,132.73,372,375,71,781.47,15134,0.0
1.0,24,1,10.77,97.45,0.6667,3,Fresh Starter,Fresh Starter,5.5,1.0,0.0,1,1,9.77,9.28,373,132,24,258.58,15135,0.3333
0.871,27,3,11.78,110.93,0.7419,3,Flexible Learner,Flexible Learner,5.39,1.0,2.0,3,1,25.47,18.72,374,167,31,365.22,15136,0.129
0.7576,25,1,10.3,101.36,0.7273,4,Flexible Learner,Flexible Learner,4.94,0.5,-0.6,2,5,17.1,56.58,375,163,33,339.98,15137,0.3939
0.7955,35,5,10.28,95.68,0.7955,4,Flexible Learner,Flexible Learner,5.23,0.625,3.0,8,2,106.52,17.4,376,230,44,452.45,15138,0.2045
0.8571,18,0,11.78,116.08,1.0,2,Deep Focus Learner,Deep Focus Learner,5.05,0,-1.0,0,3,0.0,35.48,377,106,21,247.48,15139,0.1429
0.963,26,1,10.97,105.22,1.0,3,Deep Focus Learner,Deep Focus Learner,5.15,1.0,1,1,0,2.78,0.0,378,139,27,296.28,15140,0.2222
0.6731,35,3,12.11,110.73,1.0,5,Consistent Climber,Consistent Climber,5.54,0.6,1.5,5,2,102.05,22.12,379,288,52,629.63,15141,0.0
0.7143,35,3,11.07,106.29,1.0,4,Consistent Climber,Consistent Climber,5.22,0.75,0.3333,4,3,32.2,28.15,380,256,49,542.62,15142,0.0
0.8667,39,3,11.3,121.56,0.6889,4,Flexible Learner,Flexible Learner,4.67,1.0,-0.25,3,4,24.13,33.77,381,210,45,508.67,15143,0.3111
0.6471,55,6,9.67,89.25,1.0,6,High Achiever,High Achiever,5.21,0.5,0.2,12,10,118.05,121.58,382,443,85,821.58,15144,0.1647
0.8039,41,2,11.0,94.04,0.7451,5,Flexible Learner,Flexible Learner,5.84,1.0,-0.3333,2,3,32.8,23.62,383,298,51,561.25,15145,0.2941
0.6104,47,4,10.31,94.22,1.0,5,High Achiever,High Achiever,5.38,0.8,0.25,5,4,39.62,34.72,384,414,77,793.55,15146,0.1169
1.0,18,1,11.92,103.48,0.6111,2,Fresh Starter,Fresh Starter,5.94,1.0,0.0,1,1,8.05,8.38,385,107,18,214.57,15147,0.2778
0.7273,40,3,13.23,129.85,1.0,4,Consistent Climber,Consistent Climber,5.18,0.75,0.3333,4,3,52.22,21.5,386,285,55,727.7,15148,0.0
1.0,24,1,14.18,149.34,0.625,2,Fresh Starter,Fresh Starter,4.96,1.0,-0.5,1,2,13.97,28.28,387,119,24,340.2,15149,0.2083
0.6308,41,1,12.76,146.16,1.0,5,Consistent Climber,Consistent Climber,4.48,0.5,-0.6,2,5,15.65,55.08,388,291,65,829.17,15150,0.0
0.8293,34,2,10.42,92.93,0.8293,3,Flexible Learner,Flexible Learner,5.54,1.0,0.0,2,2,16.12,22.9,389,227,41,427.4,15151,0.2927
0.5357,15,0,10.58,107.91,0.3214,2,Weekend Learner,Weekend Learner,4.96,0,-1.0,0,2,0.0,12.55,390,139,28,296.17,15152,1.0
1.0,9,1,10.66,92.13,0.7778,2,Fresh Starter,Fresh Starter,5.78,1.0,0.0,1,1,24.78,16.32,391,52,9,95.98,15153,0.2222
0.6957,16,0,8.74,78.84,0.087,2,Weekend Learner,Weekend Learner,5.3,0,-1.0,0,2,0.0,17.87,392,122,23,200.92,15154,0.9565
0.7551,37,0,13.98,160.03,0.7959,6,Flexible Learner,Flexible Learner,4.51,0,-1.0,0,3,0.0,39.98,393,221,49,684.87,15155,0.3469
0.625,35,1,11.91,98.96,1.0,3,Consistent Climber,Consistent Climber,6.04,0.3333,-0.5,3,6,23.78,48.07,394,338,56,666.87,15156,0.0
0.8889,24,3,9.68,83.97,1.0,3,Deep Focus Learner,Deep Focus Learner,5.59,1.0,0.0,3,3,40.15,21.43,395,151,27,261.35,15157,0.4815
0.825,33,2,14.2,142.8,0.725,3,Flexible Learner,Flexible Learner,5.2,0.6667,0.5,3,2,59.05,27.67,396,208,40,567.83,15158,0.375
0.4286,18,2,11.09,106.67,0.119,2,Weekend Learner,Weekend Learner,5.12,0.3333,2.0,6,2,70.93,26.77,397,215,42,465.98,15159,0.9762
1.0,15,0,18.51,180.8,0.6,2,Fresh Starter,Fresh Starter,5.47,0,-1.0,0,1,0.0,24.93,398,82,15,277.7,15160,0.3333
0.6143,43,3,12.92,147.82,1.0,5,Consistent Climber,Consistent Climber,4.43,0.75,-0.2,4,5,57.77,98.23,399,310,70,904.07,15161,0.0
0.9286,26,2,9.95,90.54,0.7857,4,Flexible Learner,Flexible Learner,5.32,1.0,-0.3333,2,3,16.85,58.1,400,149,28,278.73,15162,0.1429
0.8929,25,4,15.97,192.5,0.7857,4,Flexible Learner,Flexible Learner,4.39,0.6667,2.0,6,2,158.03,28.45,401,123,28,447.25,15163,0.3571
0.6341,26,1,13.07,119.86,0.2195,2,Weekend Learner,Weekend Learner,5.63,0.5,-0.6,2,5,16.48,53.05,402,231,41,536.07,15164,0.9756
1.0,19,1,11.58,115.86,0.6316,3,Fresh Starter,Fresh Starter,5.05,1.0,-0.5,1,2,12.65,53.33,403,96,19,219.97,15165,0.3684
0.6458,31,5,9.35,81.73,1.0,5,Consistent Climber,Consistent Climber,5.46,0.625,1.0,8,4,64.33,34.92,404,262,48,448.98,15166,0.0
0.8125,26,3,12.28,122.22,1.0,2,Deep Focus Learner,Deep Focus Learner,5.16,1.0,0.0,3,3,23.58,36.2,405,165,32,393.0,15167,0.4688
0.8261,19,1,12.12,113.71,1.0,3,Deep Focus Learner,Deep Focus Learner,5.43,1.0,0.0,1,1,6.27,8.7,406,125,23,278.77,15168,0.3478
0.6087,42,0,9.38,83.89,1.0,4,Consistent Climber,Consistent Climber,5.35,0,-1.0,0,2,0.0,22.0,407,369,69,647.2,15169,0.0
0.6818,45,3,10.19,95.64,1.0,4,High Achiever,High Achiever,5.29,0.75,-0.2,4,5,53.75,47.28,408,349,66,672.83,15170,0.1515
0.7736,41,5,11.81,103.18,1.0,5,Consistent Climber,Consistent Climber,5.75,1.0,0.25,5,4,44.35,34.62,409,305,53,625.77,15171,0.0
0.8529,29,3,12.42,120.36,0.5882,3,Flexible Learner,Flexible Learner,5.26,1.0,-0.5,3,6,26.28,71.27,410,179,34,422.23,15172,0.3529
0.4681,22,2,13.24,130.61,0.1915,2,Weekend Learner,Weekend Learner,5.28,0.6667,3,3,0,37.03,0.0,411,248,47,622.42,15173,0.9787
0.8857,31,2,17.23,166.36,1.0,2,Deep Focus Learner,Deep Focus Learner,5.51,1.0,-0.3333,2,3,13.8,51.38,412,193,35,603.08,15174,0.2
0.7174,33,2,11.24,105.78,0.6739,4,Flexible Learner,Flexible Learner,5.35,1.0,2,2,0,14.35,0.0,413,246,46,517.12,15175,0.2174
0.7742,48,3,13.51,114.87,1.0,5,High Achiever,High Achiever,6.05,0.6,0.25,5,4,45.48,50.62,414,375,62,837.32,15176,0.1613
0.6607,37,5,13.3,163.12,1.0,5,High Achiever,High Achiever,4.21,0.625,3.0,8,2,51.85,8.42,415,236,56,744.78,15177,0.1786
1.0,9,1,12.12,112.54,0.5556,1,Fresh Starter,Fresh Starter,5.56,1.0,1,1,0,10.0,0.0,416,50,9,109.05,15178,0.2222
0.5806,18,0,10.52,96.43,0.2258,2,Weekend Learner,Weekend Learner,5.39,0,-1.0,0,2,0.0,21.45,417,167,31,326.22,15179,1.0
0.6429,45,3,11.6,110.72,1.0,5,Consistent Climber,Consistent Climber,5.27,0.75,-0.2,4,5,54.08,54.58,418,369,70,811.92,15180,0.0
0.6795,53,3,13.04,124.34,1.0,5,Consistent Climber,Consistent Climber,5.42,1.0,-0.5714,3,7,40.15,82.97,419,423,78,1017.45,15181,0.0
0.9565,22,3,19.15,153.53,1.0,2,Deep Focus Learner,Deep Focus Learner,6.7,1.0,2.0,3,1,42.55,34.87,420,154,23,440.42,15182,0.2609
0.7742,24,1,11.19,126.05,1.0,3,Deep Focus Learner,Deep Focus Learner,4.52,1.0,1,1,0,13.43,0.0,421,140,31,346.88,15183,0.2581
0.8049,33,5,10.43,94.64,0.6829,5,Flexible Learner,Flexible Learner,5.44,0.8333,0.5,6,4,54.52,40.38,422,223,41,427.75,15184,0.3659
0.6452,20,1,11.81,118.46,0.2581,3,Weekend Learner,Weekend Learner,5.0,1.0,0.0,1,1,8.68,29.52,423,155,31,366.02,15185,0.9355
1.0,14,1,8.21,79.1,0.7143,2,Fresh Starter,Fresh Starter,4.79,1.0,-0.5,1,2,9.7,16.62,424,67,14,114.92,15186,0.3571
0.8039,41,2,10.09,99.44,0.7059,4,Flexible Learner,Flexible Learner,4.94,0.6667,0.0,3,3,33.98,36.05,425,252,51,514.35,15187,0.2353
0.7755,38,1,10.71,100.03,1.0,4,Consistent Climber,Consistent Climber,5.43,1.0,-0.75,1,4,9.78,36.75,426,266,49,524.77,15188,0.0
0.7447,35,3,9.21,85.37,0.766,3,Flexible Learner,Flexible Learner,5.17,1.0,0.5,3,2,51.03,18.98,427,243,47,432.88,15189,0.1702
0.55,44,2,9.71,88.54,1.0,5,Consistent Climber,Consistent Climber,5.35,0.4,0.25,5,4,46.05,32.07,428,428,80,776.55,15190,0.0
0.8667,26,1,13.59,147.73,0.8,3,Flexible Learner,Flexible Learner,4.77,1.0,0.0,1,1,7.75,6.45,429,143,30,407.8,15191,0.3
0.6949,41,3,10.5,93.87,1.0,4,Consistent Climber,Consistent Climber,5.53,1.0,0.0,3,3,28.43,24.33,430,326,59,619.4,15192,0.0
0.6567,44,3,15.59,148.22,1.0,5,Consistent Climber,Consistent Climber,5.54,1.0,2.0,3,1,37.7,8.03,431,371,67,1044.37,15193,0.0
1.0,22,1,11.66,108.19,0.8182,2,Fresh Starter,Fresh Starter,5.36,1.0,-0.5,1,2,8.68,14.28,432,118,22,256.48,15194,0.3182
0.9167,33,4,14.7,136.07,0.8056,6,Flexible Learner,Flexible Learner,5.69,1.0,-0.3333,4,6,37.1,82.07,433,205,36,529.2,15195,0.25
1.0,18,1,9.33,74.69,1.0,2,Deep Focus Learner,Deep Focus Learner,6.0,1.0,1,1,0,6.87,0.0,434,108,18,168.02,15196,0.3333
0.5972,43,3,19.12,182.15,1.0,5,High Achiever,High Achiever,5.68,0.6,-0.5455,5,11,63.5,253.73,435,409,72,1376.52,15197,0.0833
0.5897,23,3,12.79,128.13,0.1282,3,Weekend Learner,Weekend Learner,5.05,1.0,-0.25,3,4,24.83,85.6,436,197,39,498.8,15198,0.9231
0.7222,39,3,11.76,113.38,0.6852,2,Flexible Learner,Flexible Learner,5.24,1.0,-0.4,3,5,28.47,41.12,437,283,54,635.3,15199,0.3333
0.5854,24,2,10.2,108.42,0.2439,2,Weekend Learner,Weekend Learner,4.63,0.6667,0.0,3,3,27.73,24.08,438,190,41,418.15,15200,1.0
0.6098,25,1,9.87,99.07,0.2439,2,Weekend Learner,Weekend Learner,4.9,1.0,-0.5,1,2,10.32,11.17,439,201,41,404.8,15201,1.0
0.8621,25,2,10.7,88.95,1.0,4,Deep Focus Learner,Deep Focus Learner,5.86,0.6667,-0.25,3,4,30.8,31.93,440,170,29,310.43,15202,0.2069
0.7667,23,1,11.52,97.82,0.1333,3,Weekend Learner,Weekend Learner,5.9,1.0,0.0,1,1,7.33,6.12,441,177,30,345.55,15203,0.9333
0.8333,35,3,14.25,144.46,0.6905,4,Flexible Learner,Flexible Learner,5.12,1.0,-0.4,3,5,30.78,95.42,442,215,42,598.63,15204,0.1905
0.5618,50,4,13.64,120.65,1.0,6,High Achiever,High Achiever,5.82,0.6667,1.0,6,3,88.67,31.33,443,518,89,1213.55,15205,0.1348
1.0,16,1,14.46,116.4,0.6875,1,Fresh Starter,Fresh Starter,6.5,1.0,0.0,1,1,29.97,9.55,444,104,16,231.3,15206,0.25
0.7273,16,1,11.63,134.53,0.3636,2,Weekend Learner,Weekend Learner,4.32,1.0,0.0,1,1,21.23,4.83,445,95,22,255.97,15207,1.0
0.5,24,1,10.28,98.1,0.2292,3,Weekend Learner,Weekend Learner,5.19,0.5,1.0,2,1,18.13,6.37,446,249,48,493.6,15208,0.9583
1.0,11,1,10.32,111.49,0.3636,1,Fresh Starter,Fresh Starter,4.64,1.0,0.0,1,1,25.12,10.07,447,51,11,113.47,15209,0.5455
0.7308,19,1,15.68,151.18,0.3077,2,Weekend Learner,Weekend Learner,5.46,1.0,-0.5,1,2,5.85,29.18,448,142,26,407.77,15210,1.0
0.6667,40,2,14.7,157.05,1.0,5,Consistent Climber,Consistent Climber,4.87,1.0,1.0,2,1,12.1,7.23,449,292,60,882.23,15211,0.0
0.6863,35,2,9.6,92.48,1.0,4,Consistent Climber,Consistent Climber,5.08,0.6667,0.0,3,3,33.28,21.75,450,259,51,489.62,15212,0.0
0.6316,36,4,14.43,143.46,1.0,4,Consistent Climber,Consistent Climber,5.3,0.6667,0.5,6,4,41.33,36.38,451,302,57,822.58,15213,0.0
0.95,19,1,9.9,82.71,1.0,2,Deep Focus Learner,Deep Focus Learner,5.75,1.0,-0.5,1,2,20.15,21.73,452,115,20,197.98,15214,0.35
0.7885,41,3,10.71,109.37,0.6346,4,Flexible Learner,Flexible Learner,4.85,1.0,-0.5,3,6,28.77,57.38,453,252,52,556.82,15215,0.3654
0.5,24,2,10.19,90.72,0.125,3,Weekend Learner,Weekend Learner,5.46,0.4,-0.1667,5,6,43.12,60.12,454,262,48,488.9,15216,0.9583
0.7059,48,3,12.15,115.88,1.0,6,High Achiever,High Achiever,5.32,1.0,-0.5,3,6,41.55,77.35,455,362,68,825.9,15217,0.1618
0.6667,18,2,13.44,157.89,0.1852,3,Weekend Learner,Weekend Learner,4.33,0.6667,-0.25,3,4,49.6,27.55,456,117,27,362.97,15218,0.8889
0.8462,22,1,12.76,148.33,1.0,3,Deep Focus Learner,Deep Focus Learner,4.35,1.0,-0.75,1,4,6.05,27.33,457,113,26,331.82,15219,0.2308
0.8421,16,2,11.51,133.94,1.0,3,Deep Focus Learner,Deep Focus Learner,4.32,0.6667,2.0,3,1,22.95,10.55,458,82,19,218.68,15220,0.3684
0.8485,28,2,11.74,106.12,1.0,3,Deep Focus Learner,Deep Focus Learner,5.61,1.0,-0.5,2,4,41.43,48.65,459,185,33,387.4,15221,0.2121
0.678,40,2,18.38,184.02,1.0,6,High Achiever,High Achiever,5.39,1.0,-0.5,2,4,32.92,146.0,460,318,59,1084.38,15222,0.2881
0.7778,42,3,12.51,118.78,0.7037,6,Flexible Learner,Flexible Learner,5.37,0.6,0.25,5,4,54.03,31.95,461,290,54,675.73,15223,0.3333
1.0,22,1,18.94,172.56,0.5455,2,Fresh Starter,Fresh Starter,5.95,1.0,0.0,1,1,9.15,3.05,462,131,22,416.58,15224,0.3182
0.8696,20,3,11.09,101.76,1.0,3,Deep Focus Learner,Deep Focus Learner,5.43,0.75,1.0,4,2,40.32,15.35,463,125,23,254.98,15225,0.2174
0.7,42,2,9.43,84.45,1.0,4,Consistent Climber,Consistent Climber,5.45,0.5,0.0,4,4,40.18,39.43,464,327,60,566.07,15226,0.0
1.0,16,0,11.62,111.86,0.625,2,Fresh Starter,Fresh Starter,5.38,0,-1.0,0,1,0.0,7.57,465,86,16,185.92,15227,0.1875
0.8857,31,1,14.22,140.28,0.6286,3,Flexible Learner,Flexible Learner,5.26,1.0,0.0,1,1,12.12,11.03,466,184,35,497.73,15228,0.3429
1.0,15,1,9.03,71.26,0.6,2,Fresh Starter,Fresh Starter,5.93,1.0,-0.5,1,2,7.48,19.15,467,89,15,135.48,15229,0.2
0.6286,44,4,9.21,80.54,1.0,5,Consistent Climber,Consistent Climber,5.49,0.5,0.6,8,5,77.75,32.9,468,384,70,644.52,15230,0.0
0.6889,31,1,13.04,126.02,1.0,4,Consistent Climber,Consistent Climber,5.27,0.5,1.0,2,1,15.78,11.22,469,237,45,586.92,15231,0.0
0.7143,40,5,9.53,91.49,1.0,5,Consistent Climber,Consistent Climber,4.91,0.5556,3.5,9,2,98.32,19.15,470,275,56,533.48,15232,0.0
1.0,17,1,11.54,116.13,0.5882,2,Fresh Starter,Fresh Starter,4.94,1.0,-0.6667,1,3,5.82,29.05,471,84,17,196.17,15233,0.5294
1.0,24,3,18.15,155.59,0.625,4,Fresh Starter,Fresh Starter,6.29,1.0,0.5,3,2,32.12,14.13,472,151,24,435.6,15234,0.2917
0.6235,53,5,13.21,116.11,1.0,6,High Achiever,High Achiever,5.85,0.5,0.4286,10,7,143.35,73.12,473,497,85,1122.82,15235,0.1412
1.0,21,0,15.42,151.54,0.7619,3,Fresh Starter,Fresh Starter,5.33,0,-1.0,0,2,0.0,24.52,474,112,21,323.78,15236,0.1429
0.5909,13,0,12.22,114.91,0.1818,2,Weekend Learner,Weekend Learner,5.32,0,-1.0,0,3,0.0,25.62,475,117,22,268.82,15237,1.0
0.8,40,2,14.24,140.93,1.0,5,Consistent Climber,Consistent Climber,5.3,0.6667,2.0,3,1,35.48,10.4,476,265,50,711.88,15238,0.0
0.6154,16,1,14.49,149.34,0.1923,2,Weekend Learner,Weekend Learner,5.15,0.5,0.0,2,2,12.98,71.87,477,134,26,376.73,15239,1.0
0.8,44,2,9.55,89.32,0.6909,5,Flexible Learner,Flexible Learner,5.16,1.0,-0.5,2,4,14.07,37.95,478,284,55,525.33,15240,0.2545
1.0,9,0,8.36,99.34,0.7778,1,Fresh Starter,Fresh Starter,4.22,0,-1.0,0,1,0.0,6.83,479,38,9,75.2,15241,0.4444
0.8974,35,3,13.06,129.14,0.6923,5,Flexible Learner,Flexible Learner,5.21,1.0,0.0,3,3,27.95,72.77,480,203,39,509.2,15242,0.4103
0.7955,35,2,12.31,135.51,0.7727,5,Flexible Learner,Flexible Learner,4.66,0.6667,-0.4,3,5,37.43,31.23,481,205,44,541.77,15243,0.2955
0.6724,39,4,12.74,120.82,1.0,5,Consistent Climber,Consistent Climber,5.36,0.6667,1.0,6,3,51.03,57.03,482,311,58,739.02,15244,0.0
0.9189,34,2,12.05,136.43,0.7027,3,Flexible Learner,Flexible Learner,4.54,1.0,0.0,2,2,14.07,16.93,483,168,37,445.7,15245,0.2432
1.0,22,2,9.93,91.01,0.6364,2,Fresh Starter,Fresh Starter,5.32,1.0,0.0,2,2,13.68,32.53,484,117,22,218.35,15246,0.3182
0.775,31,2,10.95,106.39,0.8,3,Flexible Learner,Flexible Learner,5.17,0.6667,0.5,3,2,33.47,22.35,485,207,40,438.17,15247,0.325
0.7705,47,5,13.9,136.12,1.0,5,High Achiever,High Achiever,5.36,0.7143,0.75,7,4,96.93,34.57,486,327,61,848.03,15248,0.1967
0.5789,44,4,11.13,103.27,1.0,4,Consistent Climber,Consistent Climber,5.41,0.5714,0.75,7,4,57.4,30.98,487,411,76,846.08,15249,0.0
0.6406,41,4,15.65,155.26,1.0,4,Consistent Climber,Consistent Climber,5.27,0.4444,0.8,9,5,121.67,73.9,488,337,64,1001.62,15250,0.0
1.0,19,2,11.88,104.42,0.6316,4,Fresh Starter,Fresh Starter,5.68,1.0,2,2,0,18.4,0.0,489,108,19,225.78,15251,0.2632
0.6964,39,2,13.93,130.53,1.0,5,Consistent Climber,Consistent Climber,5.57,1.0,-0.6,2,5,15.77,40.38,490,312,56,780.0,15252,0.0
0.7115,37,4,15.66,165.46,1.0,4,Consistent Climber,Consistent Climber,4.92,0.6667,0.5,6,4,135.25,67.5,491,256,52,814.43,15253,0.0
0.7442,32,2,9.54,82.33,0.814,3,Flexible Learner,Flexible Learner,5.53,0.6667,0.5,3,2,23.18,24.82,492,238,43,410.02,15254,0.3488
0.5974,46,4,9.18,83.0,1.0,5,Consistent Climber,Consistent Climber,5.26,0.5714,0.0,7,7,60.45,55.03,493,405,77,707.0,15255,0.0
1.0,24,4,11.38,100.25,0.7083,3,Fresh Starter,Fresh Starter,5.75,1.0,0.3333,4,3,39.4,26.15,494,138,24,273.17,15256,0.1667
0.9394,31,2,10.19,92.12,0.7273,5,Flexible Learner,Flexible Learner,5.45,1.0,-0.3333,2,3,24.1,28.68,495,180,33,336.12,15257,0.1818
1.0,24,4,16.12,177.28,0.75,3,Fresh Starter,Fresh Starter,4.79,1.0,1.0,4,2,23.83,13.38,496,115,24,386.95,15258,0.3333
0.75,39,2,11.46,110.87,0.9038,7,Flexible Learner,Flexible Learner,5.15,1.0,-0.5,2,4,10.35,36.17,497,268,52,596.13,15259,0.3077
0.5714,16,1,11.91,108.7,0.1429,2,Weekend Learner,Weekend Learner,5.57,0.3333,-0.25,3,4,58.55,28.48,498,156,28,333.62,15260,0.9643
0.6667,34,2,13.84,118.79,1.0,4,Consistent Climber,Consistent Climber,6.06,0.5,0.3333,4,3,37.23,34.13,499,309,51,706.03,15261,0.0
0.7895,15,0,8.86,87.02,1.0,3,Deep Focus Learner,Deep Focus Learner,5.0,0,-1.0,0,2,0.0,15.22,500,95,19,168.25,15262,0.2105
0.7931,23,1,10.69,94.77,0.7586,2,Flexible Learner,Flexible Learner,5.59,0.5,0.0,2,2,19.48,20.55,501,162,29,310.03,15263,0.4138
0.7077,46,4,12.67,112.89,1.0,4,High Achiever,High Achiever,5.71,0.6667,0.5,6,4,112.1,33.27,502,371,65,823.38,15264,0.2154
0.8421,32,4,12.89,132.67,0.7368,4,Flexible Learner,Flexible Learner,4.97,0.8,1.5,5,2,51.45,13.03,503,189,38,489.87,15265,0.3158
0.8,44,1,16.28,150.04,0.8182,7,Flexible Learner,Flexible Learner,5.76,1.0,-0.5,1,2,8.25,23.97,504,317,55,895.3,15266,0.4
0.5,23,2,8.84,80.11,0.1087,2,Weekend Learner,Weekend Learner,5.13,0.3333,5.0,6,1,53.72,7.18,505,236,46,406.8,15267,0.9783
0.5333,24,2,11.54,108.05,0.2889,2,Weekend Learner,Weekend Learner,5.4,0.4,0.25,5,4,115.72,48.82,506,243,45,519.08,15268,0.9778
1.0,18,2,12.05,99.31,1.0,2,Deep Focus Learner,Deep Focus Learner,5.94,1.0,2,2,0,20.8,0.0,507,107,18,216.9,15269,0.4444
1.0,11,0,12.39,157.11,0.5455,2,Fresh Starter,Fresh Starter,4.09,0,-1.0,0,2,0.0,22.37,508,45,11,136.27,15270,0.3636
0.825,33,3,12.06,138.7,0.725,3,Flexible Learner,Flexible Learner,4.38,1.0,0.0,3,3,44.12,24.55,509,175,40,482.3,15271,0.325
0.8,24,2,17.93,172.4,0.7667,2,Flexible Learner,Flexible Learner,5.6,1.0,0.0,2,2,41.1,59.6,510,168,30,538.0,15272,0.3333
0.6415,34,2,12.57,111.87,1.0,3,Consistent Climber,Consistent Climber,5.7,0.6667,2.0,3,1,31.43,6.77,511,302,53,666.17,15273,0.0
1.0,15,2,15.76,176.41,0.6667,2,Fresh Starter,Fresh Starter,4.73,1.0,1.0,2,1,12.45,9.37,512,71,15,236.33,15274,0.0667
0.8095,34,3,9.01,85.1,0.8095,3,Flexible Learner,Flexible Learner,5.12,1.0,-0.5,3,6,26.5,56.68,513,215,42,378.33,15275,0.3095
0.8298,39,2,13.93,138.8,0.6809,4,Flexible Learner,Flexible Learner,5.19,1.0,1.0,2,1,27.03,7.5,514,244,47,654.75,15276,0.1702
0.9167,22,3,11.35,92.72,1.0,2,Deep Focus Learner,Deep Focus Learner,6.04,0.75,3.0,4,1,33.28,6.35,515,145,24,272.37,15277,0.4167
0.6329,50,4,11.68,102.73,1.0,5,Consistent Climber,Consistent Climber,5.71,0.5714,-0.3,7,10,75.5,100.45,516,451,79,922.78,15278,0.0
0.8163,40,2,14.62,147.39,1.0,4,Consistent Climber,Consistent Climber,5.2,1.0,-0.6,2,5,33.85,76.72,517,255,49,716.25,15279,0.0
0.6761,48,4,17.19,192.47,1.0,6,High Achiever,High Achiever,4.8,0.8,0.0,5,5,57.27,31.45,518,341,71,1220.43,15280,0.1408
0.9048,19,3,11.31,144.84,1.0,2,Deep Focus Learner,Deep Focus Learner,3.9,0.75,1.0,4,2,58.05,16.43,519,82,21,237.43,15281,0.381
0.7391,34,3,14.24,148.2,1.0,3,Consistent Climber,Consistent Climber,5.0,0.6,1.5,5,2,76.37,31.1,520,230,46,655.03,15282,0.0
0.5897,23,2,10.95,99.35,0.1538,2,Weekend Learner,Weekend Learner,5.44,0.5,-0.2,4,5,39.52,46.23,521,212,39,427.23,15283,0.9744
0.8462,22,3,13.06,134.08,1.0,2,Deep Focus Learner,Deep Focus Learner,5.0,0.75,3.0,4,1,75.48,53.78,522,130,26,339.52,15284,0.3462
0.8378,31,3,15.98,164.73,0.8378,4,Flexible Learner,Flexible Learner,5.16,1.0,-0.25,3,4,64.6,40.72,523,191,37,591.3,15285,0.3514
0.7089,56,3,20.34,207.59,1.0,6,High Achiever,High Achiever,5.32,0.6,0.25,5,4,196.78,110.92,524,420,79,1606.88,15286,0.1772
0.6981,37,1,18.16,163.01,1.0,4,Consistent Climber,Consistent Climber,5.98,1.0,-0.5,1,2,10.98,11.48,525,317,53,962.53,15287,0.0
1.0,20,2,9.67,85.38,0.7,3,Fresh Starter,Fresh Starter,5.6,1.0,1.0,2,1,12.93,12.75,526,112,20,193.42,15288,0.3
0.875,35,4,13.75,148.56,0.775,5,Flexible Learner,Flexible Learner,4.8,0.8,4.0,5,1,39.35,6.23,527,192,40,550.07,15289,0.25
0.6615,43,4,11.86,115.85,1.0,5,Consistent Climber,Consistent Climber,5.26,0.8,0.25,5,4,44.57,29.55,528,342,65,771.15,15290,0.0
0.871,27,3,13.31,129.07,0.6129,2,Flexible Learner,Flexible Learner,5.35,0.75,0.0,4,4,50.48,97.8,529,166,31,412.52,15291,0.2581
1.0,14,1,15.1,141.83,0.7857,2,Fresh Starter,Fresh Starter,5.43,1.0,-0.5,1,2,6.43,19.78,530,76,14,211.43,15292,0.3571
0.825,33,3,11.08,100.18,0.725,5,Flexible Learner,Flexible Learner,5.53,1.0,0.0,3,3,23.12,27.43,531,221,40,443.02,15293,0.275
0.7385,48,4,10.64,89.18,1.0,6,High Achiever,High Achiever,5.92,0.8,-0.375,5,8,45.95,77.33,532,385,65,691.42,15294,0.1692
0.5897,23,2,9.47,80.04,0.4359,2,Weekend Learner,Weekend Learner,5.74,1.0,0.0,2,2,17.4,13.3,533,224,39,369.52,15295,0.9487
1.0,23,3,10.14,104.34,0.7826,3,Fresh Starter,Fresh Starter,4.7,1.0,2.0,3,1,26.93,6.98,534,108,23,233.15,15296,0.3478
1.0,8,0,11.13,106.4,0.625,2,Fresh Starter,Fresh Starter,5.25,0,0,0,0,0.0,0.0,535,42,8,89.02,15297,0.125
0.5814,25,1,22.26,204.71,0.1628,3,Weekend Learner,Weekend Learner,5.98,0.3333,-0.25,3,4,58.03,86.9,536,257,43,956.98,15298,0.9535
0.6747,56,2,13.12,126.79,1.0,6,High Achiever,High Achiever,5.31,0.6667,-0.5,3,6,52.78,82.48,537,441,83,1088.65,15299,0.1205
0.9167,22,1,14.82,175.23,1.0,3,Deep Focus Learner,Deep Focus Learner,4.38,1.0,0.0,1,1,2.67,8.07,538,105,24,355.58,15300,0.2917
0.6923,45,5,14.5,128.48,1.0,4,High Achiever,High Achiever,5.94,0.7143,1.3333,7,3,99.17,36.97,539,386,65,942.53,15301,0.2154
0.8333,30,2,11.83,125.75,0.75,4,Flexible Learner,Flexible Learner,4.83,1.0,-0.6,2,5,13.9,44.73,540,174,36,425.95,15302,0.1667
1.0,21,0,14.38,134.82,0.6667,3,Fresh Starter,Fresh Starter,5.57,0,-1.0,0,4,0.0,86.7,541,117,21,302.02,15303,0.2381
0.6923,18,1,9.66,86.4,0.2308,2,Weekend Learner,Weekend Learner,5.62,1.0,-0.75,1,4,8.6,24.88,542,146,26,251.17,15304,0.9231
0.697,23,0,12.81,149.08,1.0,5,Deep Focus Learner,Deep Focus Learner,4.3,0,-1.0,0,5,0.0,68.87,543,142,33,422.83,15305,0.4545
0.7,49,4,9.36,84.57,1.0,5,Consistent Climber,Consistent Climber,5.24,0.5714,6.0,7,1,58.93,12.35,544,367,70,655.08,15306,0.0
0.8611,31,3,13.85,144.02,0.8056,2,Flexible Learner,Flexible Learner,4.97,1.0,0.0,3,3,94.75,70.57,545,179,36,498.63,15307,0.25
0.6667,50,5,11.85,108.58,1.0,4,High Achiever,High Achiever,5.56,0.8333,0.5,6,4,47.63,102.52,546,417,75,888.82,15308,0.1067
0.9048,19,1,9.87,92.89,1.0,2,Deep Focus Learner,Deep Focus Learner,5.24,0.5,2,2,0,26.62,0.0,547,110,21,207.18,15309,0.3333
0.7391,17,1,12.62,114.63,0.2609,2,Weekend Learner,Weekend Learner,5.61,0.5,-0.3333,2,3,33.22,46.67,548,129,23,290.18,15310,1.0
1.0,9,0,15.65,155.66,0.6667,2,Fresh Starter,Fresh Starter,5.22,0,0,0,0,0.0,0.0,549,47,9,140.88,15311,0.2222
0.7308,38,3,12.72,133.07,0.7885,3,Flexible Learner,Flexible Learner,4.88,1.0,-0.4,3,5,24.05,45.47,550,254,52,661.38,15312,0.2308
0.9259,25,0,14.82,148.58,1.0,3,Deep Focus Learner,Deep Focus Learner,5.15,0,-1.0,0,2,0.0,19.95,551,139,27,400.08,15313,0.3333
0.6957,32,3,9.58,95.83,1.0,3,Consistent Climber,Consistent Climber,4.89,0.5,5.0,6,1,57.15,10.7,552,225,46,440.58,15314,0.0
0.8235,28,3,12.5,139.56,1.0,2,Deep Focus Learner,Deep Focus Learner,4.59,0.75,-0.2,4,5,44.17,42.5,553,156,34,425.08,15315,0.2941
0.8372,36,6,14.15,158.67,0.7674,5,Flexible Learner,Flexible Learner,4.63,1.0,5.0,6,1,42.45,26.88,554,199,43,608.35,15316,0.3256
0.8333,30,2,11.77,105.94,1.0,3,Deep Focus Learner,Deep Focus Learner,5.56,0.4,4.0,5,1,51.63,14.18,555,200,36,423.72,15317,0.3333
0.8421,32,2,11.95,100.46,1.0,4,Deep Focus Learner,Deep Focus Learner,5.97,0.5,1.0,4,2,32.27,19.82,556,227,38,454.0,15318,0.3421
0.6557,40,4,11.32,95.88,1.0,4,Consistent Climber,Consistent Climber,5.92,0.8,-0.1667,5,6,58.9,63.17,557,361,61,690.77,15319,0.0
0.8421,32,2,16.0,154.26,0.7105,3,Flexible Learner,Flexible Learner,5.55,1.0,1.0,2,1,14.27,10.67,558,211,38,607.95,15320,0.2632
0.6447,49,4,12.47,108.0,1.0,5,Consistent Climber,Consistent Climber,5.84,0.8,-0.5455,5,11,185.3,88.05,559,444,76,948.03,15321,0.0
0.6842,39,1,12.66,126.94,1.0,3,Consistent Climber,Consistent Climber,5.12,1.0,-0.8,1,5,5.4,49.42,560,292,57,721.77,15322,0.0
0.7812,25,0,17.47,169.72,1.0,2,Deep Focus Learner,Deep Focus Learner,5.5,0,-1.0,0,1,0.0,7.05,561,176,32,558.92,15323,0.2812
0.8571,30,5,11.39,106.97,0.7429,3,Flexible Learner,Flexible Learner,5.29,1.0,1.5,5,2,42.6,19.88,562,185,35,398.65,15324,0.2286
1.0,8,0,8.73,100.73,0.5,1,Fresh Starter,Fresh Starter,4.12,0,0,0,0,0.0,0.0,563,33,8,69.87,15325,0.25
1.0,16,0,9.98,87.16,0.5625,2,Fresh Starter,Fresh Starter,5.56,0,0,0,0,0.0,0.0,564,89,16,159.72,15326,0.1875
0.8148,22,2,16.05,172.57,1.0,3,Deep Focus Learner,Deep Focus Learner,4.89,1.0,0.0,2,2,44.12,20.93,565,132,27,433.3,15327,0.2963
0.5455,12,0,13.2,140.62,0.0455,3,Weekend Learner,Weekend Learner,4.73,0,-1.0,0,1,0.0,8.1,566,104,22,290.35,15328,0.9545
0.7719,44,3,11.16,114.82,1.0,5,Consistent Climber,Consistent Climber,4.88,0.75,0.0,4,4,40.68,58.15,567,278,57,636.3,15329,0.0
0.9048,19,2,17.6,171.2,1.0,3,Deep Focus Learner,Deep Focus Learner,5.43,1.0,1.0,2,1,15.52,7.57,568,114,21,369.6,15330,0.2381
0.6774,42,2,13.65,154.73,1.0,5,Consistent Climber,Consistent Climber,4.61,0.6667,0.0,3,3,50.12,22.62,569,286,62,846.25,15331,0.0
0.561,23,2,13.79,137.01,0.122,2,Weekend Learner,Weekend Learner,5.24,0.6667,0.5,3,2,81.77,16.9,570,215,41,565.57,15332,0.9756
0.8478,39,2,13.49,143.84,1.0,5,Consistent Climber,Consistent Climber,4.89,1.0,0.0,2,2,16.72,42.6,571,225,46,620.55,15333,0.0
0.6615,43,4,12.73,132.57,1.0,5,Consistent Climber,Consistent Climber,4.95,0.6667,2.0,6,2,62.27,47.25,572,322,65,827.22,15334,0.0
0.6806,49,3,12.99,139.56,1.0,5,Consistent Climber,Consistent Climber,4.81,0.5,0.2,6,5,70.78,139.87,573,346,72,935.08,15335,0.0
0.8056,29,1,18.02,186.65,0.6944,3,Flexible Learner,Flexible Learner,5.14,0.5,0.0,2,2,30.63,22.63,574,185,36,648.8,15336,0.3611
0.7917,38,3,9.4,85.42,0.7708,4,Flexible Learner,Flexible Learner,5.38,1.0,0.0,3,3,20.32,59.53,575,258,48,451.32,15337,0.1875
0.6081,45,3,17.76,180.55,1.0,4,Consistent Climber,Consistent Climber,5.34,0.5,-0.1429,6,7,159.3,99.8,576,395,74,1314.52,15338,0.0
0.6709,53,3,12.83,121.32,1.0,5,Consistent Climber,Consistent Climber,5.43,1.0,-0.25,3,4,39.85,40.43,577,429,79,1013.38,15339,0.0
0.6875,44,3,13.32,138.09,1.0,4,Consistent Climber,Consistent Climber,4.95,1.0,-0.25,3,4,62.53,61.6,578,317,64,852.17,15340,0.0
0.6833,41,2,10.42,92.67,1.0,4,Consistent Climber,Consistent Climber,5.62,0.6667,0.0,3,3,38.35,36.18,579,337,60,625.25,15341,0.0
0.8276,24,2,12.05,105.23,0.8276,2,Flexible Learner,Flexible Learner,5.76,1.0,1.0,2,1,23.0,13.5,580,167,29,349.58,15342,0.3103
1.0,24,2,9.39,95.62,0.5833,3,Fresh Starter,Fresh Starter,4.75,1.0,1.0,2,1,15.73,6.65,581,114,24,225.35,15343,0.125
0.8966,26,1,11.83,118.21,0.7931,4,Flexible Learner,Flexible Learner,5.03,1.0,-0.6667,1,3,7.5,58.22,582,146,29,343.13,15344,0.3448
0.8182,27,0,12.68,122.06,0.6667,3,Flexible Learner,Flexible Learner,5.3,0,-1.0,0,2,0.0,28.27,583,175,33,418.4,15345,0.303
0.8519,46,5,10.21,92.26,0.6852,5,Flexible Learner,Flexible Learner,5.44,0.8333,2.0,6,2,53.15,18.47,584,294,54,551.32,15346,0.2963
0.7857,33,3,16.37,162.25,0.6905,4,Flexible Learner,Flexible Learner,5.36,1.0,0.5,3,2,25.85,42.85,585,225,42,687.47,15347,0.2619
0.6765,46,4,12.47,135.6,1.0,3,Consistent Climber,Consistent Climber,4.72,0.8,0.25,5,4,41.7,32.52,586,321,68,847.8,15348,0.0
1.0,9,0,11.37,83.84,0.6667,1,Fresh Starter,Fresh Starter,6.78,0,-1.0,0,1,0.0,9.78,587,61,9,102.37,15349,0.4444
0.6897,40,2,10.87,99.13,1.0,5,Consistent Climber,Consistent Climber,5.47,0.6667,-0.5714,3,7,27.08,93.82,588,317,58,630.33,15350,0.0
1.0,24,1,12.32,115.65,0.5833,2,Fresh Starter,Fresh Starter,5.42,1.0,0.0,1,1,13.45,7.97,589,130,24,295.67,15351,0.375
1.0,23,1,15.92,161.92,0.6087,3,Fresh Starter,Fresh Starter,5.13,1.0,-0.6667,1,3,13.83,63.0,590,118,23,366.22,15352,0.1739
0.5909,13,1,8.88,90.4,0.0455,2,Weekend Learner,Weekend Learner,4.64,0.5,1.0,2,1,12.47,8.95,591,102,22,195.37,15353,1.0
0.9565,22,2,9.71,86.75,1.0,2,Deep Focus Learner,Deep Focus Learner,5.52,1.0,-0.3333,2,3,15.83,25.08,592,127,23,223.43,15354,0.3043
0.8529,29,4,18.87,181.18,1.0,3,Deep Focus Learner,Deep Focus Learner,5.59,0.6667,2.0,6,2,98.58,59.25,593,190,34,641.57,15355,0.2059
0.527,39,4,10.81,93.64,1.0,4,Consistent Climber,Consistent Climber,5.76,0.4,0.4286,10,7,105.37,65.9,594,426,74,800.22,15356,0.0
0.62,31,2,16.67,177.63,1.0,3,Consistent Climber,Consistent Climber,5.0,1.0,2,2,0,54.35,0.0,595,250,50,833.43,15357,0.0
0.9524,20,2,13.96,133.49,1.0,2,Deep Focus Learner,Deep Focus Learner,5.48,1.0,1.0,2,1,29.63,7.33,596,115,21,293.1,15358,0.2381
0.6522,45,4,15.12,138.01,1.0,5,Consistent Climber,Consistent Climber,5.72,0.5714,0.75,7,4,75.12,84.82,597,395,69,1043.32,15359,0.0
0.5263,20,2,8.5,71.77,0.1842,2,Weekend Learner,Weekend Learner,5.63,0.6667,0.0,3,3,24.57,21.6,598,214,38,322.87,15360,1.0
0.9231,24,1,9.11,81.76,1.0,3,Deep Focus Learner,Deep Focus Learner,5.35,1.0,0.0,1,1,13.4,20.08,599,139,26,236.83,15361,0.2308
0.7778,14,2,10.2,97.71,1.0,2,Deep Focus Learner,Deep Focus Learner,5.11,1.0,2,2,0,14.1,0.0,600,92,18,183.68,15362,0.2778
0.8788,29,2,12.94,107.1,1.0,3,Deep Focus Learner,Deep Focus Learner,6.24,1.0,2,2,0,23.07,0.0,601,206,33,427.03,15363,0.2424
0.7857,33,1,9.79,96.61,0.7857,5,Flexible Learner,Flexible Learner,4.93,0.5,-0.5,2,4,16.1,37.4,602,207,42,411.03,15364,0.3333
0.5875,47,4,11.8,109.14,1.0,5,Consistent Climber,Consistent Climber,5.46,0.5714,-0.125,7,8,109.13,144.9,603,437,80,944.32,15365,0.0
0.8889,16,0,7.97,72.41,1.0,2,Deep Focus Learner,Deep Focus Learner,5.17,0,0,0,0,0.0,0.0,604,93,18,143.55,15366,0.2778
0.8333,40,3,10.26,106.63,0.6875,3,Flexible Learner,Flexible Learner,4.75,0.6,0.0,5,5,49.87,38.58,605,228,48,492.55,15367,0.2917
0.6774,21,0,19.23,187.04,0.2258,2,Weekend Learner,Weekend Learner,5.61,0,-1.0,0,3,0.0,66.6,606,174,31,596.15,15368,0.9677
0.7907,34,4,12.91,111.29,0.6744,3,Flexible Learner,Flexible Learner,5.91,0.6667,1.0,6,3,46.02,38.67,607,254,43,555.07,15369,0.2093
0.8966,26,1,11.57,102.13,1.0,3,Deep Focus Learner,Deep Focus Learner,5.66,1.0,-0.5,1,2,12.67,18.1,608,164,29,335.67,15370,0.4483
0.6538,34,0,11.33,122.1,1.0,5,Consistent Climber,Consistent Climber,4.65,0,-1.0,0,3,0.0,22.45,609,242,52,589.15,15371,0.0
0.5714,44,3,16.24,171.19,1.0,5,Consistent Climber,Consistent Climber,5.08,0.4286,0.0,7,7,71.38,52.9,610,391,77,1250.7,15372,0.0
0.875,28,2,9.5,83.11,1.0,5,Deep Focus Learner,Deep Focus Learner,5.44,0.6667,0.5,3,2,29.43,23.1,611,174,32,304.0,15373,0.2812
0.7941,27,1,12.11,122.55,0.8235,2,Flexible Learner,Flexible Learner,5.06,1.0,-0.8,1,5,6.75,46.82,612,172,34,411.67,15374,0.3529
0.6818,45,4,9.99,89.22,1.0,4,Consistent Climber,Consistent Climber,5.42,0.5714,0.75,7,4,72.28,33.98,613,358,66,659.12,15375,0.0
0.7097,44,4,12.18,120.81,1.0,5,Consistent Climber,Consistent Climber,5.11,0.5714,1.3333,7,3,96.1,20.23,614,317,62,755.1,15376,0.0
0.6296,51,4,11.28,101.09,1.0,3,High Achiever,High Achiever,5.54,0.6667,0.2,6,5,47.1,47.53,615,449,81,913.77,15377,0.1605
0.75,45,3,15.46,165.54,1.0,5,High Achiever,High Achiever,4.87,0.75,-0.3333,4,6,45.22,94.65,616,292,60,927.57,15378,0.15
0.7708,37,1,15.54,154.26,0.6875,3,Flexible Learner,Flexible Learner,5.25,1.0,-0.8333,1,6,33.35,111.27,617,252,48,745.9,15379,0.3125
0.85,17,0,9.21,80.37,1.0,2,Deep Focus Learner,Deep Focus Learner,5.5,0,-1.0,0,1,0.0,11.2,618,110,20,184.23,15380,0.35
0.75,36,4,17.57,177.94,1.0,4,Consistent Climber,Consistent Climber,5.27,0.8,1.5,5,2,149.02,15.45,619,253,48,843.48,15381,0.0
1.0,16,0,8.6,99.98,0.9375,2,Fresh Starter,Fresh Starter,4.0,0,-1.0,0,1,0.0,8.25,620,64,16,137.53,15382,0.5625
0.6053,46,3,15.8,157.98,1.0,5,Consistent Climber,Consistent Climber,5.29,0.5,0.2,6,5,73.72,135.55,621,402,76,1200.45,15383,0.0
0.5806,18,2,13.76,137.35,0.2581,2,Weekend Learner,Weekend Learner,5.19,0.6667,0.5,3,2,16.82,18.1,622,161,31,426.48,15384,0.9677
0.9189,34,2,11.44,116.68,0.6757,4,Flexible Learner,Flexible Learner,4.95,1.0,0.0,2,2,14.25,19.42,623,183,37,423.43,15385,0.2973
0.6143,43,4,16.09,172.07,1.0,4,Consistent Climber,Consistent Climber,4.93,0.5,3.0,8,2,85.43,67.4,624,345,70,1126.3,15386,0.0
0.8367,41,4,11.32,122.42,0.7347,4,Flexible Learner,Flexible Learner,4.65,0.8,0.0,5,5,65.9,46.18,625,228,49,554.8,15387,0.2449
1.0,14,1,7.75,81.19,0.5,2,Fresh Starter,Fresh Starter,4.5,1.0,1,1,0,9.55,0.0,626,63,14,108.53,15388,0.0714
1.0,23,0,8.57,80.1,0.6957,2,Fresh Starter,Fresh Starter,5.13,0,-1.0,0,2,0.0,21.83,627,118,23,197.17,15389,0.2174
0.5694,41,2,11.41,126.2,1.0,4,Consistent Climber,Consistent Climber,4.5,1.0,-0.5,2,4,21.67,48.32,628,324,72,821.42,15390,0.0
0.5,22,2,14.14,136.46,0.1818,3,Weekend Learner,Weekend Learner,5.43,0.5,3.0,4,1,76.4,6.28,629,239,44,622.2,15391,0.9318
1.0,21,2,13.97,158.99,0.5714,3,Fresh Starter,Fresh Starter,4.67,1.0,2,2,0,18.62,0.0,630,98,21,293.38,15392,0.3333
0.8438,27,1,14.11,146.15,1.0,5,Deep Focus Learner,Deep Focus Learner,5.06,0.5,1.0,2,1,70.12,6.48,631,162,32,451.67,15393,0.1562
0.7,49,4,9.02,83.29,1.0,5,Consistent Climber,Consistent Climber,5.14,0.8,-0.2857,5,7,43.05,56.15,632,360,70,631.63,15394,0.0
0.6712,49,3,11.62,113.45,1.0,4,Consistent Climber,Consistent Climber,5.18,0.75,0.0,4,4,67.43,47.97,633,378,73,848.6,15395,0.0
0.6957,16,1,13.2,132.9,0.1304,2,Weekend Learner,Weekend Learner,5.04,1.0,-0.5,1,2,5.87,10.63,634,116,23,303.6,15396,1.0
1.0,12,2,11.73,140.04,0.75,2,Fresh Starter,Fresh Starter,4.17,1.0,2,2,0,19.78,0.0,635,50,12,140.73,15397,0.25
1.0,18,1,11.25,100.79,0.6111,2,Fresh Starter,Fresh Starter,5.78,1.0,1,1,0,7.35,0.0,636,104,18,202.52,15398,0.3333
0.9062,29,4,17.48,157.66,1.0,4,Deep Focus Learner,Deep Focus Learner,5.94,0.8,1.5,5,2,157.58,59.37,637,190,32,559.3,15399,0.2812
0.6567,44,3,13.27,125.89,1.0,5,Consistent Climber,Consistent Climber,5.4,1.0,-0.5,3,6,19.98,73.68,638,362,67,889.02,15400,0.0
0.7083,17,1,12.95,112.83,0.3333,2,Weekend Learner,Weekend Learner,5.79,1.0,0.0,1,1,13.37,10.05,639,139,24,310.87,15401,1.0
0.9032,28,3,13.73,137.96,0.7097,3,Flexible Learner,Flexible Learner,5.1,1.0,0.0,3,3,33.78,30.97,640,158,31,425.65,15402,0.3548
0.7432,55,2,15.91,160.02,1.0,6,High Achiever,High Achiever,5.3,1.0,-0.7143,2,7,12.37,86.4,641,392,74,1177.15,15403,0.1892
0.9286,26,2,12.11,132.57,1.0,5,Deep Focus Learner,Deep Focus Learner,4.64,1.0,-0.3333,2,3,17.57,46.1,642,130,28,339.08,15404,0.5
0.6528,47,4,14.28,152.01,1.0,5,Consistent Climber,Consistent Climber,4.9,0.4444,2.0,9,3,153.17,18.42,643,353,72,1028.17,15405,0.0
0.7143,30,4,19.09,173.32,0.6905,3,Flexible Learner,Flexible Learner,6.0,0.6667,0.2,6,5,86.33,49.03,644,252,42,801.88,15406,0.2381
0.7193,41,3,16.39,170.34,1.0,5,Consistent Climber,Consistent Climber,5.18,0.75,0.3333,4,3,70.8,39.02,645,295,57,934.43,15407,0.0
0.5278,19,2,13.32,141.96,0.2778,2,Weekend Learner,Weekend Learner,4.81,1.0,-0.3333,2,3,13.47,19.22,646,173,36,479.67,15408,1.0
0.8,24,1,13.65,147.03,0.7667,2,Flexible Learner,Flexible Learner,4.83,1.0,-0.5,1,2,4.68,12.25,647,145,30,409.6,15409,0.2667
0.6406,41,3,11.05,95.15,1.0,5,Consistent Climber,Consistent Climber,5.83,0.4286,0.1667,7,6,72.08,47.5,648,373,64,706.93,15410,0.0
0.8214,23,2,13.08,133.74,0.7143,3,Flexible Learner,Flexible Learner,5.04,1.0,-0.3333,2,3,18.78,26.22,649,141,28,366.17,15411,0.1429
0.7333,22,1,12.39,131.03,1.0,4,Deep Focus Learner,Deep Focus Learner,5.0,0.5,-0.6667,2,6,17.18,51.53,650,150,30,371.78,15412,0.3333
0.7857,33,2,13.14,119.23,0.8571,4,Flexible Learner,Flexible Learner,5.67,1.0,-0.3333,2,3,46.32,45.7,651,238,42,551.82,15413,0.3571
0.6111,22,1,12.08,138.46,0.1944,2,Weekend Learner,Weekend Learner,4.39,1.0,-0.75,1,4,8.13,75.25,652,158,36,435.05,15414,0.9444
0.5897,46,4,19.46,186.11,1.0,4,Consistent Climber,Consistent Climber,5.63,0.8,0.25,5,4,88.58,82.58,653,439,78,1518.0,15415,0.0
0.6479,46,4,11.27,101.47,1.0,5,Consistent Climber,Consistent Climber,5.55,1.0,0.3333,4,3,36.72,28.95,654,394,71,800.48,15416,0.0
0.6286,44,3,12.2,118.71,1.0,5,Consistent Climber,Consistent Climber,5.26,1.0,-0.4,3,5,52.37,44.6,655,368,70,854.32,15417,0.0
0.8276,24,1,13.58,123.99,1.0,3,Deep Focus Learner,Deep Focus Learner,5.55,0.5,-0.5,2,4,19.4,56.9,656,161,29,393.77,15418,0.1724
1.0,12,1,13.44,182.09,0.5833,2,Fresh Starter,Fresh Starter,3.92,1.0,0.0,1,1,9.72,15.12,657,47,12,161.33,15419,0.25
0.8919,33,1,9.16,87.72,0.7568,5,Flexible Learner,Flexible Learner,4.97,0.5,-0.3333,2,3,17.47,17.07,658,184,37,338.8,15420,0.0811
0.7083,34,4,10.69,95.58,1.0,5,Consistent Climber,Consistent Climber,5.52,0.6667,-0.25,6,8,48.03,81.53,659,265,48,512.88,15421,0.0
0.8,32,0,14.78,165.06,0.85,4,Flexible Learner,Flexible Learner,4.7,0,0,0,0,0.0,0.0,660,188,40,591.15,15422,0.3
0.8,28,2,9.79,91.27,1.0,3,Deep Focus Learner,Deep Focus Learner,5.31,1.0,0.0,2,2,20.08,16.87,661,186,35,342.62,15423,0.1714
0.7077,46,2,14.72,143.51,1.0,4,High Achiever,High Achiever,5.4,0.4,0.25,5,4,90.68,41.98,662,351,65,956.95,15424,0.1231
0.7206,49,4,12.32,104.95,1.0,4,High Achiever,High Achiever,6.01,1.0,-0.6,4,10,61.02,118.75,663,409,68,837.93,15425,0.1765
0.6552,38,2,11.66,107.15,1.0,4,Consistent Climber,Consistent Climber,5.48,0.5,-0.4286,4,7,63.97,104.75,664,318,58,676.42,15426,0.0
0.5758,19,3,12.67,148.46,0.1818,2,Weekend Learner,Weekend Learner,4.36,0.5,5.0,6,1,73.77,5.17,665,144,33,418.15,15427,0.9394
0.8421,32,1,9.73,100.64,0.8158,8,Flexible Learner,Flexible Learner,4.74,1.0,-0.5,1,2,5.28,15.85,666,180,38,369.6,15428,0.2632
0.6522,15,0,9.48,81.88,0.1304,2,Weekend Learner,Weekend Learner,5.57,0,-1.0,0,3,0.0,33.02,667,128,23,218.07,15429,0.9565
0.7021,33,1,10.19,105.06,1.0,5,Consistent Climber,Consistent Climber,4.72,1.0,-0.5,1,2,7.35,16.57,668,222,47,478.8,15430,0.0
1.0,19,1,14.8,148.28,0.8421,2,Fresh Starter,Fresh Starter,5.26,1.0,1,1,0,7.83,0.0,669,100,19,281.22,15431,0.4737
0.8158,31,3,11.82,127.15,1.0,3,Deep Focus Learner,Deep Focus Learner,4.66,0.75,3.0,4,1,38.83,6.83,670,177,38,449.12,15432,0.2632
0.5443,43,4,10.71,92.96,1.0,4,Consistent Climber,Consistent Climber,5.71,0.6667,0.0,6,6,57.95,78.67,671,451,79,845.73,15433,0.0
0.8333,35,2,10.77,103.75,0.8095,5,Flexible Learner,Flexible Learner,5.31,1.0,2,2,0,36.88,0.0,672,223,42,452.4,15434,0.1905
1.0,20,0,11.26,105.29,0.65,3,Fresh Starter,Fresh Starter,5.15,0,-1.0,0,1,0.0,10.63,673,103,20,225.2,15435,0.25
1.0,8,0,9.43,83.02,0.75,2,Fresh Starter,Fresh Starter,5.38,0,-1.0,0,2,0.0,16.45,674,43,8,75.45,15436,0.25
0.9,27,1,10.2,85.57,1.0,3,Deep Focus Learner,Deep Focus Learner,5.77,1.0,-0.75,1,4,12.58,36.22,675,173,30,305.93,15437,0.4
0.6716,45,5,11.8,131.34,1.0,5,Consistent Climber,Consistent Climber,4.46,0.625,8,8,0,75.57,0.0,676,299,67,790.62,15438,0.0
0.7353,25,2,10.09,96.95,1.0,2,Deep Focus Learner,Deep Focus Learner,5.18,1.0,-0.3333,2,3,12.9,25.5,677,176,34,343.03,15439,0.0588
0.8627,44,2,10.38,91.78,0.7255,5,Flexible Learner,Flexible Learner,5.55,1.0,0.0,2,2,28.6,24.87,678,283,51,529.37,15440,0.3137
0.8,20,0,11.81,110.86,1.0,3,Deep Focus Learner,Deep Focus Learner,5.32,0,-1.0,0,5,0.0,60.65,679,133,25,295.27,15441,0.36
0.9,27,2,10.75,100.42,1.0,2,Deep Focus Learner,Deep Focus Learner,5.37,0.6667,2.0,3,1,24.1,8.28,680,161,30,322.38,15442,0.2667
0.8684,33,2,9.42,98.31,1.0,5,Deep Focus Learner,Deep Focus Learner,4.71,1.0,0.0,2,2,17.02,31.43,681,179,38,357.95,15443,0.3158
0.6667,44,3,11.06,102.19,1.0,5,Consistent Climber,Consistent Climber,5.33,1.0,-0.5,3,6,23.47,57.77,682,352,66,729.92,15444,0.0
0.8788,29,1,10.42,117.59,1.0,3,Deep Focus Learner,Deep Focus Learner,4.33,1.0,-0.75,1,4,25.95,38.75,683,143,33,343.97,15445,0.3636
0.7097,44,5,10.43,102.21,1.0,5,Consistent Climber,Consistent Climber,4.97,0.8333,1.0,6,3,91.52,28.88,684,308,62,646.45,15446,0.0
0.6567,44,5,11.63,106.23,1.0,5,Consistent Climber,Consistent Climber,5.49,0.625,0.6,8,5,87.78,78.37,685,368,67,779.33,15447,0.0
1.0,9,0,25.77,214.05,0.6667,2,Fresh Starter,Fresh Starter,6.78,0,-1.0,0,2,0.0,60.43,686,61,9,231.92,15448,0.6667
1.0,21,0,15.78,141.33,0.7143,2,Fresh Starter,Fresh Starter,6.0,0,-1.0,0,2,0.0,33.48,687,126,21,331.42,15449,0.2381
0.7879,26,2,13.73,135.53,1.0,3,Deep Focus Learner,Deep Focus Learner,5.24,0.6667,0.5,3,2,60.0,41.22,688,173,33,453.17,15450,0.4848
0.6377,44,4,16.42,161.89,1.0,5,Consistent Climber,Consistent Climber,5.38,0.5714,0.1667,7,6,81.22,151.6,689,371,69,1133.28,15451,0.0
0.8571,18,2,16.0,151.11,1.0,2,Deep Focus Learner,Deep Focus Learner,5.57,1.0,-0.3333,2,3,25.15,42.83,690,117,21,335.95,15452,0.2381
0.7222,39,3,13.85,142.34,0.7963,5,Flexible Learner,Flexible Learner,5.02,0.75,0.3333,4,3,36.78,18.12,691,271,54,747.87,15453,0.3148
0.5682,25,2,12.25,125.9,0.2045,2,Weekend Learner,Weekend Learner,4.91,1.0,1.0,2,1,55.88,17.23,692,216,44,538.92,15454,1.0
0.7119,42,3,11.31,102.34,1.0,5,Consistent Climber,Consistent Climber,5.61,0.6,0.25,5,4,32.0,55.43,693,331,59,667.57,15455,0.0
0.5714,16,0,14.02,145.91,0.1786,2,Weekend Learner,Weekend Learner,5.0,0,-1.0,0,1,0.0,11.95,694,140,28,392.53,15456,0.9643
0.6716,45,2,13.27,122.94,1.0,5,Consistent Climber,Consistent Climber,5.57,0.5,-0.3333,4,6,53.15,108.12,695,373,67,889.05,15457,0.0
0.6667,50,3,12.46,124.83,1.0,5,Consistent Climber,Consistent Climber,5.12,0.6,-0.375,5,8,85.93,82.32,696,384,75,934.13,15458,0.0
0.8611,31,3,14.5,149.86,1.0,5,Deep Focus Learner,Deep Focus Learner,5.0,1.0,2.0,3,1,66.98,5.77,697,180,36,522.03,15459,0.2222
0.8378,31,4,11.16,102.14,0.7568,3,Flexible Learner,Flexible Learner,5.51,1.0,-0.2,4,5,109.58,68.2,698,204,37,413.0,15460,0.3243
1.0,16,2,10.09,92.27,0.8125,2,Fresh Starter,Fresh Starter,5.31,1.0,-0.5,2,4,18.88,41.7,699,85,16,161.43,15461,0.4375
0.6349,40,2,10.54,95.82,1.0,5,Consistent Climber,Consistent Climber,5.46,0.6667,-0.5,3,6,70.22,59.68,700,344,63,664.33,15462,0.0
0.8929,25,1,12.78,119.23,1.0,2,Deep Focus Learner,Deep Focus Learner,5.43,1.0,-0.6667,1,3,8.8,75.37,701,152,28,357.73,15463,0.3214
0.65,39,2,15.27,150.62,1.0,4,Consistent Climber,Consistent Climber,5.35,0.6667,2.0,3,1,83.03,4.87,702,321,60,916.47,15464,0.0
0.6,21,0,10.55,104.43,0.1429,2,Weekend Learner,Weekend Learner,5.0,0,-1.0,0,3,0.0,25.08,703,175,35,369.22,15465,1.0
0.76,38,4,10.7,89.05,0.66,4,Flexible Learner,Flexible Learner,5.88,1.0,0.0,4,4,40.1,34.75,704,294,50,534.98,15466,0.28
1.0,18,1,14.59,132.44,0.8889,2,Fresh Starter,Fresh Starter,5.83,1.0,0.0,1,1,13.55,5.73,705,105,18,262.55,15467,0.2778
0.641,25,2,10.56,94.92,0.3333,2,Weekend Learner,Weekend Learner,5.46,0.6667,0.5,3,2,67.32,12.22,706,213,39,411.95,15468,1.0
1.0,22,0,10.34,96.61,0.6364,3,Fresh Starter,Fresh Starter,5.23,0,-1.0,0,1,0.0,9.87,707,115,22,227.57,15469,0.2273
0.6462,42,2,13.82,131.5,1.0,5,Consistent Climber,Consistent Climber,5.46,1.0,-0.7143,2,7,20.42,134.07,708,355,65,898.12,15470,0.0
0.8261,19,2,11.61,105.45,1.0,2,Deep Focus Learner,Deep Focus Learner,5.48,1.0,0.0,2,2,17.45,27.3,709,126,23,267.12,15471,0.1739
0.75,24,1,15.02,131.73,1.0,2,Deep Focus Learner,Deep Focus Learner,6.06,1.0,-0.6667,1,3,11.13,26.93,710,194,32,480.63,15472,0.25
1.0,10,1,8.63,90.23,0.5,1,Fresh Starter,Fresh Starter,4.7,1.0,1,1,0,8.43,0.0,711,47,10,86.33,15473,0.1
0.8163,40,3,13.13,147.02,0.7347,6,Flexible Learner,Flexible Learner,4.61,0.75,-0.2,4,5,38.48,66.9,712,226,49,643.43,15474,0.2245
0.7424,49,3,12.11,128.23,1.0,5,Consistent Climber,Consistent Climber,4.8,1.0,-0.25,3,4,25.77,91.5,713,317,66,799.28,15475,0.0
1.0,8,1,10.06,109.16,0.75,1,Fresh Starter,Fresh Starter,4.62,1.0,-0.5,1,2,5.25,20.8,714,37,8,80.47,15476,0.125
0.6667,16,1,12.83,133.68,0.5,2,Weekend Learner,Weekend Learner,4.96,0.5,1.0,2,1,74.9,13.47,715,119,24,308.03,15477,0.9583
0.7069,41,4,14.24,130.64,1.0,4,Consistent Climber,Consistent Climber,5.66,0.8,0.25,5,4,37.22,40.9,716,328,58,826.03,15478,0.0
0.5778,26,1,12.72,143.03,0.1778,2,Weekend Learner,Weekend Learner,4.56,0.5,-0.6,2,5,12.62,41.45,717,205,45,572.38,15479,0.9778
1.0,16,0,14.33,133.6,0.75,2,Fresh Starter,Fresh Starter,5.56,0,0,0,0,0.0,0.0,718,89,16,229.28,15480,0.375
0.5844,45,5,12.02,101.57,1.0,4,High Achiever,High Achiever,6.04,0.5556,0.2857,9,7,140.67,83.73,719,465,77,925.75,15481,0.1818
0.5797,40,3,13.08,133.67,1.0,3,Consistent Climber,Consistent Climber,5.04,0.75,1.0,4,2,31.92,12.42,720,348,69,902.32,15482,0.0
0.6429,54,2,18.57,181.02,1.0,6,High Achiever,High Achiever,5.55,1.0,-0.7143,2,7,27.62,186.43,721,466,84,1560.08,15483,0.1905
1.0,10,1,7.32,89.38,0.6,2,Fresh Starter,Fresh Starter,3.7,1.0,1,1,0,6.4,0.0,722,37,10,73.18,15484,0.3
0.5977,52,4,19.55,188.74,1.0,6,High Achiever,High Achiever,5.64,0.5,0.6,8,5,163.13,109.38,723,491,87,1701.08,15485,0.1609
0.8108,30,4,12.77,141.43,0.7027,2,Flexible Learner,Flexible Learner,4.62,1.0,3.0,4,1,36.3,4.75,724,171,37,472.58,15486,0.2703
0.5938,19,2,9.06,85.33,0.125,2,Weekend Learner,Weekend Learner,5.19,0.6667,-0.4,3,5,23.2,40.72,725,166,32,289.88,15487,0.9375
0.8261,38,3,10.4,97.22,0.7826,3,Flexible Learner,Flexible Learner,5.24,1.0,0.0,3,3,29.35,18.07,726,241,46,478.48,15488,0.2609
0.5652,26,2,12.45,118.26,0.1739,3,Weekend Learner,Weekend Learner,5.37,0.4,0.6667,5,3,74.48,54.68,727,247,46,572.58,15489,0.9348
0.6,36,3,12.54,114.08,1.0,4,Consistent Climber,Consistent Climber,5.55,0.375,1.6667,8,3,76.58,27.55,728,333,60,752.25,15490,0.0
0.9211,35,1,10.75,98.6,0.7105,4,Flexible Learner,Flexible Learner,5.34,0.5,0.0,2,2,20.25,23.78,729,203,38,408.58,15491,0.3158
0.6986,51,5,16.81,163.82,1.0,5,High Achiever,High Achiever,5.48,0.625,0.6,8,5,179.05,92.38,730,400,73,1227.02,15492,0.1644
0.7119,42,3,11.98,113.87,1.0,5,Consistent Climber,Consistent Climber,5.31,0.75,4,4,0,38.37,0.0,731,313,59,706.63,15493,0.0
0.8571,24,3,12.59,132.28,0.7143,3,Flexible Learner,Flexible Learner,4.79,1.0,2.0,3,1,19.78,5.45,732,134,28,352.58,15494,0.3214
0.6765,46,2,11.57,99.01,1.0,5,Consistent Climber,Consistent Climber,5.88,0.6667,0.0,3,3,33.02,47.4,733,400,68,787.1,15495,0.0
1.0,16,1,12.5,112.41,0.625,3,Fresh Starter,Fresh Starter,5.75,1.0,1,1,0,9.07,0.0,734,92,16,199.93,15496,0.25
0.55,22,1,12.34,114.32,0.225,2,Weekend Learner,Weekend Learner,5.53,0.3333,0.0,3,3,21.47,21.88,735,221,40,493.42,15497,1.0
0.5946,22,1,11.82,141.5,0.2162,2,Weekend Learner,Weekend Learner,4.3,1.0,-0.6667,1,3,8.82,29.15,736,159,37,437.52,15498,1.0
0.64,48,3,16.74,168.53,1.0,4,High Achiever,High Achiever,5.28,0.75,3.0,4,1,102.7,6.33,737,396,75,1255.47,15499,0.16
0.8276,24,1,8.57,79.93,1.0,3,Deep Focus Learner,Deep Focus Learner,5.07,0.5,2,2,0,12.75,0.0,738,147,29,248.45,15500,0.3103
0.7727,17,1,15.7,144.49,1.0,2,Deep Focus Learner,Deep Focus Learner,5.77,1.0,-0.5,1,2,10.37,20.6,739,127,22,345.5,15501,0.2727
0.6234,48,3,13.38,127.24,1.0,5,High Achiever,High Achiever,5.47,0.6,-0.5,5,10,44.03,213.73,740,421,77,1030.2,15502,0.1429
0.8158,31,1,12.37,116.51,1.0,4,Deep Focus Learner,Deep Focus Learner,5.34,1.0,-0.5,1,2,7.9,15.85,741,203,38,469.88,15503,0.2105
0.6849,50,1,10.88,94.8,1.0,3,High Achiever,High Achiever,5.73,0.3333,-0.5,3,6,35.15,52.87,742,418,73,793.93,15504,0.1781
0.5682,50,3,10.1,88.24,1.0,6,High Achiever,High Achiever,5.6,0.3,2.3333,10,3,100.62,38.18,743,493,88,888.5,15505,0.2386
0.8125,39,1,10.54,99.8,0.8542,3,Flexible Learner,Flexible Learner,5.15,1.0,-0.8,1,5,16.77,40.45,744,247,48,505.88,15506,0.2292
0.561,23,2,15.12,173.46,0.122,2,Weekend Learner,Weekend Learner,4.61,1.0,1.0,2,1,16.15,4.93,745,189,41,619.97,15507,0.9756
0.5875,47,4,18.95,195.9,1.0,5,Consistent Climber,Consistent Climber,5.25,0.4,0.4286,10,7,122.8,127.2,746,420,80,1516.23,15508,0.0
0.8966,26,2,12.75,117.81,1.0,6,Deep Focus Learner,Deep Focus Learner,5.59,1.0,1.0,2,1,16.18,6.48,747,162,29,369.67,15509,0.2759
0.8056,29,2,10.78,105.93,0.75,2,Flexible Learner,Flexible Learner,5.06,1.0,-0.3333,2,3,23.92,25.38,748,182,36,387.98,15510,0.3056
0.6866,46,5,11.08,117.63,1.0,5,Consistent Climber,Consistent Climber,4.7,0.5,1.5,10,4,104.45,32.37,749,315,67,742.38,15511,0.0
0.6986,51,3,13.26,117.19,1.0,6,High Achiever,High Achiever,5.85,0.6,-0.1667,5,6,88.4,53.53,750,427,73,968.07,15512,0.1644
0.6286,22,0,14.28,171.5,0.1714,2,Weekend Learner,Weekend Learner,4.4,0,-1.0,0,2,0.0,58.12,751,154,35,499.72,15513,0.9429
0.5818,32,2,13.02,116.12,1.0,4,Consistent Climber,Consistent Climber,5.78,0.3333,0.2,6,5,54.62,43.98,752,318,55,716.13,15514,0.0
0.7941,27,1,11.83,110.89,0.7059,3,Flexible Learner,Flexible Learner,5.26,1.0,-0.8,1,5,25.33,43.12,753,179,34,402.28,15515,0.3529
0.8367,41,2,10.68,94.37,0.7755,5,Flexible Learner,Flexible Learner,5.51,0.5,3.0,4,1,47.13,9.97,754,270,49,523.45,15516,0.2449
0.6104,47,3,15.58,170.19,1.0,5,Consistent Climber,Consistent Climber,4.82,0.5,0.2,6,5,91.0,56.03,755,371,77,1199.8,15517,0.0
0.8718,34,3,13.88,123.01,0.8974,4,Flexible Learner,Flexible Learner,5.92,1.0,0.0,3,3,23.0,44.57,756,231,39,541.48,15518,0.3333
0.8286,29,4,9.33,85.22,1.0,2,Deep Focus Learner,Deep Focus Learner,5.31,0.8,1.5,5,2,46.67,19.3,757,186,35,326.68,15519,0.4
0.6386,53,5,10.18,92.73,1.0,5,High Achiever,High Achiever,5.4,0.625,0.1429,8,7,80.25,60.27,758,448,83,844.73,15520,0.1566
0.625,50,3,14.31,154.59,1.0,5,Consistent Climber,Consistent Climber,4.84,0.75,0.0,4,4,34.75,42.08,759,387,80,1144.47,15521,0.0
0.5897,46,3,15.26,151.22,1.0,6,High Achiever,High Achiever,5.31,0.6,0.0,5,5,61.7,53.6,760,414,78,1190.25,15522,0.1538
0.6923,36,3,10.17,91.0,1.0,3,Consistent Climber,Consistent Climber,5.44,0.75,1.0,4,2,47.15,17.73,761,283,52,528.63,15523,0.0
0.6538,17,1,9.86,90.61,0.3077,2,Weekend Learner,Weekend Learner,5.23,1.0,-0.5,1,2,10.32,16.2,762,136,26,256.37,15524,1.0
1.0,18,2,16.35,130.62,1.0,3,Deep Focus Learner,Deep Focus Learner,6.67,1.0,1.0,2,1,17.93,11.45,763,120,18,294.37,15525,0.1111
0.931,27,2,13.45,130.74,0.7931,3,Flexible Learner,Flexible Learner,5.31,1.0,0.0,2,2,23.63,59.7,764,154,29,390.0,15526,0.3448
0.8333,20,0,12.14,116.26,1.0,2,Deep Focus Learner,Deep Focus Learner,5.21,0,-1.0,0,2,0.0,16.88,765,125,24,291.42,15527,0.25
0.68,51,5,13.77,147.69,1.0,5,Consistent Climber,Consistent Climber,4.85,0.625,1.0,8,4,95.73,59.57,766,364,75,1032.4,15528,0.0
0.8485,28,4,12.5,139.87,0.8182,3,Flexible Learner,Flexible Learner,4.52,1.0,0.0,4,4,43.02,103.0,767,149,33,412.45,15529,0.1818
0.68,17,1,16.34,142.63,0.28,2,Weekend Learner,Weekend Learner,6.04,1.0,-0.6667,1,3,9.1,42.07,768,151,25,408.52,15530,1.0
0.973,36,3,14.88,165.94,1.0,5,Deep Focus Learner,Deep Focus Learner,4.73,1.0,0.5,3,2,26.73,16.48,769,175,37,550.57,15531,0.2703
0.7941,27,2,15.56,149.97,1.0,2,Deep Focus Learner,Deep Focus Learner,5.5,0.5,1.0,4,2,50.68,24.42,770,187,34,528.95,15532,0.3235
0.78,39,3,11.71,100.78,0.72,3,Flexible Learner,Flexible Learner,5.94,1.0,-0.5,3,6,29.85,98.45,771,297,50,585.58,15533,0.26
0.697,46,2,12.89,132.42,1.0,5,Consistent Climber,Consistent Climber,5.03,0.4,-0.1667,5,6,50.65,106.87,772,332,66,850.92,15534,0.0
0.6053,46,4,10.87,95.49,1.0,5,Consistent Climber,Consistent Climber,5.62,0.8,-0.1667,5,6,89.25,46.08,773,427,76,826.33,15535,0.0
0.7955,35,0,17.02,170.63,0.8182,5,Flexible Learner,Flexible Learner,5.32,0,-1.0,0,4,0.0,74.73,774,234,44,748.95,15536,0.2045
0.6833,41,2,11.44,101.95,1.0,5,Consistent Climber,Consistent Climber,5.58,1.0,1.0,2,1,16.82,9.35,775,335,60,686.15,15537,0.0
0.6812,47,4,17.92,174.43,1.0,5,Consistent Climber,Consistent Climber,5.49,0.4,1.0,10,5,202.87,96.97,776,379,69,1236.45,15538,0.0
0.7576,50,4,13.83,151.59,1.0,5,Consistent Climber,Consistent Climber,4.67,0.8,-0.1667,5,6,44.07,109.4,777,308,66,912.88,15539,0.0
0.6071,17,1,9.65,84.3,0.2143,2,Weekend Learner,Weekend Learner,5.5,1.0,-0.6667,1,3,7.73,28.9,778,154,28,270.12,15540,1.0
0.6296,51,4,14.96,159.75,1.0,4,High Achiever,High Achiever,4.86,0.5714,0.1667,7,6,95.8,129.72,779,394,81,1212.07,15541,0.1852
0.6774,42,3,11.9,105.53,1.0,5,Consistent Climber,Consistent Climber,5.69,0.75,0.0,4,4,47.75,29.0,780,353,62,737.62,15542,0.0
0.82,41,4,20.99,209.8,1.0,4,High Achiever,High Achiever,5.46,1.0,1.0,4,2,26.68,70.1,781,273,50,1049.57,15543,0.14
0.6875,22,2,10.35,113.97,0.1875,2,Weekend Learner,Weekend Learner,4.53,0.5,3.0,4,1,58.37,11.62,782,145,32,331.23,15544,0.9688
0.7593,41,1,19.07,191.81,0.7593,4,Flexible Learner,Flexible Learner,5.37,1.0,-0.8,1,5,9.32,137.22,783,290,54,1029.98,15545,0.3148
0.6905,29,4,13.48,139.28,0.7143,4,Flexible Learner,Flexible Learner,5.0,0.8,0.6667,5,3,76.62,43.0,784,210,42,566.32,15546,0.381
0.6167,37,3,10.32,88.36,1.0,4,Consistent Climber,Consistent Climber,5.67,0.5,1.0,6,3,59.32,33.5,785,340,60,619.32,15547,0.0
0.4872,19,1,12.85,105.2,0.2821,2,Weekend Learner,Weekend Learner,6.28,1.0,0.0,1,1,55.17,8.2,786,245,39,501.22,15548,1.0
0.8367,41,3,10.8,103.34,1.0,5,Consistent Climber,Consistent Climber,5.22,0.75,0.3333,4,3,31.73,23.65,787,256,49,529.42,15549,0.0
0.6164,45,4,13.74,134.14,1.0,4,Consistent Climber,Consistent Climber,5.34,0.5,0.6,8,5,54.93,56.9,788,390,73,1003.07,15550,0.0
0.74,37,4,11.84,99.47,0.74,3,Flexible Learner,Flexible Learner,5.92,0.8,1.5,5,2,45.35,17.92,789,296,50,591.93,15551,0.28
0.4667,21,1,11.48,104.91,0.2222,2,Weekend Learner,Weekend Learner,5.62,0.3333,0.5,3,2,25.32,25.28,790,253,45,516.65,15552,0.9778
0.5844,45,5,14.36,132.3,1.0,5,Consistent Climber,Consistent Climber,5.66,0.5556,0.5,9,6,114.42,81.73,791,436,77,1105.67,15553,0.0
0.6909,38,4,12.49,108.64,1.0,3,Consistent Climber,Consistent Climber,5.82,1.0,-0.3333,4,6,58.8,88.37,792,320,55,686.73,15554,0.0
0.7778,28,1,11.62,102.9,0.8611,3,Flexible Learner,Flexible Learner,5.64,0.5,1.0,2,1,14.3,9.65,793,203,36,418.17,15555,0.1944
0.8333,35,3,11.51,104.76,0.8095,4,Flexible Learner,Flexible Learner,5.6,0.75,3.0,4,1,31.02,10.87,794,235,42,483.48,15556,0.2381
0.6491,37,2,10.46,97.12,1.0,5,Consistent Climber,Consistent Climber,5.44,0.5,1.0,4,2,29.7,24.27,795,310,57,596.17,15557,0.0
0.6076,48,4,11.26,115.22,1.0,5,Consistent Climber,Consistent Climber,4.87,1.0,-0.6,4,10,34.08,127.93,796,385,79,889.17,15558,0.0
0.7838,58,5,15.51,164.4,1.0,6,High Achiever,High Achiever,5.0,1.0,-0.1667,5,6,59.15,144.92,797,370,74,1147.9,15559,0.1622
0.7838,29,3,8.28,74.66,1.0,4,Deep Focus Learner,Deep Focus Learner,5.27,1.0,2.0,3,1,22.67,6.47,798,195,37,306.5,15560,0.2703
0.8378,31,3,10.64,95.6,0.7297,5,Flexible Learner,Flexible Learner,5.35,0.75,3.0,4,1,31.73,8.43,799,198,37,393.5,15561,0.2432
0.7647,39,1,10.35,87.42,1.0,3,Consistent Climber,Consistent Climber,5.8,1.0,-0.5,1,2,6.18,17.48,800,296,51,527.77,15562,0.0
0.8235,28,0,18.57,191.62,1.0,3,Deep Focus Learner,Deep Focus Learner,5.29,0,-1.0,0,3,0.0,75.47,801,180,34,631.47,15563,0.3235
0.7292,35,1,12.7,123.29,0.7917,4,Flexible Learner,Flexible Learner,5.23,1.0,-0.8,1,5,9.75,73.8,802,251,48,609.57,15564,0.3125
0.9286,39,2,14.34,129.27,0.8095,3,Flexible Learner,Flexible Learner,5.74,1.0,-0.5,2,4,81.58,72.82,803,241,42,602.22,15565,0.3571
0.7895,45,4,12.66,127.63,1.0,6,High Achiever,High Achiever,5.11,0.5714,0.4,7,5,115.42,41.92,804,291,57,721.5,15566,0.1404
1.0,21,1,14.25,166.63,0.8095,3,Fresh Starter,Fresh Starter,4.52,1.0,1,1,0,2.47,0.0,805,95,21,299.35,15567,0.2857
0.6761,48,4,12.9,107.37,1.0,5,High Achiever,High Achiever,6.1,0.8,4.0,5,1,54.92,13.77,806,433,71,916.02,15568,0.1268
0.907,39,1,12.16,132.84,0.814,6,Flexible Learner,Flexible Learner,4.65,1.0,-0.75,1,4,9.35,27.28,807,200,43,522.87,15569,0.3721
0.6,45,3,14.45,133.99,1.0,4,Consistent Climber,Consistent Climber,5.61,1.0,-0.25,3,4,43.18,61.38,808,421,75,1083.63,15570,0.0
0.625,20,1,17.27,174.71,0.1875,2,Weekend Learner,Weekend Learner,5.22,0.5,0.0,2,2,26.65,20.33,809,167,32,552.65,15571,0.9688
0.8421,32,4,12.06,111.88,1.0,3,Deep Focus Learner,Deep Focus Learner,5.45,1.0,1.0,4,2,32.5,22.18,810,207,38,458.47,15572,0.2895
0.7143,40,5,11.8,99.5,1.0,5,High Achiever,High Achiever,5.91,0.5556,1.25,9,4,73.93,42.3,811,331,56,660.6,15573,0.1429
0.6533,49,5,11.32,110.55,1.0,5,Consistent Climber,Consistent Climber,5.16,0.7143,1.3333,7,3,77.9,25.35,812,387,75,848.93,15574,0.0
0.8529,29,1,15.32,162.63,1.0,2,Deep Focus Learner,Deep Focus Learner,4.97,0.5,-0.6,2,5,47.17,38.88,813,169,34,520.9,15575,0.2647
0.7593,41,5,12.77,121.42,0.7593,4,Flexible Learner,Flexible Learner,5.33,0.7143,0.4,7,5,66.5,52.68,814,288,54,689.43,15576,0.2593
0.6863,35,4,14.28,143.63,1.0,4,Consistent Climber,Consistent Climber,5.16,1.0,3.0,4,1,32.5,3.18,815,263,51,728.28,15577,0.0
0.7083,51,4,9.9,94.78,1.0,5,Consistent Climber,Consistent Climber,5.14,0.5,0.1429,8,7,77.02,64.0,816,370,72,713.13,15578,0.0
0.8125,26,1,15.59,154.16,1.0,3,Deep Focus Learner,Deep Focus Learner,5.38,1.0,1,1,0,16.93,0.0,817,172,32,499.03,15579,0.25
0.7925,42,4,10.61,93.41,0.7358,4,Flexible Learner,Flexible Learner,5.7,0.5714,1.3333,7,3,64.12,23.55,818,302,53,562.55,15580,0.2075
0.9048,19,3,16.66,166.88,1.0,3,Deep Focus Learner,Deep Focus Learner,5.33,0.75,3.0,4,1,90.6,6.73,819,112,21,349.82,15581,0.1905
0.9118,31,2,11.72,117.77,1.0,5,Deep Focus Learner,Deep Focus Learner,5.06,1.0,-0.3333,2,3,23.83,22.75,820,172,34,398.43,15582,0.3235
0.5714,24,2,11.76,110.31,0.1905,2,Weekend Learner,Weekend Learner,5.36,0.5,1.0,4,2,32.5,36.9,821,225,42,494.03,15583,1.0
0.9375,30,2,19.77,194.17,1.0,4,Deep Focus Learner,Deep Focus Learner,5.5,1.0,-0.3333,2,3,61.67,71.27,822,176,32,632.7,15584,0.3125
0.7037,38,2,15.96,140.64,1.0,3,Consistent Climber,Consistent Climber,5.98,1.0,-0.3333,2,3,57.65,27.2,823,323,54,861.95,15585,0.0
0.7037,19,2,9.33,84.43,0.2593,2,Weekend Learner,Weekend Learner,5.26,0.6667,2.0,3,1,39.85,7.57,824,142,27,251.97,15586,1.0
0.7037,38,2,10.7,113.67,1.0,4,Consistent Climber,Consistent Climber,4.72,1.0,0.0,2,2,15.55,13.7,825,255,54,577.58,15587,0.0
0.717,38,5,11.13,119.87,1.0,5,High Achiever,High Achiever,4.7,0.625,3.0,8,2,61.32,17.72,826,249,53,590.0,15588,0.0566
0.6452,40,3,17.06,174.44,1.0,3,Consistent Climber,Consistent Climber,5.21,0.5,0.0,6,6,132.2,115.9,827,323,62,1057.93,15589,0.0
0.6667,42,2,11.37,101.86,1.0,5,Consistent Climber,Consistent Climber,5.7,0.5,-0.3333,4,6,57.4,61.4,828,359,63,716.15,15590,0.0
0.6471,55,3,13.75,129.99,1.0,5,High Achiever,High Achiever,5.48,0.75,1.0,4,2,26.92,16.75,829,466,85,1168.53,15591,0.1059
0.6429,18,2,12.92,119.25,0.2143,2,Weekend Learner,Weekend Learner,5.64,0.6667,2.0,3,1,25.1,16.5,830,158,28,361.78,15592,1.0
0.6522,45,2,11.36,103.34,1.0,5,Consistent Climber,Consistent Climber,5.42,0.6667,0.0,3,3,41.37,22.87,831,374,69,783.5,15593,0.0
0.6133,46,4,12.53,137.15,1.0,4,Consistent Climber,Consistent Climber,4.71,0.8,0.6667,5,3,105.93,29.52,832,353,75,940.05,15594,0.0
0.8085,38,3,15.03,142.29,0.766,5,Flexible Learner,Flexible Learner,5.49,1.0,-0.4,3,5,17.48,128.12,833,258,47,706.23,15595,0.234
0.7941,27,5,11.8,117.4,1.0,4,Deep Focus Learner,Deep Focus Learner,5.06,0.8333,6,6,0,66.2,0.0,834,172,34,401.05,15596,0.3529
0.9474,18,2,13.74,129.24,1.0,2,Deep Focus Learner,Deep Focus Learner,5.47,0.6667,2.0,3,1,31.35,13.3,835,104,19,260.97,15597,0.3158
0.4792,23,2,10.21,90.29,0.2292,2,Weekend Learner,Weekend Learner,5.46,0.5,0.0,4,4,36.43,30.18,836,262,48,490.17,15598,1.0
0.55,22,1,8.57,85.92,0.1,3,Weekend Learner,Weekend Learner,4.6,0.2,4.0,5,1,47.18,7.2,837,184,40,342.65,15599,0.95
0.619,39,4,15.16,157.62,1.0,5,Consistent Climber,Consistent Climber,5.08,0.5714,-0.125,7,8,55.98,72.2,838,320,63,955.12,15600,0.0
0.7255,37,1,9.62,89.13,1.0,4,Consistent Climber,Consistent Climber,5.25,1.0,-0.8333,1,6,11.57,61.48,839,268,51,490.75,15601,0.0
0.8788,29,4,10.22,88.86,1.0,2,Deep Focus Learner,Deep Focus Learner,5.73,1.0,0.0,4,4,40.12,56.62,840,189,33,337.38,15602,0.2727
1.0,11,1,14.15,140.7,0.6364,2,Fresh Starter,Fresh Starter,5.18,1.0,0.0,1,1,15.83,5.98,841,57,11,155.67,15603,0.1818
0.6197,44,4,12.45,131.27,1.0,4,Consistent Climber,Consistent Climber,4.87,0.6667,0.0,6,6,75.67,41.52,842,346,71,884.23,15604,0.0
0.717,38,1,13.03,126.41,1.0,4,Consistent Climber,Consistent Climber,5.21,0.5,-0.3333,2,3,21.03,33.93,843,276,53,690.65,15605,0.0
0.6667,48,3,11.17,115.8,1.0,5,Consistent Climber,Consistent Climber,4.88,0.75,-0.5,4,8,51.27,130.88,844,351,72,804.22,15606,0.0
0.6548,55,3,17.76,168.15,1.0,5,High Achiever,High Achiever,5.67,0.5,0.0,6,6,135.4,93.28,845,476,84,1492.17,15607,0.1786
0.9143,32,2,11.62,133.14,1.0,3,Deep Focus Learner,Deep Focus Learner,4.4,1.0,-0.3333,2,3,32.35,66.72,846,154,35,406.77,15608,0.3143
0.5778,26,2,11.25,111.87,0.2,2,Weekend Learner,Weekend Learner,5.02,0.4,-0.1667,5,6,90.33,80.5,847,226,45,506.43,15609,0.9778
1.0,23,2,11.78,128.17,0.7826,2,Fresh Starter,Fresh Starter,4.57,1.0,1.0,2,1,15.53,24.87,848,105,23,271.05,15610,0.1304
0.8095,34,2,10.25,95.41,0.7619,4,Flexible Learner,Flexible Learner,5.31,0.6667,-0.4,3,5,21.82,49.28,849,223,42,430.37,15611,0.2619
0.6324,43,4,11.54,110.48,1.0,4,Consistent Climber,Consistent Climber,5.31,0.8,0.0,5,5,74.67,42.92,850,361,68,784.6,15612,0.0
0.5217,24,2,17.32,178.91,0.2391,2,Weekend Learner,Weekend Learner,5.15,0.5,-0.3333,4,6,46.3,90.93,851,237,46,796.72,15613,1.0
0.561,23,1,10.97,132.22,0.122,3,Weekend Learner,Weekend Learner,4.17,1.0,-0.75,1,4,6.45,42.73,852,171,41,449.88,15614,0.9756
0.8182,27,3,12.85,121.15,0.7576,3,Flexible Learner,Flexible Learner,5.48,1.0,0.5,3,2,27.1,25.93,853,181,33,423.95,15615,0.1515
1.0,17,2,12.71,155.15,0.7647,2,Fresh Starter,Fresh Starter,4.18,1.0,1.0,2,1,68.4,7.45,854,71,17,216.07,15616,0.1765
0.875,28,1,13.74,150.58,1.0,3,Deep Focus Learner,Deep Focus Learner,4.72,1.0,0.0,1,1,5.53,7.2,855,151,32,439.73,15617,0.4375
0.8966,26,1,9.18,79.31,1.0,3,Deep Focus Learner,Deep Focus Learner,5.41,1.0,-0.6667,1,3,8.13,30.8,856,157,29,266.1,15618,0.2069
0.7115,37,3,10.53,94.36,1.0,4,Consistent Climber,Consistent Climber,5.46,0.75,0.0,4,4,62.3,67.9,857,284,52,547.43,15619,0.0
0.9259,25,1,11.09,90.21,1.0,3,Deep Focus Learner,Deep Focus Learner,6.07,1.0,-0.5,1,2,4.0,20.65,858,164,27,299.35,15620,0.2963
0.7826,36,3,10.79,95.74,1.0,5,Consistent Climber,Consistent Climber,5.59,0.75,0.0,4,4,31.08,49.05,859,257,46,496.27,15621,0.0
0.7407,40,2,9.96,92.45,0.7963,3,Flexible Learner,Flexible Learner,5.3,0.6667,0.0,3,3,26.53,21.6,860,286,54,537.7,15622,0.2037
0.8421,32,1,15.38,140.79,0.7895,4,Flexible Learner,Flexible Learner,5.76,0.5,-0.6,2,5,25.2,140.58,861,219,38,584.27,15623,0.2105
0.7455,41,5,14.72,159.52,0.7818,3,Flexible Learner,Flexible Learner,4.84,0.8333,0.5,6,4,102.63,25.15,862,266,55,809.33,15624,0.2545
1.0,21,1,13.2,158.96,0.5714,3,Fresh Starter,Fresh Starter,4.33,1.0,-0.5,1,2,6.52,21.48,863,91,21,277.15,15625,0.2857
0.6111,22,1,10.68,126.97,0.1667,2,Weekend Learner,Weekend Learner,4.19,0.3333,0.5,3,2,26.48,20.78,864,151,36,384.53,15626,1.0
0.6154,24,2,11.58,120.78,0.1538,2,Weekend Learner,Weekend Learner,4.79,0.6667,0.5,3,2,19.68,19.38,865,187,39,451.57,15627,0.9231
0.5926,48,5,11.59,105.95,1.0,4,High Achiever,High Achiever,5.56,0.5,0.25,10,8,111.48,93.73,866,450,81,938.78,15628,0.1728
0.6842,39,3,13.59,127.45,1.0,4,Consistent Climber,Consistent Climber,5.61,1.0,0.0,3,3,19.4,39.43,867,320,57,774.75,15629,0.0
0.642,52,5,12.61,111.25,1.0,6,High Achiever,High Achiever,5.77,0.625,1.0,8,4,77.73,63.3,868,467,81,1021.45,15630,0.1358
0.5897,23,2,18.12,181.33,0.1538,2,Weekend Learner,Weekend Learner,5.44,0.5,3.0,4,1,120.68,9.7,869,212,39,706.68,15631,0.9744
0.6452,40,2,13.25,125.96,1.0,5,Consistent Climber,Consistent Climber,5.4,0.5,4,4,0,54.77,0.0,870,335,62,821.6,15632,0.0
0.6575,48,1,11.43,111.1,1.0,5,Consistent Climber,Consistent Climber,5.08,1.0,-0.8571,1,7,18.15,61.68,871,371,73,834.35,15633,0.0
0.75,21,1,14.57,136.99,1.0,3,Deep Focus Learner,Deep Focus Learner,5.54,1.0,-0.6667,1,3,6.53,31.35,872,155,28,408.05,15634,0.4643
0.82,41,3,13.25,145.97,0.78,5,Flexible Learner,Flexible Learner,4.68,1.0,-0.5,3,6,18.67,59.92,873,234,50,662.73,15635,0.34
0.76,38,3,14.72,145.91,0.74,6,Flexible Learner,Flexible Learner,5.3,0.6,0.0,5,5,34.9,69.67,874,265,50,735.97,15636,0.28
1.0,12,0,9.89,88.35,0.6667,2,Fresh Starter,Fresh Starter,5.17,0,-1.0,0,2,0.0,33.4,875,62,12,118.65,15637,0.1667
0.7727,17,1,9.2,93.18,0.1364,2,Weekend Learner,Weekend Learner,4.68,1.0,0.0,1,1,7.65,8.53,876,103,22,202.3,15638,0.9545
0.96,24,3,12.69,124.55,1.0,2,Deep Focus Learner,Deep Focus Learner,5.2,1.0,0.5,3,2,87.93,32.88,877,130,25,317.35,15639,0.2
0.7692,50,4,14.82,140.1,1.0,3,High Achiever,High Achiever,5.57,0.8,0.25,5,4,103.98,69.88,878,362,65,963.47,15640,0.2
0.7447,35,0,11.77,148.22,0.8085,3,Flexible Learner,Flexible Learner,4.02,0,-1.0,0,2,0.0,13.53,879,189,47,553.0,15641,0.1915
0.5844,45,3,10.92,97.09,1.0,5,Consistent Climber,Consistent Climber,5.62,0.75,-0.2,4,5,40.93,52.33,880,433,77,841.02,15642,0.0
0.5116,22,2,11.13,105.19,0.1163,2,Weekend Learner,Weekend Learner,5.33,0.4,1.5,5,2,48.78,22.42,881,229,43,478.38,15643,0.9535
0.8605,37,1,16.31,170.97,0.7674,5,Flexible Learner,Flexible Learner,5.07,1.0,-0.5,1,2,7.42,11.55,882,218,43,701.43,15644,0.2558
0.8276,24,1,14.21,147.88,0.7931,2,Flexible Learner,Flexible Learner,4.97,0.5,2,2,0,18.82,0.0,883,144,29,412.18,15645,0.3448
0.75,21,0,12.12,110.71,1.0,3,Deep Focus Learner,Deep Focus Learner,5.61,0,-1.0,0,1,0.0,9.98,884,157,28,339.45,15646,0.2143
0.8421,16,0,9.24,80.58,1.0,2,Deep Focus Learner,Deep Focus Learner,5.47,0,-1.0,0,2,0.0,19.85,885,104,19,175.57,15647,0.1579
0.875,28,1,11.02,91.62,0.75,3,Flexible Learner,Flexible Learner,5.91,1.0,-0.75,1,4,9.33,40.23,886,189,32,352.78,15648,0.3438
0.5696,45,5,15.29,157.02,1.0,5,Consistent Climber,Consistent Climber,5.15,0.625,0.1429,8,7,80.88,178.22,887,407,79,1208.28,15649,0.0
0.8684,33,5,11.02,124.68,1.0,4,Deep Focus Learner,Deep Focus Learner,4.39,0.7143,2.5,7,2,64.65,21.52,888,167,38,418.75,15650,0.2895
0.5435,25,2,12.14,125.88,0.1957,3,Weekend Learner,Weekend Learner,4.87,0.6667,0.5,3,2,25.72,12.88,889,224,46,558.55,15651,0.9783
0.7759,45,3,8.93,87.24,1.0,4,Consistent Climber,Consistent Climber,4.79,0.75,-0.3333,4,6,38.47,89.68,890,278,58,518.1,15652,0.0
0.6667,22,3,9.62,91.25,1.0,3,Deep Focus Learner,Deep Focus Learner,5.15,1.0,3,3,0,29.2,0.0,891,170,33,317.53,15653,0.2121
0.7941,27,1,12.33,102.78,0.7059,3,Flexible Learner,Flexible Learner,6.06,1.0,0.0,1,1,7.57,9.58,892,206,34,419.12,15654,0.4412
0.6452,40,1,12.35,116.01,1.0,5,Consistent Climber,Consistent Climber,5.32,1.0,-0.8,1,5,7.33,49.75,893,330,62,765.52,15655,0.0
0.5946,44,2,13.28,135.15,1.0,5,Consistent Climber,Consistent Climber,5.11,0.6667,-0.5714,3,7,27.7,84.08,894,378,74,982.83,15656,0.0
1.0,8,0,12.64,123.53,0.75,2,Fresh Starter,Fresh Starter,5.38,0,-1.0,0,1,0.0,10.58,895,43,8,101.15,15657,0.25
0.8684,33,0,12.86,123.9,1.0,3,Deep Focus Learner,Deep Focus Learner,5.34,0,-1.0,0,3,0.0,21.25,896,203,38,488.57,15658,0.2368
0.7037,38,3,14.36,134.93,0.7593,5,Flexible Learner,Flexible Learner,5.57,0.6,1.5,5,2,70.22,17.17,897,301,54,775.35,15659,0.1667
0.5116,22,2,10.54,93.16,0.2326,2,Weekend Learner,Weekend Learner,5.53,0.4,-0.1667,5,6,64.03,83.92,898,238,43,453.35,15660,0.9767
0.6282,49,4,9.95,98.34,1.0,5,Consistent Climber,Consistent Climber,5.0,0.5714,0.75,7,4,70.17,30.03,899,390,78,776.18,15661,0.0
0.6066,37,0,8.93,86.2,1.0,5,Consistent Climber,Consistent Climber,4.93,0,-1.0,0,6,0.0,51.33,900,301,61,544.52,15662,0.0
0.7083,34,4,11.21,103.2,1.0,4,Consistent Climber,Consistent Climber,5.38,0.8,0.0,5,5,57.67,39.8,901,258,48,538.18,15663,0.0
0.5443,43,4,12.8,123.19,1.0,5,Consistent Climber,Consistent Climber,5.32,0.8,0.25,5,4,98.25,51.87,902,420,79,1011.55,15664,0.0
0.6429,18,0,12.91,156.31,0.0714,2,Weekend Learner,Weekend Learner,4.29,0,-1.0,0,4,0.0,78.95,903,120,28,361.6,15665,0.9643
0.7556,34,3,15.55,165.68,1.0,3,Consistent Climber,Consistent Climber,5.0,0.75,0.3333,4,3,30.27,99.92,904,225,45,699.95,15666,0.0
0.5208,25,1,12.17,125.84,0.2083,2,Weekend Learner,Weekend Learner,4.98,0.3333,-0.4,3,5,17.73,88.78,905,239,48,584.08,15667,1.0
0.7647,39,4,20.66,202.21,1.0,3,High Achiever,High Achiever,5.57,1.0,1.0,4,2,132.35,14.13,906,284,51,1053.7,15668,0.2549
0.7818,43,3,14.6,149.25,0.7273,4,Flexible Learner,Flexible Learner,5.09,0.75,1.0,4,2,34.95,62.52,907,280,55,802.87,15669,0.3636
0.76,19,3,8.86,80.43,1.0,3,Deep Focus Learner,Deep Focus Learner,5.28,1.0,3,3,0,27.72,0.0,908,132,25,221.48,15670,0.36
0.6562,42,3,11.05,100.88,1.0,4,Consistent Climber,Consistent Climber,5.48,1.0,0.5,3,2,29.3,17.43,909,351,64,707.23,15671,0.0
1.0,23,3,13.74,139.62,0.6087,2,Fresh Starter,Fresh Starter,5.22,1.0,0.5,3,2,24.07,62.78,910,120,23,316.1,15672,0.3913
1.0,22,2,8.35,96.37,0.5909,2,Fresh Starter,Fresh Starter,3.95,1.0,2,2,0,21.5,0.0,911,87,22,183.75,15673,0.3636
0.75,39,4,15.94,148.62,1.0,3,High Achiever,High Achiever,5.67,0.8,1.5,5,2,82.3,51.5,912,295,52,828.93,15674,0.2692
0.6522,45,2,17.57,181.09,1.0,5,Consistent Climber,Consistent Climber,5.17,1.0,-0.5,2,4,29.03,38.97,913,357,69,1212.18,15675,0.0
0.8103,47,4,16.12,151.91,1.0,5,High Achiever,High Achiever,5.62,1.0,0.3333,4,3,35.45,27.08,914,326,58,935.18,15676,0.1207
1.0,14,0,8.64,77.82,0.5714,2,Fresh Starter,Fresh Starter,5.21,0,-1.0,0,2,0.0,17.08,915,73,14,120.9,15677,0.1429
0.6056,43,2,12.0,109.04,1.0,5,Consistent Climber,Consistent Climber,5.49,0.5,0.3333,4,3,36.98,81.72,916,390,71,852.28,15678,0.0
0.82,41,3,10.28,101.91,0.78,5,Flexible Learner,Flexible Learner,4.94,0.75,3.0,4,1,33.87,12.08,917,247,50,513.88,15679,0.2
0.5106,24,2,11.82,138.18,0.234,2,Weekend Learner,Weekend Learner,4.36,0.6667,2.0,3,1,39.8,7.28,918,205,47,555.52,15680,0.9574
0.5714,24,1,13.35,158.33,0.2857,2,Weekend Learner,Weekend Learner,4.38,0.5,-0.3333,2,3,19.52,17.12,919,184,42,560.78,15681,0.9762
0.525,21,2,9.32,85.59,0.225,2,Weekend Learner,Weekend Learner,5.28,0.6667,0.5,3,2,24.68,14.48,920,211,40,372.75,15682,1.0
0.8947,34,3,10.83,108.17,0.6316,4,Flexible Learner,Flexible Learner,4.97,1.0,0.0,3,3,19.05,31.08,921,189,38,411.37,15683,0.2105
0.5882,20,2,13.76,136.63,0.1471,2,Weekend Learner,Weekend Learner,5.21,0.6667,0.5,3,2,27.65,13.05,922,177,34,467.68,15684,0.9412
0.75,42,4,11.86,110.71,1.0,5,Consistent Climber,Consistent Climber,5.48,0.5714,6.0,7,1,58.7,9.73,923,307,56,664.18,15685,0.0
1.0,20,1,15.36,139.6,0.65,3,Fresh Starter,Fresh Starter,5.8,1.0,0.0,1,1,9.02,25.25,924,116,20,307.13,15686,0.35
1.0,11,1,10.52,114.42,0.6364,1,Fresh Starter,Fresh Starter,4.55,1.0,0.0,1,1,7.73,7.1,925,50,11,115.73,15687,0.6364
0.78,39,3,12.84,128.58,0.78,5,Flexible Learner,Flexible Learner,5.08,1.0,3,3,0,29.35,0.0,926,254,50,641.87,15688,0.26
0.7778,21,2,15.82,189.07,1.0,2,Deep Focus Learner,Deep Focus Learner,4.44,0.6667,0.0,3,3,92.1,37.68,927,120,27,427.1,15689,0.4444
0.8485,28,2,9.51,82.02,0.6667,5,Flexible Learner,Flexible Learner,5.61,1.0,1.0,2,1,25.27,7.45,928,185,33,313.83,15690,0.303
0.64,16,2,11.3,109.05,0.36,2,Weekend Learner,Weekend Learner,5.28,0.3333,2.0,6,2,69.25,45.45,929,132,25,282.43,15691,1.0
0.8611,31,1,18.13,181.07,0.6944,4,Flexible Learner,Flexible Learner,5.47,0.5,1.0,2,1,12.35,30.15,930,197,36,652.78,15692,0.1667
0.9,18,1,11.09,102.53,1.0,2,Deep Focus Learner,Deep Focus Learner,5.35,1.0,1,1,0,7.27,0.0,931,107,20,221.78,15693,0.2
1.0,19,1,15.97,135.65,0.5789,2,Fresh Starter,Fresh Starter,6.26,1.0,0.0,1,1,21.97,11.35,932,119,19,303.45,15694,0.2105
0.8,40,5,12.31,117.6,0.62,5,Flexible Learner,Flexible Learner,5.32,0.8333,1.0,6,3,73.0,38.27,933,266,50,615.62,15695,0.28
0.8333,35,2,13.93,142.47,0.7619,4,Flexible Learner,Flexible Learner,5.05,1.0,1.0,2,1,13.92,11.47,934,212,42,585.15,15696,0.3571
0.625,45,2,11.2,113.42,1.0,5,Consistent Climber,Consistent Climber,4.94,0.6667,-0.625,3,8,38.12,158.78,935,356,72,806.48,15697,0.0
0.8889,24,1,12.79,115.52,1.0,3,Deep Focus Learner,Deep Focus Learner,5.81,1.0,-0.6667,1,3,7.97,25.4,936,157,27,345.42,15698,0.2963
0.4894,23,2,12.27,115.44,0.2128,2,Weekend Learner,Weekend Learner,5.4,0.6667,0.5,3,2,44.1,15.53,937,254,47,576.53,15699,1.0
0.55,22,1,12.34,114.62,0.175,2,Weekend Learner,Weekend Learner,5.5,0.25,-0.2,4,5,40.1,44.4,938,220,40,493.5,15700,0.975
0.8182,45,3,14.32,153.2,0.8909,7,Flexible Learner,Flexible Learner,4.93,0.75,-0.4286,4,7,45.0,93.57,939,271,55,787.68,15701,0.2364
1.0,19,3,11.68,100.84,0.7368,3,Fresh Starter,Fresh Starter,5.74,1.0,0.5,3,2,50.22,18.52,940,109,19,221.92,15702,0.1053
0.6974,53,2,11.01,103.29,1.0,5,High Achiever,High Achiever,5.36,0.6667,-0.4,3,5,30.95,71.68,941,407,76,837.1,15703,0.1711
0.4565,21,1,11.53,101.93,0.1957,2,Weekend Learner,Weekend Learner,5.59,1.0,-0.8333,1,6,11.28,53.7,942,257,46,530.6,15704,0.9783
0.5455,24,2,10.26,97.89,0.2045,2,Weekend Learner,Weekend Learner,5.18,0.4,4.0,5,1,52.57,9.03,943,228,44,451.45,15705,0.9318
1.0,16,2,10.36,85.66,0.5625,2,Fresh Starter,Fresh Starter,5.88,1.0,-0.3333,2,3,20.97,23.97,944,94,16,165.73,15706,0.4375
0.6757,25,2,15.01,132.11,0.1892,2,Weekend Learner,Weekend Learner,6.0,1.0,-0.3333,2,3,16.08,22.85,945,222,37,555.52,15707,1.0
0.8889,40,3,13.13,137.45,0.7333,4,Flexible Learner,Flexible Learner,4.96,0.75,-0.3333,4,6,41.33,88.53,946,223,45,591.05,15708,0.2444
0.9643,27,2,9.71,91.88,1.0,3,Deep Focus Learner,Deep Focus Learner,5.21,1.0,-0.3333,2,3,16.08,21.88,947,146,28,271.78,15709,0.3214
0.8286,29,3,12.88,111.32,1.0,3,Deep Focus Learner,Deep Focus Learner,5.86,1.0,0.5,3,2,46.65,26.97,948,205,35,450.93,15710,0.3429
0.6667,50,4,13.04,124.4,1.0,5,Consistent Climber,Consistent Climber,5.4,0.6667,0.5,6,4,57.68,58.55,949,405,75,978.2,15711,0.0
0.74,37,1,11.18,103.44,1.0,4,Consistent Climber,Consistent Climber,5.44,1.0,-0.5,1,2,6.68,15.95,950,272,50,559.0,15712,0.0
1.0,9,1,9.98,109.92,0.5556,2,Fresh Starter,Fresh Starter,4.22,1.0,1,1,0,5.8,0.0,951,38,9,89.83,15713,0.3333
0.6129,38,1,10.0,95.26,1.0,5,Consistent Climber,Consistent Climber,5.08,0.5,-0.6,2,5,36.52,36.68,952,315,62,619.95,15714,0.0
0.4894,23,1,12.19,103.55,0.1702,3,Weekend Learner,Weekend Learner,6.0,1.0,-0.8,1,5,14.25,53.68,953,282,47,572.82,15715,0.9787
0.6444,29,2,12.27,148.99,1.0,4,Consistent Climber,Consistent Climber,4.2,1.0,2,2,0,16.02,0.0,954,189,45,552.25,15716,0.0
0.5714,24,2,14.38,143.53,0.1667,2,Weekend Learner,Weekend Learner,5.17,0.6667,0.0,3,3,38.55,75.5,955,217,42,603.92,15717,0.9762
1.0,21,2,14.21,128.67,0.5714,2,Fresh Starter,Fresh Starter,5.67,1.0,2,2,0,14.23,0.0,956,119,21,298.4,15718,0.1429
0.75,18,1,12.46,129.76,0.125,2,Weekend Learner,Weekend Learner,4.96,1.0,0.0,1,1,5.62,11.33,957,119,24,299.05,15719,0.9167
0.8,28,1,14.38,163.93,1.0,3,Deep Focus Learner,Deep Focus Learner,4.57,1.0,-0.6667,1,3,5.52,94.38,958,160,35,503.3,15720,0.2
1.0,15,0,8.4,79.97,0.6,2,Fresh Starter,Fresh Starter,4.87,0,-1.0,0,2,0.0,15.85,959,73,15,125.98,15721,0.2
0.6129,19,2,9.9,92.61,0.2258,2,Weekend Learner,Weekend Learner,5.13,0.5,0.0,4,4,31.18,33.33,960,159,31,306.75,15722,0.9677
0.6575,48,4,15.62,160.44,1.0,5,Consistent Climber,Consistent Climber,5.15,0.6667,0.0,6,6,57.08,127.38,961,376,73,1140.12,15723,0.0
0.6154,48,3,10.75,109.92,1.0,5,Consistent Climber,Consistent Climber,4.87,0.6,-0.375,5,8,30.43,94.32,962,380,78,838.58,15724,0.0
0.6389,23,2,13.28,122.27,0.1389,2,Weekend Learner,Weekend Learner,5.58,0.6667,0.0,3,3,37.13,25.7,963,201,36,478.17,15725,0.9722
0.6604,35,2,15.58,154.45,1.0,3,Consistent Climber,Consistent Climber,5.3,0.5,0.3333,4,3,76.73,25.78,964,281,53,825.98,15726,0.0
0.6835,54,4,10.38,92.65,1.0,5,Consistent Climber,Consistent Climber,5.53,0.8,-0.5455,5,11,43.0,126.87,965,437,79,819.63,15727,0.0
1.0,23,2,14.07,129.11,1.0,4,Deep Focus Learner,Deep Focus Learner,5.74,1.0,0.0,2,2,54.65,18.42,966,132,23,323.7,15728,0.3478
0.6667,42,3,11.09,100.65,1.0,5,Consistent Climber,Consistent Climber,5.46,0.6,0.0,5,5,41.33,54.43,967,344,63,698.72,15729,0.0
0.6,21,0,13.07,128.72,0.2,2,Weekend Learner,Weekend Learner,5.2,0,-1.0,0,5,0.0,81.88,968,182,35,457.37,15730,0.9714
1.0,11,0,7.76,74.43,0.5455,2,Fresh Starter,Fresh Starter,4.64,0,-1.0,0,2,0.0,16.48,969,51,11,85.32,15731,0.6364
0.8286,29,1,13.23,176.9,0.7429,4,Flexible Learner,Flexible Learner,3.86,0.5,-0.3333,2,3,12.95,19.58,970,135,35,462.92,15732,0.2857
0.5946,44,2,10.05,86.82,1.0,5,Consistent Climber,Consistent Climber,5.66,0.5,0.3333,4,3,39.7,20.47,971,419,74,743.63,15733,0.0
0.475,19,1,20.29,200.33,0.15,2,Weekend Learner,Weekend Learner,5.5,0.5,-0.6667,2,6,14.75,134.18,972,220,40,811.72,15734,0.925
0.7857,22,3,17.25,177.72,1.0,3,Deep Focus Learner,Deep Focus Learner,5.14,1.0,-0.4,3,5,55.78,164.38,973,144,28,482.97,15735,0.3571
0.726,53,4,12.37,109.78,1.0,6,High Achiever,High Achiever,5.74,0.8,0.0,5,5,43.88,136.68,974,419,73,903.15,15736,0.0959
0.9394,31,4,15.88,156.06,0.7273,4,Flexible Learner,Flexible Learner,5.36,1.0,0.3333,4,3,70.23,26.4,975,177,33,523.97,15737,0.3939
0.7895,30,3,13.0,117.6,0.8158,4,Flexible Learner,Flexible Learner,5.55,0.75,0.3333,4,3,40.4,92.2,976,211,38,493.87,15738,0.3947
1.0,23,2,11.39,89.47,0.7826,2,Fresh Starter,Fresh Starter,6.39,1.0,0.0,2,2,23.4,16.57,977,147,23,261.98,15739,0.4348
0.6739,31,4,13.12,123.46,1.0,4,Consistent Climber,Consistent Climber,5.5,1.0,1.0,4,2,43.35,18.05,978,253,46,603.48,15740,0.0
0.8966,26,2,11.43,107.41,1.0,3,Deep Focus Learner,Deep Focus Learner,5.24,1.0,-0.3333,2,3,17.17,51.1,979,152,29,331.37,15741,0.2414
0.8,24,3,13.27,153.61,1.0,3,Deep Focus Learner,Deep Focus Learner,4.37,1.0,0.5,3,2,76.72,42.45,980,131,30,398.02,15742,0.3333
1.0,19,1,14.6,137.26,0.6842,3,Fresh Starter,Fresh Starter,5.53,1.0,-0.6667,1,3,4.9,39.87,981,105,19,277.35,15743,0.0526
0.8857,31,1,10.83,109.24,0.7429,3,Flexible Learner,Flexible Learner,4.97,1.0,1,1,0,8.3,0.0,982,174,35,378.92,15744,0.2571
0.8108,30,2,13.56,132.97,0.7297,3,Flexible Learner,Flexible Learner,5.27,1.0,-0.5,2,4,16.27,62.57,983,195,37,501.87,15745,0.2703
0.6176,42,4,14.42,147.06,1.0,5,Consistent Climber,Consistent Climber,5.07,0.6667,1.0,6,3,101.93,20.67,984,345,68,980.32,15746,0.0
0.931,27,1,10.82,91.76,1.0,4,Deep Focus Learner,Deep Focus Learner,5.79,1.0,-0.5,1,2,10.38,24.23,985,168,29,313.7,15747,0.3793
0.72,18,0,13.04,115.61,0.08,2,Weekend Learner,Weekend Learner,5.84,0,-1.0,0,1,0.0,8.83,986,146,25,326.07,15748,0.96
0.7576,25,2,18.33,186.16,1.0,2,Deep Focus Learner,Deep Focus Learner,5.24,0.6667,0.0,3,3,42.88,39.82,987,173,33,604.98,15749,0.2727
0.7213,44,5,12.33,111.4,1.0,4,Consistent Climber,Consistent Climber,5.64,0.7143,2.5,7,2,73.15,8.73,988,344,61,752.05,15750,0.0
0.7547,40,1,16.51,172.3,0.717,9,Flexible Learner,Flexible Learner,5.08,1.0,-0.6667,1,3,9.53,75.42,989,269,53,875.03,15751,0.283
0.8125,39,2,10.28,86.76,0.7708,4,Flexible Learner,Flexible Learner,5.94,0.5,-0.2,4,5,37.42,68.87,990,285,48,493.62,15752,0.25
0.7447,35,3,9.31,95.67,0.5745,3,Flexible Learner,Flexible Learner,4.72,1.0,0.0,3,3,19.83,25.58,991,222,47,437.7,15753,0.3404
0.8103,47,5,11.08,100.55,1.0,5,Consistent Climber,Consistent Climber,5.52,0.8333,0.2,6,5,53.22,74.3,992,320,58,642.63,15754,0.0
1.0,9,1,9.97,99.57,0.5556,1,Fresh Starter,Fresh Starter,5.11,1.0,0.0,1,1,11.55,20.8,993,46,9,89.75,15755,0.5556
1.0,22,1,13.62,144.19,0.5,3,Fresh Starter,Fresh Starter,4.91,1.0,0.0,1,1,7.33,10.93,994,108,22,299.72,15756,0.1364
0.5217,24,3,13.7,141.05,0.1304,2,Weekend Learner,Weekend Learner,5.09,0.75,1.0,4,2,76.43,29.92,995,234,46,630.37,15757,0.9783
0.8,32,2,12.31,135.25,0.65,5,Flexible Learner,Flexible Learner,4.55,0.6667,-0.25,3,4,22.47,27.38,996,182,40,492.45,15758,0.375
0.7451,38,5,15.18,140.89,0.8627,5,Flexible Learner,Flexible Learner,5.71,0.625,1.6667,8,3,93.97,35.98,997,291,51,774.43,15759,0.2157
0.8667,26,0,11.22,103.92,1.0,3,Deep Focus Learner,Deep Focus Learner,5.43,0,-1.0,0,4,0.0,49.98,998,163,30,336.58,15760,0.2
0.5714,20,2,11.44,107.67,0.1429,2,Weekend Learner,Weekend Learner,5.26,0.5,1.0,4,2,40.92,18.78,999,184,35,400.4,15761,0.9714
0.9444,17,3,12.43,119.44,1.0,2,Deep Focus Learner,Deep Focus Learner,5.28,1.0,3,3,0,44.22,0.0,1000,95,18,223.65,15762,0.0
0.9167,22,0,11.1,108.71,1.0,6,Deep Focus Learner,Deep Focus Learner,5.12,0,-1.0,0,6,0.0,46.23,1001,123,24,266.45,15763,0.3333
0.7609,35,3,12.24,106.01,0.7826,4,Flexible Learner,Flexible Learner,5.85,1.0,3,3,0,27.03,0.0,1002,269,46,563.1,15764,0.2609
1.0,14,0,13.35,156.19,0.7143,3,Fresh Starter,Fresh Starter,4.43,0,-1.0,0,1,0.0,6.07,1003,62,14,186.88,15765,0.2143
0.68,17,0,13.01,135.29,0.04,2,Weekend Learner,Weekend Learner,5.04,0,-1.0,0,1,0.0,14.58,1004,126,25,325.28,15766,1.0
0.8286,29,1,9.57,81.34,0.7714,3,Flexible Learner,Flexible Learner,5.63,0.5,-0.3333,2,3,19.72,27.17,1005,197,35,335.08,15767,0.2
0.7805,32,1,11.75,104.86,0.8293,5,Flexible Learner,Flexible Learner,5.68,1.0,-0.5,1,2,8.52,24.55,1006,233,41,481.78,15768,0.2195
0.5714,24,1,11.86,124.43,0.1667,2,Weekend Learner,Weekend Learner,4.81,0.5,-0.5,2,4,14.72,55.43,1007,202,42,498.0,15769,0.9762
0.6582,52,4,10.97,107.68,1.0,5,High Achiever,High Achiever,5.11,0.5714,0.0,7,7,64.28,76.15,1008,404,79,866.88,15770,0.1646
0.625,15,2,11.16,116.51,0.125,2,Weekend Learner,Weekend Learner,4.75,0.6667,2.0,3,1,25.25,20.9,1009,114,24,267.85,15771,0.9167
0.7636,42,3,13.28,130.64,0.6545,5,Flexible Learner,Flexible Learner,5.24,0.75,-0.2,4,5,19.98,45.22,1010,288,55,730.13,15772,0.2
0.6197,44,5,11.52,115.82,1.0,5,Consistent Climber,Consistent Climber,4.96,0.625,-0.1111,8,9,99.02,85.15,1011,352,71,818.27,15773,0.0
0.6308,41,1,9.02,80.56,1.0,4,Consistent Climber,Consistent Climber,5.35,0.5,-0.6667,2,6,14.35,45.53,1012,348,65,586.43,15774,0.0
0.6923,36,3,11.78,133.24,1.0,4,Consistent Climber,Consistent Climber,4.42,0.6,0.6667,5,3,43.68,43.5,1013,230,52,612.52,15775,0.0
0.7027,26,1,12.47,146.45,0.7297,4,Flexible Learner,Flexible Learner,4.35,1.0,-0.6667,1,3,13.23,66.22,1014,161,37,461.4,15776,0.2432
0.6818,15,1,11.46,103.0,0.1818,2,Weekend Learner,Weekend Learner,5.64,1.0,0.0,1,1,11.27,12.25,1015,124,22,252.22,15777,1.0
0.9667,29,2,17.62,190.61,0.7667,2,Flexible Learner,Flexible Learner,4.93,1.0,-0.3333,2,3,20.03,29.12,1016,148,30,528.48,15778,0.4
0.9286,26,4,16.97,167.1,1.0,3,Deep Focus Learner,Deep Focus Learner,5.46,1.0,1.0,4,2,45.12,39.1,1017,153,28,475.13,15779,0.2857
0.8,40,5,14.48,154.49,1.0,4,High Achiever,High Achiever,4.9,0.8333,0.0,6,6,40.48,150.67,1018,245,50,723.95,15780,0.18
0.6269,42,2,10.0,87.06,1.0,5,Consistent Climber,Consistent Climber,5.61,1.0,-0.5,2,4,20.55,31.43,1019,376,67,669.83,15781,0.0
0.7778,35,2,10.85,98.79,0.7556,3,Flexible Learner,Flexible Learner,5.38,0.6667,0.0,3,3,30.65,24.48,1020,242,45,488.18,15782,0.3111
0.7636,42,5,11.45,103.22,0.7636,6,Flexible Learner,Flexible Learner,5.51,0.8333,1.0,6,3,72.35,34.58,1021,303,55,629.83,15783,0.3636
0.8378,31,1,17.93,181.35,1.0,5,Deep Focus Learner,Deep Focus Learner,5.35,0.5,-0.5,2,4,21.17,76.32,1022,198,37,663.57,15784,0.2432
0.5455,24,2,13.63,125.98,0.2727,2,Weekend Learner,Weekend Learner,5.52,0.5,0.3333,4,3,47.42,17.33,1023,243,44,599.75,15785,0.9773
0.7895,30,3,14.16,156.23,1.0,2,Deep Focus Learner,Deep Focus Learner,4.71,0.6,0.25,5,4,49.25,35.17,1024,179,38,537.98,15786,0.2895
0.4848,16,0,8.54,80.45,0.1515,2,Weekend Learner,Weekend Learner,5.09,0,0,0,0,0.0,0.0,1025,168,33,281.67,15787,1.0
0.875,28,2,10.12,86.99,1.0,4,Deep Focus Learner,Deep Focus Learner,5.66,1.0,0.0,2,2,17.45,26.42,1026,181,32,323.93,15788,0.4688
0.6786,19,1,10.22,96.98,0.3571,2,Weekend Learner,Weekend Learner,5.14,0.5,0.0,2,2,13.23,18.3,1027,144,28,286.07,15789,0.9643
0.8333,25,1,10.56,113.04,0.7333,3,Flexible Learner,Flexible Learner,4.67,1.0,-0.5,1,2,4.05,17.07,1028,140,30,316.83,15790,0.2333
0.6333,19,1,12.56,137.46,0.1333,2,Weekend Learner,Weekend Learner,4.6,0.3333,3,3,0,44.9,0.0,1029,138,30,376.9,15791,1.0
1.0,9,2,9.87,101.58,0.7778,2,Fresh Starter,Fresh Starter,4.78,1.0,2,2,0,14.1,0.0,1030,43,9,88.87,15792,0.3333
0.6125,49,1,10.51,94.07,1.0,5,Consistent Climber,Consistent Climber,5.5,0.5,-0.5,2,4,23.63,62.08,1031,440,80,840.92,15793,0.0
0.85,34,3,12.77,131.3,0.75,5,Flexible Learner,Flexible Learner,4.95,1.0,-0.25,3,4,42.27,34.02,1032,198,40,510.87,15794,0.2
0.8571,30,5,10.28,89.68,1.0,3,Deep Focus Learner,Deep Focus Learner,5.69,0.8333,5.0,6,1,46.23,62.13,1033,199,35,359.73,15795,0.1714
0.8,40,3,12.51,131.48,1.0,4,Consistent Climber,Consistent Climber,4.84,0.75,0.3333,4,3,39.18,21.08,1034,242,50,625.7,15796,0.0
0.8214,23,1,10.36,89.79,0.8571,3,Flexible Learner,Flexible Learner,5.71,0.5,0.0,2,2,15.67,15.62,1035,160,28,290.1,15797,0.1786
0.9091,20,1,13.02,143.35,1.0,2,Deep Focus Learner,Deep Focus Learner,4.68,1.0,1,1,0,4.7,0.0,1036,103,22,286.43,15798,0.4545
1.0,22,1,8.83,91.16,0.8182,3,Fresh Starter,Fresh Starter,4.64,1.0,-0.5,1,2,7.38,16.82,1037,102,22,194.27,15799,0.1818
1.0,25,3,9.38,86.44,1.0,3,Deep Focus Learner,Deep Focus Learner,5.24,1.0,0.0,3,3,36.92,31.0,1038,131,25,234.55,15800,0.28
0.9048,19,3,9.78,92.74,1.0,3,Deep Focus Learner,Deep Focus Learner,5.19,1.0,0.5,3,2,28.67,21.13,1039,109,21,205.48,15801,0.1905
0.6667,52,3,10.31,113.49,1.0,5,Consistent Climber,Consistent Climber,4.49,0.75,-0.5,4,8,55.8,74.95,1040,350,78,803.82,15802,0.0
0.6923,18,2,13.98,139.33,0.1923,2,Weekend Learner,Weekend Learner,5.15,0.5,1.0,4,2,33.97,38.33,1041,134,26,363.52,15803,0.9231
1.0,13,3,9.71,76.91,0.6923,2,Fresh Starter,Fresh Starter,5.85,1.0,3,3,0,35.22,0.0,1042,76,13,126.28,15804,0.1538
0.6706,57,4,14.15,140.71,1.0,6,High Achiever,High Achiever,5.25,0.6667,0.2,6,5,83.75,72.38,1043,446,85,1202.55,15805,0.2
0.9524,20,1,11.44,100.71,1.0,2,Deep Focus Learner,Deep Focus Learner,5.67,1.0,-0.75,1,4,7.45,38.42,1044,119,21,240.18,15806,0.1429
0.5111,23,2,15.6,143.75,0.2,2,Weekend Learner,Weekend Learner,5.76,0.4,0.6667,5,3,52.13,101.43,1045,259,45,702.07,15807,0.9778
1.0,12,0,17.71,195.29,0.9167,1,Fresh Starter,Fresh Starter,4.92,0,0,0,0,0.0,0.0,1046,59,12,212.47,15808,0.6667
1.0,11,0,10.35,106.81,1.0,1,Fresh Starter,Fresh Starter,4.73,0,0,0,0,0.0,0.0,1047,52,11,113.83,15809,0.2727
0.6486,48,2,11.61,106.04,1.0,5,Consistent Climber,Consistent Climber,5.49,0.6667,-0.5714,3,7,26.1,80.7,1048,406,74,858.87,15810,0.0
1.0,13,1,10.59,122.55,0.6923,2,Fresh Starter,Fresh Starter,4.23,1.0,0.0,1,1,6.37,5.55,1049,55,13,137.72,15811,0.2308
0.6389,46,3,13.09,126.04,1.0,5,Consistent Climber,Consistent Climber,5.32,0.5,1.0,6,3,174.97,25.58,1050,383,72,942.2,15812,0.0
0.5641,44,3,17.12,175.95,1.0,5,Consistent Climber,Consistent Climber,5.22,0.75,0.3333,4,3,32.13,34.67,1051,407,78,1335.02,15813,0.0
0.7407,40,2,11.1,101.37,1.0,4,Consistent Climber,Consistent Climber,5.56,1.0,-0.3333,2,3,37.33,28.88,1052,300,54,599.6,15814,0.0
0.6984,44,2,10.02,92.41,1.0,5,High Achiever,High Achiever,5.3,1.0,-0.6667,2,6,17.32,43.87,1053,334,63,631.27,15815,0.2063
0.6286,44,3,16.34,176.51,1.0,4,Consistent Climber,Consistent Climber,4.94,0.5,0.0,6,6,69.75,103.47,1054,346,70,1143.88,15816,0.0
0.6471,44,4,10.91,112.33,1.0,5,Consistent Climber,Consistent Climber,4.9,0.5714,0.0,7,7,95.93,74.4,1055,333,68,741.72,15817,0.0
0.7,35,1,19.15,177.42,1.0,3,High Achiever,High Achiever,5.84,1.0,-0.75,1,4,8.02,49.5,1056,292,50,957.27,15818,0.24
0.6571,46,3,14.14,146.87,1.0,5,High Achiever,High Achiever,5.01,0.6,0.25,5,4,67.92,75.37,1057,351,70,989.58,15819,0.2286
0.8636,38,5,14.61,147.77,0.7045,4,Flexible Learner,Flexible Learner,5.23,0.7143,2.5,7,2,82.87,15.75,1058,230,44,643.02,15820,0.3182
0.5319,25,2,13.24,150.39,0.2128,2,Weekend Learner,Weekend Learner,4.51,0.5,0.0,4,4,47.92,22.55,1059,212,47,622.2,15821,1.0
0.6933,52,4,10.07,92.18,1.0,5,Consistent Climber,Consistent Climber,5.43,0.5,0.6,8,5,80.53,58.48,1060,407,75,755.48,15822,0.0
1.0,23,3,14.76,164.38,0.6957,3,Fresh Starter,Fresh Starter,4.83,1.0,2.0,3,1,45.18,3.95,1061,111,23,339.57,15823,0.3043
0.8529,29,4,10.84,96.55,0.7059,4,Flexible Learner,Flexible Learner,5.47,1.0,1.0,4,2,25.68,18.22,1062,186,34,368.53,15824,0.3235
0.625,40,3,15.36,148.39,1.0,4,Consistent Climber,Consistent Climber,5.44,0.6,0.25,5,4,37.43,38.8,1063,348,64,983.35,15825,0.0
1.0,24,1,9.64,89.25,0.5833,3,Fresh Starter,Fresh Starter,5.12,1.0,-0.5,1,2,7.77,15.1,1064,123,24,231.42,15826,0.3333
0.5581,24,2,14.9,155.75,0.093,2,Weekend Learner,Weekend Learner,5.0,0.4,1.5,5,2,100.18,17.02,1065,215,43,640.62,15827,1.0
0.5588,38,3,17.9,188.35,1.0,5,Consistent Climber,Consistent Climber,5.13,0.4286,0.0,7,7,189.32,107.9,1066,349,68,1217.25,15828,0.0
0.8857,31,2,9.06,97.87,0.6571,5,Flexible Learner,Flexible Learner,4.34,1.0,2,2,0,13.4,0.0,1067,152,35,317.15,15829,0.3714
1.0,11,0,8.28,78.6,0.8182,3,Fresh Starter,Fresh Starter,4.82,0,0,0,0,0.0,0.0,1068,53,11,91.1,15830,0.3636
0.8261,38,5,13.89,144.61,1.0,5,Consistent Climber,Consistent Climber,5.02,0.7143,2.5,7,2,77.83,21.67,1069,231,46,639.07,15831,0.0
0.7206,49,4,9.46,86.1,1.0,5,Consistent Climber,Consistent Climber,5.34,0.6667,5.0,6,1,81.5,9.95,1070,363,68,643.5,15832,0.0
0.5758,19,2,14.22,148.73,0.2121,3,Weekend Learner,Weekend Learner,4.94,0.6667,0.0,3,3,35.18,27.93,1071,163,33,469.18,15833,0.9394
0.6667,42,3,10.79,97.02,1.0,5,Consistent Climber,Consistent Climber,5.52,0.4286,0.75,7,4,66.68,54.72,1072,348,63,679.68,15834,0.0
0.8387,26,2,10.48,106.12,1.0,5,Deep Focus Learner,Deep Focus Learner,4.9,0.6667,0.0,3,3,16.88,26.83,1073,152,31,324.78,15835,0.3226
1.0,11,0,9.83,94.94,0.6364,1,Fresh Starter,Fresh Starter,4.91,0,0,0,0,0.0,0.0,1074,54,11,108.13,15836,0.4545
0.6897,40,1,9.23,90.55,1.0,5,Consistent Climber,Consistent Climber,4.9,0.5,-0.7143,2,7,13.85,56.32,1075,284,58,535.08,15837,0.0
0.6119,41,5,11.22,100.66,1.0,5,Consistent Climber,Consistent Climber,5.58,0.8333,0.0,6,6,70.72,47.42,1076,374,67,751.58,15838,0.0
1.0,10,0,9.9,77.54,0.9,2,Fresh Starter,Fresh Starter,6.1,0,-1.0,0,1,0.0,12.72,1077,61,10,99.02,15839,0.4
1.0,23,1,9.89,109.55,0.6522,3,Fresh Starter,Fresh Starter,4.35,1.0,0.0,1,1,5.68,6.17,1078,100,23,227.43,15840,0.2174
1.0,11,1,16.88,157.58,0.7273,2,Fresh Starter,Fresh Starter,5.82,1.0,1,1,0,39.38,0.0,1079,64,11,185.63,15841,0.0909
0.8298,39,4,9.32,84.31,0.6809,4,Flexible Learner,Flexible Learner,5.38,1.0,1.0,4,2,30.55,19.1,1080,253,47,438.15,15842,0.234
0.8214,23,2,14.29,142.5,0.7857,3,Flexible Learner,Flexible Learner,5.18,1.0,1.0,2,1,25.5,6.83,1081,145,28,400.18,15843,0.3571
0.8298,39,5,12.61,114.22,0.7447,6,Flexible Learner,Flexible Learner,5.66,0.7143,0.4,7,5,118.42,44.8,1082,266,47,592.7,15844,0.1915
0.625,40,4,12.01,127.49,1.0,4,Consistent Climber,Consistent Climber,4.73,0.6667,0.2,6,5,55.9,79.85,1083,303,64,768.82,15845,0.0
0.9091,20,1,11.21,107.73,0.1818,3,Weekend Learner,Weekend Learner,5.23,1.0,-0.5,1,2,7.12,19.68,1084,115,22,246.67,15846,0.9091
1.0,8,0,14.64,120.78,0.75,1,Fresh Starter,Fresh Starter,6.38,0,-1.0,0,2,0.0,61.8,1085,51,8,117.12,15847,0.375
0.75,21,3,9.1,77.41,0.8214,3,Flexible Learner,Flexible Learner,5.32,0.75,0.3333,4,3,42.95,26.62,1086,149,28,254.83,15848,0.3929
0.8696,20,2,13.1,154.79,1.0,3,Deep Focus Learner,Deep Focus Learner,4.26,1.0,2,2,0,14.6,0.0,1087,98,23,301.38,15849,0.2609
0.5897,23,1,9.27,88.4,0.1795,3,Weekend Learner,Weekend Learner,4.97,1.0,-0.6667,1,3,22.27,26.35,1088,194,39,361.68,15850,0.9744
0.7727,17,1,9.07,85.59,0.1818,2,Weekend Learner,Weekend Learner,5.14,0.5,0.0,2,2,15.87,17.2,1089,113,22,199.48,15851,0.9545
0.8261,19,1,11.6,97.29,1.0,4,Deep Focus Learner,Deep Focus Learner,6.09,1.0,1,1,0,11.37,0.0,1090,140,23,266.77,15852,0.1739
1.0,11,0,9.23,74.67,0.8182,2,Fresh Starter,Fresh Starter,5.82,0,-1.0,0,2,0.0,15.95,1091,64,11,101.57,15853,0.1818
0.7632,29,1,15.96,153.11,1.0,4,Deep Focus Learner,Deep Focus Learner,5.58,1.0,0.0,1,1,41.88,38.67,1092,212,38,606.43,15854,0.3158
0.8108,30,1,9.54,84.67,0.8649,4,Flexible Learner,Flexible Learner,5.46,1.0,-0.6667,1,3,11.88,46.3,1093,202,37,352.92,15855,0.2973
0.6562,21,1,11.51,105.62,0.1562,3,Weekend Learner,Weekend Learner,5.56,0.5,0.0,2,2,15.22,9.0,1094,178,32,368.27,15856,0.9375
0.6667,44,3,12.44,115.14,1.0,5,Consistent Climber,Consistent Climber,5.44,0.75,0.0,4,4,56.5,66.25,1095,359,66,820.78,15857,0.0
0.9375,30,0,12.43,116.32,0.8125,3,Flexible Learner,Flexible Learner,5.44,0,-1.0,0,3,0.0,22.33,1096,174,32,397.92,15858,0.2188
0.7895,30,2,11.32,110.03,1.0,3,Deep Focus Learner,Deep Focus Learner,5.13,1.0,1.0,2,1,62.98,10.47,1097,195,38,430.18,15859,0.1579
0.5714,16,1,10.59,115.27,0.1429,2,Weekend Learner,Weekend Learner,4.5,0.5,1.0,2,1,13.52,5.65,1098,126,28,296.4,15860,1.0
0.7015,47,3,10.27,86.16,1.0,5,Consistent Climber,Consistent Climber,5.76,0.75,0.0,4,4,36.73,43.32,1099,386,67,687.92,15861,0.0
0.7292,35,1,11.13,101.52,1.0,4,Consistent Climber,Consistent Climber,5.46,1.0,-0.8,1,5,9.0,57.78,1100,262,48,534.28,15862,0.0
0.7391,17,2,11.68,123.26,0.2609,2,Weekend Learner,Weekend Learner,4.78,0.6667,0.0,3,3,34.28,21.77,1101,110,23,268.65,15863,0.9565
0.8444,38,4,9.67,83.83,0.7333,4,Flexible Learner,Flexible Learner,5.49,0.8,0.0,5,5,64.05,47.05,1102,247,45,435.03,15864,0.4222
0.9231,24,4,17.6,159.07,1.0,4,Deep Focus Learner,Deep Focus Learner,6.0,1.0,4,4,0,59.43,0.0,1103,156,26,457.62,15865,0.3462
0.6892,51,4,10.03,89.83,1.0,5,Consistent Climber,Consistent Climber,5.46,0.5714,0.0,7,7,93.33,48.13,1104,404,74,742.12,15866,0.0
0.7556,34,1,9.95,98.28,0.7556,4,Flexible Learner,Flexible Learner,4.91,0.3333,0.5,3,2,22.17,53.33,1105,221,45,447.67,15867,0.3111
0.6232,43,1,10.81,95.26,1.0,5,Consistent Climber,Consistent Climber,5.65,1.0,-0.8,1,5,6.02,45.0,1106,390,69,745.77,15868,0.0
0.9,27,3,11.52,109.4,0.7667,3,Flexible Learner,Flexible Learner,5.23,1.0,0.0,3,3,25.92,55.45,1107,157,30,345.5,15869,0.1667
0.4792,23,2,11.63,104.13,0.1458,2,Weekend Learner,Weekend Learner,5.65,0.4,-0.1667,5,6,41.07,74.47,1108,271,48,558.05,15870,0.9792
0.9259,25,2,10.84,102.91,1.0,3,Deep Focus Learner,Deep Focus Learner,5.19,1.0,0.0,2,2,15.12,21.3,1109,140,27,292.72,15871,0.2593
0.8636,19,1,11.05,96.04,1.0,2,Deep Focus Learner,Deep Focus Learner,5.5,1.0,-0.5,1,2,9.28,18.32,1110,121,22,243.12,15872,0.2727
1.0,23,1,13.16,140.7,0.6522,3,Fresh Starter,Fresh Starter,4.83,1.0,-0.5,1,2,8.43,38.8,1111,111,23,302.78,15873,0.2174
1.0,20,1,11.0,109.65,1.0,2,Deep Focus Learner,Deep Focus Learner,5.05,1.0,-0.5,1,2,9.68,44.35,1112,101,20,220.07,15874,0.2
0.7895,15,0,11.9,96.75,1.0,3,Deep Focus Learner,Deep Focus Learner,6.0,0,0,0,0,0.0,0.0,1113,114,19,226.03,15875,0.1579
0.8667,26,1,12.31,138.9,0.6667,4,Flexible Learner,Flexible Learner,4.53,1.0,-0.6667,1,3,9.65,38.45,1114,136,30,369.25,15876,0.5333
0.8571,30,1,11.55,132.09,1.0,2,Deep Focus Learner,Deep Focus Learner,4.4,1.0,0.0,1,1,5.93,6.43,1115,154,35,404.42,15877,0.2571
1.0,12,1,14.3,132.82,0.75,2,Fresh Starter,Fresh Starter,5.58,1.0,1,1,0,61.12,0.0,1116,67,12,171.62,15878,0.5833
1.0,8,0,15.92,170.45,0.625,1,Fresh Starter,Fresh Starter,5.0,0,-1.0,0,2,0.0,64.87,1117,40,8,127.35,15879,0.375
0.8485,28,1,12.01,124.71,0.7576,3,Flexible Learner,Flexible Learner,4.82,1.0,-0.5,1,2,22.47,15.88,1118,159,33,396.17,15880,0.2727
0.8966,26,2,13.74,141.95,1.0,3,Deep Focus Learner,Deep Focus Learner,5.03,1.0,-0.5,2,4,19.07,83.08,1119,146,29,398.45,15881,0.3103
0.7222,39,3,15.94,147.39,1.0,5,Consistent Climber,Consistent Climber,5.81,0.75,1.0,4,2,51.68,66.78,1120,314,54,860.93,15882,0.0
0.8718,34,5,17.93,172.79,0.7692,5,Flexible Learner,Flexible Learner,5.49,0.8333,0.5,6,4,112.82,36.17,1121,214,39,699.37,15883,0.2051
0.5208,25,2,14.69,137.47,0.2083,2,Weekend Learner,Weekend Learner,5.58,0.4,-0.2857,5,7,56.42,63.7,1122,268,48,705.12,15884,0.9167
0.7407,20,0,15.5,168.31,0.1481,3,Weekend Learner,Weekend Learner,4.85,0,-1.0,0,1,0.0,8.32,1123,131,27,418.48,15885,0.8889
0.6364,21,2,15.44,135.78,0.2121,3,Weekend Learner,Weekend Learner,6.0,0.4,0.6667,5,3,56.48,76.2,1124,198,33,509.55,15886,0.9697
0.8529,29,5,16.11,148.03,1.0,4,Deep Focus Learner,Deep Focus Learner,5.74,1.0,1.5,5,2,36.4,54.03,1125,195,34,547.88,15887,0.1765
0.6667,18,2,10.82,92.69,0.1111,2,Weekend Learner,Weekend Learner,5.78,1.0,-0.5,2,4,16.4,69.53,1126,156,27,292.08,15888,1.0
0.7368,42,2,10.68,108.58,1.0,5,Consistent Climber,Consistent Climber,4.88,1.0,-0.5,2,4,31.42,60.4,1127,278,57,609.03,15889,0.0
0.7907,34,1,11.66,102.99,0.6512,3,Flexible Learner,Flexible Learner,5.56,1.0,-0.75,1,4,12.92,44.32,1128,239,43,501.2,15890,0.1628
0.7541,46,1,11.82,111.49,1.0,5,Consistent Climber,Consistent Climber,5.34,0.25,0.3333,4,3,31.92,35.43,1129,326,61,720.82,15891,0.0
0.7,35,2,13.47,127.25,1.0,4,Consistent Climber,Consistent Climber,5.46,1.0,1.0,2,1,34.53,5.15,1130,273,50,673.7,15892,0.0
0.8333,25,1,10.68,113.04,1.0,2,Deep Focus Learner,Deep Focus Learner,4.7,1.0,-0.5,1,2,11.23,25.47,1131,141,30,320.28,15893,0.2
0.6066,37,1,11.06,96.46,1.0,5,Consistent Climber,Consistent Climber,5.69,0.3333,-0.4,3,5,26.82,73.57,1132,347,61,674.52,15894,0.0
0.7556,34,3,10.37,87.04,1.0,3,Consistent Climber,Consistent Climber,5.84,1.0,0.0,3,3,21.37,28.67,1133,263,45,466.52,15895,0.0
0.8571,24,1,12.89,123.79,0.7143,5,Flexible Learner,Flexible Learner,5.29,1.0,-0.5,1,2,5.07,13.2,1134,148,28,361.0,15896,0.25
0.8302,44,4,10.11,99.08,0.6792,8,Flexible Learner,Flexible Learner,5.0,0.6667,2.0,6,2,62.53,18.67,1135,265,53,535.98,15897,0.3208
1.0,10,1,12.09,121.06,0.8,2,Fresh Starter,Fresh Starter,5.0,1.0,1,1,0,9.45,0.0,1136,50,10,120.9,15898,0.0
0.8182,36,5,13.03,134.36,0.75,3,Flexible Learner,Flexible Learner,5.07,0.625,1.6667,8,3,91.37,46.63,1137,223,44,573.32,15899,0.4318
0.6438,47,4,13.32,125.57,1.0,5,Consistent Climber,Consistent Climber,5.45,0.8,0.25,5,4,44.22,28.45,1138,398,73,972.42,15900,0.0
0.6716,45,3,9.82,86.28,1.0,4,Consistent Climber,Consistent Climber,5.49,0.75,1.0,4,2,29.97,21.05,1139,368,67,658.17,15901,0.0
0.6842,52,3,11.3,100.07,1.0,6,High Achiever,High Achiever,5.61,0.75,-0.4286,4,7,31.98,122.1,1140,426,76,858.95,15902,0.1842
0.8378,31,2,16.31,156.03,0.7568,4,Flexible Learner,Flexible Learner,5.59,0.6667,0.0,3,3,74.93,62.15,1141,207,37,603.62,15903,0.2703
0.8049,33,2,13.03,137.18,0.6829,4,Flexible Learner,Flexible Learner,4.93,0.6667,0.0,3,3,57.58,60.97,1142,202,41,534.08,15904,0.2683
0.8696,20,1,11.76,107.64,1.0,2,Deep Focus Learner,Deep Focus Learner,5.57,1.0,1,1,0,9.27,0.0,1143,128,23,270.4,15905,0.087
0.7091,39,2,12.22,112.65,1.0,4,Consistent Climber,Consistent Climber,5.58,0.6667,-0.25,3,4,30.13,28.6,1144,307,55,672.2,15906,0.0
0.875,21,3,14.33,138.16,1.0,3,Deep Focus Learner,Deep Focus Learner,5.33,0.75,4,4,0,56.8,0.0,1145,128,24,343.95,15907,0.3333
0.561,23,2,12.73,120.21,0.2683,3,Weekend Learner,Weekend Learner,5.41,1.0,1.0,2,1,14.25,7.68,1146,222,41,521.97,15908,0.9756
0.5814,50,4,10.87,98.17,1.0,6,High Achiever,High Achiever,5.38,0.8,-0.1667,5,6,36.45,54.52,1147,463,86,935.07,15909,0.1163
0.7391,34,2,11.21,102.82,0.7826,5,Flexible Learner,Flexible Learner,5.46,1.0,-0.3333,2,3,14.1,31.2,1148,251,46,515.45,15910,0.2174
0.8824,30,4,10.18,108.34,1.0,2,Deep Focus Learner,Deep Focus Learner,4.56,1.0,0.0,4,4,36.47,36.37,1149,155,34,346.08,15911,0.2941
0.6494,50,4,11.37,97.19,1.0,5,Consistent Climber,Consistent Climber,5.81,0.6667,0.5,6,4,54.58,39.2,1150,447,77,875.57,15912,0.0
0.8889,24,1,9.77,88.12,1.0,4,Deep Focus Learner,Deep Focus Learner,5.37,1.0,0.0,1,1,5.7,12.67,1151,145,27,263.78,15913,0.2593
0.6207,54,3,9.32,81.96,1.0,6,High Achiever,High Achiever,5.44,0.6,0.25,5,4,61.28,30.8,1152,473,87,810.77,15914,0.1264
1.0,12,1,10.34,99.33,0.75,1,Fresh Starter,Fresh Starter,5.08,1.0,1,1,0,4.25,0.0,1153,61,12,124.03,15915,0.4167
0.6548,55,6,13.71,123.07,1.0,6,High Achiever,High Achiever,5.81,0.8571,0.4,7,5,68.38,46.93,1154,488,84,1151.3,15916,0.119
0.6327,31,2,17.32,181.18,1.0,3,Consistent Climber,Consistent Climber,5.12,1.0,-0.8182,2,11,52.27,137.2,1155,251,49,848.55,15917,0.0
0.8077,42,4,16.08,148.36,1.0,6,High Achiever,High Achiever,5.71,1.0,0.3333,4,3,50.87,86.5,1156,297,52,836.25,15918,0.1346
0.65,39,4,12.93,130.75,1.0,4,Consistent Climber,Consistent Climber,5.02,0.5,0.1429,8,7,63.17,108.25,1157,301,60,775.83,15919,0.0
1.0,9,0,11.49,108.66,0.7778,1,Fresh Starter,Fresh Starter,5.22,0,-1.0,0,1,0.0,9.75,1158,47,9,103.38,15920,0.4444
0.963,26,3,9.95,86.52,1.0,3,Deep Focus Learner,Deep Focus Learner,5.52,1.0,0.0,3,3,20.35,24.98,1159,149,27,268.75,15921,0.2963
1.0,16,1,7.75,79.38,0.625,1,Fresh Starter,Fresh Starter,4.5,1.0,-0.5,1,2,6.32,16.42,1160,72,16,124.03,15922,0.375
0.6528,47,5,14.03,135.34,1.0,5,High Achiever,High Achiever,5.38,0.8333,5.0,6,1,40.2,3.8,1161,387,72,1010.37,15923,0.1806
0.85,34,4,14.42,160.32,0.75,6,Flexible Learner,Flexible Learner,4.7,1.0,-0.2,4,5,40.4,63.42,1162,188,40,576.75,15924,0.225
0.661,39,2,10.09,85.82,1.0,5,Consistent Climber,Consistent Climber,5.73,1.0,-0.6667,2,6,24.32,64.97,1163,338,59,595.22,15925,0.0
0.5893,33,2,12.01,116.52,1.0,4,Consistent Climber,Consistent Climber,5.29,0.4,1.5,5,2,37.1,53.22,1164,296,56,672.45,15926,0.0
0.9286,26,1,9.67,99.34,1.0,3,Deep Focus Learner,Deep Focus Learner,4.79,1.0,0.0,1,1,6.83,10.57,1165,134,28,270.85,15927,0.2857
0.7273,16,0,17.81,204.53,1.0,2,Deep Focus Learner,Deep Focus Learner,4.68,0,-1.0,0,2,0.0,59.17,1166,103,22,391.72,15928,0.0455
1.0,20,1,9.15,80.12,1.0,2,Deep Focus Learner,Deep Focus Learner,5.45,1.0,-0.5,1,2,12.25,16.77,1167,109,20,183.05,15929,0.15
1.0,18,1,12.2,136.89,0.5556,3,Fresh Starter,Fresh Starter,4.56,1.0,0.0,1,1,8.03,12.2,1168,82,18,219.67,15930,0.3333
1.0,21,2,12.78,129.86,0.7619,3,Fresh Starter,Fresh Starter,4.9,1.0,1.0,2,1,57.75,6.57,1169,103,21,268.33,15931,0.3333
1.0,23,2,12.49,117.76,0.5652,3,Fresh Starter,Fresh Starter,5.35,1.0,1.0,2,1,33.1,10.17,1170,123,23,287.28,15932,0.2609
0.9048,19,1,9.61,82.85,1.0,3,Deep Focus Learner,Deep Focus Learner,5.71,1.0,0.0,1,1,9.88,7.52,1171,120,21,201.72,15933,0.1429
0.6613,41,3,13.33,122.86,1.0,5,High Achiever,High Achiever,5.56,0.75,0.0,4,4,40.87,49.97,1172,345,62,826.6,15934,0.1774
0.8571,30,1,14.95,143.74,1.0,4,Deep Focus Learner,Deep Focus Learner,5.4,1.0,-0.6667,1,3,11.73,65.35,1173,189,35,523.08,15935,0.2286
1.0,14,1,14.2,134.65,0.7143,2,Fresh Starter,Fresh Starter,5.5,1.0,0.0,1,1,9.93,6.27,1174,77,14,198.87,15936,0.5
0.8529,29,3,15.48,142.1,0.8529,4,Flexible Learner,Flexible Learner,5.76,1.0,0.0,3,3,27.65,56.55,1175,196,34,526.38,15937,0.2353
0.5366,22,1,10.07,97.99,0.2195,2,Weekend Learner,Weekend Learner,5.05,0.3333,0.0,3,3,21.4,33.3,1176,207,41,412.97,15938,1.0
0.5429,19,0,10.17,90.67,0.2,2,Weekend Learner,Weekend Learner,5.43,0,-1.0,0,4,0.0,37.6,1177,190,35,355.92,15939,0.9714
0.8043,37,1,13.46,134.47,0.7391,7,Flexible Learner,Flexible Learner,5.22,1.0,-0.8,1,5,9.85,60.6,1178,240,46,619.33,15940,0.2391
0.9565,22,1,22.76,197.29,1.0,3,Deep Focus Learner,Deep Focus Learner,6.39,1.0,-0.5,1,2,46.08,20.6,1179,147,23,523.38,15941,0.3043
0.8636,19,0,10.13,90.94,0.1818,3,Weekend Learner,Weekend Learner,5.32,0,-1.0,0,2,0.0,17.5,1180,117,22,222.77,15942,0.9545
0.96,24,1,16.54,176.02,1.0,2,Deep Focus Learner,Deep Focus Learner,5.0,1.0,-0.5,1,2,13.02,18.78,1181,125,25,413.42,15943,0.2
0.8621,25,0,12.09,102.44,1.0,3,Deep Focus Learner,Deep Focus Learner,5.9,0,-1.0,0,5,0.0,47.37,1182,171,29,350.52,15944,0.2069
0.8302,44,4,13.55,117.89,0.6604,7,Flexible Learner,Flexible Learner,5.92,0.8,-0.1667,5,6,51.1,72.78,1183,314,53,718.25,15945,0.2642
0.8205,32,3,15.12,140.48,0.8205,4,Flexible Learner,Flexible Learner,5.56,0.75,3.0,4,1,47.25,8.47,1184,217,39,589.73,15946,0.3077
0.7368,42,2,11.05,96.47,1.0,4,High Achiever,High Achiever,5.72,1.0,-0.3333,2,3,14.83,35.18,1185,326,57,629.75,15947,0.1579
0.8857,31,3,12.66,122.33,1.0,2,Deep Focus Learner,Deep Focus Learner,5.29,0.75,4,4,0,33.57,0.0,1186,185,35,443.2,15948,0.2571
0.6774,21,2,13.66,145.58,0.1935,2,Weekend Learner,Weekend Learner,4.81,0.6667,0.5,3,2,31.67,10.12,1187,149,31,423.42,15949,1.0
0.7119,42,2,16.25,172.47,1.0,5,Consistent Climber,Consistent Climber,4.98,0.5,0.0,4,4,61.93,53.12,1188,294,59,958.73,15950,0.0
1.0,9,1,9.39,79.48,0.6667,2,Fresh Starter,Fresh Starter,5.56,1.0,1,1,0,6.13,0.0,1189,50,9,84.52,15951,0.4444
0.8298,39,2,12.09,130.89,0.766,5,Flexible Learner,Flexible Learner,4.72,1.0,-0.5,2,4,37.45,31.8,1190,222,47,568.33,15952,0.2979
0.5802,47,1,10.33,94.04,1.0,6,High Achiever,High Achiever,5.37,0.5,-0.8182,2,11,20.48,151.9,1191,435,81,836.97,15953,0.1111
0.7941,27,2,12.27,134.87,0.8529,3,Flexible Learner,Flexible Learner,4.68,1.0,-0.3333,2,3,31.63,69.62,1192,159,34,417.05,15954,0.4412
0.5875,47,2,10.02,88.93,1.0,5,Consistent Climber,Consistent Climber,5.53,0.6667,0.0,3,3,28.7,24.6,1193,442,80,801.68,15955,0.0
0.717,38,5,14.01,126.7,1.0,5,Consistent Climber,Consistent Climber,5.81,0.7143,1.3333,7,3,128.6,58.87,1194,308,53,742.73,15956,0.0
0.6552,19,1,10.2,108.99,0.1724,2,Weekend Learner,Weekend Learner,4.66,0.5,-0.6667,2,6,14.6,71.18,1195,135,29,295.72,15957,0.9655
0.6765,46,5,14.96,167.19,1.0,5,Consistent Climber,Consistent Climber,4.72,0.5556,0.125,9,8,112.15,165.5,1196,321,68,1017.45,15958,0.0
0.8837,38,2,10.08,98.77,0.7442,3,Flexible Learner,Flexible Learner,4.88,1.0,-0.3333,2,3,17.28,38.98,1197,210,43,433.55,15959,0.3721
0.6364,49,5,18.19,177.36,1.0,5,Consistent Climber,Consistent Climber,5.55,0.625,0.3333,8,6,233.57,117.38,1198,427,77,1400.58,15960,0.0
0.8889,16,1,7.95,72.32,1.0,2,Deep Focus Learner,Deep Focus Learner,5.22,1.0,1,1,0,6.87,0.0,1199,94,18,143.17,15961,0.0556
1.0,23,2,10.57,94.42,0.6957,2,Fresh Starter,Fresh Starter,5.61,1.0,0.0,2,2,18.18,16.82,1200,129,23,243.1,15962,0.3043
0.55,22,2,10.06,91.03,0.1,2,Weekend Learner,Weekend Learner,5.47,0.6667,-0.4,3,5,39.6,53.57,1201,219,40,402.52,15963,0.95
0.9355,29,3,10.83,93.84,0.8387,3,Flexible Learner,Flexible Learner,5.74,0.75,3.0,4,1,36.0,6.23,1202,178,31,335.7,15964,0.2258
0.913,21,1,11.74,131.24,1.0,3,Deep Focus Learner,Deep Focus Learner,4.43,1.0,0.0,1,1,21.5,25.05,1203,102,23,270.12,15965,0.2609
0.5904,49,2,11.32,99.29,1.0,5,High Achiever,High Achiever,5.76,0.6667,-0.25,3,4,21.13,37.73,1204,478,83,939.3,15966,0.1205
1.0,19,3,10.6,111.28,1.0,3,Deep Focus Learner,Deep Focus Learner,4.68,1.0,2.0,3,1,22.43,18.9,1205,89,19,201.33,15967,0.3684
0.561,23,2,13.44,141.06,0.1707,3,Weekend Learner,Weekend Learner,4.88,1.0,1.0,2,1,45.43,4.92,1206,200,41,551.05,15968,0.9512
0.7736,41,3,10.82,103.25,0.6604,4,Flexible Learner,Flexible Learner,5.19,0.6,0.6667,5,3,71.17,30.87,1207,275,53,573.48,15969,0.3019
0.8824,30,2,14.04,161.67,1.0,3,Deep Focus Learner,Deep Focus Learner,4.53,1.0,2,2,0,16.97,0.0,1208,154,34,477.27,15970,0.3235
0.4773,21,2,14.35,128.9,0.1818,2,Weekend Learner,Weekend Learner,5.82,0.5,3.0,4,1,73.5,9.58,1209,256,44,631.55,15971,0.9773
0.7826,36,3,14.87,144.88,1.0,4,Consistent Climber,Consistent Climber,5.37,0.75,3.0,4,1,23.88,22.88,1210,247,46,684.02,15972,0.0
1.0,10,0,10.74,84.05,0.3,2,Fresh Starter,Fresh Starter,6.4,0,0,0,0,0.0,0.0,1211,64,10,107.4,15973,0.2
0.6456,51,4,11.16,111.47,1.0,5,Consistent Climber,Consistent Climber,4.96,0.8,0.0,5,5,62.93,66.4,1212,392,79,881.97,15974,0.0
0.55,22,3,9.82,87.87,0.25,3,Weekend Learner,Weekend Learner,5.47,0.5,6,6,0,50.0,0.0,1213,219,40,392.93,15975,0.925
0.8148,44,6,10.21,109.49,0.7778,6,Flexible Learner,Flexible Learner,4.48,0.75,1.0,8,4,80.4,34.82,1214,242,54,551.43,15976,0.2593
0.6667,48,2,14.08,140.83,1.0,5,Consistent Climber,Consistent Climber,5.21,1.0,-0.7143,2,7,18.67,120.65,1215,375,72,1014.0,15977,0.0
0.9474,36,3,11.09,101.25,0.8947,3,Flexible Learner,Flexible Learner,5.45,0.75,0.3333,4,3,37.77,20.82,1216,207,38,421.42,15978,0.3158
0.6494,50,5,12.39,113.89,1.0,5,Consistent Climber,Consistent Climber,5.45,0.7143,-0.125,7,8,153.77,61.7,1217,420,77,954.15,15979,0.0
0.9474,18,1,17.48,176.28,1.0,2,Deep Focus Learner,Deep Focus Learner,5.37,1.0,-0.5,1,2,6.38,16.43,1218,102,19,332.1,15980,0.3684
0.8333,25,2,15.4,147.54,1.0,2,Deep Focus Learner,Deep Focus Learner,5.43,1.0,2,2,0,43.9,0.0,1219,163,30,462.12,15981,0.3667
0.913,21,1,13.54,131.36,1.0,2,Deep Focus Learner,Deep Focus Learner,5.35,1.0,-0.5,1,2,10.62,16.0,1220,123,23,311.33,15982,0.3913
0.88,22,1,13.96,116.95,1.0,3,Deep Focus Learner,Deep Focus Learner,6.08,1.0,0.0,1,1,12.03,8.35,1221,152,25,348.95,15983,0.28
0.7018,40,3,15.81,160.12,1.0,3,High Achiever,High Achiever,5.19,0.75,1.0,4,2,68.67,18.8,1222,296,57,901.45,15984,0.1228
0.6613,41,2,13.06,116.14,1.0,5,High Achiever,High Achiever,5.73,0.6667,-0.5,3,6,26.45,43.07,1223,355,62,809.95,15985,0.1452
0.697,46,2,13.18,124.03,1.0,5,High Achiever,High Achiever,5.45,1.0,-0.6667,2,6,13.2,97.35,1224,360,66,870.07,15986,0.1364
0.5333,24,1,19.41,187.84,0.2222,3,Weekend Learner,Weekend Learner,5.56,1.0,-0.8333,1,6,16.73,70.27,1225,250,45,873.23,15987,0.9333
0.9444,17,0,11.7,109.33,1.0,4,Deep Focus Learner,Deep Focus Learner,5.56,0,0,0,0,0.0,0.0,1226,100,18,210.55,15988,0.3333
0.6182,34,2,10.8,98.21,1.0,4,Consistent Climber,Consistent Climber,5.4,0.3333,0.5,6,4,55.9,30.32,1227,297,55,594.05,15989,0.0
0.661,39,1,10.3,92.51,1.0,4,Consistent Climber,Consistent Climber,5.42,1.0,-0.6667,1,3,7.48,27.35,1228,320,59,607.87,15990,0.0
0.8846,23,2,11.33,109.38,1.0,3,Deep Focus Learner,Deep Focus Learner,5.15,1.0,0.0,2,2,17.47,12.32,1229,134,26,294.58,15991,0.1154
0.6792,36,5,17.16,170.35,1.0,4,Consistent Climber,Consistent Climber,5.38,0.8333,0.0,6,6,137.17,148.13,1230,285,53,909.47,15992,0.0
0.7917,38,5,17.82,178.61,1.0,3,Consistent Climber,Consistent Climber,5.4,1.0,0.6667,5,3,43.28,83.13,1231,259,48,855.6,15993,0.0
0.5,22,2,12.77,117.71,0.1818,3,Weekend Learner,Weekend Learner,5.5,0.6667,3,3,0,61.15,0.0,1232,242,44,561.8,15994,0.9545
0.8947,34,1,10.96,100.25,1.0,3,Deep Focus Learner,Deep Focus Learner,5.47,1.0,-0.5,1,2,8.2,12.4,1233,208,38,416.47,15995,0.2105
0.95,19,2,10.17,99.13,1.0,2,Deep Focus Learner,Deep Focus Learner,5.0,1.0,2,2,0,32.27,0.0,1234,100,20,203.4,15996,0.2
0.7778,42,5,15.31,154.77,0.7963,4,Flexible Learner,Flexible Learner,5.22,0.8333,1.0,6,3,87.78,46.27,1235,282,54,826.58,15997,0.2593
0.6308,41,5,11.36,102.88,1.0,5,Consistent Climber,Consistent Climber,5.54,0.5,4.0,10,2,177.8,17.1,1236,360,65,738.33,15998,0.0
0.5455,24,3,15.52,160.37,0.1818,2,Weekend Learner,Weekend Learner,5.14,0.375,7.0,8,1,186.67,12.58,1237,226,44,682.7,15999,0.9545
0.92,23,4,18.25,172.65,1.0,3,Deep Focus Learner,Deep Focus Learner,5.68,1.0,3.0,4,1,69.52,42.02,1238,142,25,456.3,16000,0.24
0.913,21,1,10.39,96.37,1.0,2,Deep Focus Learner,Deep Focus Learner,5.22,1.0,-0.5,1,2,5.15,45.22,1239,120,23,239.03,16001,0.2609
0.7037,19,1,12.89,110.47,0.2593,2,Weekend Learner,Weekend Learner,5.96,1.0,0.0,1,1,15.27,7.82,1240,161,27,347.95,16002,0.963
0.7391,17,2,9.36,88.76,0.1304,2,Weekend Learner,Weekend Learner,5.13,0.6667,3,3,0,24.15,0.0,1241,118,23,215.27,16003,0.9565
0.7963,43,5,11.38,105.27,0.7407,5,Flexible Learner,Flexible Learner,5.43,0.7143,0.75,7,4,72.17,62.27,1242,293,54,614.6,16004,0.2778
0.814,35,1,19.36,189.58,0.7674,4,Flexible Learner,Flexible Learner,5.53,1.0,-0.5,1,2,12.42,63.43,1243,238,43,832.42,16005,0.2791
0.814,35,2,14.48,150.31,0.7907,7,Flexible Learner,Flexible Learner,5.05,1.0,-0.3333,2,3,50.2,20.1,1244,217,43,622.72,16006,0.1628
0.6379,37,3,15.51,155.16,1.0,3,Consistent Climber,Consistent Climber,5.33,0.6,0.25,5,4,83.35,65.87,1245,309,58,899.63,16007,0.0
1.0,13,1,11.36,94.83,0.5385,2,Fresh Starter,Fresh Starter,5.85,1.0,0.0,1,1,9.85,12.42,1246,76,13,147.65,16008,0.2308
1.0,14,1,13.45,160.37,0.7857,1,Fresh Starter,Fresh Starter,4.29,1.0,0.0,1,1,9.8,9.82,1247,60,14,188.33,16009,0.1429
0.85,34,2,9.34,85.1,0.8,3,Flexible Learner,Flexible Learner,5.33,1.0,1.0,2,1,14.83,5.95,1248,213,40,373.5,16010,0.35
0.625,45,1,11.06,104.14,1.0,4,Consistent Climber,Consistent Climber,5.28,0.5,-0.7143,2,7,59.97,80.95,1249,380,72,796.48,16011,0.0
0.5974,46,3,10.33,99.09,1.0,5,Consistent Climber,Consistent Climber,5.06,0.5,0.0,6,6,52.32,44.17,1250,390,77,795.73,16012,0.0
0.5897,46,3,11.81,115.93,1.0,5,Consistent Climber,Consistent Climber,5.19,0.75,-0.3333,4,6,58.17,100.6,1251,405,78,920.82,16013,0.0
0.7143,35,2,11.39,97.5,1.0,3,Consistent Climber,Consistent Climber,5.86,0.6667,0.5,3,2,30.23,15.0,1252,287,49,558.3,16014,0.0
0.575,46,4,12.76,130.46,1.0,5,Consistent Climber,Consistent Climber,4.97,0.5714,1.3333,7,3,56.87,35.38,1253,398,80,1020.48,16015,0.0
0.8571,30,1,12.65,119.27,1.0,3,Deep Focus Learner,Deep Focus Learner,5.46,1.0,-0.5,1,2,18.67,24.92,1254,191,35,442.72,16016,0.2857
0.9444,17,1,12.18,108.09,1.0,3,Deep Focus Learner,Deep Focus Learner,5.72,1.0,-0.5,1,2,5.17,19.38,1255,103,18,219.2,16017,0.0
0.6081,45,4,19.94,188.72,1.0,4,High Achiever,High Achiever,5.78,1.0,3.0,4,1,63.67,9.75,1256,428,74,1475.32,16018,0.2027
0.6719,43,2,14.89,143.68,1.0,5,Consistent Climber,Consistent Climber,5.39,0.6667,-0.4,3,5,32.1,41.63,1257,345,64,952.65,16019,0.0
0.9091,30,3,10.1,113.34,0.697,3,Flexible Learner,Flexible Learner,4.39,0.75,0.0,4,4,55.42,41.52,1258,145,33,333.17,16020,0.2727
0.8919,33,1,18.71,194.49,1.0,3,Deep Focus Learner,Deep Focus Learner,5.24,1.0,-0.5,1,2,7.32,21.7,1259,194,37,692.35,16021,0.2973
0.8276,24,3,9.37,87.74,1.0,2,Deep Focus Learner,Deep Focus Learner,5.07,0.6,0.25,5,4,39.82,34.7,1260,147,29,271.68,16022,0.3448
1.0,24,2,10.61,101.55,0.75,2,Fresh Starter,Fresh Starter,5.04,1.0,-0.3333,2,3,14.97,25.58,1261,121,24,254.73,16023,0.125
1.0,16,1,13.17,130.11,0.8125,3,Fresh Starter,Fresh Starter,5.12,1.0,-0.5,1,2,12.47,17.18,1262,82,16,210.78,16024,0.3125
0.557,44,2,12.05,116.68,1.0,5,Consistent Climber,Consistent Climber,5.22,0.4,-0.2857,5,7,43.65,79.05,1263,412,79,952.32,16025,0.0
0.6226,33,3,11.04,97.06,1.0,3,Consistent Climber,Consistent Climber,5.7,0.6,1.5,5,2,42.48,17.92,1264,302,53,585.1,16026,0.0
0.72,36,6,11.99,105.76,0.74,6,Flexible Learner,Flexible Learner,5.7,0.75,0.6,8,5,79.4,108.97,1265,285,50,599.25,16027,0.16
0.5833,21,2,17.27,171.39,0.2778,2,Weekend Learner,Weekend Learner,5.44,1.0,0.0,2,2,21.17,63.73,1266,196,36,621.55,16028,0.9444
0.7347,36,3,11.3,115.82,0.7143,5,Flexible Learner,Flexible Learner,4.84,0.4286,1.3333,7,3,69.02,23.6,1267,237,49,553.6,16029,0.3878
0.6966,62,4,15.0,146.33,1.0,6,High Achiever,High Achiever,5.39,0.6667,-0.3333,6,9,59.02,110.03,1268,480,89,1335.42,16030,0.2135
0.8108,30,2,13.09,128.78,0.7838,2,Flexible Learner,Flexible Learner,5.27,1.0,1.0,2,1,21.5,7.63,1269,195,37,484.27,16031,0.2162
0.9545,21,3,12.3,118.05,1.0,3,Deep Focus Learner,Deep Focus Learner,5.27,0.75,1.0,4,2,37.45,10.02,1270,116,22,270.58,16032,0.3182
0.6167,37,2,16.37,158.09,1.0,4,Consistent Climber,Consistent Climber,5.52,1.0,-0.5,2,4,56.08,84.55,1271,331,60,981.92,16033,0.0
0.5111,23,1,12.6,125.38,0.2,2,Weekend Learner,Weekend Learner,5.16,0.5,-0.7143,2,7,16.38,65.2,1272,232,45,567.05,16034,0.9556
0.6761,48,1,11.78,112.68,1.0,5,High Achiever,High Achiever,5.27,1.0,-0.75,1,4,6.97,47.42,1273,374,71,836.52,16035,0.1831
0.7963,43,2,15.05,156.11,0.7037,6,Flexible Learner,Flexible Learner,5.09,1.0,1.0,2,1,57.33,10.05,1274,275,54,812.95,16036,0.2778
1.0,18,2,10.72,106.69,0.7222,3,Fresh Starter,Fresh Starter,5.0,1.0,0.0,2,2,16.82,16.77,1275,90,18,192.97,16037,0.3333
0.5484,17,0,12.87,121.39,0.2258,2,Weekend Learner,Weekend Learner,5.32,0,0,0,0,0.0,0.0,1276,165,31,399.1,16038,1.0
0.85,34,5,14.3,135.12,0.775,4,Flexible Learner,Flexible Learner,5.53,0.8333,2.0,6,2,76.23,33.28,1277,221,40,571.95,16039,0.225
0.9474,18,2,14.31,150.13,1.0,2,Deep Focus Learner,Deep Focus Learner,4.95,1.0,0.0,2,2,15.67,35.57,1278,94,19,271.83,16040,0.2632
1.0,24,2,12.64,128.46,0.75,2,Fresh Starter,Fresh Starter,5.04,1.0,-0.3333,2,3,19.8,28.05,1279,121,24,303.32,16041,0.2917
0.9,27,1,13.22,125.77,1.0,3,Deep Focus Learner,Deep Focus Learner,5.4,1.0,-0.75,1,4,26.12,51.75,1280,162,30,396.65,16042,0.2667
0.5714,44,1,9.32,84.13,1.0,6,High Achiever,High Achiever,5.34,1.0,-0.8,1,5,7.1,44.65,1281,411,77,718.0,16043,0.1818
0.8065,25,0,11.06,107.97,0.6452,2,Flexible Learner,Flexible Learner,5.06,0,-1.0,0,3,0.0,24.17,1282,157,31,342.9,16044,0.3548
0.7288,43,4,17.46,176.89,1.0,5,Consistent Climber,Consistent Climber,5.27,1.0,0.0,4,4,96.28,34.22,1283,311,59,1030.22,16045,0.0
0.7391,17,2,14.94,172.45,0.2609,2,Weekend Learner,Weekend Learner,4.48,0.6667,2.0,3,1,77.97,16.37,1284,103,23,343.63,16046,1.0
0.7308,19,1,13.23,132.92,0.3462,2,Weekend Learner,Weekend Learner,5.08,1.0,-0.5,1,2,12.33,9.68,1285,132,26,344.05,16047,0.9615
0.5946,22,1,14.2,128.47,0.1892,2,Weekend Learner,Weekend Learner,5.7,0.5,0.0,2,2,77.13,19.73,1286,211,37,525.5,16048,0.9459
0.6833,41,5,14.83,146.42,1.0,6,High Achiever,High Achiever,5.28,0.5556,2.0,9,3,97.33,30.73,1287,317,60,889.88,16049,0.1167
0.875,35,2,14.39,157.55,0.8,3,Flexible Learner,Flexible Learner,4.8,1.0,0.0,2,2,11.27,37.82,1288,192,40,575.63,16050,0.225
0.8261,19,1,18.52,179.27,0.1739,2,Weekend Learner,Weekend Learner,5.61,1.0,-0.5,1,2,9.82,29.25,1289,129,23,425.88,16051,1.0
0.8065,25,2,12.96,134.51,1.0,4,Deep Focus Learner,Deep Focus Learner,5.1,1.0,-0.6667,2,6,6.08,98.8,1290,158,31,401.67,16052,0.2581
0.6,54,5,13.32,126.88,1.0,5,High Achiever,High Achiever,5.41,0.5556,0.8,9,5,106.37,70.22,1291,487,90,1198.83,16053,0.1333
0.9091,30,1,8.68,83.84,1.0,5,Deep Focus Learner,Deep Focus Learner,4.88,1.0,-0.5,1,2,11.67,16.57,1292,161,33,286.32,16054,0.3333
0.7778,42,4,17.27,168.44,1.0,4,Consistent Climber,Consistent Climber,5.5,0.8,0.0,5,5,39.98,113.57,1293,297,54,932.4,16055,0.0
1.0,17,1,16.02,140.64,0.7059,3,Fresh Starter,Fresh Starter,6.12,1.0,-0.6667,1,3,8.67,26.68,1294,104,17,272.32,16056,0.0588
1.0,10,1,9.42,96.31,0.4,2,Fresh Starter,Fresh Starter,4.5,1.0,0.0,1,1,20.37,9.28,1295,45,10,94.18,16057,0.0
0.8889,32,2,10.84,104.82,0.8333,3,Flexible Learner,Flexible Learner,5.11,1.0,-0.6,2,5,41.7,78.07,1296,184,36,390.28,16058,0.3056
0.6,48,5,11.09,101.9,1.0,5,High Achiever,High Achiever,5.39,0.5,4.0,10,2,97.6,30.4,1297,431,80,887.1,16059,0.0875
0.6857,48,2,10.35,99.63,1.0,5,Consistent Climber,Consistent Climber,5.04,0.6667,-0.25,3,4,35.83,57.4,1298,353,70,724.8,16060,0.0
0.8958,43,4,9.86,90.21,0.7292,3,Flexible Learner,Flexible Learner,5.31,1.0,0.0,4,4,37.03,44.02,1299,255,48,473.07,16061,0.2292
0.7115,37,2,9.66,98.21,1.0,5,High Achiever,High Achiever,4.75,1.0,0.0,2,2,29.6,13.02,1300,247,52,502.57,16062,0.1346
0.8364,46,5,17.02,176.06,0.7455,5,Flexible Learner,Flexible Learner,5.15,0.7143,0.1667,7,6,88.2,89.53,1301,283,55,936.2,16063,0.2545
0.6286,22,1,14.71,135.79,0.2571,2,Weekend Learner,Weekend Learner,5.74,1.0,-0.6667,1,3,6.97,31.27,1302,201,35,514.78,16064,0.9429
0.8571,24,2,12.04,109.92,0.6071,3,Flexible Learner,Flexible Learner,5.5,1.0,1.0,2,1,12.62,7.8,1303,154,28,336.98,16065,0.2143
1.0,16,3,9.8,80.67,0.8125,1,Fresh Starter,Fresh Starter,5.62,1.0,0.5,3,2,30.17,14.67,1304,90,16,156.78,16066,0.3125
0.6825,43,3,12.0,127.95,1.0,4,Consistent Climber,Consistent Climber,4.73,0.75,-0.2,4,5,46.15,52.5,1305,298,63,756.1,16067,0.0
1.0,19,2,9.12,93.72,0.6316,2,Fresh Starter,Fresh Starter,4.74,1.0,1.0,2,1,18.48,24.4,1306,90,19,173.22,16068,0.2105
0.8431,43,4,8.61,79.39,0.8627,5,Flexible Learner,Flexible Learner,5.14,1.0,0.0,4,4,35.88,37.98,1307,262,51,439.08,16069,0.2157
0.6184,47,3,11.52,103.84,1.0,5,Consistent Climber,Consistent Climber,5.55,0.5,0.2,6,5,44.83,90.72,1308,422,76,875.85,16070,0.0
0.5694,41,4,14.42,150.01,1.0,5,Consistent Climber,Consistent Climber,5.0,0.8,-0.4444,5,9,27.85,84.93,1309,360,72,1038.28,16071,0.0
0.5,19,2,10.53,88.64,0.1842,2,Weekend Learner,Weekend Learner,5.79,0.5,3.0,4,1,34.7,11.08,1310,220,38,400.03,16072,1.0
0.8667,26,1,11.14,106.76,1.0,2,Deep Focus Learner,Deep Focus Learner,5.1,1.0,0.0,1,1,9.5,8.55,1311,153,30,334.1,16073,0.3333
0.661,39,3,11.09,110.94,1.0,4,Consistent Climber,Consistent Climber,4.98,0.6,-0.1667,5,6,38.87,42.42,1312,294,59,654.57,16074,0.0
1.0,14,0,8.3,76.61,0.6429,4,Fresh Starter,Fresh Starter,5.0,0,-1.0,0,1,0.0,5.73,1313,70,14,116.2,16075,0.2857
0.6026,47,4,12.23,112.53,1.0,4,Consistent Climber,Consistent Climber,5.49,0.5714,2.5,7,2,63.43,31.03,1314,428,78,953.78,16076,0.0
0.5278,19,2,17.13,158.7,0.1389,2,Weekend Learner,Weekend Learner,5.75,0.5,4,4,0,67.1,0.0,1315,207,36,616.8,16077,1.0
0.7292,35,2,12.31,123.59,0.7917,3,Flexible Learner,Flexible Learner,5.06,0.6667,-0.25,3,4,56.45,46.42,1316,243,48,590.75,16078,0.3333
0.5,24,2,12.01,116.48,0.0833,2,Weekend Learner,Weekend Learner,5.21,0.5,0.3333,4,3,50.63,21.1,1317,250,48,576.27,16079,0.9583
0.8286,29,4,9.84,89.11,0.8857,4,Flexible Learner,Flexible Learner,5.29,0.6667,2.0,6,2,70.15,14.37,1318,185,35,344.4,16080,0.1429
0.8125,39,3,12.69,108.6,0.8333,3,Flexible Learner,Flexible Learner,5.92,0.75,0.3333,4,3,48.27,23.85,1319,284,48,609.08,16081,0.2917
0.8182,18,2,11.48,126.84,1.0,1,Deep Focus Learner,Deep Focus Learner,4.64,1.0,-0.3333,2,3,10.08,22.12,1320,102,22,252.67,16082,0.3636
1.0,15,1,11.69,108.38,0.8,1,Fresh Starter,Fresh Starter,5.33,1.0,-0.5,1,2,13.0,14.5,1321,80,15,175.3,16083,0.2667
0.6338,45,4,16.31,167.28,1.0,5,Consistent Climber,Consistent Climber,5.21,0.6667,0.5,6,4,82.95,108.32,1322,370,71,1158.23,16084,0.0
0.8478,39,2,16.97,164.66,0.7174,5,Flexible Learner,Flexible Learner,5.5,1.0,-0.3333,2,3,29.38,43.55,1323,253,46,780.83,16085,0.413
0.8421,32,2,13.97,157.05,0.7632,3,Flexible Learner,Flexible Learner,4.58,1.0,1.0,2,1,61.03,8.77,1324,174,38,530.72,16086,0.1842
0.7885,41,4,14.51,139.45,0.5577,5,Flexible Learner,Flexible Learner,5.35,1.0,0.0,4,4,36.4,100.55,1325,278,52,754.68,16087,0.25
0.7333,44,2,11.25,102.01,1.0,5,Consistent Climber,Consistent Climber,5.52,1.0,-0.7143,2,7,30.63,125.42,1326,331,60,675.12,16088,0.0
0.6984,44,3,11.4,102.82,1.0,5,High Achiever,High Achiever,5.57,1.0,-0.25,3,4,57.23,39.6,1327,351,63,718.3,16089,0.1111
1.0,14,3,14.69,145.96,0.5,3,Fresh Starter,Fresh Starter,5.21,1.0,3,3,0,30.0,0.0,1328,73,14,205.72,16090,0.3571
1.0,14,0,9.34,89.85,0.6429,3,Fresh Starter,Fresh Starter,5.07,0,-1.0,0,1,0.0,8.67,1329,71,14,130.82,16091,0.2143
1.0,24,1,14.69,137.93,0.75,3,Fresh Starter,Fresh Starter,5.62,1.0,-0.5,1,2,6.98,19.28,1330,135,24,352.47,16092,0.2083
0.875,21,2,9.85,91.39,1.0,4,Deep Focus Learner,Deep Focus Learner,5.29,1.0,0.0,2,2,17.63,16.22,1331,127,24,236.42,16093,0.3333
0.9189,34,3,17.74,182.36,0.8108,4,Flexible Learner,Flexible Learner,5.22,0.75,3.0,4,1,71.83,7.9,1332,193,37,656.3,16094,0.4054
0.6094,39,3,16.14,156.6,1.0,3,Consistent Climber,Consistent Climber,5.48,1.0,-0.625,3,8,67.68,168.42,1333,351,64,1032.85,16095,0.0
0.8333,30,2,9.91,86.04,1.0,4,Deep Focus Learner,Deep Focus Learner,5.58,1.0,0.0,2,2,36.62,17.2,1334,201,36,356.58,16096,0.3333
0.9,27,2,13.15,122.86,0.8333,3,Flexible Learner,Flexible Learner,5.43,1.0,0.0,2,2,38.43,13.93,1335,163,30,394.42,16097,0.3667
0.7544,43,2,10.75,100.26,1.0,5,Consistent Climber,Consistent Climber,5.33,1.0,-0.6667,2,6,15.13,95.63,1336,304,57,612.77,16098,0.0
0.8529,29,3,12.54,110.11,1.0,3,Deep Focus Learner,Deep Focus Learner,5.82,1.0,2.0,3,1,27.53,11.1,1337,198,34,426.35,16099,0.2353
0.8438,27,1,17.13,175.78,0.8125,3,Flexible Learner,Flexible Learner,5.22,1.0,0.0,1,1,11.33,52.03,1338,167,32,548.18,16100,0.1562
1.0,11,0,10.72,106.0,0.7273,2,Fresh Starter,Fresh Starter,5.0,0,-1.0,0,1,0.0,5.33,1339,55,11,117.92,16101,0.4545
0.5625,18,2,10.59,96.2,0.1875,2,Weekend Learner,Weekend Learner,5.5,0.4,0.25,5,4,51.03,31.73,1340,176,32,338.97,16102,0.9688
0.7037,38,2,9.67,87.92,1.0,5,Consistent Climber,Consistent Climber,5.24,0.6667,0.5,3,2,24.63,45.08,1341,283,54,522.17,16103,0.0
0.7313,49,4,17.5,175.79,1.0,4,High Achiever,High Achiever,5.33,1.0,-0.3333,4,6,95.67,128.58,1342,357,67,1172.75,16104,0.1642
0.9167,22,1,9.5,82.73,1.0,2,Deep Focus Learner,Deep Focus Learner,5.46,1.0,-0.6667,1,3,8.03,24.5,1343,131,24,228.03,16105,0.2083
1.0,22,3,8.71,81.96,0.9091,2,Fresh Starter,Fresh Starter,4.91,1.0,0.0,3,3,30.08,21.4,1344,108,22,191.57,16106,0.1818
1.0,18,0,9.86,79.83,0.6667,3,Fresh Starter,Fresh Starter,5.94,0,-1.0,0,1,0.0,11.47,1345,107,18,177.42,16107,0.3889
0.5238,22,2,12.44,109.38,0.2619,2,Weekend Learner,Weekend Learner,5.81,0.5,-0.5,4,8,72.73,78.92,1346,244,42,522.42,16108,0.9524
0.6438,47,4,11.61,109.15,1.0,4,Consistent Climber,Consistent Climber,5.34,0.8,1.5,5,2,59.68,11.43,1347,390,73,847.3,16109,0.0
0.662,47,4,12.87,113.05,1.0,4,High Achiever,High Achiever,5.8,0.8,0.25,5,4,46.57,64.87,1348,412,71,913.83,16110,0.2113
0.9444,34,5,15.53,160.13,1.0,3,Deep Focus Learner,Deep Focus Learner,5.14,1.0,4.0,5,1,45.18,7.4,1349,185,36,558.95,16111,0.25
0.9091,20,2,13.72,112.3,1.0,3,Deep Focus Learner,Deep Focus Learner,6.41,1.0,-0.3333,2,3,15.9,38.08,1350,141,22,301.87,16112,0.4091
0.72,18,1,19.03,203.16,0.24,2,Weekend Learner,Weekend Learner,5.04,1.0,0.0,1,1,15.0,39.02,1351,126,25,475.68,16113,1.0
0.8519,23,2,8.89,74.36,1.0,2,Deep Focus Learner,Deep Focus Learner,5.59,1.0,1.0,2,1,18.28,9.33,1352,151,27,240.08,16114,0.2222
0.8039,41,2,12.2,107.04,0.7451,5,Flexible Learner,Flexible Learner,5.8,0.5,0.3333,4,3,71.93,23.28,1353,296,51,621.97,16115,0.1765
0.8182,36,2,15.51,140.39,0.7273,4,Flexible Learner,Flexible Learner,5.77,1.0,0.0,2,2,61.88,16.5,1354,254,44,682.48,16116,0.2955
0.5811,43,4,12.43,112.57,1.0,4,Consistent Climber,Consistent Climber,5.65,0.4,4.0,10,2,118.7,15.77,1355,418,74,920.12,16117,0.0
0.6081,45,3,8.86,87.93,1.0,5,Consistent Climber,Consistent Climber,4.81,0.75,-0.5,4,8,30.57,63.87,1356,356,74,655.35,16118,0.0
1.0,12,0,10.24,103.85,0.6667,2,Fresh Starter,Fresh Starter,4.92,0,-1.0,0,1,0.0,12.3,1357,59,12,122.87,16119,0.25
0.5946,22,3,12.34,135.71,0.2162,2,Weekend Learner,Weekend Learner,4.68,0.5,5.0,6,1,46.2,4.13,1358,173,37,456.53,16120,0.9459
1.0,23,1,18.83,160.9,0.6522,3,Fresh Starter,Fresh Starter,6.3,1.0,0.0,1,1,9.6,12.48,1359,145,23,433.02,16121,0.3043
0.7931,23,0,10.23,94.54,0.7931,2,Flexible Learner,Flexible Learner,5.24,0,-1.0,0,4,0.0,76.88,1360,152,29,296.55,16122,0.1724
0.5106,24,2,10.74,123.86,0.1702,2,Weekend Learner,Weekend Learner,4.36,0.5,0.0,4,4,30.48,40.82,1361,205,47,504.77,16123,0.9574
0.6452,40,2,10.56,92.81,1.0,4,Consistent Climber,Consistent Climber,5.68,0.5,-0.2,4,5,76.55,38.3,1362,352,62,655.02,16124,0.0
0.8889,24,1,12.04,124.62,1.0,3,Deep Focus Learner,Deep Focus Learner,4.93,1.0,-0.5,1,2,36.38,36.68,1363,133,27,325.13,16125,0.3333
0.8182,36,2,15.22,160.22,0.8182,6,Flexible Learner,Flexible Learner,4.98,0.6667,2.0,3,1,33.83,15.73,1364,219,44,669.72,16126,0.25
0.7872,37,3,10.56,112.43,0.7447,4,Flexible Learner,Flexible Learner,4.68,0.75,4,4,0,35.15,0.0,1365,220,47,496.3,16127,0.4043
1.0,9,3,18.41,203.3,0.5556,2,Fresh Starter,Fresh Starter,4.78,1.0,3,3,0,122.93,0.0,1366,43,9,165.67,16128,0.2222
0.8421,16,2,18.5,162.03,1.0,2,Deep Focus Learner,Deep Focus Learner,6.16,1.0,1.0,2,1,79.12,4.47,1367,117,19,351.48,16129,0.3158
0.6333,38,4,14.65,146.16,1.0,3,Consistent Climber,Consistent Climber,5.18,0.5714,2.5,7,2,61.75,90.82,1368,311,60,878.87,16130,0.0
0.7447,35,2,10.89,100.14,1.0,3,Consistent Climber,Consistent Climber,5.32,1.0,-0.6667,2,6,19.18,51.07,1369,250,47,511.98,16131,0.0
0.5526,21,2,14.98,149.51,0.2105,2,Weekend Learner,Weekend Learner,5.26,0.3333,2.0,6,2,65.95,12.42,1370,200,38,569.35,16132,1.0
1.0,8,0,9.02,87.32,0.625,1,Fresh Starter,Fresh Starter,4.62,0,-1.0,0,1,0.0,6.02,1371,37,8,72.17,16133,0.125
0.6184,47,3,11.67,108.0,1.0,5,High Achiever,High Achiever,5.46,0.6,0.0,5,5,66.0,48.23,1372,415,76,886.6,16134,0.1053
0.7636,42,3,10.55,100.25,1.0,5,Consistent Climber,Consistent Climber,5.38,0.75,0.0,4,4,37.75,29.65,1373,296,55,580.07,16135,0.0
0.7097,22,1,17.47,185.29,0.129,2,Weekend Learner,Weekend Learner,5.06,1.0,-0.75,1,4,8.73,44.03,1374,157,31,541.52,16136,1.0
0.8438,27,1,13.08,149.64,1.0,4,Deep Focus Learner,Deep Focus Learner,4.47,1.0,-0.5,1,2,18.2,16.85,1375,143,32,418.72,16137,0.4062
0.7308,19,2,10.8,118.13,0.1154,2,Weekend Learner,Weekend Learner,4.46,0.5,3.0,4,1,48.67,11.3,1376,116,26,280.83,16138,0.9231
1.0,16,1,10.1,108.97,0.5625,3,Fresh Starter,Fresh Starter,4.56,1.0,1,1,0,4.43,0.0,1377,73,16,161.63,16139,0.1875
0.8333,15,4,15.78,167.47,1.0,2,Deep Focus Learner,Deep Focus Learner,5.06,1.0,4,4,0,25.97,0.0,1378,91,18,283.98,16140,0.2222
0.8148,22,2,13.36,125.5,1.0,4,Deep Focus Learner,Deep Focus Learner,5.48,1.0,2,2,0,17.08,0.0,1379,148,27,360.72,16141,0.5185
0.8261,19,1,13.88,125.62,1.0,2,Deep Focus Learner,Deep Focus Learner,5.78,1.0,1,1,0,56.98,0.0,1380,133,23,319.2,16142,0.3913
0.5111,23,2,9.39,85.19,0.2,2,Weekend Learner,Weekend Learner,5.27,0.3333,0.0,6,6,57.9,55.42,1381,237,45,422.63,16143,0.9778
0.6143,43,3,10.32,96.73,1.0,4,Consistent Climber,Consistent Climber,5.26,0.4286,0.4,7,5,89.7,64.55,1382,368,70,722.75,16144,0.0
0.6562,42,1,10.08,92.93,1.0,5,Consistent Climber,Consistent Climber,5.41,1.0,-0.75,1,4,4.92,32.33,1383,346,64,645.27,16145,0.0
1.0,16,1,15.74,143.66,0.625,2,Fresh Starter,Fresh Starter,5.75,1.0,0.0,1,1,8.1,8.03,1384,92,16,251.92,16146,0.0625
0.6939,34,2,9.86,87.4,1.0,4,Consistent Climber,Consistent Climber,5.53,0.6667,-0.4,3,5,43.3,58.15,1385,271,49,483.1,16147,0.0
1.0,19,0,9.52,102.25,0.6316,3,Fresh Starter,Fresh Starter,4.63,0,0,0,0,0.0,0.0,1386,88,19,180.93,16148,0.2105
0.8235,28,2,13.61,121.62,1.0,3,Deep Focus Learner,Deep Focus Learner,5.82,1.0,0.0,2,2,23.08,24.02,1387,198,34,462.82,16149,0.2647
0.6545,36,1,10.42,93.95,0.6727,5,Flexible Learner,Flexible Learner,5.49,0.3333,-0.5,3,6,22.97,70.48,1388,302,55,573.13,16150,0.1455
0.8085,38,0,10.51,92.81,0.6809,4,Flexible Learner,Flexible Learner,5.62,0,-1.0,0,2,0.0,13.3,1389,264,47,494.15,16151,0.2553
0.6753,52,3,18.1,183.4,1.0,5,Consistent Climber,Consistent Climber,5.31,0.75,-0.4286,4,7,46.72,74.18,1390,409,77,1393.5,16152,0.0
0.8824,30,3,16.0,146.82,1.0,3,Deep Focus Learner,Deep Focus Learner,5.76,1.0,2.0,3,1,30.85,6.7,1391,196,34,544.07,16153,0.3529
0.6731,35,2,18.69,184.86,1.0,4,Consistent Climber,Consistent Climber,5.44,0.6667,0.5,3,2,24.8,19.42,1392,283,52,971.83,16154,0.0
0.8125,26,1,9.26,79.68,1.0,4,Deep Focus Learner,Deep Focus Learner,5.5,1.0,0.0,1,1,9.18,9.55,1393,176,32,296.42,16155,0.4062
0.9474,18,3,17.34,175.84,1.0,2,Deep Focus Learner,Deep Focus Learner,5.21,1.0,0.5,3,2,109.13,59.28,1394,99,19,329.47,16156,0.3684
1.0,16,0,12.74,134.82,0.4375,2,Fresh Starter,Fresh Starter,4.88,0,0,0,0,0.0,0.0,1395,78,16,203.77,16157,0.375
0.587,27,2,9.82,83.14,0.2391,2,Weekend Learner,Weekend Learner,5.76,0.5,0.3333,4,3,36.25,24.58,1396,265,46,451.85,16158,0.9565
0.8727,48,4,12.43,113.89,0.7818,4,Flexible Learner,Flexible Learner,5.55,1.0,0.0,4,4,45.32,39.85,1397,305,55,683.4,16159,0.3636
0.8649,32,3,9.82,98.69,1.0,2,Deep Focus Learner,Deep Focus Learner,4.92,0.6,0.25,5,4,52.18,29.03,1398,182,37,363.37,16160,0.2973
0.7436,29,3,13.54,135.89,0.641,2,Flexible Learner,Flexible Learner,5.1,1.0,0.5,3,2,84.05,27.02,1399,199,39,528.2,16161,0.3333
0.7377,45,2,10.87,99.42,1.0,5,Consistent Climber,Consistent Climber,5.41,0.6667,-0.5714,3,7,37.8,112.95,1400,330,61,663.1,16162,0.0
0.7143,35,1,10.29,95.34,1.0,3,Consistent Climber,Consistent Climber,5.35,1.0,-0.75,1,4,5.68,33.08,1401,262,49,504.22,16163,0.0
0.6389,23,1,14.23,138.47,0.1667,2,Weekend Learner,Weekend Learner,5.33,0.3333,0.5,3,2,29.17,39.2,1402,192,36,512.43,16164,0.9167
0.8571,30,2,13.42,141.13,0.7429,3,Flexible Learner,Flexible Learner,4.97,1.0,0.0,2,2,25.73,13.55,1403,174,35,469.73,16165,0.2
0.7547,40,2,10.59,93.48,0.8679,5,Flexible Learner,Flexible Learner,5.51,1.0,1.0,2,1,19.08,8.38,1404,292,53,561.08,16166,0.3019
0.9091,20,3,12.55,112.43,1.0,2,Deep Focus Learner,Deep Focus Learner,5.68,1.0,-0.25,3,4,58.13,48.82,1405,125,22,276.05,16167,0.3182
0.7222,39,3,16.14,151.23,1.0,4,High Achiever,High Achiever,5.67,0.75,-0.4286,4,7,67.1,139.68,1406,306,54,871.47,16168,0.1667
0.6857,48,4,10.3,95.96,1.0,5,Consistent Climber,Consistent Climber,5.24,1.0,0.3333,4,3,42.22,18.18,1407,367,70,720.67,16169,0.0
0.8788,29,1,13.01,127.91,1.0,2,Deep Focus Learner,Deep Focus Learner,5.21,1.0,-0.5,1,2,6.43,40.22,1408,172,33,429.33,16170,0.2727
0.6494,50,4,9.79,93.38,1.0,5,Consistent Climber,Consistent Climber,5.03,1.0,1.0,4,2,69.25,17.5,1409,387,77,754.2,16171,0.0
1.0,14,2,19.2,209.09,0.4286,1,Fresh Starter,Fresh Starter,5.0,1.0,2,2,0,70.97,0.0,1410,70,14,268.8,16172,0.3571
0.6316,48,3,16.39,170.48,1.0,5,Consistent Climber,Consistent Climber,5.08,0.5,0.0,6,6,96.15,66.4,1411,386,76,1245.32,16173,0.0
0.7714,27,4,13.35,127.24,1.0,3,Deep Focus Learner,Deep Focus Learner,5.43,1.0,4,4,0,89.62,0.0,1412,190,35,467.2,16174,0.3429
1.0,12,1,10.38,99.58,0.8333,2,Fresh Starter,Fresh Starter,5.0,1.0,-0.5,1,2,8.27,13.43,1413,60,12,124.52,16175,0.5
0.589,43,3,15.38,165.22,1.0,5,Consistent Climber,Consistent Climber,4.89,0.4286,0.4,7,5,128.72,44.73,1414,357,73,1122.47,16176,0.0
0.6479,46,3,16.53,168.91,1.0,5,Consistent Climber,Consistent Climber,5.23,0.75,0.0,4,4,61.18,120.33,1415,371,71,1173.83,16177,0.0
1.0,16,2,11.18,97.3,0.5625,2,Fresh Starter,Fresh Starter,5.69,1.0,0.0,2,2,21.93,12.42,1416,91,16,178.87,16178,0.25
0.825,33,2,11.8,118.26,0.775,5,Flexible Learner,Flexible Learner,5.03,0.5,0.0,4,4,67.68,67.87,1417,201,40,471.85,16179,0.325
0.6623,51,5,12.83,129.74,1.0,5,Consistent Climber,Consistent Climber,5.06,0.625,1.0,8,4,77.65,43.78,1418,390,77,987.8,16180,0.0
0.907,39,1,14.55,136.87,0.7442,4,Flexible Learner,Flexible Learner,5.49,1.0,0.0,1,1,59.67,5.57,1419,236,43,625.77,16181,0.2558
0.7692,20,0,11.88,122.21,1.0,3,Deep Focus Learner,Deep Focus Learner,4.88,0,-1.0,0,4,0.0,41.57,1420,127,26,308.98,16182,0.2692
1.0,19,3,14.89,138.0,0.7368,2,Fresh Starter,Fresh Starter,5.68,1.0,0.5,3,2,51.22,14.55,1421,108,19,282.92,16183,0.2632
0.7949,31,3,16.63,159.6,0.7692,3,Flexible Learner,Flexible Learner,5.49,1.0,3,3,0,36.73,0.0,1422,214,39,648.45,16184,0.4103
0.8571,30,2,12.35,112.08,1.0,3,Deep Focus Learner,Deep Focus Learner,5.74,1.0,0.0,2,2,11.3,27.47,1423,201,35,432.12,16185,0.3143
1.0,17,1,19.9,208.18,0.7059,3,Fresh Starter,Fresh Starter,5.18,1.0,-0.5,1,2,27.77,33.9,1424,88,17,338.37,16186,0.2941
0.5946,22,2,14.54,161.06,0.1351,2,Weekend Learner,Weekend Learner,4.7,0.5,4,4,0,54.93,0.0,1425,174,37,538.15,16187,0.973
0.5455,24,2,11.49,111.41,0.1591,3,Weekend Learner,Weekend Learner,5.18,0.6667,0.5,3,2,39.38,23.95,1426,228,44,505.47,16188,0.9773
0.6909,38,1,12.48,131.52,0.6364,3,Flexible Learner,Flexible Learner,4.84,1.0,-0.6667,1,3,10.6,41.1,1427,266,55,686.48,16189,0.2727
0.7917,38,2,13.01,130.09,1.0,3,Consistent Climber,Consistent Climber,5.15,1.0,-0.6,2,5,14.55,106.92,1428,247,48,624.4,16190,0.0
0.766,36,2,9.15,82.59,1.0,5,Consistent Climber,Consistent Climber,5.28,1.0,2,2,0,16.73,0.0,1429,248,47,429.83,16191,0.0
0.7556,34,3,12.19,117.24,1.0,4,Consistent Climber,Consistent Climber,5.18,0.5,1.0,6,3,43.78,28.33,1430,233,45,548.35,16192,0.0
1.0,16,2,12.07,128.58,0.875,2,Fresh Starter,Fresh Starter,4.88,1.0,0.0,2,2,13.38,19.12,1431,78,16,193.18,16193,0.375
0.7647,26,3,15.89,157.7,1.0,3,Deep Focus Learner,Deep Focus Learner,5.29,0.75,0.3333,4,3,53.03,45.22,1432,180,34,540.27,16194,0.4412
0.68,17,1,8.77,84.72,0.08,2,Weekend Learner,Weekend Learner,4.68,0.5,1.0,2,1,13.2,10.53,1433,117,25,219.13,16195,1.0
1.0,23,1,11.01,115.33,0.5217,2,Fresh Starter,Fresh Starter,4.87,1.0,1,1,0,11.45,0.0,1434,112,23,253.17,16196,0.1739
0.678,40,4,10.71,106.77,1.0,6,High Achiever,High Achiever,4.95,0.8,0.0,5,5,77.55,30.88,1435,292,59,632.08,16197,0.1695
0.8333,40,2,13.07,139.05,0.75,6,Flexible Learner,Flexible Learner,4.85,1.0,-0.3333,2,3,64.9,44.42,1436,233,48,627.4,16198,0.2083
0.8298,39,5,10.62,93.07,0.8298,4,Flexible Learner,Flexible Learner,5.7,0.8333,0.5,6,4,48.52,36.68,1437,268,47,499.05,16199,0.4681
0.5208,25,1,10.86,98.46,0.0833,3,Weekend Learner,Weekend Learner,5.44,0.3333,-0.4,3,5,81.58,37.17,1438,261,48,521.18,16200,0.9583
0.6338,45,4,15.24,158.4,1.0,5,Consistent Climber,Consistent Climber,5.11,0.6667,2.0,6,2,75.62,68.6,1439,363,71,1081.87,16201,0.0
0.8889,16,2,13.25,122.13,1.0,3,Deep Focus Learner,Deep Focus Learner,5.61,0.6667,2.0,3,1,27.88,10.63,1440,101,18,238.45,16202,0.2778
0.65,39,4,13.48,129.12,1.0,5,Consistent Climber,Consistent Climber,5.35,0.8,0.0,5,5,52.83,46.08,1441,321,60,808.73,16203,0.0
0.68,51,4,10.82,101.43,1.0,5,Consistent Climber,Consistent Climber,5.31,1.0,-0.3333,4,6,53.18,73.42,1442,398,75,811.27,16204,0.0
0.9167,33,2,9.95,89.76,1.0,3,Deep Focus Learner,Deep Focus Learner,5.36,1.0,-0.5,2,4,18.97,58.68,1443,193,36,358.37,16205,0.3889
0.9444,17,2,16.42,163.69,1.0,2,Deep Focus Learner,Deep Focus Learner,5.39,1.0,0.0,2,2,43.03,21.18,1444,97,18,295.48,16206,0.3889
0.6984,44,3,15.62,161.91,1.0,5,Consistent Climber,Consistent Climber,5.1,0.5,0.5,6,4,126.62,99.37,1445,321,63,984.3,16207,0.0
0.7963,43,3,15.45,158.69,0.7407,5,Flexible Learner,Flexible Learner,5.11,1.0,-0.4,3,5,41.7,75.53,1446,276,54,834.2,16208,0.3519
0.72,36,4,14.74,147.44,1.0,3,Consistent Climber,Consistent Climber,5.2,0.5714,2.5,7,2,94.93,24.88,1447,260,50,736.93,16209,0.0
1.0,21,3,11.82,106.93,0.7619,3,Fresh Starter,Fresh Starter,5.57,1.0,0.5,3,2,84.62,16.0,1448,117,21,248.27,16210,0.2857
1.0,8,1,11.86,101.27,0.5,1,Fresh Starter,Fresh Starter,6.0,1.0,0.0,1,1,9.4,10.02,1449,48,8,94.85,16211,0.375
0.9091,20,0,10.95,95.98,1.0,2,Deep Focus Learner,Deep Focus Learner,5.73,0,0,0,0,0.0,0.0,1450,126,22,240.82,16212,0.2727
0.8,16,1,9.04,117.0,1.0,3,Deep Focus Learner,Deep Focus Learner,3.7,1.0,-0.5,1,2,5.52,9.45,1451,74,20,180.9,16213,0.4
0.6944,50,3,11.1,101.14,1.0,4,High Achiever,High Achiever,5.5,0.75,-0.4286,4,7,25.05,63.52,1452,396,72,799.28,16214,0.125
0.717,38,1,13.31,128.77,1.0,4,Consistent Climber,Consistent Climber,5.32,1.0,-0.8333,1,6,18.5,67.92,1453,282,53,705.35,16215,0.0
0.8,20,2,14.01,123.92,0.08,2,Weekend Learner,Weekend Learner,5.84,0.6667,3,3,0,28.73,0.0,1454,146,25,350.25,16216,1.0
1.0,20,1,17.11,150.29,1.0,4,Deep Focus Learner,Deep Focus Learner,6.1,1.0,0.0,1,1,4.73,10.97,1455,122,20,342.27,16217,0.25
0.8108,30,3,9.47,93.19,0.8378,4,Flexible Learner,Flexible Learner,4.89,1.0,2.0,3,1,20.05,8.72,1456,181,37,350.42,16218,0.1892
0.6923,36,1,10.45,98.21,0.6923,4,Flexible Learner,Flexible Learner,5.13,0.3333,0.0,3,3,15.6,37.73,1457,267,52,543.28,16219,0.25
0.4651,20,2,11.14,121.78,0.2326,2,Weekend Learner,Weekend Learner,4.6,0.5,0.3333,4,3,38.42,22.43,1458,198,43,479.07,16220,1.0
0.7241,42,2,14.85,134.07,1.0,5,High Achiever,High Achiever,5.84,0.6667,-0.25,3,4,99.7,144.03,1459,339,58,861.27,16221,0.1379
0.6825,43,3,12.83,122.71,1.0,5,Consistent Climber,Consistent Climber,5.29,0.75,-0.2,4,5,90.08,55.12,1460,333,63,808.0,16222,0.0
0.7917,38,3,11.65,101.6,1.0,4,Consistent Climber,Consistent Climber,5.71,1.0,0.0,3,3,22.27,41.1,1461,274,48,559.08,16223,0.0
0.6,51,4,16.32,170.36,1.0,4,High Achiever,High Achiever,5.07,0.5714,1.3333,7,3,125.88,22.38,1462,431,85,1386.78,16224,0.2235
0.625,50,3,11.65,123.34,1.0,5,Consistent Climber,Consistent Climber,4.8,0.75,-0.4286,4,7,37.68,62.35,1463,384,80,932.3,16225,0.0
0.8043,37,1,11.79,114.97,0.7391,3,Flexible Learner,Flexible Learner,5.2,1.0,-0.75,1,4,4.55,48.27,1464,239,46,542.35,16226,0.2174
0.5143,18,1,9.33,90.18,0.0857,2,Weekend Learner,Weekend Learner,4.83,0.3333,0.5,3,2,19.98,16.77,1465,169,35,326.58,16227,1.0
0.6761,48,2,15.3,163.66,1.0,5,Consistent Climber,Consistent Climber,4.96,0.6667,-0.6667,3,9,53.45,105.37,1466,352,71,1086.48,16228,0.0
0.9429,33,1,14.47,152.72,1.0,4,Deep Focus Learner,Deep Focus Learner,4.97,0.5,-0.3333,2,3,11.55,52.92,1467,174,35,506.58,16229,0.2
0.7826,36,1,9.55,89.34,1.0,5,Consistent Climber,Consistent Climber,5.11,1.0,-0.8,1,5,12.58,40.03,1468,235,46,439.1,16230,0.0
0.6267,47,4,10.49,98.21,1.0,5,Consistent Climber,Consistent Climber,5.2,0.5,0.1429,8,7,74.13,63.87,1469,390,75,786.78,16231,0.0
1.0,12,0,14.92,129.71,0.8333,2,Fresh Starter,Fresh Starter,6.0,0,-1.0,0,1,0.0,7.07,1470,72,12,179.07,16232,0.4167
1.0,23,3,10.96,110.9,0.5217,2,Fresh Starter,Fresh Starter,4.91,1.0,2.0,3,1,38.28,27.35,1471,113,23,251.97,16233,0.3043
0.7561,31,3,10.79,112.12,0.7317,3,Flexible Learner,Flexible Learner,4.76,0.75,0.0,4,4,48.63,49.8,1472,195,41,442.42,16234,0.2195
1.0,10,1,10.53,94.46,0.5,2,Fresh Starter,Fresh Starter,5.4,1.0,1,1,0,12.03,0.0,1473,54,10,105.28,16235,0.5
0.7872,37,3,12.04,120.22,1.0,4,Consistent Climber,Consistent Climber,5.09,0.6,-0.1667,5,6,49.48,51.67,1474,239,47,565.67,16236,0.0
1.0,14,2,20.52,186.47,0.7143,1,Fresh Starter,Fresh Starter,5.93,1.0,0.0,2,2,53.5,45.18,1475,83,14,287.3,16237,0.2857
1.0,24,3,14.19,134.09,0.75,6,Fresh Starter,Fresh Starter,5.62,1.0,3,3,0,35.97,0.0,1476,135,24,340.63,16238,0.1667
0.7872,37,1,13.51,123.61,1.0,4,Consistent Climber,Consistent Climber,5.62,1.0,-0.6667,1,3,11.8,35.03,1477,264,47,634.95,16239,0.0
0.6923,45,3,10.44,97.58,1.0,5,Consistent Climber,Consistent Climber,5.29,0.75,0.0,4,4,43.38,89.62,1478,344,65,678.28,16240,0.0
1.0,23,4,8.81,87.53,0.7391,4,Fresh Starter,Fresh Starter,4.91,1.0,1.0,4,2,34.43,15.45,1479,113,23,202.7,16241,0.2609
0.6842,26,1,9.84,85.45,1.0,4,Deep Focus Learner,Deep Focus Learner,5.58,0.5,-0.5,2,4,17.95,44.07,1480,212,38,373.95,16242,0.2632
0.625,15,2,9.11,78.45,0.2083,2,Weekend Learner,Weekend Learner,5.46,0.3333,1.0,6,3,52.92,22.62,1481,131,24,218.75,16243,0.9583
1.0,20,2,10.18,102.52,0.55,2,Fresh Starter,Fresh Starter,4.95,1.0,1.0,2,1,18.57,8.98,1482,99,20,203.52,16244,0.2
0.8182,18,0,9.58,83.59,1.0,3,Deep Focus Learner,Deep Focus Learner,5.59,0,-1.0,0,2,0.0,21.0,1483,123,22,210.78,16245,0.1364
0.8824,30,2,13.3,137.31,1.0,4,Deep Focus Learner,Deep Focus Learner,5.0,1.0,0.0,2,2,18.07,36.03,1484,170,34,452.32,16246,0.2353
0.8571,30,3,11.48,101.99,0.6571,3,Flexible Learner,Flexible Learner,5.63,1.0,-0.25,3,4,49.27,37.7,1485,197,35,401.92,16247,0.2857
0.9524,20,1,14.93,151.09,1.0,2,Deep Focus Learner,Deep Focus Learner,5.19,1.0,0.0,1,1,10.73,7.7,1486,109,21,313.47,16248,0.0952
0.8182,36,3,11.14,127.79,0.7727,3,Flexible Learner,Flexible Learner,4.36,1.0,-0.25,3,4,17.97,30.77,1487,192,44,490.13,16249,0.2727
1.0,19,1,12.98,132.31,0.6316,2,Fresh Starter,Fresh Starter,4.89,1.0,1,1,0,28.13,0.0,1488,93,19,246.53,16250,0.3684
0.5263,20,1,9.88,103.24,0.1316,2,Weekend Learner,Weekend Learner,4.74,0.5,-0.6667,2,6,16.93,53.18,1489,180,38,375.25,16251,1.0
0.8214,23,0,9.58,81.17,0.6429,3,Flexible Learner,Flexible Learner,5.64,0,-1.0,0,1,0.0,9.43,1490,158,28,268.18,16252,0.2143
1.0,8,0,12.11,151.06,0.5,1,Fresh Starter,Fresh Starter,3.88,0,-1.0,0,1,0.0,5.97,1491,31,8,96.87,16253,0.25
1.0,24,3,11.12,102.53,0.4167,2,Fresh Starter,Fresh Starter,5.29,1.0,0.5,3,2,34.35,34.77,1492,127,24,266.92,16254,0.1667
0.6029,41,2,11.46,100.67,1.0,5,High Achiever,High Achiever,5.74,0.5,0.0,4,4,38.78,33.45,1493,390,68,779.58,16255,0.1176
0.7857,33,5,15.16,146.98,0.8095,5,Flexible Learner,Flexible Learner,5.45,0.8333,0.5,6,4,62.6,47.5,1494,229,42,636.65,16256,0.2381
0.8333,30,2,12.19,104.47,0.5833,3,Flexible Learner,Flexible Learner,5.86,0.6667,-0.25,3,4,22.4,41.13,1495,211,36,438.92,16257,0.1667
1.0,22,1,15.03,148.45,0.6818,2,Fresh Starter,Fresh Starter,5.27,1.0,-0.5,1,2,8.85,15.62,1496,116,22,330.7,16258,0.2727
0.8158,31,2,15.21,147.65,0.7632,5,Flexible Learner,Flexible Learner,5.39,1.0,-0.6,2,5,73.47,59.48,1497,205,38,578.1,16259,0.2895
0.68,17,1,13.15,130.78,0.16,2,Weekend Learner,Weekend Learner,5.24,0.3333,2.0,3,1,41.78,6.68,1498,131,25,328.72,16260,0.92
0.6479,46,4,10.22,97.86,1.0,5,Consistent Climber,Consistent Climber,5.06,0.8,0.25,5,4,61.28,48.55,1499,359,71,725.37,16261,0.0
1.0,10,1,8.75,112.54,0.9,1,Fresh Starter,Fresh Starter,3.9,1.0,0.0,1,1,6.13,8.92,1500,39,10,87.53,16262,0.3
0.5349,23,2,13.56,138.68,0.2558,3,Weekend Learner,Weekend Learner,5.12,0.5,3.0,4,1,35.57,15.12,1501,220,43,582.95,16263,0.9767
0.6136,27,3,14.67,141.75,0.0909,3,Weekend Learner,Weekend Learner,5.43,0.75,1.0,4,2,26.83,23.92,1502,239,44,645.52,16264,0.9545
0.8919,33,0,9.87,88.55,0.7297,4,Flexible Learner,Flexible Learner,5.32,0,0,0,0,0.0,0.0,1503,197,37,365.2,16265,0.2703
0.5116,22,2,16.92,160.77,0.186,2,Weekend Learner,Weekend Learner,5.58,1.0,2,2,0,67.63,0.0,1504,240,43,727.53,16266,1.0
0.7288,43,2,13.84,127.15,1.0,3,High Achiever,High Achiever,5.64,1.0,-0.6,2,5,23.7,65.65,1505,333,59,816.72,16267,0.2034
0.68,51,3,10.29,93.75,1.0,5,Consistent Climber,Consistent Climber,5.39,0.75,-0.3333,4,6,41.63,63.22,1506,404,75,771.75,16268,0.0
0.6897,40,2,11.32,102.98,1.0,4,Consistent Climber,Consistent Climber,5.53,0.6667,-0.25,3,4,25.53,73.67,1507,321,58,656.82,16269,0.0
0.9474,18,0,10.88,97.69,1.0,2,Deep Focus Learner,Deep Focus Learner,5.58,0,-1.0,0,2,0.0,19.78,1508,106,19,206.65,16270,0.2105
0.8667,26,1,15.44,150.64,1.0,2,Deep Focus Learner,Deep Focus Learner,5.43,1.0,-0.6667,1,3,11.93,27.8,1509,163,30,463.3,16271,0.2
0.4468,21,3,12.37,110.73,0.1915,3,Weekend Learner,Weekend Learner,5.7,0.5,-0.1429,6,7,113.23,95.62,1510,268,47,581.4,16272,0.9787
0.6456,51,4,14.68,137.91,1.0,5,Consistent Climber,Consistent Climber,5.56,0.8,0.25,5,4,44.92,40.17,1511,439,79,1159.68,16273,0.0
0.7308,38,1,13.98,139.67,1.0,3,High Achiever,High Achiever,5.19,1.0,-0.8571,1,7,10.93,93.28,1512,270,52,726.77,16274,0.2308
0.717,38,2,12.29,131.99,0.6981,3,Flexible Learner,Flexible Learner,4.72,0.6667,-0.4,3,5,22.95,55.07,1513,250,53,651.52,16275,0.1887
0.7612,51,4,11.63,109.14,1.0,6,High Achiever,High Achiever,5.36,1.0,0.0,4,4,26.98,30.3,1514,359,67,779.13,16276,0.1791
0.6835,54,3,15.57,156.78,1.0,6,High Achiever,High Achiever,5.24,0.75,-0.6,4,10,71.35,175.68,1515,414,79,1229.83,16277,0.1646
0.5116,22,2,10.4,101.35,0.1395,2,Weekend Learner,Weekend Learner,5.05,0.6667,2.0,3,1,29.1,46.57,1516,217,43,447.12,16278,0.9767
0.6486,48,4,11.39,112.76,1.0,5,Consistent Climber,Consistent Climber,5.03,0.4444,1.25,9,4,80.47,32.03,1517,372,74,843.07,16279,0.0
0.6571,23,2,9.65,94.34,0.1429,2,Weekend Learner,Weekend Learner,4.89,0.6667,-0.25,3,4,28.85,46.75,1518,171,35,337.63,16280,1.0
0.7455,41,5,13.29,126.97,0.6364,5,Flexible Learner,Flexible Learner,5.44,0.5,4.0,10,2,144.07,44.55,1519,299,55,731.1,16281,0.2364
0.5278,19,0,12.2,128.4,0.1944,2,Weekend Learner,Weekend Learner,4.81,0,-1.0,0,6,0.0,55.17,1520,173,36,439.33,16282,0.9722
0.6234,48,5,9.94,99.47,1.0,5,Consistent Climber,Consistent Climber,4.79,0.8333,-0.1429,6,7,43.85,64.15,1521,369,77,765.02,16283,0.0
0.76,19,2,10.69,107.47,0.24,3,Weekend Learner,Weekend Learner,4.8,1.0,-0.3333,2,3,13.9,25.93,1522,120,25,267.27,16284,0.92
0.9355,29,0,13.45,149.13,0.6774,4,Flexible Learner,Flexible Learner,4.61,0,0,0,0,0.0,0.0,1523,143,31,417.02,16285,0.2581
0.7561,31,3,11.08,104.77,0.6829,3,Flexible Learner,Flexible Learner,5.24,1.0,0.5,3,2,53.72,11.95,1524,215,41,454.43,16286,0.4146
0.9643,27,2,10.93,96.73,1.0,3,Deep Focus Learner,Deep Focus Learner,5.5,1.0,1.0,2,1,52.5,7.07,1525,154,28,306.15,16287,0.3929
0.8387,26,3,10.02,96.15,1.0,3,Deep Focus Learner,Deep Focus Learner,5.06,0.75,0.3333,4,3,36.65,35.92,1526,157,31,310.58,16288,0.3548
0.6988,58,3,16.0,150.19,1.0,5,High Achiever,High Achiever,5.65,1.0,-0.5714,3,7,122.03,56.65,1527,469,83,1327.87,16289,0.1687
0.7568,28,2,12.52,129.15,1.0,3,Deep Focus Learner,Deep Focus Learner,4.95,0.6667,0.0,3,3,50.8,28.9,1528,183,37,463.23,16290,0.4054
0.9355,29,3,13.34,118.46,1.0,3,Deep Focus Learner,Deep Focus Learner,5.74,0.75,1.0,4,2,66.93,19.3,1529,178,31,413.4,16291,0.3548
0.8298,39,2,12.47,109.02,0.7447,6,Flexible Learner,Flexible Learner,5.83,0.6667,2.0,3,1,26.63,12.73,1530,274,47,586.32,16292,0.2553
1.0,9,2,10.01,106.6,0.4444,2,Fresh Starter,Fresh Starter,4.67,1.0,2,2,0,26.8,0.0,1531,42,9,90.12,16293,0.1111
1.0,12,2,9.76,80.79,0.6667,1,Fresh Starter,Fresh Starter,5.83,1.0,1.0,2,1,20.53,10.68,1532,70,12,117.08,16294,0.1667
0.8649,32,0,11.47,118.77,1.0,4,Deep Focus Learner,Deep Focus Learner,4.84,0,0,0,0,0.0,0.0,1533,179,37,424.3,16295,0.2432
1.0,21,1,8.25,79.7,0.7619,3,Fresh Starter,Fresh Starter,4.81,1.0,-0.6667,1,3,6.77,19.9,1534,101,21,173.25,16296,0.3333
1.0,13,1,21.41,192.94,0.4615,1,Fresh Starter,Fresh Starter,6.0,1.0,0.0,1,1,22.33,46.43,1535,78,13,278.38,16297,0.2308
0.8788,29,2,12.61,140.43,0.6667,5,Flexible Learner,Flexible Learner,4.55,1.0,0.0,2,2,34.88,28.83,1536,150,33,416.12,16298,0.2424
0.9167,22,1,14.85,145.3,1.0,4,Deep Focus Learner,Deep Focus Learner,5.17,1.0,1,1,0,13.13,0.0,1537,124,24,356.42,16299,0.1667
0.6757,50,2,11.81,106.71,1.0,5,Consistent Climber,Consistent Climber,5.51,0.5,1.0,4,2,35.52,18.22,1538,408,74,874.12,16300,0.0
0.6364,14,0,13.63,143.44,0.2727,2,Weekend Learner,Weekend Learner,4.95,0,-1.0,0,1,0.0,10.08,1539,109,22,299.95,16301,1.0
0.5897,23,2,9.63,85.11,0.0769,2,Weekend Learner,Weekend Learner,5.44,0.5,1.0,4,2,30.47,13.63,1540,212,39,375.62,16302,0.9744
0.871,27,4,13.26,147.89,0.6452,3,Flexible Learner,Flexible Learner,4.65,0.5714,6.0,7,1,107.08,2.78,1541,144,31,411.12,16303,0.4194
0.82,41,3,12.59,106.07,0.82,4,Flexible Learner,Flexible Learner,6.0,1.0,2.0,3,1,26.57,14.58,1542,300,50,629.58,16304,0.28
0.7812,25,2,10.55,103.31,1.0,3,Deep Focus Learner,Deep Focus Learner,5.06,0.5,3.0,4,1,26.68,5.15,1543,162,32,337.73,16305,0.25
1.0,18,1,9.96,84.33,0.5556,2,Fresh Starter,Fresh Starter,5.61,1.0,-0.5,1,2,13.15,27.23,1544,101,18,179.33,16306,0.2778
0.618,55,4,10.38,98.95,1.0,6,High Achiever,High Achiever,5.2,0.5,0.1429,8,7,103.52,66.62,1545,463,89,924.12,16307,0.1348
1.0,15,1,10.15,101.86,0.6667,3,Fresh Starter,Fresh Starter,4.8,1.0,0.0,1,1,8.05,8.18,1546,72,15,152.23,16308,0.2667
0.7407,20,2,11.49,118.07,0.1852,2,Weekend Learner,Weekend Learner,4.85,1.0,2,2,0,50.38,0.0,1547,131,27,310.15,16309,0.963
0.6154,24,1,10.97,111.71,0.3077,4,Weekend Learner,Weekend Learner,5.0,0.5,2,2,0,36.72,0.0,1548,195,39,427.68,16310,0.8718
0.7826,18,1,13.7,141.69,0.087,2,Weekend Learner,Weekend Learner,4.91,1.0,-0.6667,1,3,9.47,26.43,1549,113,23,315.0,16311,0.913
0.8182,27,2,11.37,110.51,1.0,3,Deep Focus Learner,Deep Focus Learner,5.18,1.0,0.0,2,2,17.13,20.75,1550,171,33,375.1,16312,0.303
0.9062,29,2,9.55,85.77,1.0,2,Deep Focus Learner,Deep Focus Learner,5.38,0.6667,-0.25,3,4,48.15,39.73,1551,172,32,305.7,16313,0.375
0.5526,21,1,12.46,133.81,0.2368,3,Weekend Learner,Weekend Learner,4.76,0.5,-0.7778,2,9,22.07,155.43,1552,181,38,473.32,16314,0.9737
0.6863,35,2,10.8,99.73,1.0,5,High Achiever,High Achiever,5.33,0.6667,-0.5,3,6,65.12,48.0,1553,272,51,550.8,16315,0.2353
0.96,24,1,12.26,112.18,1.0,3,Deep Focus Learner,Deep Focus Learner,5.64,1.0,-0.5,1,2,6.82,16.92,1554,141,25,306.6,16316,0.28
0.7818,43,2,16.62,171.29,0.7455,6,Flexible Learner,Flexible Learner,5.2,1.0,-0.3333,2,3,18.57,62.48,1555,286,55,914.15,16317,0.2545
0.8085,38,3,13.18,145.85,0.6596,4,Flexible Learner,Flexible Learner,4.74,1.0,0.5,3,2,32.33,9.02,1556,223,47,619.3,16318,0.1702
0.6111,44,3,13.15,140.82,1.0,5,Consistent Climber,Consistent Climber,4.83,0.75,-0.3333,4,6,35.98,59.63,1557,348,72,947.05,16319,0.0
0.7308,38,1,14.08,140.68,1.0,4,Consistent Climber,Consistent Climber,5.17,1.0,-0.8,1,5,50.05,110.77,1558,269,52,732.12,16320,0.0
0.5946,22,2,13.05,117.13,0.2162,3,Weekend Learner,Weekend Learner,5.76,0.5,1.0,4,2,36.97,16.37,1559,213,37,482.7,16321,0.973
0.7778,21,0,12.2,111.36,1.0,2,Deep Focus Learner,Deep Focus Learner,5.56,0,-1.0,0,3,0.0,53.07,1560,150,27,329.28,16322,0.4074
0.7955,35,1,15.46,165.29,0.9318,4,Flexible Learner,Flexible Learner,4.93,1.0,-0.5,1,2,37.8,18.45,1561,217,44,680.17,16323,0.2955
0.6957,32,0,13.53,135.76,1.0,5,Consistent Climber,Consistent Climber,5.13,0,-1.0,0,6,0.0,108.55,1562,236,46,622.23,16324,0.0
0.6032,38,1,11.88,109.4,1.0,6,High Achiever,High Achiever,5.51,0.5,0.0,2,2,17.4,33.37,1563,347,63,748.48,16325,0.1429
0.8364,46,4,10.83,106.74,0.6727,6,Flexible Learner,Flexible Learner,5.09,1.0,-0.4286,4,7,34.3,86.95,1564,280,55,595.68,16326,0.3273
0.913,21,1,12.79,129.29,1.0,2,Deep Focus Learner,Deep Focus Learner,5.13,1.0,0.0,1,1,56.9,6.67,1565,118,23,294.23,16327,0.2174
1.0,19,0,10.27,134.43,0.7895,2,Fresh Starter,Fresh Starter,3.79,0,0,0,0,0.0,0.0,1566,72,19,195.13,16328,0.2105
0.9167,22,1,13.79,132.39,1.0,3,Deep Focus Learner,Deep Focus Learner,5.5,1.0,-0.5,1,2,6.12,14.53,1567,132,24,330.97,16329,0.2083
0.8529,29,1,13.47,118.44,0.8824,3,Flexible Learner,Flexible Learner,5.97,1.0,-0.8,1,5,5.95,55.75,1568,203,34,458.12,16330,0.2647
0.6629,59,5,13.97,136.72,1.0,6,High Achiever,High Achiever,5.34,0.5556,2.0,9,3,117.15,43.38,1569,475,89,1243.6,16331,0.1348
0.7647,52,5,17.33,173.06,1.0,6,High Achiever,High Achiever,5.34,0.8333,0.2,6,5,81.22,78.4,1570,363,68,1178.3,16332,0.1765
0.5517,16,1,9.98,87.91,0.2759,2,Weekend Learner,Weekend Learner,5.66,1.0,-0.6667,1,3,14.2,20.55,1571,164,29,289.43,16333,1.0
0.6429,45,4,12.17,113.22,1.0,5,Consistent Climber,Consistent Climber,5.41,1.0,3.0,4,1,34.78,14.45,1572,379,70,851.82,16334,0.0
0.7955,35,2,10.46,104.16,0.5909,4,Flexible Learner,Flexible Learner,5.0,1.0,1.0,2,1,15.63,8.83,1573,220,44,460.33,16335,0.2727
0.8857,31,4,9.56,88.5,0.9143,4,Flexible Learner,Flexible Learner,5.17,1.0,1.0,4,2,32.78,18.23,1574,181,35,334.65,16336,0.3143
0.5814,25,0,18.3,160.83,0.2093,3,Weekend Learner,Weekend Learner,6.12,0,-1.0,0,1,0.0,58.23,1575,263,43,786.75,16337,0.9767
0.6515,43,3,12.52,120.48,1.0,5,Consistent Climber,Consistent Climber,5.27,0.375,0.6,8,5,112.62,101.72,1576,348,66,826.48,16338,0.0
0.6364,21,1,13.4,154.21,0.2727,3,Weekend Learner,Weekend Learner,4.55,0.5,0.0,2,2,10.63,8.97,1577,150,33,442.2,16339,0.9394
0.7333,44,4,14.34,149.22,1.0,5,Consistent Climber,Consistent Climber,5.07,0.6667,0.2,6,5,79.0,68.1,1578,304,60,860.67,16340,0.0
0.6897,40,4,13.39,142.29,1.0,4,Consistent Climber,Consistent Climber,4.9,0.5714,0.1667,7,6,87.12,120.32,1579,284,58,776.35,16341,0.0
0.8261,38,4,10.86,113.02,1.0,4,Consistent Climber,Consistent Climber,4.85,0.8,1.5,5,2,51.93,19.7,1580,223,46,499.6,16342,0.0
0.5775,41,4,12.04,119.98,1.0,4,Consistent Climber,Consistent Climber,5.06,0.6667,2.0,6,2,105.45,66.73,1581,359,71,854.5,16343,0.0
0.6935,43,3,10.43,88.76,1.0,5,Consistent Climber,Consistent Climber,5.63,1.0,-0.6667,3,9,17.2,91.33,1582,349,62,646.48,16344,0.0
1.0,23,1,19.43,215.14,0.6087,2,Fresh Starter,Fresh Starter,4.87,1.0,0.0,1,1,74.23,4.78,1583,112,23,446.98,16345,0.2609
0.8679,46,2,12.1,109.23,0.8113,4,Flexible Learner,Flexible Learner,5.6,1.0,-0.5,2,4,18.6,30.68,1584,297,53,641.38,16346,0.3585
0.6604,35,2,14.98,150.6,1.0,5,Consistent Climber,Consistent Climber,5.23,0.6667,-0.25,3,4,19.05,43.88,1585,277,53,794.0,16347,0.0
0.6857,24,3,10.4,110.77,0.1143,2,Weekend Learner,Weekend Learner,4.6,0.75,1.0,4,2,35.52,15.75,1586,161,35,364.13,16348,0.9143
0.6964,39,4,12.36,120.65,1.0,3,Consistent Climber,Consistent Climber,5.23,0.8,1.5,5,2,93.48,23.05,1587,293,56,691.93,16349,0.0
0.7818,43,3,11.69,99.83,1.0,3,High Achiever,High Achiever,5.82,0.75,0.0,4,4,45.97,49.43,1588,320,55,642.95,16350,0.1818
0.5,16,1,12.71,139.53,0.1562,2,Weekend Learner,Weekend Learner,4.69,0.5,-0.6,2,5,41.27,44.35,1589,150,32,406.73,16351,1.0
1.0,16,0,14.03,129.2,0.6875,2,Fresh Starter,Fresh Starter,5.69,0,-1.0,0,1,0.0,10.28,1590,91,16,224.53,16352,0.1875
0.7333,33,2,15.22,167.24,0.7556,6,Flexible Learner,Flexible Learner,4.78,0.6667,-0.4,3,5,28.93,110.72,1591,215,45,684.78,16353,0.1556
0.7879,26,2,12.55,113.77,0.7879,3,Flexible Learner,Flexible Learner,5.45,1.0,-0.3333,2,3,44.1,24.97,1592,180,33,414.23,16354,0.303
0.7778,35,5,12.22,120.03,1.0,3,Consistent Climber,Consistent Climber,5.2,0.4545,4.5,11,2,139.5,24.65,1593,234,45,549.75,16355,0.0
0.9091,20,1,17.78,154.31,1.0,2,Deep Focus Learner,Deep Focus Learner,6.14,0.5,1.0,2,1,14.6,6.45,1594,135,22,391.27,16356,0.3182
0.5556,20,1,7.75,72.14,0.1389,2,Weekend Learner,Weekend Learner,5.0,0.5,-0.3333,2,3,16.93,32.13,1595,180,36,279.0,16357,1.0
0.8095,34,1,13.78,137.32,0.8095,5,Flexible Learner,Flexible Learner,5.29,0.5,-0.6,2,5,57.85,41.25,1596,222,42,578.97,16358,0.2857
0.913,21,1,13.37,132.43,1.0,3,Deep Focus Learner,Deep Focus Learner,5.26,1.0,0.0,1,1,9.72,9.22,1597,121,23,307.48,16359,0.087
0.697,46,4,11.76,128.54,1.0,6,High Achiever,High Achiever,4.65,0.6667,0.2,6,5,53.5,48.53,1598,307,66,776.25,16360,0.2424
0.7714,27,1,11.55,101.96,1.0,2,Deep Focus Learner,Deep Focus Learner,5.66,1.0,-0.8,1,5,7.83,58.77,1599,198,35,404.22,16361,0.2
0.6875,33,2,12.91,111.32,1.0,4,Consistent Climber,Consistent Climber,5.94,1.0,0.0,2,2,18.02,14.88,1600,285,48,619.75,16362,0.0
0.5312,17,2,9.71,82.62,0.25,3,Weekend Learner,Weekend Learner,5.66,0.6667,3,3,0,30.7,0.0,1601,181,32,310.72,16363,0.9688
0.6232,43,2,15.05,138.98,1.0,5,Consistent Climber,Consistent Climber,5.72,0.6667,-0.5,3,6,28.23,62.75,1602,395,69,1038.72,16364,0.0
0.6418,43,4,10.58,90.23,1.0,5,Consistent Climber,Consistent Climber,5.79,0.8,0.0,5,5,43.97,39.63,1603,388,67,708.87,16365,0.0
0.746,47,5,18.23,178.84,1.0,6,High Achiever,High Achiever,5.46,0.7143,1.3333,7,3,122.4,28.4,1604,344,63,1148.43,16366,0.1905
0.8,16,0,8.32,71.61,1.0,2,Deep Focus Learner,Deep Focus Learner,5.45,0,0,0,0,0.0,0.0,1605,109,20,166.48,16367,0.5
0.881,37,2,12.56,133.78,0.881,5,Flexible Learner,Flexible Learner,4.74,1.0,-0.5,2,4,19.73,89.83,1606,199,42,527.6,16368,0.3095
0.8039,41,3,12.68,123.99,0.7451,4,Flexible Learner,Flexible Learner,5.22,0.75,0.0,4,4,52.37,36.73,1607,266,51,646.8,16369,0.2157
1.0,21,3,9.05,81.46,0.9048,4,Fresh Starter,Fresh Starter,5.29,1.0,2.0,3,1,33.3,6.72,1608,111,21,190.03,16370,0.1905
0.8571,24,0,10.41,104.95,1.0,3,Deep Focus Learner,Deep Focus Learner,4.89,0,-1.0,0,1,0.0,7.73,1609,137,28,291.58,16371,0.2143
0.88,22,3,8.28,86.3,1.0,4,Deep Focus Learner,Deep Focus Learner,4.44,1.0,3,3,0,25.95,0.0,1610,111,25,206.9,16372,0.12
0.6471,44,5,12.93,121.97,1.0,3,Consistent Climber,Consistent Climber,5.4,0.5,2.3333,10,3,93.95,65.52,1611,367,68,879.43,16373,0.0
0.7895,30,1,11.82,104.25,1.0,2,Deep Focus Learner,Deep Focus Learner,5.66,0.5,-0.3333,2,3,26.02,34.0,1612,215,38,449.03,16374,0.2368
0.6711,51,4,13.29,121.19,1.0,5,Consistent Climber,Consistent Climber,5.63,0.8,1.5,5,2,133.28,47.4,1613,428,76,1009.85,16375,0.0
0.7,42,3,12.38,106.67,1.0,4,Consistent Climber,Consistent Climber,5.9,0.75,0.0,4,4,44.77,35.73,1614,354,60,742.72,16376,0.0
0.6944,50,4,10.62,98.73,1.0,5,Consistent Climber,Consistent Climber,5.31,1.0,-0.2,4,5,27.03,57.42,1615,382,72,764.53,16377,0.0
0.7037,19,1,14.64,143.4,0.2593,2,Weekend Learner,Weekend Learner,5.33,0.5,0.0,2,2,14.77,15.25,1616,144,27,395.4,16378,0.9259
0.6441,38,3,10.56,97.27,1.0,5,Consistent Climber,Consistent Climber,5.46,0.75,0.3333,4,3,46.32,21.45,1617,322,59,622.98,16379,0.0
0.623,38,2,13.48,122.05,1.0,4,Consistent Climber,Consistent Climber,5.69,0.4,0.6667,5,3,94.78,23.73,1618,347,61,822.5,16380,0.0
0.5641,44,3,9.83,93.53,1.0,5,Consistent Climber,Consistent Climber,5.09,0.6,0.0,5,5,38.43,45.18,1619,397,78,766.73,16381,0.0
0.6531,32,1,12.12,121.0,1.0,4,Consistent Climber,Consistent Climber,5.1,1.0,0.0,1,1,17.18,8.37,1620,250,49,593.73,16382,0.0
0.6667,20,0,16.6,164.4,0.3333,2,Weekend Learner,Weekend Learner,5.4,0,-1.0,0,3,0.0,25.95,1621,162,30,498.02,16383,0.9667
0.5789,22,2,10.26,92.18,0.1053,2,Weekend Learner,Weekend Learner,5.32,1.0,-0.6,2,5,17.68,39.35,1622,202,38,389.73,16384,1.0
0.7209,31,5,10.43,92.8,0.7442,5,Flexible Learner,Flexible Learner,5.53,0.8333,6,6,0,61.0,0.0,1623,238,43,448.33,16385,0.3023
0.8421,32,2,11.75,122.96,1.0,5,Deep Focus Learner,Deep Focus Learner,4.92,0.5,1.0,4,2,33.57,23.3,1624,187,38,446.63,16386,0.2895
0.6111,44,3,13.52,136.66,1.0,4,Consistent Climber,Consistent Climber,5.12,1.0,-0.6667,3,9,28.37,82.47,1625,369,72,973.68,16387,0.0
1.0,9,1,24.13,194.85,0.5556,1,Fresh Starter,Fresh Starter,6.89,1.0,1,1,0,68.35,0.0,1626,62,9,217.15,16388,0.3333
1.0,21,1,13.28,128.82,0.7619,4,Fresh Starter,Fresh Starter,5.24,1.0,0.0,1,1,29.37,6.37,1627,110,21,278.85,16389,0.3333
0.8519,23,3,9.14,80.9,1.0,3,Deep Focus Learner,Deep Focus Learner,5.44,0.75,0.3333,4,3,26.53,21.77,1628,147,27,246.73,16390,0.2222
0.8333,15,0,9.9,98.22,1.0,2,Deep Focus Learner,Deep Focus Learner,4.94,0,-1.0,0,1,0.0,13.77,1629,89,18,178.2,16391,0.0556
0.8947,17,1,11.26,118.92,1.0,3,Deep Focus Learner,Deep Focus Learner,4.68,1.0,0.0,1,1,7.78,48.13,1630,89,19,214.03,16392,0.3684
0.7288,43,2,12.36,110.82,1.0,5,High Achiever,High Achiever,5.61,1.0,-0.6,2,5,21.82,68.53,1631,331,59,729.42,16393,0.1356
0.8929,25,0,9.68,102.73,1.0,2,Deep Focus Learner,Deep Focus Learner,4.64,0,-1.0,0,2,0.0,33.95,1632,130,28,270.93,16394,0.25
0.5455,18,2,12.44,114.65,0.1212,2,Weekend Learner,Weekend Learner,5.52,0.3333,2.0,6,2,54.57,14.25,1633,182,33,410.53,16395,1.0
1.0,22,1,11.45,96.14,0.7273,2,Fresh Starter,Fresh Starter,6.05,1.0,0.0,1,1,12.77,15.83,1634,133,22,251.88,16396,0.2273
0.7368,14,0,14.84,162.92,1.0,2,Deep Focus Learner,Deep Focus Learner,4.68,0,0,0,0,0.0,0.0,1635,89,19,281.88,16397,0.2632
0.7907,34,2,11.11,101.28,0.7209,5,Flexible Learner,Flexible Learner,5.51,0.5,0.3333,4,3,35.55,24.15,1636,237,43,477.93,16398,0.3256
1.0,19,1,10.46,87.4,0.6842,3,Fresh Starter,Fresh Starter,5.89,1.0,0.0,1,1,10.83,31.03,1637,112,19,198.65,16399,0.4211
0.8367,41,3,11.5,101.08,0.7347,3,Flexible Learner,Flexible Learner,5.67,1.0,0.0,3,3,32.37,22.4,1638,278,49,563.72,16400,0.2857
0.9667,29,2,13.45,126.42,1.0,4,Deep Focus Learner,Deep Focus Learner,5.5,1.0,-0.5,2,4,19.73,86.43,1639,165,30,403.38,16401,0.1333
1.0,13,0,9.81,114.19,0.6154,2,Fresh Starter,Fresh Starter,4.0,0,0,0,0,0.0,0.0,1640,52,13,127.47,16402,0.2308
1.0,20,1,10.85,113.82,0.8,3,Fresh Starter,Fresh Starter,4.7,1.0,-0.5,1,2,7.85,18.7,1641,94,20,216.92,16403,0.35
0.9286,39,3,13.67,134.39,0.8095,6,Flexible Learner,Flexible Learner,5.26,1.0,2.0,3,1,27.27,9.5,1642,221,42,574.32,16404,0.2857
0.8298,39,3,9.74,88.11,0.5957,6,Flexible Learner,Flexible Learner,5.34,1.0,-0.4,3,5,28.28,48.97,1643,251,47,457.77,16405,0.234
0.625,25,2,16.54,178.47,0.375,3,Weekend Learner,Weekend Learner,4.95,0.4,1.5,5,2,96.58,33.17,1644,198,40,661.4,16406,0.925
0.6933,52,5,13.67,134.02,1.0,5,Consistent Climber,Consistent Climber,5.29,0.8333,1.0,6,3,66.63,55.13,1645,397,75,1025.45,16407,0.0
0.76,19,1,12.54,128.1,0.2,3,Weekend Learner,Weekend Learner,5.0,1.0,1,1,0,24.88,0.0,1646,125,25,313.47,16408,0.88
0.8065,25,0,12.63,111.75,1.0,2,Deep Focus Learner,Deep Focus Learner,5.71,0,-1.0,0,1,0.0,9.08,1647,177,31,391.63,16409,0.2581
0.8571,24,1,12.75,152.57,0.7143,3,Flexible Learner,Flexible Learner,4.25,0.5,1.0,2,1,23.13,8.7,1648,119,28,356.93,16410,0.3571
0.825,33,4,17.57,178.23,0.625,3,Flexible Learner,Flexible Learner,5.3,0.8,4.0,5,1,76.73,3.58,1649,212,40,702.83,16411,0.125
0.8158,31,4,10.87,97.76,0.6842,4,Flexible Learner,Flexible Learner,5.53,1.0,1.0,4,2,29.47,21.5,1650,210,38,413.18,16412,0.4474
0.8667,26,1,10.17,94.59,1.0,4,Deep Focus Learner,Deep Focus Learner,5.23,0.5,0.0,2,2,16.67,15.85,1651,157,30,305.12,16413,0.3667
0.6308,41,1,11.83,120.02,1.0,5,Consistent Climber,Consistent Climber,4.97,0.5,-0.6667,2,6,25.95,73.68,1652,323,65,768.73,16414,0.0
0.7636,42,2,14.29,151.03,1.0,5,Consistent Climber,Consistent Climber,4.98,0.5,0.0,4,4,68.67,47.37,1653,274,55,785.7,16415,0.0
0.8286,29,2,10.83,100.73,1.0,3,Deep Focus Learner,Deep Focus Learner,5.34,0.6667,-0.4,3,5,36.07,65.12,1654,187,35,379.07,16416,0.2286
0.8857,31,1,12.51,130.31,1.0,3,Deep Focus Learner,Deep Focus Learner,4.94,1.0,-0.6667,1,3,14.55,20.55,1655,173,35,437.7,16417,0.1714
0.7347,36,2,12.09,105.01,0.7143,4,Flexible Learner,Flexible Learner,5.86,1.0,-0.5,2,4,17.63,60.6,1656,287,49,592.32,16418,0.2653
0.9,36,1,13.33,128.6,0.775,4,Flexible Learner,Flexible Learner,5.28,1.0,-0.5,1,2,6.92,20.8,1657,211,40,533.18,16419,0.25
0.6286,22,2,10.37,91.94,0.3429,2,Weekend Learner,Weekend Learner,5.6,0.6667,0.5,3,2,68.98,19.02,1658,196,35,363.05,16420,1.0
0.95,19,2,14.18,151.55,1.0,3,Deep Focus Learner,Deep Focus Learner,4.85,1.0,-0.6,2,5,22.67,53.0,1659,97,20,283.57,16421,0.15
0.6053,46,2,11.89,115.05,1.0,5,Consistent Climber,Consistent Climber,5.2,0.4,-0.1667,5,6,107.12,55.22,1660,395,76,904.02,16422,0.0
1.0,18,1,12.72,122.84,0.8333,3,Fresh Starter,Fresh Starter,5.28,1.0,0.0,1,1,10.68,6.73,1661,95,18,229.0,16423,0.2222
0.6,18,1,12.88,129.68,0.2,2,Weekend Learner,Weekend Learner,5.07,1.0,-0.6667,1,3,35.27,29.65,1662,152,30,386.4,16424,1.0
0.75,42,2,12.46,109.19,1.0,5,Consistent Climber,Consistent Climber,5.84,1.0,0.0,2,2,27.62,17.05,1663,327,56,697.55,16425,0.0
0.8421,32,1,8.76,81.73,1.0,4,Deep Focus Learner,Deep Focus Learner,5.08,1.0,-0.5,1,2,8.5,17.42,1664,193,38,333.03,16426,0.2105
0.931,27,3,11.02,98.41,0.8621,2,Flexible Learner,Flexible Learner,5.62,1.0,2.0,3,1,33.37,7.83,1665,163,29,319.48,16427,0.3448
0.6981,37,2,11.62,109.78,1.0,5,Consistent Climber,Consistent Climber,5.4,1.0,1.0,2,1,12.73,8.8,1666,286,53,615.95,16428,0.0
0.8182,27,1,12.01,119.13,0.5758,3,Flexible Learner,Flexible Learner,5.15,0.5,-0.5,2,4,16.25,48.33,1667,170,33,396.27,16429,0.3636
0.8276,24,3,16.01,172.38,0.931,4,Flexible Learner,Flexible Learner,4.93,0.75,4,4,0,61.13,0.0,1668,143,29,464.33,16430,0.3448
0.7234,34,3,11.56,102.46,1.0,4,Consistent Climber,Consistent Climber,5.6,0.5,0.5,6,4,53.63,40.2,1669,263,47,543.48,16431,0.0
0.7111,32,3,10.75,108.2,1.0,3,Consistent Climber,Consistent Climber,4.91,0.75,-0.5,4,8,23.68,98.42,1670,221,45,483.68,16432,0.0
0.7083,34,2,12.17,120.84,1.0,4,Consistent Climber,Consistent Climber,5.1,0.6667,-0.5,3,6,60.15,59.55,1671,245,48,584.18,16433,0.0
0.8529,29,2,13.62,139.5,0.7941,2,Flexible Learner,Flexible Learner,5.03,1.0,-0.3333,2,3,20.13,20.63,1672,171,34,463.18,16434,0.2353
0.64,32,4,11.78,114.71,1.0,4,Consistent Climber,Consistent Climber,5.22,1.0,3.0,4,1,42.13,22.3,1673,261,50,589.05,16435,0.0
0.6613,41,3,11.97,100.18,1.0,5,Consistent Climber,Consistent Climber,6.08,0.75,0.3333,4,3,37.33,34.38,1674,377,62,742.42,16436,0.0
0.6379,37,1,10.29,92.33,1.0,5,Consistent Climber,Consistent Climber,5.34,1.0,-0.8889,1,9,9.38,69.7,1675,310,58,596.85,16437,0.0
0.8108,30,4,9.88,102.95,0.6486,5,Flexible Learner,Flexible Learner,4.68,1.0,0.3333,4,3,44.55,57.88,1676,173,37,365.72,16438,0.4054
0.8065,25,1,10.0,106.85,0.7742,3,Flexible Learner,Flexible Learner,4.58,1.0,0.0,1,1,3.05,8.13,1677,142,31,309.9,16439,0.129
0.6667,16,2,15.9,150.94,0.1667,2,Weekend Learner,Weekend Learner,5.5,0.6667,-0.25,3,4,30.45,72.72,1678,132,24,381.53,16440,1.0
0.8125,39,2,14.03,160.95,0.7083,3,Flexible Learner,Flexible Learner,4.5,1.0,-0.3333,2,3,22.23,32.43,1679,216,48,673.48,16441,0.2708
0.8,20,1,14.62,134.1,1.0,2,Deep Focus Learner,Deep Focus Learner,5.72,0.5,-0.3333,2,3,51.45,26.67,1680,143,25,365.4,16442,0.08
0.6154,16,2,11.96,103.07,0.0769,2,Weekend Learner,Weekend Learner,5.88,1.0,-0.5,2,4,15.68,34.8,1681,153,26,311.03,16443,0.9615
0.8421,32,2,15.34,154.35,1.0,3,Deep Focus Learner,Deep Focus Learner,5.26,1.0,0.0,2,2,36.87,28.3,1682,200,38,583.07,16444,0.2368
0.7317,30,0,11.27,118.78,0.7561,3,Flexible Learner,Flexible Learner,4.8,0,-1.0,0,2,0.0,26.0,1683,197,41,462.17,16445,0.1707
0.6625,53,3,17.54,173.21,1.0,5,High Achiever,High Achiever,5.44,0.75,-0.5556,4,9,31.5,195.23,1684,435,80,1403.52,16446,0.0875
1.0,13,1,9.04,94.23,0.5385,2,Fresh Starter,Fresh Starter,4.69,1.0,1,1,0,13.58,0.0,1685,61,13,117.57,16447,0.2308
1.0,10,1,9.71,77.9,0.6,2,Fresh Starter,Fresh Starter,5.9,1.0,1,1,0,8.77,0.0,1686,59,10,97.15,16448,0.3
0.925,37,1,12.23,118.14,0.7,9,Flexible Learner,Flexible Learner,5.28,1.0,-0.5,1,2,10.45,26.23,1687,211,40,489.03,16449,0.25
0.6067,54,3,17.71,176.92,1.0,5,High Achiever,High Achiever,5.37,1.0,-0.7,3,10,51.72,289.0,1688,478,89,1575.77,16450,0.1011
0.9333,28,1,12.19,125.42,1.0,4,Deep Focus Learner,Deep Focus Learner,4.97,1.0,-0.6667,1,3,7.87,36.57,1689,149,30,365.6,16451,0.4
0.7872,37,6,12.82,138.52,0.7234,5,Flexible Learner,Flexible Learner,4.7,0.75,0.1429,8,7,110.42,64.02,1690,221,47,602.58,16452,0.2766
0.6747,56,5,16.21,168.13,1.0,4,High Achiever,High Achiever,5.11,0.7143,0.75,7,4,86.57,79.57,1691,424,83,1345.67,16453,0.1928
0.8537,35,3,12.18,110.94,0.7805,2,Flexible Learner,Flexible Learner,5.54,1.0,0.0,3,3,30.1,26.03,1692,227,41,499.25,16454,0.2683
0.8621,25,1,12.31,124.72,0.7931,4,Flexible Learner,Flexible Learner,5.07,1.0,-0.6667,1,3,60.15,48.05,1693,147,29,356.85,16455,0.2414
0.8462,22,1,9.92,91.07,1.0,3,Deep Focus Learner,Deep Focus Learner,5.19,0.5,2,2,0,18.13,0.0,1694,135,26,258.0,16456,0.3846
0.4884,21,1,9.89,95.31,0.1395,2,Weekend Learner,Weekend Learner,5.16,1.0,-0.5,1,2,6.63,15.62,1695,222,43,425.37,16457,0.9767
0.84,21,0,10.21,90.64,1.0,2,Deep Focus Learner,Deep Focus Learner,5.52,0,-1.0,0,1,0.0,15.48,1696,138,25,255.3,16458,0.2
0.8571,30,4,12.62,122.21,0.7143,4,Flexible Learner,Flexible Learner,5.2,0.8,1.5,5,2,69.67,18.05,1697,182,35,441.87,16459,0.4857
0.6761,48,3,11.65,101.74,1.0,5,Consistent Climber,Consistent Climber,5.77,1.0,-0.5714,3,7,20.75,109.7,1698,410,71,827.43,16460,0.0
0.8065,25,2,10.9,97.46,1.0,2,Deep Focus Learner,Deep Focus Learner,5.65,1.0,-0.5,2,4,16.7,74.35,1699,175,31,337.98,16461,0.2903
0.75,30,4,13.06,123.12,0.8,5,Flexible Learner,Flexible Learner,5.45,0.8,0.6667,5,3,38.95,28.5,1700,218,40,522.22,16462,0.175
0.589,43,3,9.65,87.16,1.0,4,Consistent Climber,Consistent Climber,5.37,0.5,-0.25,6,8,55.38,69.73,1701,392,73,704.58,16463,0.0
1.0,11,2,16.85,166.78,0.3636,3,Fresh Starter,Fresh Starter,5.36,1.0,2,2,0,30.42,0.0,1702,59,11,185.38,16464,0.3636
0.9211,35,1,9.72,84.35,0.7368,5,Flexible Learner,Flexible Learner,5.55,0.5,-0.6,2,5,19.23,62.27,1703,211,38,369.53,16465,0.2632
0.5641,22,1,12.6,109.85,0.1538,2,Weekend Learner,Weekend Learner,5.82,0.5,-0.5,2,4,27.12,70.47,1704,227,39,491.42,16466,0.9744
1.0,8,0,21.5,198.0,0.75,3,Fresh Starter,Fresh Starter,6.0,0,-1.0,0,1,0.0,8.88,1705,48,8,172.02,16467,0.0
0.8485,28,3,9.79,89.66,0.697,3,Flexible Learner,Flexible Learner,5.42,1.0,0.5,3,2,36.9,24.48,1706,179,33,323.05,16468,0.3939
0.6364,49,4,14.4,156.53,1.0,5,Consistent Climber,Consistent Climber,4.79,0.4444,2.0,9,3,181.22,48.05,1707,369,77,1109.17,16469,0.0
0.8974,35,5,10.15,108.94,0.8462,6,Flexible Learner,Flexible Learner,4.62,1.0,1.5,5,2,39.75,13.43,1708,180,39,395.77,16470,0.1795
0.6145,51,3,16.46,152.22,1.0,6,High Achiever,High Achiever,5.72,0.6,-0.375,5,8,88.2,92.12,1709,475,83,1366.15,16471,0.1687
0.7609,35,5,11.66,104.95,0.7391,5,Flexible Learner,Flexible Learner,5.63,0.625,0.6,8,5,68.82,36.97,1710,259,46,536.15,16472,0.2609
0.875,28,2,15.36,146.46,1.0,4,Deep Focus Learner,Deep Focus Learner,5.53,1.0,1.0,2,1,82.55,8.08,1711,177,32,491.63,16473,0.3438
1.0,14,0,15.2,181.84,0.5714,1,Fresh Starter,Fresh Starter,4.36,0,-1.0,0,1,0.0,18.18,1712,61,14,212.77,16474,0.3571
1.0,25,2,17.57,174.46,1.0,3,Deep Focus Learner,Deep Focus Learner,5.4,1.0,0.0,2,2,17.32,44.28,1713,135,25,439.25,16475,0.28
0.78,39,2,10.92,100.41,1.0,4,High Achiever,High Achiever,5.38,0.6667,-0.25,3,4,23.27,40.25,1714,269,50,545.8,16476,0.16
0.6393,39,3,13.25,128.41,1.0,4,Consistent Climber,Consistent Climber,5.36,0.75,0.0,4,4,47.92,35.98,1715,327,61,807.98,16477,0.0
0.6176,21,1,14.46,133.52,0.2941,2,Weekend Learner,Weekend Learner,5.68,0.5,1.0,2,1,62.7,15.55,1716,193,34,491.62,16478,0.9706
0.6491,37,1,15.02,154.63,1.0,5,Consistent Climber,Consistent Climber,5.04,1.0,-0.5,1,2,10.67,77.95,1717,287,57,856.22,16479,0.0
0.8889,24,2,17.27,142.85,1.0,2,Deep Focus Learner,Deep Focus Learner,6.52,1.0,-0.5,2,4,25.05,41.63,1718,176,27,466.42,16480,0.4444
0.875,42,4,10.84,95.57,0.8542,5,Flexible Learner,Flexible Learner,5.77,1.0,0.3333,4,3,30.35,29.07,1719,277,48,520.18,16481,0.3125
0.6129,38,2,11.93,133.93,1.0,4,Consistent Climber,Consistent Climber,4.5,0.5,1.0,4,2,33.52,9.4,1720,279,62,739.72,16482,0.0
0.8095,17,1,13.27,150.92,1.0,2,Deep Focus Learner,Deep Focus Learner,4.43,1.0,1,1,0,4.33,0.0,1721,93,21,278.7,16483,0.1905
0.7333,22,1,12.75,132.23,0.1667,2,Weekend Learner,Weekend Learner,4.93,1.0,-0.6667,1,3,10.08,69.63,1722,148,30,382.62,16484,0.9667
0.7059,48,4,12.32,123.04,1.0,4,High Achiever,High Achiever,5.06,0.8,0.25,5,4,39.15,45.52,1723,344,68,837.77,16485,0.1471
0.6329,50,4,12.93,126.59,1.0,5,Consistent Climber,Consistent Climber,5.24,0.5714,0.1667,7,6,142.13,56.63,1724,414,79,1021.18,16486,0.0
0.6364,21,3,14.83,145.16,0.1515,3,Weekend Learner,Weekend Learner,5.33,0.75,0.3333,4,3,39.2,26.87,1725,176,33,489.33,16487,0.9394
0.5122,21,1,12.88,130.91,0.0976,2,Weekend Learner,Weekend Learner,5.07,1.0,-0.6667,1,3,6.6,88.38,1726,208,41,527.88,16488,1.0
0.9355,29,2,10.87,92.42,0.8065,3,Flexible Learner,Flexible Learner,5.71,1.0,0.0,2,2,9.52,19.05,1727,177,31,337.08,16489,0.3226
0.5833,21,2,9.33,86.54,0.1111,2,Weekend Learner,Weekend Learner,5.14,0.4,0.25,5,4,56.02,33.43,1728,185,36,335.75,16490,1.0
0.9394,31,5,11.68,121.78,1.0,4,Deep Focus Learner,Deep Focus Learner,4.85,0.8333,2.0,6,2,111.15,18.7,1729,160,33,385.45,16491,0.303
0.8148,44,2,13.29,129.24,0.6296,4,Flexible Learner,Flexible Learner,5.24,1.0,-0.7143,2,7,16.37,71.98,1730,283,54,717.65,16492,0.1852
0.7778,28,4,10.97,104.51,1.0,3,Deep Focus Learner,Deep Focus Learner,5.33,1.0,3.0,4,1,44.87,11.4,1731,192,36,394.83,16493,0.3333
0.775,31,2,12.34,106.98,0.725,5,Flexible Learner,Flexible Learner,5.85,1.0,-0.3333,2,3,16.38,27.78,1732,234,40,493.43,16494,0.275
0.8235,28,1,15.79,180.02,0.7941,3,Flexible Learner,Flexible Learner,4.65,1.0,-0.5,1,2,8.8,11.65,1733,158,34,536.85,16495,0.2353
0.6562,21,2,12.3,99.6,0.2188,2,Weekend Learner,Weekend Learner,6.31,1.0,1.0,2,1,45.23,14.48,1734,202,32,393.58,16496,0.9688
1.0,8,0,11.64,141.73,0.875,2,Fresh Starter,Fresh Starter,4.12,0,-1.0,0,1,0.0,19.88,1735,33,8,93.15,16497,0.125
0.6875,44,2,13.31,113.14,1.0,4,Consistent Climber,Consistent Climber,5.98,1.0,-0.5,2,4,32.78,37.53,1736,383,64,851.8,16498,0.0
0.5833,14,2,13.48,158.3,0.2083,2,Weekend Learner,Weekend Learner,4.42,0.6667,2.0,3,1,28.43,12.73,1737,106,24,323.5,16499,1.0
0.5882,20,1,12.08,106.1,0.2059,2,Weekend Learner,Weekend Learner,5.74,1.0,-0.75,1,4,11.48,57.03,1738,195,34,410.57,16500,0.9706
0.9524,20,2,10.53,97.64,1.0,2,Deep Focus Learner,Deep Focus Learner,5.29,1.0,1.0,2,1,13.0,10.55,1739,111,21,221.2,16501,0.3333
0.6364,49,4,13.64,132.81,1.0,5,Consistent Climber,Consistent Climber,5.31,0.5,1.6667,8,3,144.57,47.22,1740,409,77,1049.93,16502,0.0
0.6941,59,4,13.37,141.08,1.0,6,High Achiever,High Achiever,4.89,0.8,0.0,5,5,44.32,52.03,1741,416,85,1136.05,16503,0.1529
0.8,36,3,12.99,131.31,0.8,3,Flexible Learner,Flexible Learner,5.02,1.0,0.0,3,3,26.68,40.23,1742,226,45,584.38,16504,0.2
0.7632,29,2,12.74,126.77,1.0,3,Deep Focus Learner,Deep Focus Learner,5.16,1.0,-0.3333,2,3,23.82,45.92,1743,196,38,483.98,16505,0.2105
0.6667,50,4,12.04,112.59,1.0,4,High Achiever,High Achiever,5.37,0.6667,0.2,6,5,70.12,79.95,1744,403,75,903.0,16506,0.1333
1.0,8,0,13.79,110.0,0.75,1,Fresh Starter,Fresh Starter,6.38,0,0,0,0,0.0,0.0,1745,51,8,110.35,16507,0.125
0.7302,46,4,11.46,101.62,1.0,5,High Achiever,High Achiever,5.71,0.5714,0.4,7,5,70.32,61.62,1746,360,63,722.15,16508,0.1111
0.6,24,2,13.28,129.81,0.1,2,Weekend Learner,Weekend Learner,5.3,0.6667,-0.25,3,4,69.47,77.52,1747,212,40,531.27,16509,0.975
0.5208,25,2,15.52,172.0,0.2083,2,Weekend Learner,Weekend Learner,4.71,0.5,0.0,4,4,54.0,101.7,1748,226,48,744.75,16510,0.9792
0.8108,30,2,12.71,129.06,0.7568,5,Flexible Learner,Flexible Learner,5.0,0.6667,-0.25,3,4,24.3,31.93,1749,185,37,470.1,16511,0.3243
1.0,21,2,20.41,204.28,1.0,2,Deep Focus Learner,Deep Focus Learner,5.43,1.0,0.0,2,2,18.02,20.9,1750,114,21,428.53,16512,0.381
0.7031,45,3,17.7,172.6,1.0,4,High Achiever,High Achiever,5.55,1.0,-0.25,3,4,29.45,129.9,1751,355,64,1132.85,16513,0.1406
0.7091,39,3,10.07,93.8,1.0,5,Consistent Climber,Consistent Climber,5.25,1.0,-0.4,3,5,64.58,38.32,1752,289,55,553.77,16514,0.0
0.7647,39,2,17.62,165.43,1.0,4,Consistent Climber,Consistent Climber,5.67,0.6667,-0.25,3,4,81.57,64.82,1753,289,51,898.82,16515,0.0
0.6389,46,3,15.47,142.9,1.0,5,Consistent Climber,Consistent Climber,5.62,0.75,-0.4286,4,7,93.53,153.33,1754,405,72,1114.02,16516,0.0
0.8857,31,1,10.58,107.3,1.0,3,Deep Focus Learner,Deep Focus Learner,4.83,1.0,-0.8571,1,7,9.32,83.3,1755,169,35,370.32,16517,0.1714
0.6786,19,2,12.99,114.78,0.2857,2,Weekend Learner,Weekend Learner,5.75,1.0,1.0,2,1,54.5,11.65,1756,161,28,363.82,16518,1.0
1.0,10,2,6.95,70.45,0.8,2,Fresh Starter,Fresh Starter,4.4,1.0,1.0,2,1,12.88,5.7,1757,44,10,69.52,16519,0.4
0.9091,30,1,12.01,116.56,1.0,3,Deep Focus Learner,Deep Focus Learner,5.21,1.0,-0.5,1,2,9.03,16.5,1758,172,33,396.38,16520,0.3333
0.8205,32,3,11.02,102.92,0.8205,4,Flexible Learner,Flexible Learner,5.41,1.0,0.0,3,3,26.88,29.0,1759,211,39,429.9,16521,0.3077
0.6818,45,0,15.51,136.81,1.0,5,Consistent Climber,Consistent Climber,5.94,0,-1.0,0,6,0.0,61.38,1760,392,66,1023.73,16522,0.0
0.6203,49,4,10.11,85.87,1.0,5,Consistent Climber,Consistent Climber,5.72,0.8,-0.375,5,8,48.55,75.2,1761,452,79,799.0,16523,0.0
0.7115,37,3,9.9,90.66,1.0,5,Consistent Climber,Consistent Climber,5.29,0.6,0.25,5,4,69.4,62.23,1762,275,52,514.55,16524,0.0
0.7451,38,2,15.19,162.55,1.0,3,Consistent Climber,Consistent Climber,4.9,0.5,3.0,4,1,83.5,8.43,1763,250,51,774.65,16525,0.0
0.85,17,0,12.34,122.72,1.0,2,Deep Focus Learner,Deep Focus Learner,5.2,0,-1.0,0,2,0.0,15.0,1764,104,20,246.7,16526,0.2
0.7262,61,4,15.99,138.51,1.0,5,High Achiever,High Achiever,6.07,1.0,-0.5,4,8,91.58,128.1,1765,510,84,1343.42,16527,0.2024
0.6522,15,0,11.33,108.81,0.3043,2,Weekend Learner,Weekend Learner,5.09,0,-1.0,0,1,0.0,6.03,1766,117,23,260.5,16528,1.0
0.931,27,3,13.35,130.73,1.0,3,Deep Focus Learner,Deep Focus Learner,5.31,1.0,0.5,3,2,33.22,16.35,1767,154,29,387.17,16529,0.3103
0.6944,50,4,15.56,152.38,1.0,6,High Achiever,High Achiever,5.44,0.8,4.0,5,1,141.75,9.6,1768,392,72,1120.6,16530,0.1111
0.7206,49,4,12.36,107.39,1.0,5,Consistent Climber,Consistent Climber,5.85,0.8,-0.1667,5,6,60.5,54.75,1769,398,68,840.68,16531,0.0
1.0,11,0,11.87,142.35,0.4545,2,Fresh Starter,Fresh Starter,4.18,0,-1.0,0,1,0.0,2.65,1770,46,11,130.58,16532,0.1818
0.8261,38,4,14.95,153.43,1.0,5,Consistent Climber,Consistent Climber,5.17,1.0,1.0,4,2,89.4,42.97,1771,238,46,687.65,16533,0.0
0.7455,41,2,11.17,114.26,1.0,4,High Achiever,High Achiever,4.84,0.6667,0.5,3,2,45.1,31.07,1772,266,55,614.3,16534,0.1818
0.4043,19,2,16.08,164.78,0.234,2,Weekend Learner,Weekend Learner,5.19,0.6667,-0.5,3,6,82.12,96.47,1773,244,47,755.78,16535,1.0
0.913,21,3,11.26,118.34,1.0,2,Deep Focus Learner,Deep Focus Learner,4.7,1.0,2.0,3,1,27.38,5.53,1774,108,23,258.87,16536,0.3043
0.7455,41,4,11.73,106.34,1.0,4,Consistent Climber,Consistent Climber,5.6,0.6667,0.5,6,4,53.17,37.25,1775,308,55,644.93,16537,0.0
1.0,8,0,9.89,81.34,0.25,1,Fresh Starter,Fresh Starter,5.5,0,0,0,0,0.0,0.0,1776,44,8,79.13,16538,0.25
0.6163,53,5,9.11,85.83,1.0,6,High Achiever,High Achiever,5.05,0.625,0.3333,8,6,66.63,64.1,1777,434,86,783.77,16539,0.1628
0.6912,47,4,9.78,96.38,1.0,5,Consistent Climber,Consistent Climber,4.91,0.8,0.25,5,4,31.35,33.23,1778,334,68,665.3,16540,0.0
0.7551,37,1,10.77,94.23,0.7959,4,Flexible Learner,Flexible Learner,5.55,0.5,1.0,2,1,18.05,9.72,1779,272,49,527.72,16541,0.4082
0.7609,35,2,13.44,127.28,1.0,4,Consistent Climber,Consistent Climber,5.48,1.0,0.0,2,2,14.13,14.2,1780,252,46,618.4,16542,0.0
0.6719,43,1,10.76,101.65,1.0,5,Consistent Climber,Consistent Climber,5.19,0.5,-0.3333,2,3,22.63,67.93,1781,332,64,688.52,16543,0.0
0.8235,42,5,13.71,139.83,1.0,4,High Achiever,High Achiever,5.08,0.8333,0.5,6,4,80.68,43.45,1782,259,51,699.12,16544,0.1373
0.8421,16,0,18.44,183.25,1.0,2,Deep Focus Learner,Deep Focus Learner,5.42,0,-1.0,0,3,0.0,38.85,1783,103,19,350.38,16545,0.2105
1.0,16,0,11.99,111.26,0.8125,2,Fresh Starter,Fresh Starter,5.44,0,-1.0,0,3,0.0,63.02,1784,87,16,191.9,16546,0.375
0.6552,19,1,12.88,127.88,0.2069,2,Weekend Learner,Weekend Learner,5.21,1.0,0.0,1,1,9.2,8.17,1785,151,29,373.4,16547,1.0
0.8333,35,3,9.35,86.32,0.7857,3,Flexible Learner,Flexible Learner,5.29,1.0,-0.25,3,4,23.62,30.45,1786,222,42,392.52,16548,0.3333
0.9565,22,0,16.85,170.13,1.0,2,Deep Focus Learner,Deep Focus Learner,5.26,0,-1.0,0,2,0.0,98.25,1787,121,23,387.55,16549,0.2609
1.0,22,1,10.04,92.68,0.8182,2,Fresh Starter,Fresh Starter,5.45,1.0,0.0,1,1,7.47,8.95,1788,120,22,220.82,16550,0.3182
0.8889,32,1,13.03,107.78,0.7778,3,Flexible Learner,Flexible Learner,6.22,0.5,1.0,2,1,21.62,9.53,1789,224,36,469.17,16551,0.2222
0.7931,46,5,11.75,128.29,1.0,5,Consistent Climber,Consistent Climber,4.64,1.0,0.25,5,4,107.57,41.98,1790,269,58,681.33,16552,0.0
0.8148,44,1,9.18,86.49,0.7222,5,Flexible Learner,Flexible Learner,5.0,1.0,0.0,1,1,9.52,9.45,1791,270,54,495.67,16553,0.2778
0.8065,25,2,15.41,170.54,1.0,3,Deep Focus Learner,Deep Focus Learner,4.81,1.0,0.0,2,2,42.1,35.47,1792,149,31,477.63,16554,0.2581
0.8333,30,3,10.33,100.77,0.75,3,Flexible Learner,Flexible Learner,5.17,1.0,0.0,3,3,88.7,22.88,1793,186,36,371.87,16555,0.2778
0.7544,43,3,13.45,143.84,1.0,5,High Achiever,High Achiever,4.86,1.0,2.0,3,1,57.32,7.7,1794,277,57,766.8,16556,0.1754
0.8438,27,2,11.32,113.69,0.7812,3,Flexible Learner,Flexible Learner,4.81,1.0,-0.5,2,4,20.22,36.78,1795,154,32,362.15,16557,0.2188
0.6721,41,4,15.49,172.6,1.0,5,Consistent Climber,Consistent Climber,4.75,0.6667,0.2,6,5,88.05,91.32,1796,290,61,944.62,16558,0.0
0.8929,25,1,11.88,101.41,1.0,2,Deep Focus Learner,Deep Focus Learner,5.96,1.0,-0.5,1,2,7.8,47.65,1797,167,28,332.65,16559,0.2857
0.8966,26,1,11.84,108.02,1.0,3,Deep Focus Learner,Deep Focus Learner,5.52,1.0,-0.8571,1,7,5.97,145.4,1798,160,29,343.48,16560,0.2759
0.75,42,4,10.75,99.31,1.0,5,Consistent Climber,Consistent Climber,5.38,1.0,-0.3333,4,6,40.52,60.92,1799,301,56,602.22,16561,0.0
0.8491,45,2,9.77,86.08,0.7547,6,Flexible Learner,Flexible Learner,5.4,0.6667,-0.25,3,4,27.53,41.22,1800,286,53,517.72,16562,0.2642
0.7358,39,4,11.05,97.9,1.0,5,Consistent Climber,Consistent Climber,5.66,0.5714,2.5,7,2,70.88,15.98,1801,300,53,585.88,16563,0.0
0.7708,37,3,10.09,94.42,0.75,7,Flexible Learner,Flexible Learner,5.17,0.75,-0.3333,4,6,33.58,85.05,1802,248,48,484.33,16564,0.2083
0.7636,42,4,9.61,78.06,1.0,5,High Achiever,High Achiever,5.93,0.6667,0.2,6,5,57.02,41.8,1803,326,55,528.42,16565,0.0545
0.95,19,2,8.66,81.53,1.0,3,Deep Focus Learner,Deep Focus Learner,5.0,1.0,0.0,2,2,13.38,18.25,1804,100,20,173.28,16566,0.35
0.6508,41,4,10.84,92.76,1.0,5,Consistent Climber,Consistent Climber,5.68,0.8,0.25,5,4,94.5,38.63,1805,358,63,683.12,16567,0.0
1.0,24,1,19.41,175.65,0.75,2,Fresh Starter,Fresh Starter,6.0,1.0,-0.5,1,2,41.62,26.68,1806,144,24,465.92,16568,0.2917
0.7255,37,2,15.69,152.52,1.0,5,Consistent Climber,Consistent Climber,5.43,0.6667,0.5,3,2,38.5,48.78,1807,277,51,800.05,16569,0.0
1.0,24,2,8.95,77.91,0.5833,3,Fresh Starter,Fresh Starter,5.5,1.0,0.0,2,2,16.97,19.93,1808,132,24,214.82,16570,0.25
0.6923,36,2,14.22,159.59,0.7308,3,Flexible Learner,Flexible Learner,4.69,1.0,-0.6667,2,6,10.93,84.33,1809,244,52,739.2,16571,0.2692
0.9318,41,1,11.8,113.35,0.6591,3,Flexible Learner,Flexible Learner,5.25,1.0,-0.75,1,4,10.83,33.35,1810,231,44,519.37,16572,0.2955
0.9286,26,2,15.4,152.82,1.0,2,Deep Focus Learner,Deep Focus Learner,5.29,1.0,-0.5,2,4,25.5,63.83,1811,148,28,431.13,16573,0.1429
0.5556,25,2,12.58,118.36,0.1333,3,Weekend Learner,Weekend Learner,5.42,0.5,0.3333,4,3,42.52,57.37,1812,244,45,566.03,16574,0.9778
0.6842,39,1,14.96,138.02,1.0,5,Consistent Climber,Consistent Climber,5.74,0.5,-0.75,2,8,19.18,115.33,1813,327,57,852.83,16575,0.0
0.6897,20,2,12.27,125.81,0.1379,2,Weekend Learner,Weekend Learner,5.03,1.0,-0.5,2,4,51.35,44.52,1814,146,29,355.93,16576,1.0
0.9143,32,1,11.22,109.7,0.7429,3,Flexible Learner,Flexible Learner,5.11,0.5,-0.3333,2,3,35.12,53.92,1815,179,35,392.72,16577,0.1714
0.7692,20,1,12.55,153.01,0.1154,3,Weekend Learner,Weekend Learner,4.08,1.0,0.0,1,1,13.38,7.67,1816,106,26,326.35,16578,0.9615
0.6216,46,2,9.36,83.58,1.0,5,Consistent Climber,Consistent Climber,5.42,0.5,-0.3333,4,6,33.67,74.12,1817,401,74,692.82,16579,0.0
0.8421,16,0,12.33,102.77,1.0,2,Deep Focus Learner,Deep Focus Learner,6.05,0,0,0,0,0.0,0.0,1818,115,19,234.35,16580,0.3158
0.7857,33,2,10.28,92.29,0.6905,4,Flexible Learner,Flexible Learner,5.4,1.0,-0.5,2,4,18.5,37.12,1819,227,42,431.77,16581,0.2619
0.7407,40,3,15.75,163.03,0.7222,4,Flexible Learner,Flexible Learner,5.15,0.6,0.6667,5,3,53.83,26.05,1820,278,54,850.7,16582,0.2593
0.7907,34,1,12.63,117.78,0.6977,3,Flexible Learner,Flexible Learner,5.44,1.0,-0.6667,1,3,11.87,29.37,1821,234,43,542.9,16583,0.2558
0.8846,23,2,12.58,154.01,1.0,3,Deep Focus Learner,Deep Focus Learner,4.19,1.0,2,2,0,14.52,0.0,1822,109,26,327.1,16584,0.4231
0.75,18,1,10.75,101.28,0.2917,3,Weekend Learner,Weekend Learner,5.25,1.0,0.0,1,1,7.0,7.0,1823,126,24,257.97,16585,0.9583
1.0,12,0,9.35,105.47,0.6667,2,Fresh Starter,Fresh Starter,4.42,0,-1.0,0,1,0.0,6.72,1824,53,12,112.15,16586,0.3333
0.8049,33,2,9.48,85.16,0.7317,5,Flexible Learner,Flexible Learner,5.44,1.0,1.0,2,1,14.6,5.78,1825,223,41,388.6,16587,0.2683
0.74,37,2,11.16,116.82,1.0,4,Consistent Climber,Consistent Climber,4.8,0.5,0.3333,4,3,32.83,58.18,1826,240,50,558.12,16588,0.0
0.8611,31,1,16.15,169.48,1.0,4,Deep Focus Learner,Deep Focus Learner,5.0,1.0,0.0,1,1,8.33,14.02,1827,180,36,581.42,16589,0.3056
0.9143,32,3,17.91,179.43,1.0,3,Deep Focus Learner,Deep Focus Learner,5.34,1.0,2.0,3,1,119.75,8.47,1828,187,35,626.78,16590,0.4286
1.0,19,1,14.95,170.21,0.8421,2,Fresh Starter,Fresh Starter,4.58,1.0,0.0,1,1,3.48,10.0,1829,87,19,284.03,16591,0.3684
0.8788,29,2,18.23,172.48,0.7273,5,Flexible Learner,Flexible Learner,5.58,1.0,-0.6667,2,6,14.63,90.78,1830,184,33,601.5,16592,0.3636
1.0,23,2,17.49,176.29,0.6957,3,Fresh Starter,Fresh Starter,5.3,1.0,-0.3333,2,3,58.67,40.82,1831,122,23,402.32,16593,0.3913
0.8889,16,1,12.55,121.35,1.0,3,Deep Focus Learner,Deep Focus Learner,5.22,1.0,1,1,0,3.28,0.0,1832,94,18,225.85,16594,0.2222
0.8947,34,4,11.04,105.99,0.6842,4,Flexible Learner,Flexible Learner,5.16,0.8,1.5,5,2,33.72,21.12,1833,196,38,419.53,16595,0.2368
0.8438,27,2,9.58,97.15,0.75,2,Flexible Learner,Flexible Learner,4.84,0.6667,0.0,3,3,26.47,28.45,1834,155,32,306.72,16596,0.2812
0.6552,19,1,10.93,137.14,0.2069,2,Weekend Learner,Weekend Learner,3.93,0.3333,0.5,3,2,61.6,16.37,1835,114,29,317.1,16597,1.0
0.8947,17,2,16.08,171.81,1.0,2,Deep Focus Learner,Deep Focus Learner,5.05,0.6667,0.5,3,2,63.9,65.48,1836,96,19,305.58,16598,0.2632
0.9231,24,3,15.97,139.4,1.0,3,Deep Focus Learner,Deep Focus Learner,6.04,0.6,0.25,5,4,112.55,114.43,1837,157,26,415.27,16599,0.2692
1.0,16,3,8.94,81.35,0.625,1,Fresh Starter,Fresh Starter,5.38,1.0,2.0,3,1,27.9,11.52,1838,86,16,142.97,16600,0.5
1.0,14,1,15.17,179.16,0.7143,2,Fresh Starter,Fresh Starter,4.43,1.0,-0.5,1,2,8.47,14.97,1839,62,14,212.43,16601,0.3571
0.6957,16,1,13.38,117.58,0.2174,2,Weekend Learner,Weekend Learner,5.83,1.0,-0.5,1,2,13.45,13.67,1840,134,23,307.73,16602,0.913
0.6667,22,1,13.02,119.55,0.2727,2,Weekend Learner,Weekend Learner,5.55,0.2,5,5,0,118.62,0.0,1841,183,33,429.67,16603,0.9394
0.5333,24,1,11.85,105.25,0.0889,2,Weekend Learner,Weekend Learner,5.58,0.25,0.3333,4,3,37.12,34.87,1842,251,45,533.43,16604,0.9778
1.0,24,1,12.71,125.31,0.75,5,Fresh Starter,Fresh Starter,5.17,1.0,0.0,1,1,8.0,6.97,1843,124,24,305.05,16605,0.2917
0.7069,41,3,13.62,118.88,1.0,4,High Achiever,High Achiever,5.98,0.5,1.0,6,3,68.02,23.42,1844,347,58,789.78,16606,0.1552
0.8,44,2,10.8,97.54,0.7455,6,Flexible Learner,Flexible Learner,5.53,1.0,-0.5,2,4,34.02,55.2,1845,304,55,594.2,16607,0.2182
0.6667,48,5,12.66,118.59,1.0,4,Consistent Climber,Consistent Climber,5.43,0.5556,2.0,9,3,133.67,29.27,1846,391,72,911.43,16608,0.0
1.0,25,0,10.44,101.58,1.0,3,Deep Focus Learner,Deep Focus Learner,5.12,0,0,0,0,0.0,0.0,1847,128,25,261.12,16609,0.28
0.8125,39,4,11.16,107.42,0.7708,4,Flexible Learner,Flexible Learner,5.25,0.6667,0.2,6,5,60.72,58.58,1848,252,48,535.85,16610,0.25
0.875,35,4,11.39,106.2,0.75,4,Flexible Learner,Flexible Learner,5.35,0.5714,1.3333,7,3,63.75,26.25,1849,214,40,455.47,16611,0.25
0.6923,45,2,11.73,107.38,1.0,5,Consistent Climber,Consistent Climber,5.48,1.0,0.0,2,2,23.12,13.28,1850,356,65,762.53,16612,0.0
0.8085,38,4,16.27,161.87,0.7234,4,Flexible Learner,Flexible Learner,5.28,0.8,0.6667,5,3,85.92,20.57,1851,248,47,764.68,16613,0.2128
0.88,22,1,11.25,109.49,1.0,3,Deep Focus Learner,Deep Focus Learner,5.24,1.0,-0.75,1,4,13.52,63.8,1852,131,25,281.15,16614,0.2
0.6667,22,2,14.71,138.19,0.1515,2,Weekend Learner,Weekend Learner,5.67,0.5,0.3333,4,3,91.2,65.42,1853,187,33,485.43,16615,0.9394
0.5952,25,2,15.86,168.86,0.0952,2,Weekend Learner,Weekend Learner,4.95,1.0,-0.3333,2,3,25.17,44.43,1854,208,42,666.27,16616,1.0
0.7455,41,2,13.03,131.39,1.0,3,High Achiever,High Achiever,5.13,0.6667,0.5,3,2,43.83,14.07,1855,282,55,716.43,16617,0.2364
0.8125,26,4,15.93,155.83,0.875,3,Flexible Learner,Flexible Learner,5.5,0.8,1.5,5,2,70.4,24.3,1856,176,32,509.85,16618,0.1562
1.0,21,2,13.26,129.95,0.5714,2,Fresh Starter,Fresh Starter,5.24,1.0,1.0,2,1,39.12,69.18,1857,110,21,278.55,16619,0.2381
1.0,18,1,16.55,171.89,1.0,2,Deep Focus Learner,Deep Focus Learner,5.22,1.0,-0.5,1,2,7.4,57.2,1858,94,18,297.87,16620,0.1667
0.625,40,3,10.22,93.73,1.0,3,Consistent Climber,Consistent Climber,5.34,0.5,2.0,6,2,63.13,18.15,1859,342,64,654.12,16621,0.0
0.7547,40,4,9.94,102.16,0.7547,3,Flexible Learner,Flexible Learner,4.79,0.5714,6.0,7,1,62.58,13.02,1860,254,53,526.8,16622,0.1509
1.0,24,1,19.42,184.8,0.6667,3,Fresh Starter,Fresh Starter,5.71,1.0,-0.5,1,2,10.68,12.23,1861,137,24,466.15,16623,0.2917
0.7333,33,1,13.77,134.2,1.0,4,Consistent Climber,Consistent Climber,5.36,1.0,-0.6667,1,3,7.85,36.42,1862,241,45,619.6,16624,0.0
0.6548,55,5,15.81,141.54,1.0,6,High Achiever,High Achiever,5.87,0.7143,0.0,7,7,182.37,95.13,1863,493,84,1327.67,16625,0.119
0.7,14,0,9.83,97.83,1.0,2,Deep Focus Learner,Deep Focus Learner,4.95,0,-1.0,0,1,0.0,14.25,1864,99,20,196.63,16626,0.15
0.8462,33,2,10.18,93.83,0.6667,6,Flexible Learner,Flexible Learner,5.36,1.0,0.0,2,2,20.77,16.87,1865,209,39,397.12,16627,0.3077
1.0,17,3,8.56,79.01,0.5882,3,Fresh Starter,Fresh Starter,5.12,1.0,2.0,3,1,23.05,10.12,1866,87,17,145.45,16628,0.2941
0.8,36,1,16.22,158.03,1.0,4,Consistent Climber,Consistent Climber,5.51,1.0,-0.6667,1,3,19.68,90.1,1867,248,45,729.73,16629,0.0
0.5676,42,4,11.61,99.26,1.0,5,Consistent Climber,Consistent Climber,5.85,0.6667,0.2,6,5,131.28,39.47,1868,433,74,859.02,16630,0.0
0.6133,46,3,14.98,156.71,1.0,5,Consistent Climber,Consistent Climber,4.97,0.75,-0.5,4,8,50.35,85.27,1869,373,75,1123.23,16631,0.0
1.0,21,1,13.38,149.04,0.8571,2,Fresh Starter,Fresh Starter,4.52,1.0,-0.5,1,2,9.68,36.38,1870,95,21,281.08,16632,0.1429
0.9091,20,1,10.9,99.61,1.0,4,Deep Focus Learner,Deep Focus Learner,5.41,1.0,1,1,0,9.22,0.0,1871,119,22,239.8,16633,0.3182
1.0,16,1,9.2,85.05,0.75,2,Fresh Starter,Fresh Starter,5.31,1.0,0.0,1,1,16.77,8.43,1872,85,16,147.23,16634,0.0
0.7818,43,4,17.56,169.19,0.7091,3,Flexible Learner,Flexible Learner,5.55,1.0,0.3333,4,3,31.52,38.32,1873,305,55,965.88,16635,0.3273
0.84,21,1,16.0,127.9,1.0,2,Deep Focus Learner,Deep Focus Learner,6.52,1.0,0.0,1,1,9.43,8.85,1874,163,25,400.0,16636,0.28
0.5238,22,2,8.48,78.75,0.2857,2,Weekend Learner,Weekend Learner,5.1,0.6667,-0.5,3,6,23.7,43.27,1875,214,42,356.3,16637,0.9762
1.0,21,0,14.58,126.55,0.6667,3,Fresh Starter,Fresh Starter,6.05,0,-1.0,0,1,0.0,7.3,1876,127,21,306.28,16638,0.381
0.6667,52,2,10.0,88.42,1.0,5,Consistent Climber,Consistent Climber,5.5,0.3333,0.2,6,5,52.95,39.42,1877,429,78,779.88,16639,0.0
0.8889,32,2,16.11,168.91,1.0,4,Deep Focus Learner,Deep Focus Learner,5.06,0.6667,-0.5,3,6,77.1,87.38,1878,182,36,579.93,16640,0.1944
1.0,19,2,9.24,81.63,0.7368,2,Fresh Starter,Fresh Starter,5.47,1.0,0.0,2,2,16.93,19.43,1879,104,19,175.57,16641,0.3158
1.0,13,0,11.39,122.18,0.5385,2,Fresh Starter,Fresh Starter,4.77,0,0,0,0,0.0,0.0,1880,62,13,148.03,16642,0.1538
1.0,8,1,10.82,109.18,0.375,1,Fresh Starter,Fresh Starter,4.88,1.0,1,1,0,13.45,0.0,1881,39,8,86.57,16643,0.0
1.0,22,1,10.31,99.66,0.7727,3,Fresh Starter,Fresh Starter,5.09,1.0,1,1,0,8.97,0.0,1882,112,22,226.87,16644,0.3182
0.5541,41,3,11.24,115.62,1.0,5,Consistent Climber,Consistent Climber,4.84,0.4286,0.4,7,5,72.35,38.37,1883,358,74,831.73,16645,0.0
0.7358,39,1,15.75,143.71,1.0,5,Consistent Climber,Consistent Climber,5.81,0.5,-0.5,2,4,17.15,42.77,1884,308,53,835.0,16646,0.0
0.8108,30,1,17.23,196.72,1.0,3,Deep Focus Learner,Deep Focus Learner,4.73,0.5,-0.6,2,5,14.17,80.73,1885,175,37,637.58,16647,0.2162
0.8438,27,1,12.31,103.94,1.0,3,Deep Focus Learner,Deep Focus Learner,6.09,0.5,0.0,2,2,17.28,23.27,1886,195,32,393.9,16648,0.3125
0.8421,16,1,16.57,151.4,1.0,2,Deep Focus Learner,Deep Focus Learner,5.79,1.0,-0.75,1,4,9.5,92.57,1887,110,19,314.78,16649,0.3158
0.9048,19,3,14.57,167.16,1.0,3,Deep Focus Learner,Deep Focus Learner,4.62,1.0,0.0,3,3,70.03,21.75,1888,97,21,306.02,16650,0.381
0.7,49,2,16.24,158.82,1.0,4,Consistent Climber,Consistent Climber,5.37,1.0,-0.5,2,4,38.0,41.07,1889,376,70,1136.83,16651,0.0
0.6875,44,1,11.08,94.92,1.0,5,Consistent Climber,Consistent Climber,5.77,1.0,-0.8571,1,7,8.18,58.92,1890,369,64,709.27,16652,0.0
0.8478,39,2,12.78,128.29,0.6087,3,Flexible Learner,Flexible Learner,5.07,1.0,0.0,2,2,22.53,16.93,1891,233,46,587.7,16653,0.3696
0.625,45,3,14.78,164.35,1.0,5,Consistent Climber,Consistent Climber,4.72,0.75,0.3333,4,3,58.1,16.28,1892,340,72,1063.82,16654,0.0
0.7925,42,3,10.73,113.96,0.8491,5,Flexible Learner,Flexible Learner,4.7,1.0,0.5,3,2,17.38,23.38,1893,249,53,568.45,16655,0.2642
0.6923,18,2,14.62,149.88,0.2692,2,Weekend Learner,Weekend Learner,5.08,0.6667,2.0,3,1,21.48,5.85,1894,132,26,380.02,16656,1.0
0.6981,37,2,14.19,139.35,1.0,4,Consistent Climber,Consistent Climber,5.36,0.5,0.3333,4,3,64.15,22.63,1895,284,53,752.3,16657,0.0
1.0,23,4,12.94,119.05,0.5652,2,Fresh Starter,Fresh Starter,5.57,1.0,3.0,4,1,73.15,9.12,1896,128,23,297.67,16658,0.3913
0.7561,31,0,9.36,90.53,0.7805,5,Flexible Learner,Flexible Learner,4.93,0,-1.0,0,2,0.0,40.87,1897,202,41,383.7,16659,0.4146
1.0,12,1,10.02,102.58,0.75,2,Fresh Starter,Fresh Starter,4.92,1.0,-0.5,1,2,7.28,14.97,1898,59,12,120.18,16660,0.25
0.6267,47,4,10.77,96.1,1.0,5,Consistent Climber,Consistent Climber,5.48,0.3636,1.2,11,5,91.7,40.33,1899,411,75,807.77,16661,0.0
0.8485,28,2,8.24,80.68,0.7273,4,Flexible Learner,Flexible Learner,4.82,0.6667,0.5,3,2,24.42,28.52,1900,159,33,272.0,16662,0.2424
0.6667,48,3,10.98,102.42,1.0,5,Consistent Climber,Consistent Climber,5.39,1.0,-0.5,3,6,32.72,51.18,1901,388,72,790.67,16663,0.0
0.8378,31,5,11.73,107.29,1.0,3,Deep Focus Learner,Deep Focus Learner,5.51,0.8333,5.0,6,1,73.92,12.77,1902,204,37,433.9,16664,0.2703
0.7115,37,1,11.16,100.85,1.0,3,Consistent Climber,Consistent Climber,5.56,0.5,-0.5,2,4,17.93,42.52,1903,289,52,580.57,16665,0.0
0.7917,38,2,9.81,90.67,0.7917,4,Flexible Learner,Flexible Learner,5.29,0.6667,2.0,3,1,21.17,6.07,1904,254,48,470.8,16666,0.1667
1.0,22,1,9.23,79.59,0.6364,2,Fresh Starter,Fresh Starter,5.59,1.0,0.0,1,1,19.9,10.43,1905,123,22,203.15,16667,0.1364
0.8889,24,1,12.66,124.09,1.0,3,Deep Focus Learner,Deep Focus Learner,5.19,1.0,-0.5,1,2,13.57,20.97,1906,140,27,341.92,16668,0.2222
0.8485,28,3,13.98,135.34,1.0,3,Deep Focus Learner,Deep Focus Learner,5.3,0.75,0.3333,4,3,102.48,27.93,1907,175,33,461.48,16669,0.303
0.6727,37,1,11.27,114.93,1.0,4,Consistent Climber,Consistent Climber,4.87,0.3333,2.0,3,1,53.55,11.05,1908,268,55,619.62,16670,0.0
1.0,20,2,8.14,83.62,0.6,2,Fresh Starter,Fresh Starter,4.7,1.0,2,2,0,16.67,0.0,1909,94,20,162.73,16671,0.3
0.5128,20,1,14.5,155.64,0.2564,2,Weekend Learner,Weekend Learner,4.87,0.3333,0.5,3,2,34.28,20.07,1910,190,39,565.65,16672,1.0
0.8163,40,3,10.54,94.56,0.7551,4,Flexible Learner,Flexible Learner,5.45,1.0,-0.25,3,4,29.8,32.2,1911,267,49,516.4,16673,0.3061
1.0,19,1,12.28,115.8,0.7368,2,Fresh Starter,Fresh Starter,5.42,1.0,0.0,1,1,5.6,3.58,1912,103,19,233.27,16674,0.2105
0.7049,43,1,9.76,89.32,1.0,5,Consistent Climber,Consistent Climber,5.41,1.0,-0.8889,1,9,19.52,79.8,1913,330,61,595.63,16675,0.0
0.6875,22,3,13.9,124.57,0.3125,2,Weekend Learner,Weekend Learner,5.81,0.6,4.0,5,1,51.75,73.27,1914,186,32,444.73,16676,0.9062
0.7955,35,3,10.48,105.45,0.75,3,Flexible Learner,Flexible Learner,4.82,0.6,0.25,5,4,93.43,35.05,1915,212,44,461.27,16677,0.4091
0.8889,16,1,15.13,151.13,1.0,3,Deep Focus Learner,Deep Focus Learner,5.28,1.0,0.0,1,1,8.97,58.13,1916,95,18,272.33,16678,0.3333
0.6765,46,3,10.65,85.85,1.0,5,Consistent Climber,Consistent Climber,6.19,0.5,0.5,6,4,70.45,42.83,1917,421,68,724.28,16679,0.0
0.931,27,3,14.23,145.54,0.8276,5,Flexible Learner,Flexible Learner,5.1,1.0,2.0,3,1,45.48,12.17,1918,148,29,412.73,16680,0.2414
1.0,9,1,13.86,118.81,0.7778,1,Fresh Starter,Fresh Starter,6.0,1.0,0.0,1,1,8.08,12.33,1919,54,9,124.78,16681,0.1111
1.0,15,1,9.58,81.14,0.4667,2,Fresh Starter,Fresh Starter,5.6,1.0,-0.5,1,2,7.82,18.5,1920,84,15,143.67,16682,0.4
0.6949,41,0,13.98,147.68,1.0,5,Consistent Climber,Consistent Climber,4.86,0,-1.0,0,3,0.0,78.38,1921,287,59,824.9,16683,0.0
0.8421,16,2,10.66,98.88,1.0,2,Deep Focus Learner,Deep Focus Learner,5.26,0.6667,2.0,3,1,39.95,7.3,1922,100,19,202.55,16684,0.4211
0.5111,23,2,10.71,109.66,0.1556,3,Weekend Learner,Weekend Learner,4.8,0.5,1.0,4,2,37.15,13.73,1923,216,45,482.0,16685,0.9556
0.8788,29,1,11.35,117.86,0.7576,5,Flexible Learner,Flexible Learner,4.91,1.0,-0.8,1,5,8.47,38.53,1924,162,33,374.65,16686,0.2424
0.8,24,4,15.16,151.19,1.0,4,Deep Focus Learner,Deep Focus Learner,5.3,0.8,5,5,0,83.17,0.0,1925,159,30,454.77,16687,0.3333
0.9615,25,4,13.88,159.56,1.0,2,Deep Focus Learner,Deep Focus Learner,4.54,1.0,1.0,4,2,56.88,27.77,1926,118,26,360.95,16688,0.1923
0.8065,25,2,13.68,120.5,0.7097,3,Flexible Learner,Flexible Learner,5.9,1.0,2,2,0,13.15,0.0,1927,183,31,424.08,16689,0.129
0.9333,28,1,12.53,143.54,1.0,4,Deep Focus Learner,Deep Focus Learner,4.47,1.0,-0.5,1,2,5.58,58.38,1928,134,30,375.98,16690,0.1333
0.814,35,2,10.32,104.29,0.7442,3,Flexible Learner,Flexible Learner,4.91,1.0,-0.3333,2,3,17.48,27.92,1929,211,43,443.78,16691,0.1628
0.9688,31,4,11.61,99.48,0.8125,3,Flexible Learner,Flexible Learner,5.78,0.8,1.5,5,2,54.93,13.58,1930,185,32,371.43,16692,0.1875
1.0,21,0,20.59,201.05,0.5714,3,Fresh Starter,Fresh Starter,5.52,0,-1.0,0,3,0.0,94.18,1931,116,21,432.42,16693,0.2857
0.5778,26,2,14.64,141.53,0.3111,2,Weekend Learner,Weekend Learner,5.4,0.5,0.3333,4,3,123.5,50.22,1932,243,45,658.77,16694,0.9556
0.5625,27,1,9.41,90.09,0.2292,2,Weekend Learner,Weekend Learner,5.0,1.0,-0.5,1,2,36.6,20.72,1933,240,48,451.63,16695,0.9792
0.8214,23,1,12.1,110.99,0.8214,2,Flexible Learner,Flexible Learner,5.36,1.0,-0.5,1,2,61.9,16.42,1934,150,28,338.77,16696,0.3571
0.8889,24,2,12.09,119.3,1.0,2,Deep Focus Learner,Deep Focus Learner,5.19,1.0,1.0,2,1,13.23,19.5,1935,140,27,326.53,16697,0.2593
0.8182,45,2,13.99,147.88,0.8727,5,Flexible Learner,Flexible Learner,4.95,0.6667,3,3,0,30.12,0.0,1936,272,55,769.43,16698,0.2
0.5641,44,2,11.71,109.76,1.0,5,Consistent Climber,Consistent Climber,5.36,0.4,-0.2857,5,7,83.33,81.38,1937,418,78,913.72,16699,0.0
0.5556,25,1,15.61,153.7,0.1333,3,Weekend Learner,Weekend Learner,5.4,0.5,-0.5,2,4,16.05,48.0,1938,243,45,702.32,16700,0.9333
0.5333,24,2,12.86,107.85,0.1778,2,Weekend Learner,Weekend Learner,6.09,0.6667,0.5,3,2,70.17,28.13,1939,274,45,578.82,16701,0.9778
1.0,18,0,11.69,141.47,0.5,3,Fresh Starter,Fresh Starter,4.17,0,-1.0,0,1,0.0,9.53,1940,75,18,210.48,16702,0.3889
0.4783,22,2,16.51,160.53,0.3696,2,Weekend Learner,Weekend Learner,5.5,0.4,0.25,5,4,102.13,70.62,1941,253,46,759.62,16703,1.0
0.6786,19,2,12.23,119.89,0.25,2,Weekend Learner,Weekend Learner,5.18,0.6667,0.5,3,2,23.18,17.73,1942,145,28,342.47,16704,0.9286
0.5227,23,2,14.5,161.39,0.1364,2,Weekend Learner,Weekend Learner,4.7,0.25,1.6667,8,3,117.03,26.67,1943,207,44,637.87,16705,1.0
0.8333,20,2,16.02,150.81,1.0,3,Deep Focus Learner,Deep Focus Learner,5.62,0.6667,-0.25,3,4,35.4,128.05,1944,135,24,384.53,16706,0.125
0.5897,23,2,13.19,126.12,0.1795,3,Weekend Learner,Weekend Learner,5.38,0.6667,-0.4,3,5,56.9,71.65,1945,210,39,514.35,16707,0.9744
0.5806,18,1,9.76,79.34,0.2581,2,Weekend Learner,Weekend Learner,5.97,0.3333,0.5,3,2,33.52,15.73,1946,185,31,302.57,16708,1.0
1.0,15,0,15.07,161.95,0.7333,2,Fresh Starter,Fresh Starter,4.87,0,0,0,0,0.0,0.0,1947,73,15,226.08,16709,0.3333
0.6667,40,4,13.21,143.99,1.0,5,Consistent Climber,Consistent Climber,4.77,0.4444,8.0,9,1,112.05,8.52,1948,286,60,792.63,16710,0.0
0.84,21,0,14.98,132.27,1.0,3,Deep Focus Learner,Deep Focus Learner,5.96,0,-1.0,0,2,0.0,44.43,1949,149,25,374.52,16711,0.44
0.8158,31,4,10.99,114.48,0.7895,4,Flexible Learner,Flexible Learner,4.79,0.8,0.6667,5,3,56.68,69.47,1950,182,38,417.52,16712,0.2105
0.8302,44,1,9.16,81.15,0.8302,4,Flexible Learner,Flexible Learner,5.34,1.0,-0.5,1,2,8.52,21.13,1951,283,53,485.57,16713,0.2642
0.6981,37,2,10.75,93.64,1.0,4,Consistent Climber,Consistent Climber,5.75,0.6667,0.0,3,3,24.08,24.77,1952,305,53,569.65,16714,0.0
0.7963,43,4,11.47,105.74,0.7222,5,Flexible Learner,Flexible Learner,5.5,0.6667,0.5,6,4,58.6,35.32,1953,297,54,619.28,16715,0.2593
0.6667,30,1,13.61,120.19,1.0,3,Consistent Climber,Consistent Climber,5.82,0.5,-0.5,2,4,16.25,64.75,1954,262,45,612.47,16716,0.0
0.8276,24,2,13.41,138.28,1.0,4,Deep Focus Learner,Deep Focus Learner,4.97,1.0,0.0,2,2,20.22,22.3,1955,144,29,388.78,16717,0.2759
0.6393,39,4,11.63,114.88,1.0,4,Consistent Climber,Consistent Climber,5.15,0.4444,0.125,9,8,79.77,69.7,1956,314,61,709.53,16718,0.0
0.5476,23,1,12.34,117.44,0.2143,3,Weekend Learner,Weekend Learner,5.43,1.0,-0.8333,1,6,8.95,101.43,1957,228,42,518.45,16719,0.9524
0.8421,32,2,15.1,141.8,1.0,5,Deep Focus Learner,Deep Focus Learner,5.53,0.6667,0.5,3,2,36.12,20.95,1958,210,38,573.93,16720,0.3421
1.0,24,1,12.56,137.67,0.7917,3,Fresh Starter,Fresh Starter,4.71,1.0,0.0,1,1,4.32,9.45,1959,113,24,301.45,16721,0.125
0.6471,44,2,15.01,139.93,1.0,4,Consistent Climber,Consistent Climber,5.62,1.0,-0.7143,2,7,42.02,117.18,1960,382,68,1020.68,16722,0.0
0.8125,39,2,11.32,98.22,0.7917,4,Flexible Learner,Flexible Learner,5.77,0.5,0.3333,4,3,42.37,31.83,1961,277,48,543.23,16723,0.2083
0.7067,53,4,14.52,143.98,1.0,5,Consistent Climber,Consistent Climber,5.31,0.6667,-0.1429,6,7,48.78,71.48,1962,398,75,1089.08,16724,0.0
0.4583,22,1,9.9,100.18,0.1875,2,Weekend Learner,Weekend Learner,4.75,1.0,-0.6667,1,3,24.25,34.45,1963,228,48,475.33,16725,1.0
0.5556,15,2,10.97,122.96,0.2222,2,Weekend Learner,Weekend Learner,4.44,0.6667,3,3,0,31.95,0.0,1964,120,27,296.07,16726,0.963
0.4375,21,1,11.24,116.84,0.1875,2,Weekend Learner,Weekend Learner,4.88,0.3333,-0.4,3,5,50.13,49.12,1965,234,48,539.38,16727,0.9792
0.6286,44,4,11.5,110.44,1.0,5,Consistent Climber,Consistent Climber,5.26,0.6667,0.5,6,4,76.18,33.07,1966,368,70,805.05,16728,0.0
0.6032,38,1,12.98,113.18,1.0,3,Consistent Climber,Consistent Climber,5.89,1.0,-0.8571,1,7,11.12,106.47,1967,371,63,817.8,16729,0.0
0.7586,22,3,11.2,94.37,0.8276,2,Flexible Learner,Flexible Learner,5.93,1.0,0.5,3,2,29.73,20.35,1968,172,29,324.88,16730,0.4483
0.475,19,2,13.82,150.64,0.225,2,Weekend Learner,Weekend Learner,4.8,1.0,0.0,2,2,13.7,40.03,1969,192,40,552.87,16731,0.95
0.5208,25,2,16.01,163.93,0.25,3,Weekend Learner,Weekend Learner,5.17,0.6667,-0.5,3,6,22.68,59.23,1970,248,48,768.28,16732,0.9583
0.6053,46,3,10.61,95.79,1.0,5,Consistent Climber,Consistent Climber,5.53,0.5,-0.25,6,8,101.3,137.23,1971,420,76,806.6,16733,0.0
1.0,21,0,15.22,169.13,0.5714,3,Fresh Starter,Fresh Starter,4.71,0,-1.0,0,1,0.0,6.35,1972,99,21,319.52,16734,0.3333
1.0,21,1,8.26,91.57,0.7619,3,Fresh Starter,Fresh Starter,4.29,1.0,-0.5,1,2,4.0,16.48,1973,90,21,173.4,16735,0.2381
0.8485,28,1,10.7,98.06,1.0,2,Deep Focus Learner,Deep Focus Learner,5.33,1.0,0.0,1,1,12.33,13.35,1974,176,33,353.2,16736,0.303
0.8519,23,1,10.78,97.94,1.0,3,Deep Focus Learner,Deep Focus Learner,5.33,1.0,-0.6667,1,3,9.43,61.53,1975,144,27,290.95,16737,0.1111
0.8378,31,3,9.63,87.85,1.0,4,Deep Focus Learner,Deep Focus Learner,5.3,0.5,0.5,6,4,57.22,55.45,1976,196,37,356.28,16738,0.4054
0.8333,30,0,13.85,126.45,1.0,3,Deep Focus Learner,Deep Focus Learner,5.69,0,-1.0,0,3,0.0,64.4,1977,205,36,498.58,16739,0.3056
0.5455,24,2,22.03,207.45,0.25,2,Weekend Learner,Weekend Learner,5.84,1.0,1.0,2,1,88.9,58.62,1978,257,44,969.32,16740,0.9545
0.8065,25,0,14.5,139.06,0.7419,6,Flexible Learner,Flexible Learner,5.45,0,-1.0,0,1,0.0,10.03,1979,169,31,449.42,16741,0.3226
0.6,51,4,14.44,135.22,1.0,6,High Achiever,High Achiever,5.54,0.3636,-0.1538,11,13,89.57,203.48,1980,471,85,1227.63,16742,0.2
0.9091,20,1,18.39,193.22,1.0,2,Deep Focus Learner,Deep Focus Learner,5.14,1.0,0.0,1,1,9.83,44.8,1981,113,22,404.53,16743,0.2727
0.6667,48,3,15.54,159.91,1.0,5,Consistent Climber,Consistent Climber,5.14,1.0,-0.4,3,5,42.53,86.48,1982,370,72,1118.9,16744,0.0
0.68,17,2,13.48,127.57,0.04,2,Weekend Learner,Weekend Learner,5.48,0.6667,-0.5,3,6,41.37,55.17,1983,137,25,337.07,16745,1.0
0.6,48,3,16.1,165.02,1.0,5,Consistent Climber,Consistent Climber,5.12,0.75,-0.3333,4,6,63.45,37.83,1984,410,80,1288.1,16746,0.0
0.5208,25,1,16.4,164.5,0.2083,2,Weekend Learner,Weekend Learner,5.29,1.0,-0.75,1,4,18.12,54.12,1985,254,48,787.12,16747,0.9792
0.6957,32,2,10.37,87.09,1.0,3,Consistent Climber,Consistent Climber,5.8,1.0,-0.3333,2,3,26.2,32.98,1986,267,46,476.85,16748,0.0
1.0,20,1,10.93,102.91,1.0,2,Deep Focus Learner,Deep Focus Learner,5.25,1.0,0.0,1,1,7.05,14.68,1987,105,20,218.63,16749,0.2
0.8113,43,1,10.76,95.14,0.717,9,Flexible Learner,Flexible Learner,5.58,1.0,0.0,1,1,8.83,12.05,1988,296,53,570.37,16750,0.1887
0.5897,23,2,13.92,132.07,0.1795,2,Weekend Learner,Weekend Learner,5.46,1.0,-0.3333,2,3,17.65,50.55,1989,213,39,542.87,16751,1.0
0.7636,42,4,16.11,177.23,1.0,4,Consistent Climber,Consistent Climber,4.82,1.0,-0.2,4,5,102.03,156.77,1990,265,55,886.2,16752,0.0
0.7547,40,5,11.54,113.93,0.7547,5,Flexible Learner,Flexible Learner,5.11,1.0,4.0,5,1,39.18,7.65,1991,271,53,611.77,16753,0.3019
0.8889,32,3,12.67,126.81,1.0,4,Deep Focus Learner,Deep Focus Learner,5.08,1.0,0.5,3,2,22.12,23.9,1992,183,36,455.97,16754,0.3889
0.625,15,2,12.27,113.5,0.2083,2,Weekend Learner,Weekend Learner,5.46,1.0,2,2,0,27.2,0.0,1993,131,24,294.5,16755,0.9583
0.5,18,2,12.28,126.63,0.1389,2,Weekend Learner,Weekend Learner,4.94,1.0,-0.3333,2,3,10.6,36.47,1994,178,36,442.17,16756,1.0
0.7959,39,2,11.63,118.79,0.7347,3,Flexible Learner,Flexible Learner,4.9,0.6667,0.5,3,2,42.08,15.47,1995,240,49,569.97,16757,0.1837
1.0,16,1,16.28,161.45,0.6875,4,Fresh Starter,Fresh Starter,5.38,1.0,-0.5,1,2,7.2,26.17,1996,86,16,260.48,16758,0.25
0.9412,32,2,22.32,234.11,0.6765,3,Flexible Learner,Flexible Learner,5.26,1.0,1.0,2,1,23.15,7.27,1997,179,34,758.87,16759,0.2353
0.8305,49,3,10.87,106.37,1.0,5,High Achiever,High Achiever,5.12,0.75,-0.3333,4,6,74.73,59.1,1998,302,59,641.27,16760,0.1695
0.8,44,5,11.08,95.33,0.6909,7,Flexible Learner,Flexible Learner,5.85,0.625,3.0,8,2,74.27,17.92,1999,322,55,609.48,16761,0.2182
0.5333,24,2,9.54,91.31,0.0889,2,Weekend Learner,Weekend Learner,5.04,0.5,3.0,4,1,55.0,10.35,2000,227,45,429.18,16762,0.9111
1.0,12,2,10.84,111.72,0.6667,1,Fresh Starter,Fresh Starter,5.0,1.0,1.0,2,1,19.53,13.23,2001,60,12,130.05,16763,0.1667
0.6,36,1,13.69,131.69,1.0,5,Consistent Climber,Consistent Climber,5.43,1.0,-0.8333,1,6,6.17,66.72,2002,326,60,821.5,16764,0.0
1.0,19,1,11.76,112.7,0.6842,2,Fresh Starter,Fresh Starter,5.32,1.0,1,1,0,12.12,0.0,2003,101,19,223.43,16765,0.3158
0.7241,42,1,9.46,85.67,1.0,5,Consistent Climber,Consistent Climber,5.29,1.0,-0.6667,1,3,7.43,26.37,2004,307,58,548.57,16766,0.0
0.8235,42,2,16.67,163.11,0.6275,4,Flexible Learner,Flexible Learner,5.39,1.0,-0.3333,2,3,24.87,36.55,2005,275,51,850.32,16767,0.1765
0.7636,42,2,13.79,148.72,0.7636,9,Flexible Learner,Flexible Learner,4.78,1.0,-0.6667,2,6,18.53,81.02,2006,263,55,758.22,16768,0.3091
0.6164,45,1,14.07,152.79,1.0,6,High Achiever,High Achiever,4.81,1.0,-0.9167,1,12,12.38,128.17,2007,351,73,1027.23,16769,0.1781
1.0,23,1,17.51,166.06,0.6087,3,Fresh Starter,Fresh Starter,5.57,1.0,-0.5,1,2,27.37,11.12,2008,128,23,402.65,16770,0.4348
0.9118,31,2,11.43,104.69,0.8235,4,Flexible Learner,Flexible Learner,5.44,1.0,-0.5,2,4,26.83,33.9,2009,185,34,388.47,16771,0.3235
0.7222,39,3,11.06,91.03,1.0,4,High Achiever,High Achiever,6.06,0.5,-0.25,6,8,57.45,69.18,2010,327,54,597.27,16772,0.2407
0.5823,46,4,10.07,99.41,1.0,4,Consistent Climber,Consistent Climber,5.01,0.8,4.0,5,1,52.13,6.3,2011,396,79,795.63,16773,0.0
0.6349,40,4,12.64,115.87,1.0,4,Consistent Climber,Consistent Climber,5.57,0.5,1.0,8,4,91.48,44.75,2012,351,63,796.37,16774,0.0
0.8049,33,3,9.69,93.97,0.8293,3,Flexible Learner,Flexible Learner,5.12,1.0,3,3,0,27.62,0.0,2013,210,41,397.38,16775,0.2683
0.7018,40,3,13.61,145.35,1.0,5,Consistent Climber,Consistent Climber,4.86,0.5,0.5,6,4,184.45,50.8,2014,277,57,775.77,16776,0.0
0.5417,26,2,14.27,143.97,0.2083,2,Weekend Learner,Weekend Learner,5.17,0.4,1.5,5,2,65.17,41.45,2015,248,48,684.9,16777,0.9792
0.8438,27,1,15.96,147.19,0.7188,3,Flexible Learner,Flexible Learner,5.69,1.0,-0.5,1,2,44.92,15.55,2016,182,32,510.6,16778,0.4062
0.8511,40,5,11.27,112.78,0.766,3,Flexible Learner,Flexible Learner,5.0,1.0,0.0,5,5,48.02,51.75,2017,235,47,529.57,16779,0.383
0.7,35,1,11.73,111.87,0.86,4,Flexible Learner,Flexible Learner,5.3,1.0,-0.8,1,5,9.78,55.02,2018,265,50,586.28,16780,0.32
0.5532,26,2,11.32,97.96,0.1277,3,Weekend Learner,Weekend Learner,5.79,0.5,3.0,4,1,49.02,9.13,2019,272,47,532.22,16781,0.9574
0.8039,41,7,15.3,169.18,0.7451,7,Flexible Learner,Flexible Learner,4.76,1.0,1.3333,7,3,97.63,57.32,2020,243,51,780.37,16782,0.3529
0.7273,16,1,11.16,101.73,0.3182,2,Weekend Learner,Weekend Learner,5.45,0.5,2,2,0,60.03,0.0,2021,120,22,245.58,16783,1.0
0.6567,44,5,13.5,129.97,1.0,5,Consistent Climber,Consistent Climber,5.4,0.7143,0.75,7,4,102.32,39.12,2022,362,67,904.7,16784,0.0
0.7,35,4,16.39,176.02,1.0,4,Consistent Climber,Consistent Climber,4.94,0.5714,0.75,7,4,66.98,45.05,2023,247,50,819.4,16785,0.0
0.7885,41,1,12.29,118.91,0.6538,6,Flexible Learner,Flexible Learner,5.33,0.5,-0.5,2,4,29.48,34.05,2024,277,52,638.92,16786,0.3654
0.8378,31,0,11.56,111.97,0.7027,4,Flexible Learner,Flexible Learner,5.22,0,-1.0,0,4,0.0,33.4,2025,193,37,427.87,16787,0.2162
0.7826,36,3,9.34,86.65,1.0,4,Consistent Climber,Consistent Climber,5.0,0.75,3.0,4,1,52.38,8.03,2026,230,46,429.57,16788,0.0
0.7037,38,2,14.08,134.48,1.0,5,Consistent Climber,Consistent Climber,5.44,1.0,0.0,2,2,26.27,13.98,2027,294,54,760.07,16789,0.0
0.8667,26,0,12.37,113.34,0.8333,3,Flexible Learner,Flexible Learner,5.63,0,-1.0,0,3,0.0,27.73,2028,169,30,371.1,16790,0.2667
0.8485,28,1,10.26,94.02,1.0,5,Deep Focus Learner,Deep Focus Learner,5.36,1.0,-0.8571,1,7,5.52,82.47,2029,177,33,338.7,16791,0.2121
0.6216,46,3,15.5,160.29,1.0,5,Consistent Climber,Consistent Climber,5.15,0.75,-0.3333,4,6,72.98,62.45,2030,381,74,1147.07,16792,0.0
0.9,27,2,16.12,174.37,1.0,3,Deep Focus Learner,Deep Focus Learner,4.9,1.0,-0.5,2,4,21.08,94.27,2031,147,30,483.73,16793,0.2333
1.0,25,2,12.23,139.48,1.0,3,Deep Focus Learner,Deep Focus Learner,4.44,1.0,2,2,0,46.47,0.0,2032,111,25,305.72,16794,0.2
1.0,22,1,12.58,120.2,0.7273,2,Fresh Starter,Fresh Starter,5.32,1.0,0.0,1,1,9.8,8.25,2033,117,22,276.77,16795,0.3182
0.95,38,3,13.2,132.56,0.8,3,Flexible Learner,Flexible Learner,5.22,1.0,0.5,3,2,39.13,49.12,2034,209,40,528.02,16796,0.3
0.8182,27,3,8.99,78.34,1.0,2,Deep Focus Learner,Deep Focus Learner,5.55,1.0,2.0,3,1,23.8,7.27,2035,183,33,296.82,16797,0.2424
0.6742,60,4,9.97,94.58,1.0,6,High Achiever,High Achiever,5.19,0.6667,-0.1429,6,7,44.53,46.35,2036,462,89,887.17,16798,0.191
0.6437,56,4,15.14,152.72,1.0,4,High Achiever,High Achiever,5.22,0.6667,-0.3333,6,9,95.1,104.47,2037,454,87,1316.98,16799,0.1954
0.717,38,1,14.22,141.69,1.0,5,Consistent Climber,Consistent Climber,5.23,1.0,-0.8,1,5,47.4,36.55,2038,277,53,753.67,16800,0.0
0.8148,44,5,12.43,139.85,1.0,5,Consistent Climber,Consistent Climber,4.59,0.8333,0.5,6,4,87.08,53.02,2039,248,54,671.03,16801,0.0
0.575,23,0,11.48,113.61,0.15,3,Weekend Learner,Weekend Learner,5.0,0,-1.0,0,4,0.0,34.97,2040,200,40,459.37,16802,0.95
0.766,36,4,13.41,123.72,0.8511,4,Flexible Learner,Flexible Learner,5.55,0.8,0.6667,5,3,71.05,41.1,2041,261,47,630.25,16803,0.3404
0.5556,40,3,13.49,148.25,1.0,4,Consistent Climber,Consistent Climber,4.72,1.0,-0.5,3,6,54.7,60.93,2042,340,72,971.6,16804,0.0
0.6515,43,3,12.56,120.09,1.0,3,High Achiever,High Achiever,5.3,0.5,0.0,6,6,58.38,49.97,2043,350,66,829.18,16805,0.1667
0.7083,17,1,9.67,95.54,0.125,2,Weekend Learner,Weekend Learner,4.88,1.0,1,1,0,5.48,0.0,2044,117,24,231.98,16806,0.9167
0.8163,40,2,15.99,170.17,0.7143,5,Flexible Learner,Flexible Learner,4.98,0.6667,-0.4,3,5,49.83,80.87,2045,244,49,783.33,16807,0.2857
0.6667,46,4,10.57,98.12,1.0,5,Consistent Climber,Consistent Climber,5.35,0.8,0.25,5,4,45.23,44.92,2046,369,69,729.57,16808,0.0
1.0,20,1,10.88,125.13,0.8,3,Fresh Starter,Fresh Starter,4.3,1.0,0.0,1,1,23.77,8.1,2047,86,20,217.7,16809,0.1
0.6522,45,4,9.74,85.65,1.0,5,Consistent Climber,Consistent Climber,5.54,0.5714,0.75,7,4,64.58,27.6,2048,382,69,672.18,16810,0.0
0.8333,30,1,13.45,127.54,1.0,4,Deep Focus Learner,Deep Focus Learner,5.36,1.0,-0.8333,1,6,10.38,52.47,2049,193,36,484.3,16811,0.25
0.7632,29,2,12.13,140.49,0.7895,3,Flexible Learner,Flexible Learner,4.39,1.0,-0.5,2,4,19.0,43.3,2050,167,38,460.9,16812,0.2895
1.0,12,0,14.72,179.5,0.5833,2,Fresh Starter,Fresh Starter,4.33,0,-1.0,0,1,0.0,14.03,2051,52,12,176.7,16813,0.1667
0.931,27,2,10.2,90.23,1.0,4,Deep Focus Learner,Deep Focus Learner,5.45,0.6667,-0.25,3,4,27.93,35.45,2052,158,29,295.9,16814,0.2414
0.8889,40,3,12.62,115.68,0.7556,6,Flexible Learner,Flexible Learner,5.56,1.0,-0.25,3,4,54.18,68.32,2053,250,45,567.98,16815,0.2889
1.0,22,2,9.12,86.38,0.6364,2,Fresh Starter,Fresh Starter,5.09,1.0,1.0,2,1,26.75,6.88,2054,112,22,200.53,16816,0.2727
0.6494,50,4,13.84,139.34,1.0,5,High Achiever,High Achiever,5.13,0.5,0.0,8,8,90.83,66.25,2055,395,77,1065.6,16817,0.1039
0.6053,46,4,9.91,93.06,1.0,5,Consistent Climber,Consistent Climber,5.17,0.6667,0.0,6,6,50.28,45.87,2056,393,76,753.47,16818,0.0
0.8571,30,1,11.61,96.48,0.7429,2,Flexible Learner,Flexible Learner,6.0,1.0,-0.75,1,4,7.27,36.88,2057,210,35,406.45,16819,0.2857
0.8387,26,1,12.16,131.15,0.7742,3,Flexible Learner,Flexible Learner,4.74,1.0,-0.5,1,2,8.8,23.98,2058,147,31,377.03,16820,0.3226
0.7826,18,1,11.83,132.78,0.2174,2,Weekend Learner,Weekend Learner,4.43,0.5,0.0,2,2,34.62,12.7,2059,102,23,272.0,16821,1.0
0.6197,44,2,13.28,118.93,1.0,5,Consistent Climber,Consistent Climber,5.76,0.6667,0.5,3,2,55.28,16.13,2060,409,71,942.6,16822,0.0
1.0,12,1,10.06,81.33,0.8333,1,Fresh Starter,Fresh Starter,6.0,1.0,0.0,1,1,8.22,11.92,2061,72,12,120.75,16823,0.25
0.6437,56,3,11.07,93.61,1.0,6,High Achiever,High Achiever,5.92,0.6,-0.1667,5,6,54.18,55.08,2062,515,87,962.73,16824,0.1379
1.0,20,1,11.6,99.23,0.6,2,Fresh Starter,Fresh Starter,5.7,1.0,0.0,1,1,23.62,11.35,2063,114,20,231.93,16825,0.2
0.8276,24,1,16.4,156.17,0.7931,3,Flexible Learner,Flexible Learner,5.59,1.0,-0.75,1,4,8.2,37.15,2064,162,29,475.7,16826,0.1724
0.8182,18,2,13.12,121.38,0.0909,2,Weekend Learner,Weekend Learner,5.59,1.0,0.0,2,2,19.17,19.93,2065,123,22,288.58,16827,0.9545
1.0,9,1,9.56,85.04,0.7778,1,Fresh Starter,Fresh Starter,5.44,1.0,0.0,1,1,7.93,13.78,2066,49,9,86.02,16828,0.4444
0.8095,34,4,11.94,121.29,0.7143,3,Flexible Learner,Flexible Learner,4.9,1.0,0.3333,4,3,60.0,23.2,2067,206,42,501.63,16829,0.2619
0.6393,39,1,17.89,187.9,1.0,5,Consistent Climber,Consistent Climber,5.11,1.0,-0.8,1,5,3.92,79.88,2068,312,61,1091.18,16830,0.0
1.0,24,2,10.25,100.24,0.5417,3,Fresh Starter,Fresh Starter,5.0,1.0,2,2,0,20.82,0.0,2069,120,24,246.03,16831,0.0833
0.5972,43,4,14.96,155.21,1.0,5,Consistent Climber,Consistent Climber,5.06,0.6667,-0.25,6,8,144.9,63.58,2070,364,72,1077.28,16832,0.0
1.0,18,2,16.72,172.96,0.7778,3,Fresh Starter,Fresh Starter,5.11,1.0,0.0,2,2,16.08,13.55,2071,92,18,301.02,16833,0.1667
1.0,9,0,12.3,127.59,0.7778,2,Fresh Starter,Fresh Starter,4.89,0,-1.0,0,1,0.0,9.15,2072,44,9,110.73,16834,0.4444
0.878,36,1,10.82,99.57,0.8293,4,Flexible Learner,Flexible Learner,5.29,1.0,-0.5,1,2,9.6,10.82,2073,217,41,443.48,16835,0.2195
0.7414,43,4,12.57,114.1,1.0,5,Consistent Climber,Consistent Climber,5.62,0.8,1.5,5,2,52.08,18.73,2074,326,58,728.85,16836,0.0
0.7447,35,2,11.21,102.63,1.0,3,Consistent Climber,Consistent Climber,5.47,0.5,1.0,4,2,33.47,19.53,2075,257,47,526.92,16837,0.0
0.7778,42,4,13.7,154.46,0.8148,3,Flexible Learner,Flexible Learner,4.59,0.8,-0.1667,5,6,49.77,99.92,2076,248,54,740.03,16838,0.2963
0.6053,46,3,13.91,129.23,1.0,5,Consistent Climber,Consistent Climber,5.54,0.75,0.0,4,4,50.43,55.73,2077,421,76,1057.35,16839,0.0
0.7755,38,5,15.87,148.71,1.0,4,Consistent Climber,Consistent Climber,5.71,0.8333,6,6,0,89.6,0.0,2078,280,49,777.75,16840,0.0
0.8235,28,2,8.59,86.25,1.0,4,Deep Focus Learner,Deep Focus Learner,4.85,1.0,-0.3333,2,3,16.92,17.62,2079,165,34,292.07,16841,0.2059
1.0,24,1,10.75,109.91,0.6667,3,Fresh Starter,Fresh Starter,4.88,1.0,1,1,0,3.73,0.0,2080,117,24,257.98,16842,0.25
0.5857,41,2,9.38,89.49,1.0,5,Consistent Climber,Consistent Climber,4.97,0.6667,0.5,3,2,27.55,17.95,2081,348,70,656.62,16843,0.0
0.5854,24,2,12.3,115.93,0.1707,2,Weekend Learner,Weekend Learner,5.41,0.4,1.5,5,2,70.37,58.85,2082,222,41,504.38,16844,1.0
0.7636,42,2,15.73,146.96,0.6182,5,Flexible Learner,Flexible Learner,5.67,0.6667,-0.5714,3,7,72.12,109.67,2083,312,55,865.32,16845,0.2182
0.8857,31,2,13.25,127.87,0.7714,5,Flexible Learner,Flexible Learner,5.34,0.6667,2.0,3,1,36.92,4.15,2084,187,35,463.58,16846,0.2857
0.8889,32,1,11.77,121.82,1.0,5,Deep Focus Learner,Deep Focus Learner,4.83,1.0,0.0,1,1,10.5,7.57,2085,174,36,423.57,16847,0.1944
0.84,21,2,9.57,93.15,1.0,3,Deep Focus Learner,Deep Focus Learner,5.0,0.6667,3,3,0,32.27,0.0,2086,125,25,239.32,16848,0.28
0.5417,26,2,12.06,112.77,0.3125,3,Weekend Learner,Weekend Learner,5.42,0.6667,-0.5,3,6,34.65,51.5,2087,260,48,579.1,16849,0.9583
1.0,9,1,13.57,169.89,0.7778,1,Fresh Starter,Fresh Starter,4.11,1.0,1,1,0,6.87,0.0,2088,37,9,122.15,16850,0.5556
0.8049,33,2,10.32,101.21,0.7073,4,Flexible Learner,Flexible Learner,5.05,1.0,-0.5,2,4,16.68,32.05,2089,207,41,423.07,16851,0.1707
0.7049,43,2,12.05,112.41,1.0,6,High Achiever,High Achiever,5.46,1.0,-0.3333,2,3,20.73,22.62,2090,333,61,734.98,16852,0.082
1.0,19,1,9.85,92.75,0.6842,2,Fresh Starter,Fresh Starter,5.11,1.0,1,1,0,8.38,0.0,2091,97,19,187.18,16853,0.3684
0.5455,18,1,9.88,86.96,0.2121,2,Weekend Learner,Weekend Learner,5.52,1.0,1,1,0,8.18,0.0,2092,182,33,326.13,16854,1.0
0.6897,40,3,12.88,145.06,1.0,4,Consistent Climber,Consistent Climber,4.59,0.6,-0.1667,5,6,44.23,56.8,2093,266,58,746.85,16855,0.0
0.875,28,0,14.75,151.51,0.6875,5,Flexible Learner,Flexible Learner,5.06,0,-1.0,0,2,0.0,31.77,2094,162,32,472.15,16856,0.4375
0.7547,40,2,11.96,105.11,1.0,4,Consistent Climber,Consistent Climber,5.79,1.0,-0.3333,2,3,19.23,34.73,2095,307,53,634.08,16857,0.0
0.6486,48,2,14.18,138.03,1.0,6,High Achiever,High Achiever,5.41,0.6667,-0.5,3,6,39.08,52.12,2096,400,74,1049.57,16858,0.1216
1.0,14,3,13.29,143.32,0.4286,3,Fresh Starter,Fresh Starter,4.71,1.0,0.5,3,2,40.77,48.25,2097,66,14,186.07,16859,0.3571
0.6575,48,4,13.76,135.2,1.0,6,High Achiever,High Achiever,5.23,0.6667,2.0,6,2,96.42,14.97,2098,382,73,1004.12,16860,0.1918
1.0,8,0,11.1,88.56,0.875,1,Fresh Starter,Fresh Starter,6.25,0,-1.0,0,1,0.0,11.27,2099,50,8,88.78,16861,0.125
0.8261,38,3,9.3,86.09,0.7826,4,Flexible Learner,Flexible Learner,5.2,0.75,-0.2,4,5,37.03,51.92,2100,239,46,427.8,16862,0.2826
0.6447,49,4,10.78,95.33,1.0,5,Consistent Climber,Consistent Climber,5.63,0.8,0.0,5,5,58.57,46.82,2101,428,76,819.37,16863,0.0
1.0,21,2,10.47,91.38,0.619,3,Fresh Starter,Fresh Starter,5.67,1.0,1.0,2,1,11.48,53.95,2102,119,21,219.78,16864,0.2381
0.9,18,3,15.0,145.82,1.0,2,Deep Focus Learner,Deep Focus Learner,5.3,1.0,3,3,0,20.72,0.0,2103,106,20,300.08,16865,0.2
0.9,27,2,14.34,128.21,1.0,3,Deep Focus Learner,Deep Focus Learner,5.9,1.0,0.0,2,2,30.37,36.83,2104,177,30,430.08,16866,0.2333
0.7647,39,1,10.04,82.91,1.0,5,Consistent Climber,Consistent Climber,5.82,0.5,-0.6,2,5,15.52,52.02,2105,297,51,512.22,16867,0.0
0.65,39,3,11.35,106.96,1.0,5,Consistent Climber,Consistent Climber,5.32,1.0,-0.25,3,4,28.57,33.78,2106,319,60,680.95,16868,0.0
0.7931,23,3,12.26,104.03,0.7586,2,Flexible Learner,Flexible Learner,6.0,1.0,0.5,3,2,39.47,20.1,2107,174,29,355.58,16869,0.2414
0.6027,44,2,13.49,136.75,1.0,5,Consistent Climber,Consistent Climber,5.07,0.5,0.3333,4,3,63.73,35.93,2108,370,73,984.77,16870,0.0
0.7119,42,4,11.54,115.86,1.0,4,Consistent Climber,Consistent Climber,4.98,0.4444,2.0,9,3,95.2,26.68,2109,294,59,680.78,16871,0.0
0.6548,55,3,15.54,156.43,1.0,6,High Achiever,High Achiever,5.19,0.75,-0.3333,4,6,92.47,93.27,2110,436,84,1305.77,16872,0.1429
0.6757,50,4,13.48,138.67,1.0,6,High Achiever,High Achiever,4.97,0.8,0.25,5,4,84.27,106.72,2111,368,74,997.42,16873,0.2027
0.6615,43,3,9.92,93.53,1.0,5,Consistent Climber,Consistent Climber,5.28,0.75,1.0,4,2,34.92,19.3,2112,343,65,644.73,16874,0.0
0.6267,47,3,12.97,114.51,1.0,5,Consistent Climber,Consistent Climber,5.91,0.6,0.0,5,5,54.3,41.28,2113,443,75,972.67,16875,0.0
0.5641,22,2,11.14,109.55,0.3333,2,Weekend Learner,Weekend Learner,5.05,0.6667,-0.25,3,4,28.78,68.78,2114,197,39,434.45,16876,0.9487
0.8696,20,1,9.61,88.11,1.0,3,Deep Focus Learner,Deep Focus Learner,5.35,1.0,-0.5,1,2,8.93,20.2,2115,123,23,220.97,16877,0.2609
0.8519,23,2,11.73,127.45,1.0,3,Deep Focus Learner,Deep Focus Learner,4.59,1.0,-0.3333,2,3,31.62,38.33,2116,124,27,316.68,16878,0.2222
0.8667,39,6,13.73,149.11,0.7778,6,Flexible Learner,Flexible Learner,4.8,1.0,1.0,6,3,91.03,29.58,2117,216,45,617.72,16879,0.4222
0.7258,45,3,12.04,133.87,1.0,5,Consistent Climber,Consistent Climber,4.61,0.6,0.25,5,4,74.12,33.93,2118,286,62,746.72,16880,0.0
0.8,28,3,14.33,143.84,0.7429,3,Flexible Learner,Flexible Learner,5.23,1.0,0.0,3,3,46.0,61.83,2119,183,35,501.55,16881,0.2571
0.7273,40,3,15.19,157.03,1.0,5,Consistent Climber,Consistent Climber,5.07,0.75,3.0,4,1,36.17,12.13,2120,279,55,835.5,16882,0.0
0.9167,33,1,8.67,84.01,1.0,3,Deep Focus Learner,Deep Focus Learner,4.81,1.0,-0.8,1,5,6.38,47.93,2121,173,36,312.0,16883,0.25
0.7273,16,2,16.13,177.44,0.2727,2,Weekend Learner,Weekend Learner,4.82,0.5,4,4,0,70.42,0.0,2122,106,22,354.8,16884,0.9545
0.5366,22,2,13.66,144.1,0.1707,3,Weekend Learner,Weekend Learner,4.9,0.5,-0.3333,4,6,36.02,116.95,2123,201,41,560.25,16885,0.9756
0.6216,46,3,12.92,127.44,1.0,5,Consistent Climber,Consistent Climber,5.23,0.5,0.5,6,4,65.08,56.38,2124,387,74,956.32,16886,0.0
0.8421,32,3,9.27,88.76,1.0,3,Deep Focus Learner,Deep Focus Learner,4.97,0.75,1.0,4,2,25.22,15.38,2125,189,38,352.15,16887,0.3421
0.8947,34,1,11.5,102.98,0.8158,4,Flexible Learner,Flexible Learner,5.5,1.0,0.0,1,1,5.87,10.8,2126,209,38,436.88,16888,0.3158
0.8529,29,2,15.61,156.93,1.0,2,Deep Focus Learner,Deep Focus Learner,5.18,1.0,-0.3333,2,3,15.43,69.07,2127,176,34,530.8,16889,0.3235
1.0,14,0,12.36,111.14,1.0,2,Fresh Starter,Fresh Starter,5.64,0,0,0,0,0.0,0.0,2128,79,14,173.07,16890,0.1429
0.6875,22,5,15.88,165.48,0.8438,4,Flexible Learner,Flexible Learner,5.06,0.5556,3.5,9,2,189.93,14.93,2129,162,32,508.13,16891,0.2812
1.0,22,2,12.72,132.12,0.6364,4,Fresh Starter,Fresh Starter,4.91,1.0,1.0,2,1,21.8,28.23,2130,108,22,279.88,16892,0.3636
0.6964,39,3,13.98,146.18,1.0,4,Consistent Climber,Consistent Climber,4.98,0.75,-0.3333,4,6,126.92,71.37,2131,279,56,782.83,16893,0.0
0.6522,15,0,10.08,97.31,0.3043,3,Weekend Learner,Weekend Learner,5.04,0,0,0,0,0.0,0.0,2132,116,23,231.82,16894,0.9565
0.9062,29,2,21.05,196.13,0.7812,3,Flexible Learner,Flexible Learner,5.88,1.0,2,2,0,27.12,0.0,2133,188,32,673.53,16895,0.25
1.0,17,2,15.09,156.67,0.5882,2,Fresh Starter,Fresh Starter,4.94,1.0,0.0,2,2,15.58,14.02,2134,84,17,256.53,16896,0.2941
0.6538,51,4,16.04,148.02,1.0,5,Consistent Climber,Consistent Climber,5.77,0.8,-0.2857,5,7,115.93,73.52,2135,450,78,1251.42,16897,0.0
0.561,23,1,13.75,145.17,0.2927,2,Weekend Learner,Weekend Learner,4.85,1.0,-0.5,1,2,10.62,57.55,2136,199,41,563.77,16898,0.9756
0.6615,43,2,14.08,134.93,1.0,4,Consistent Climber,Consistent Climber,5.38,0.4,0.25,5,4,61.3,34.02,2137,350,65,915.45,16899,0.0
0.9,27,1,12.39,134.73,0.6333,3,Flexible Learner,Flexible Learner,4.67,1.0,-0.6667,1,3,9.88,32.42,2138,140,30,371.78,16900,0.2667
1.0,12,1,16.06,155.14,0.6667,2,Fresh Starter,Fresh Starter,5.5,1.0,1,1,0,8.7,0.0,2139,66,12,192.77,16901,0.3333
0.8095,34,4,14.38,144.95,0.7619,4,Flexible Learner,Flexible Learner,5.14,0.5714,1.3333,7,3,80.93,57.32,2140,216,42,604.17,16902,0.2857
0.8125,26,4,11.36,103.45,1.0,3,Deep Focus Learner,Deep Focus Learner,5.53,1.0,3.0,4,1,42.52,9.35,2141,177,32,363.67,16903,0.3438
0.6792,36,3,13.17,125.45,1.0,4,Consistent Climber,Consistent Climber,5.38,0.75,0.3333,4,3,69.0,79.25,2142,285,53,698.1,16904,0.0
0.6154,48,4,11.06,100.18,1.0,5,Consistent Climber,Consistent Climber,5.5,0.6667,-0.3333,6,9,60.87,75.73,2143,429,78,862.88,16905,0.0
0.6522,15,2,15.34,151.26,0.2174,2,Weekend Learner,Weekend Learner,5.43,0.6667,2.0,3,1,106.95,13.77,2144,125,23,352.93,16906,0.9565
0.6923,18,2,12.82,114.45,0.2308,2,Weekend Learner,Weekend Learner,5.69,0.5,3.0,4,1,64.72,7.8,2145,148,26,333.4,16907,1.0
0.4444,20,2,12.55,140.0,0.1111,2,Weekend Learner,Weekend Learner,4.53,0.3333,1.0,6,3,55.97,22.0,2146,204,45,564.78,16908,1.0
0.8889,16,0,8.5,91.81,1.0,3,Deep Focus Learner,Deep Focus Learner,4.39,0,0,0,0,0.0,0.0,2147,79,18,153.0,16909,0.1111
0.7193,41,3,12.07,138.89,1.0,5,Consistent Climber,Consistent Climber,4.39,0.75,0.3333,4,3,29.33,22.88,2148,250,57,687.85,16910,0.0
0.6104,47,1,13.15,149.76,1.0,5,Consistent Climber,Consistent Climber,4.52,1.0,-0.8571,1,7,9.78,70.12,2149,348,77,1012.27,16911,0.0
0.6809,32,3,14.06,143.07,1.0,3,Consistent Climber,Consistent Climber,5.13,0.6,4.0,5,1,51.22,11.47,2150,241,47,660.85,16912,0.0
1.0,16,0,14.19,148.51,0.75,2,Fresh Starter,Fresh Starter,5.0,0,-1.0,0,1,0.0,20.02,2151,80,16,227.12,16913,0.25
0.7397,54,3,16.05,173.08,1.0,5,High Achiever,High Achiever,4.9,0.6,-0.2857,5,7,84.87,95.12,2152,358,73,1171.72,16914,0.0548
0.7018,40,4,13.72,135.0,1.0,5,Consistent Climber,Consistent Climber,5.21,1.0,0.0,4,4,44.83,42.22,2153,297,57,781.8,16915,0.0
1.0,10,1,16.16,134.98,0.6,1,Fresh Starter,Fresh Starter,6.4,1.0,1,1,0,12.78,0.0,2154,64,10,161.63,16916,0.1
0.8929,25,1,14.13,131.64,0.7143,3,Flexible Learner,Flexible Learner,5.61,1.0,-0.5,1,2,6.68,15.65,2155,157,28,395.57,16917,0.3214
1.0,14,1,20.17,201.37,0.8571,1,Fresh Starter,Fresh Starter,5.43,1.0,0.0,1,1,7.97,67.4,2156,76,14,282.35,16918,0.2857
0.8824,30,1,12.43,113.01,1.0,3,Deep Focus Learner,Deep Focus Learner,5.56,1.0,-0.75,1,4,10.78,47.9,2157,189,34,422.6,16919,0.3529
0.7397,54,5,14.38,155.09,1.0,4,High Achiever,High Achiever,4.82,1.0,0.0,5,5,54.07,77.97,2158,352,73,1049.87,16920,0.2329
0.7174,33,2,10.08,109.75,1.0,4,Consistent Climber,Consistent Climber,4.46,0.6667,0.0,3,3,16.17,30.53,2159,205,46,463.85,16921,0.0
0.7143,20,1,10.46,99.4,0.0714,3,Weekend Learner,Weekend Learner,5.07,1.0,-0.5,1,2,8.82,20.12,2160,142,28,292.88,16922,0.8571
0.6883,53,3,10.17,95.75,1.0,6,High Achiever,High Achiever,5.19,0.75,0.0,4,4,33.23,41.58,2161,400,77,783.22,16923,0.1429
0.7455,41,3,9.74,90.73,1.0,5,Consistent Climber,Consistent Climber,5.18,0.6,4.0,5,1,36.78,9.95,2162,285,55,535.8,16924,0.0
0.8,36,1,9.51,91.34,0.7778,4,Flexible Learner,Flexible Learner,5.04,1.0,-0.5,1,2,43.98,15.45,2163,227,45,427.95,16925,0.2222
1.0,12,0,13.03,122.48,0.9167,2,Fresh Starter,Fresh Starter,5.33,0,-1.0,0,1,0.0,7.83,2164,64,12,156.37,16926,0.25
0.6094,39,1,11.3,97.93,1.0,5,Consistent Climber,Consistent Climber,5.8,1.0,1,1,0,11.18,0.0,2165,371,64,723.28,16927,0.0
1.0,12,0,8.5,82.4,0.6667,2,Fresh Starter,Fresh Starter,5.0,0,-1.0,0,1,0.0,2.88,2166,60,12,102.02,16928,0.4167
0.7872,37,1,17.73,191.98,0.7234,6,Flexible Learner,Flexible Learner,4.91,1.0,0.0,1,1,11.17,16.65,2167,231,47,833.43,16929,0.3191
1.0,9,0,13.42,145.23,0.6667,3,Fresh Starter,Fresh Starter,4.78,0,0,0,0,0.0,0.0,2168,43,9,120.75,16930,0.1111
1.0,14,2,12.41,133.21,0.6429,2,Fresh Starter,Fresh Starter,4.79,1.0,1.0,2,1,21.77,14.05,2169,67,14,173.8,16931,0.1429
0.75,27,3,12.34,119.72,0.6944,2,Flexible Learner,Flexible Learner,5.33,0.75,0.0,4,4,48.12,47.28,2170,192,36,444.13,16932,0.2778
0.7255,37,3,12.39,127.6,1.0,3,Consistent Climber,Consistent Climber,4.96,0.375,3.0,8,2,63.58,20.18,2171,253,51,631.75,16933,0.0
0.6923,45,4,10.73,127.96,1.0,5,Consistent Climber,Consistent Climber,4.14,0.6667,0.5,6,4,78.2,82.42,2172,269,65,697.37,16934,0.0
0.7143,35,1,14.86,151.18,1.0,4,Consistent Climber,Consistent Climber,5.18,1.0,-0.5,1,2,22.07,12.28,2173,254,49,728.22,16935,0.0
0.76,19,1,12.85,116.54,0.12,3,Weekend Learner,Weekend Learner,5.68,1.0,-0.75,1,4,9.6,36.18,2174,142,25,321.35,16936,0.88
0.68,34,2,13.88,149.98,1.0,5,Consistent Climber,Consistent Climber,4.82,0.5,-0.2,4,5,27.53,96.27,2175,241,50,693.83,16937,0.0
0.8529,29,3,9.33,82.73,0.8529,3,Flexible Learner,Flexible Learner,5.41,0.75,0.0,4,4,35.93,54.43,2176,184,34,317.3,16938,0.2059
0.7111,32,2,10.49,118.95,0.6444,3,Flexible Learner,Flexible Learner,4.31,0.5,-0.2,4,5,41.13,55.97,2177,194,45,472.22,16939,0.3778
0.5714,24,2,13.95,131.47,0.1667,4,Weekend Learner,Weekend Learner,5.5,0.6667,2.0,3,1,53.83,12.13,2178,231,42,585.8,16940,0.9524
0.6897,20,1,9.4,96.02,0.2759,2,Weekend Learner,Weekend Learner,4.9,1.0,-0.5,1,2,7.92,19.35,2179,142,29,272.63,16941,0.9655
0.68,17,1,12.39,123.33,0.16,3,Weekend Learner,Weekend Learner,5.0,0.5,1.0,2,1,13.38,10.45,2180,125,25,309.7,16942,0.96
0.7838,29,0,14.95,146.84,1.0,3,Deep Focus Learner,Deep Focus Learner,5.32,0,-1.0,0,2,0.0,38.52,2181,197,37,552.97,16943,0.1622
1.0,14,2,17.2,164.56,0.6429,3,Fresh Starter,Fresh Starter,5.57,1.0,2,2,0,27.78,0.0,2182,78,14,240.8,16944,0.2857
0.5823,46,2,9.86,95.01,1.0,5,Consistent Climber,Consistent Climber,5.04,1.0,-0.75,2,8,15.98,59.15,2183,398,79,778.6,16945,0.0
0.6774,42,3,16.59,172.12,1.0,5,Consistent Climber,Consistent Climber,5.1,0.75,1.0,4,2,80.58,84.63,2184,316,62,1028.53,16946,0.0
1.0,10,0,13.88,132.44,0.7,3,Fresh Starter,Fresh Starter,5.4,0,-1.0,0,1,0.0,28.13,2185,54,10,138.75,16947,0.1
0.7108,59,3,19.4,191.38,1.0,6,High Achiever,High Achiever,5.48,0.75,-0.2,4,5,33.43,92.22,2186,455,83,1610.37,16948,0.0964
0.6667,52,5,12.18,114.24,1.0,5,Consistent Climber,Consistent Climber,5.45,0.8333,-0.4545,6,11,73.03,152.25,2187,425,78,949.98,16949,0.0
0.6269,42,0,14.24,146.62,1.0,5,Consistent Climber,Consistent Climber,5.07,0,-1.0,0,2,0.0,13.42,2188,340,67,954.08,16950,0.0
0.7778,42,1,11.1,102.23,1.0,4,Consistent Climber,Consistent Climber,5.44,1.0,-0.5,1,2,12.57,17.2,2189,294,54,599.63,16951,0.0
1.0,13,1,12.62,125.97,0.6154,1,Fresh Starter,Fresh Starter,5.15,1.0,1,1,0,11.17,0.0,2190,67,13,164.12,16952,0.3077
0.6615,43,2,16.78,172.95,1.0,5,Consistent Climber,Consistent Climber,5.11,0.5,1.0,4,2,78.9,14.83,2191,332,65,1090.68,16953,0.0
0.7586,44,2,12.2,118.31,1.0,5,Consistent Climber,Consistent Climber,5.24,0.6667,-0.4,3,5,32.32,42.38,2192,304,58,707.75,16954,0.0
0.8039,41,3,11.69,105.81,0.7843,5,Flexible Learner,Flexible Learner,5.57,1.0,-0.4,3,5,27.68,88.23,2193,284,51,596.37,16955,0.3333
0.6667,38,2,17.73,172.62,1.0,4,Consistent Climber,Consistent Climber,5.51,1.0,-0.3333,2,3,67.8,17.7,2194,314,57,1010.62,16956,0.0
0.8333,25,4,10.3,99.58,0.9,3,Flexible Learner,Flexible Learner,5.07,0.5714,2.5,7,2,55.08,18.7,2195,152,30,308.92,16957,0.2
0.8387,26,3,12.06,102.15,1.0,3,Deep Focus Learner,Deep Focus Learner,5.84,0.75,0.0,4,4,52.5,29.63,2196,181,31,373.72,16958,0.3226
1.0,23,2,13.73,157.49,0.4783,3,Fresh Starter,Fresh Starter,4.52,1.0,1.0,2,1,68.47,8.13,2197,104,23,315.87,16959,0.2174
0.6133,46,2,12.1,114.28,1.0,5,Consistent Climber,Consistent Climber,5.36,0.3333,1.0,6,3,65.7,41.0,2198,402,75,907.82,16960,0.0
0.7586,44,3,14.17,135.51,1.0,5,Consistent Climber,Consistent Climber,5.43,0.75,-0.2,4,5,32.32,47.07,2199,315,58,821.65,16961,0.0
0.6613,41,1,14.4,151.26,1.0,3,Consistent Climber,Consistent Climber,4.97,0.5,-0.6667,2,6,46.85,142.72,2200,308,62,892.72,16962,0.0
0.6571,46,3,11.24,100.11,1.0,5,Consistent Climber,Consistent Climber,5.5,0.75,-0.5556,4,9,46.18,134.67,2201,385,70,786.62,16963,0.0
0.5532,26,1,16.2,171.51,0.1915,3,Weekend Learner,Weekend Learner,5.0,1.0,-0.6667,1,3,8.18,57.37,2202,235,47,761.23,16964,0.9574
0.8438,27,0,10.78,117.71,0.7812,3,Flexible Learner,Flexible Learner,4.53,0,-1.0,0,3,0.0,21.55,2203,145,32,344.85,16965,0.3438
0.5238,22,1,11.9,109.74,0.119,2,Weekend Learner,Weekend Learner,5.48,0.3333,0.0,3,3,27.87,26.3,2204,230,42,499.93,16966,1.0
0.6087,42,4,17.26,185.95,1.0,4,Consistent Climber,Consistent Climber,4.96,0.5,1.6667,8,3,114.32,101.48,2205,342,69,1191.12,16967,0.0
0.6024,50,5,13.15,131.06,1.0,5,High Achiever,High Achiever,5.19,0.625,0.0,8,8,73.97,102.78,2206,431,83,1091.2,16968,0.1446
0.7097,44,3,12.27,139.58,1.0,5,Consistent Climber,Consistent Climber,4.44,0.75,0.0,4,4,72.32,50.88,2207,275,62,760.82,16969,0.0
0.7042,50,4,15.74,166.38,1.0,5,Consistent Climber,Consistent Climber,4.97,1.0,-0.2,4,5,70.53,103.12,2208,353,71,1117.87,16970,0.0
0.8421,32,1,11.58,108.66,0.8421,4,Flexible Learner,Flexible Learner,5.39,1.0,1,1,0,21.4,0.0,2209,205,38,439.9,16971,0.2632
0.9167,33,1,16.84,193.9,0.7222,3,Flexible Learner,Flexible Learner,4.61,1.0,-0.75,1,4,37.65,96.73,2210,166,36,606.33,16972,0.3056
0.6377,44,5,11.2,100.15,1.0,5,Consistent Climber,Consistent Climber,5.52,0.625,1.6667,8,3,77.73,23.95,2211,381,69,772.62,16973,0.0
0.7692,40,1,12.62,119.03,0.7692,6,Flexible Learner,Flexible Learner,5.37,1.0,-0.5,1,2,12.45,23.6,2212,279,52,656.43,16974,0.2692
0.5641,22,2,13.43,128.51,0.1282,2,Weekend Learner,Weekend Learner,5.44,0.6667,3,3,0,30.3,0.0,2213,212,39,523.92,16975,0.9744
0.9474,18,0,14.41,165.09,1.0,2,Deep Focus Learner,Deep Focus Learner,4.58,0,-1.0,0,1,0.0,9.82,2214,87,19,273.88,16976,0.3158
0.9167,22,2,15.35,146.12,1.0,3,Deep Focus Learner,Deep Focus Learner,5.5,1.0,1.0,2,1,41.37,8.03,2215,132,24,368.32,16977,0.25
0.6471,55,5,11.59,104.53,1.0,6,High Achiever,High Achiever,5.55,1.0,-0.4444,5,9,92.68,102.7,2216,472,85,985.05,16978,0.1882
0.8108,30,1,16.5,168.04,0.6757,3,Flexible Learner,Flexible Learner,5.3,1.0,-0.5,1,2,7.68,21.38,2217,196,37,610.6,16979,0.3514
0.8158,31,3,10.89,111.78,1.0,2,Deep Focus Learner,Deep Focus Learner,4.89,1.0,-0.25,3,4,40.1,70.08,2218,186,38,413.68,16980,0.3158
0.84,21,2,11.23,132.39,1.0,2,Deep Focus Learner,Deep Focus Learner,4.36,1.0,-0.3333,2,3,38.25,28.23,2219,109,25,280.77,16981,0.64
0.9167,22,1,14.25,155.96,1.0,2,Deep Focus Learner,Deep Focus Learner,4.75,0.5,0.0,2,2,14.17,20.72,2220,114,24,342.12,16982,0.2917
0.6522,45,3,15.86,155.12,1.0,5,Consistent Climber,Consistent Climber,5.42,1.0,-0.4,3,5,28.17,77.43,2221,374,69,1094.63,16983,0.0
0.6458,31,2,10.03,95.14,1.0,3,Consistent Climber,Consistent Climber,5.21,1.0,1.0,2,1,9.97,8.17,2222,250,48,481.3,16984,0.0
0.7273,40,2,10.86,101.53,0.7455,3,Flexible Learner,Flexible Learner,5.31,0.5,0.0,4,4,28.45,43.0,2223,292,55,597.57,16985,0.2909
0.7391,34,1,11.68,105.0,0.7174,5,Flexible Learner,Flexible Learner,5.57,1.0,-0.5,1,2,8.4,20.15,2224,256,46,537.35,16986,0.3913
0.9062,29,3,11.46,113.61,0.8125,3,Flexible Learner,Flexible Learner,5.03,1.0,-0.25,3,4,49.6,58.6,2225,161,32,366.78,16987,0.1875
1.0,21,3,12.61,106.17,1.0,3,Deep Focus Learner,Deep Focus Learner,6.14,1.0,3,3,0,29.48,0.0,2226,129,21,264.88,16988,0.2381
0.5972,43,4,14.38,157.82,1.0,5,Consistent Climber,Consistent Climber,4.75,0.5,0.1429,8,7,138.75,101.15,2227,342,72,1035.23,16989,0.0
0.6957,32,3,10.91,112.01,0.6957,4,Flexible Learner,Flexible Learner,4.78,0.75,0.3333,4,3,69.93,27.78,2228,220,46,501.83,16990,0.3043
0.7209,31,0,10.22,93.62,0.8372,3,Flexible Learner,Flexible Learner,5.33,0,-1.0,0,1,0.0,9.78,2229,229,43,439.28,16991,0.1628
0.8974,35,4,17.37,164.99,0.7949,4,Flexible Learner,Flexible Learner,5.72,0.8,0.6667,5,3,73.73,31.57,2230,223,39,677.42,16992,0.3077
0.7736,41,2,10.59,91.71,0.6792,5,Flexible Learner,Flexible Learner,5.74,1.0,-0.3333,2,3,30.15,33.9,2231,304,53,561.27,16993,0.3208
1.0,20,2,14.18,130.28,0.5,3,Fresh Starter,Fresh Starter,5.65,1.0,0.0,2,2,23.03,65.55,2232,113,20,283.63,16994,0.2
0.6061,20,1,12.4,121.4,0.2121,2,Weekend Learner,Weekend Learner,5.24,1.0,-0.5,1,2,6.87,26.72,2233,173,33,409.05,16995,0.9697
0.8621,25,2,9.55,95.79,1.0,6,Deep Focus Learner,Deep Focus Learner,4.86,1.0,-0.5,2,4,13.57,39.68,2234,141,29,277.0,16996,0.3103
0.5676,21,2,8.65,75.56,0.2703,2,Weekend Learner,Weekend Learner,5.32,0.6667,0.5,3,2,34.53,22.12,2235,197,37,319.9,16997,1.0
1.0,19,1,10.4,112.54,0.6842,6,Fresh Starter,Fresh Starter,4.58,1.0,1,1,0,10.52,0.0,2236,87,19,197.6,16998,0.3158
0.6452,40,3,16.25,169.09,1.0,4,Consistent Climber,Consistent Climber,5.1,0.375,0.6,8,5,127.22,57.17,2237,316,62,1007.68,16999,0.0
0.6429,18,1,13.08,123.0,0.2857,2,Weekend Learner,Weekend Learner,5.46,1.0,-0.6667,1,3,9.07,66.62,2238,153,28,366.32,17000,0.9643
0.6753,52,4,11.4,107.3,1.0,5,Consistent Climber,Consistent Climber,5.35,0.5714,-0.3636,7,11,62.55,139.9,2239,412,77,877.95,17001,0.0
0.6667,46,1,9.98,84.19,1.0,6,High Achiever,High Achiever,5.74,1.0,-0.6667,1,3,9.38,30.55,2240,396,69,688.47,17002,0.1739
1.0,19,3,13.49,118.22,0.7368,2,Fresh Starter,Fresh Starter,5.95,1.0,3,3,0,28.07,0.0,2241,113,19,256.25,17003,0.2632
0.6528,47,2,16.2,167.75,1.0,5,Consistent Climber,Consistent Climber,5.1,0.6667,-0.7,3,10,23.35,146.75,2242,367,72,1166.7,17004,0.0
0.5106,24,1,10.73,102.71,0.1064,2,Weekend Learner,Weekend Learner,5.23,1.0,-0.6667,1,3,10.97,27.08,2243,246,47,504.28,17005,0.9787
0.6154,48,1,12.69,122.67,1.0,5,Consistent Climber,Consistent Climber,5.26,0.5,-0.7143,2,7,17.02,109.07,2244,410,78,989.48,17006,0.0
0.6438,47,4,18.92,190.68,1.0,5,Consistent Climber,Consistent Climber,5.36,0.8,0.25,5,4,91.65,79.97,2245,391,73,1380.95,17007,0.0
0.7609,35,1,18.99,177.56,0.7391,4,Flexible Learner,Flexible Learner,5.67,1.0,-0.75,1,4,6.87,77.75,2246,261,46,873.7,17008,0.1739
0.678,40,3,13.06,145.84,1.0,5,Consistent Climber,Consistent Climber,4.58,0.6,-0.1667,5,6,42.5,63.37,2247,270,59,770.28,17009,0.0
0.7895,30,2,17.01,188.63,0.6579,4,Flexible Learner,Flexible Learner,4.82,0.6667,0.0,3,3,31.45,64.17,2248,183,38,646.48,17010,0.2632
0.7826,36,2,12.62,109.67,1.0,5,Consistent Climber,Consistent Climber,5.89,1.0,-0.5,2,4,20.28,32.72,2249,271,46,580.42,17011,0.0
0.6897,20,2,11.27,97.08,0.1724,2,Weekend Learner,Weekend Learner,5.76,0.6667,0.5,3,2,30.75,13.22,2250,167,29,326.78,17012,1.0
0.7119,42,2,15.0,134.14,1.0,6,High Achiever,High Achiever,5.95,0.4,-0.5,5,10,86.17,85.87,2251,351,59,885.23,17013,0.1525
0.525,21,1,15.78,165.45,0.15,2,Weekend Learner,Weekend Learner,5.1,0.5,1.0,2,1,42.37,7.03,2252,204,40,631.0,17014,1.0
1.0,21,1,13.39,162.12,0.5714,3,Fresh Starter,Fresh Starter,4.33,1.0,0.0,1,1,15.0,11.35,2253,91,21,281.17,17015,0.2381
0.4375,21,2,12.03,123.19,0.1875,2,Weekend Learner,Weekend Learner,5.02,0.4,-0.1667,5,6,42.83,73.23,2254,241,48,577.42,17016,1.0
0.661,39,4,15.54,152.73,1.0,4,Consistent Climber,Consistent Climber,5.41,0.8,-0.1667,5,6,77.95,77.75,2255,319,59,917.07,17017,0.0
0.7826,36,2,14.83,138.53,0.6957,4,Flexible Learner,Flexible Learner,5.67,1.0,-0.5,2,4,56.4,39.3,2256,261,46,681.98,17018,0.3043
0.6579,50,4,14.32,129.45,1.0,5,Consistent Climber,Consistent Climber,5.78,1.0,-0.5556,4,9,62.02,145.82,2257,439,76,1088.48,17019,0.0
0.6552,38,3,17.68,187.61,1.0,4,High Achiever,High Achiever,5.05,0.4286,0.4,7,5,124.32,83.2,2258,293,58,1025.6,17020,0.1207
1.0,22,2,8.86,85.75,0.7273,3,Fresh Starter,Fresh Starter,5.0,1.0,1.0,2,1,18.33,6.93,2259,110,22,194.95,17021,0.3182
0.8696,20,1,10.8,101.57,1.0,3,Deep Focus Learner,Deep Focus Learner,5.3,1.0,0.0,1,1,9.88,8.27,2260,122,23,248.3,17022,0.1739
0.9545,21,1,14.81,142.73,1.0,3,Deep Focus Learner,Deep Focus Learner,5.41,1.0,-0.6667,1,3,13.42,82.18,2261,119,22,325.77,17023,0.4545
0.6842,39,2,13.85,162.82,1.0,4,Consistent Climber,Consistent Climber,4.42,1.0,-0.6667,2,6,18.35,54.3,2262,252,57,789.73,17024,0.0
0.8431,43,5,12.32,119.21,0.7255,6,Flexible Learner,Flexible Learner,5.31,0.8333,0.2,6,5,86.88,69.93,2263,271,51,628.4,17025,0.2745
0.8929,25,0,12.73,122.24,1.0,3,Deep Focus Learner,Deep Focus Learner,5.25,0,-1.0,0,3,0.0,71.85,2264,147,28,356.42,17026,0.4286
0.6984,44,3,10.85,95.73,1.0,5,Consistent Climber,Consistent Climber,5.68,0.75,0.3333,4,3,33.73,24.12,2265,358,63,683.28,17027,0.0
0.6852,37,3,10.61,93.14,1.0,5,Consistent Climber,Consistent Climber,5.5,0.5,2.0,6,2,70.78,13.5,2266,297,54,572.92,17028,0.0
0.7069,41,2,11.99,107.46,1.0,3,High Achiever,High Achiever,5.6,0.6667,-0.5,3,6,24.65,56.97,2267,325,58,695.43,17029,0.1552
0.6769,44,4,13.57,143.03,1.0,5,High Achiever,High Achiever,4.86,1.0,-0.2,4,5,34.48,103.58,2268,316,65,881.95,17030,0.0769
0.8667,26,3,11.1,93.28,0.6667,3,Flexible Learner,Flexible Learner,5.9,0.6,0.6667,5,3,51.88,28.8,2269,177,30,333.13,17031,0.2333
0.931,27,1,11.48,99.6,1.0,3,Deep Focus Learner,Deep Focus Learner,5.79,1.0,-0.75,1,4,7.47,48.33,2270,168,29,332.8,17032,0.2759
1.0,18,1,12.98,124.39,1.0,1,Deep Focus Learner,Deep Focus Learner,5.22,1.0,-0.5,1,2,4.77,18.52,2271,94,18,233.68,17033,0.2778
0.75,27,1,10.55,131.89,0.5556,2,Flexible Learner,Flexible Learner,3.92,1.0,-0.6667,1,3,9.78,58.2,2272,141,36,379.77,17034,0.1944
0.6667,20,2,10.55,93.3,0.2,2,Weekend Learner,Weekend Learner,5.67,0.6667,3,3,0,27.12,0.0,2273,170,30,316.42,17035,0.9667
0.9,18,2,9.97,89.52,1.0,2,Deep Focus Learner,Deep Focus Learner,5.45,1.0,2,2,0,16.98,0.0,2274,109,20,199.48,17036,0.25
0.7391,17,2,11.09,119.53,0.1304,2,Weekend Learner,Weekend Learner,4.74,1.0,-0.3333,2,3,68.7,33.98,2275,109,23,255.18,17037,0.9565
0.6667,42,2,11.98,102.15,1.0,5,Consistent Climber,Consistent Climber,5.89,0.4,0.0,5,5,51.22,49.2,2276,371,63,754.7,17038,0.0
0.6308,41,3,10.52,98.66,1.0,4,Consistent Climber,Consistent Climber,5.26,0.75,0.3333,4,3,34.3,26.2,2277,342,65,684.1,17039,0.0
0.9231,36,3,15.19,165.88,0.7179,4,Flexible Learner,Flexible Learner,4.85,1.0,-0.25,3,4,34.47,63.0,2278,189,39,592.45,17040,0.2308
0.96,24,0,13.87,151.41,1.0,3,Deep Focus Learner,Deep Focus Learner,4.68,0,-1.0,0,2,0.0,13.55,2279,117,25,346.73,17041,0.28
0.6622,49,3,10.86,101.36,1.0,6,High Achiever,High Achiever,5.27,0.75,-0.6923,4,13,49.45,99.48,2280,390,74,803.68,17042,0.1757
1.0,13,0,8.16,81.9,0.5385,3,Fresh Starter,Fresh Starter,4.69,0,-1.0,0,4,0.0,31.9,2281,61,13,106.1,17043,0.6154
0.8571,24,2,12.14,112.43,1.0,3,Deep Focus Learner,Deep Focus Learner,5.43,1.0,-0.3333,2,3,10.43,32.17,2282,152,28,339.88,17044,0.4286
0.92,23,3,21.89,222.76,1.0,3,Deep Focus Learner,Deep Focus Learner,5.44,1.0,2.0,3,1,83.95,4.87,2283,136,25,547.35,17045,0.24
0.8636,19,0,8.87,86.6,1.0,3,Deep Focus Learner,Deep Focus Learner,4.91,0,-1.0,0,4,0.0,36.27,2284,108,22,195.03,17046,0.2727
1.0,20,3,22.27,199.44,0.6,3,Fresh Starter,Fresh Starter,6.15,1.0,2.0,3,1,55.23,58.08,2285,123,20,445.37,17047,0.35
0.5625,27,2,16.84,167.42,0.3333,3,Weekend Learner,Weekend Learner,5.35,0.6667,-0.5714,3,7,57.9,184.85,2286,257,48,808.25,17048,0.9583
0.9333,28,3,10.58,93.32,0.6,2,Flexible Learner,Flexible Learner,5.57,0.75,3.0,4,1,33.78,6.63,2287,167,30,317.27,17049,0.3
0.5,19,1,15.51,173.69,0.2368,2,Weekend Learner,Weekend Learner,4.82,1.0,-0.8,1,5,9.82,55.67,2288,183,38,589.2,17050,0.9737
0.74,37,3,10.34,98.32,0.7,5,Flexible Learner,Flexible Learner,5.2,0.5,5.0,6,1,58.53,15.77,2289,260,50,516.95,17051,0.28
1.0,19,2,10.79,91.37,0.6842,2,Fresh Starter,Fresh Starter,5.79,1.0,0.0,2,2,19.0,19.43,2290,110,19,204.93,17052,0.2105
0.5714,20,2,8.96,85.11,0.2571,2,Weekend Learner,Weekend Learner,4.91,0.5,3.0,4,1,29.58,10.83,2291,172,35,313.62,17053,1.0
0.6615,43,2,13.14,124.48,1.0,5,High Achiever,High Achiever,5.38,0.4,-0.2857,5,7,51.68,68.32,2292,350,65,854.28,17054,0.1231
1.0,20,2,9.33,94.75,0.55,2,Fresh Starter,Fresh Starter,4.75,1.0,1.0,2,1,19.57,13.13,2293,95,20,186.55,17055,0.2
0.6833,41,3,12.01,133.08,1.0,5,Consistent Climber,Consistent Climber,4.53,0.3333,3.5,9,2,176.2,15.92,2294,272,60,720.85,17056,0.0
0.875,35,2,11.4,105.36,0.8,4,Flexible Learner,Flexible Learner,5.53,0.6667,0.5,3,2,65.62,19.7,2295,221,40,455.98,17057,0.35
0.5128,20,2,12.56,117.6,0.2308,2,Weekend Learner,Weekend Learner,5.46,1.0,2,2,0,23.83,0.0,2296,213,39,490.0,17058,0.9744
0.871,27,3,13.09,131.93,0.8065,2,Flexible Learner,Flexible Learner,5.16,1.0,3,3,0,91.23,0.0,2297,160,31,405.77,17059,0.2258
0.5208,25,2,12.17,142.96,0.2292,2,Weekend Learner,Weekend Learner,4.27,0.5,0.3333,4,3,105.02,44.12,2298,205,48,584.1,17060,0.9792
0.7234,34,1,11.95,111.9,1.0,3,Consistent Climber,Consistent Climber,5.36,0.5,-0.3333,2,3,16.72,24.12,2299,252,47,561.72,17061,0.0
0.9091,30,1,12.31,112.52,1.0,3,Deep Focus Learner,Deep Focus Learner,5.55,1.0,0.0,1,1,8.48,28.78,2300,183,33,406.32,17062,0.2727
0.6939,34,2,13.47,138.48,1.0,5,Consistent Climber,Consistent Climber,5.02,0.6667,2.0,3,1,49.47,8.0,2301,246,49,660.13,17063,0.0
0.5455,24,2,17.12,178.96,0.2727,2,Weekend Learner,Weekend Learner,5.18,0.4,0.6667,5,3,128.33,23.13,2302,228,44,753.4,17064,1.0
0.64,16,1,14.22,142.49,0.12,2,Weekend Learner,Weekend Learner,5.16,1.0,-0.5,1,2,26.77,75.38,2303,129,25,355.48,17065,0.96
1.0,11,0,10.85,108.76,0.5455,2,Fresh Starter,Fresh Starter,5.0,0,-1.0,0,2,0.0,14.53,2304,55,11,119.33,17066,0.1818
0.68,34,2,10.88,97.05,1.0,2,High Achiever,High Achiever,5.56,0.3333,1.0,6,3,55.2,72.18,2305,278,50,544.17,17067,0.04
0.9444,34,2,9.63,80.33,0.8056,5,Flexible Learner,Flexible Learner,5.72,1.0,0.0,2,2,13.05,23.17,2306,206,36,346.58,17068,0.2778
0.7143,20,1,16.57,155.63,0.25,2,Weekend Learner,Weekend Learner,5.57,0.5,0.0,2,2,75.93,29.25,2307,156,28,463.88,17069,0.9643
0.6,15,0,15.91,133.58,0.16,2,Weekend Learner,Weekend Learner,6.24,0,-1.0,0,1,0.0,9.67,2308,156,25,397.82,17070,0.96
0.6949,41,4,16.09,153.68,1.0,4,High Achiever,High Achiever,5.54,0.5714,0.75,7,4,121.3,100.68,2309,327,59,949.05,17071,0.1186
0.9545,21,2,14.27,150.35,1.0,2,Deep Focus Learner,Deep Focus Learner,5.0,1.0,0.0,2,2,17.1,17.13,2310,110,22,313.97,17072,0.2727
0.75,36,1,8.95,78.79,1.0,5,Consistent Climber,Consistent Climber,5.33,1.0,-0.8333,1,6,9.33,48.25,2311,256,48,429.77,17073,0.0
0.6494,50,4,13.47,142.56,1.0,5,Consistent Climber,Consistent Climber,4.9,1.0,-0.2,4,5,33.6,46.15,2312,377,77,1037.35,17074,0.0
0.814,35,7,12.35,108.98,0.7674,8,Flexible Learner,Flexible Learner,5.67,0.875,0.3333,8,6,94.68,147.5,2313,244,43,531.1,17075,0.2326
0.8293,34,1,13.94,157.57,0.6585,4,Flexible Learner,Flexible Learner,4.56,1.0,-0.5,1,2,7.5,46.82,2314,187,41,571.38,17076,0.2195
0.6571,46,2,11.76,111.24,1.0,5,Consistent Climber,Consistent Climber,5.34,1.0,-0.6,2,5,34.08,71.63,2315,374,70,823.52,17077,0.0
0.661,39,3,18.23,178.25,1.0,5,Consistent Climber,Consistent Climber,5.49,0.75,-0.2,4,5,37.13,103.82,2316,324,59,1075.78,17078,0.0
0.4348,20,0,9.49,84.91,0.2174,2,Weekend Learner,Weekend Learner,5.3,0,-1.0,0,4,0.0,26.02,2317,244,46,436.73,17079,1.0
0.9048,19,2,13.56,125.75,1.0,3,Deep Focus Learner,Deep Focus Learner,5.52,0.6667,3,3,0,37.12,0.0,2318,116,21,284.7,17080,0.3333
0.8846,23,0,10.25,94.93,1.0,2,Deep Focus Learner,Deep Focus Learner,5.27,0,-1.0,0,1,0.0,12.18,2319,137,26,266.6,17081,0.1923
0.7292,35,2,9.91,88.19,1.0,4,Consistent Climber,Consistent Climber,5.48,0.5,-0.2,4,5,39.12,37.45,2320,263,48,475.58,17082,0.0
0.8542,41,3,13.0,146.57,0.6875,4,Flexible Learner,Flexible Learner,4.5,1.0,0.0,3,3,42.68,31.98,2321,216,48,624.22,17083,0.2292
0.6333,19,1,9.94,91.44,0.1333,2,Weekend Learner,Weekend Learner,5.33,1.0,-0.8,1,5,10.97,41.25,2322,160,30,298.17,17084,1.0
0.766,36,1,9.64,96.05,1.0,3,Consistent Climber,Consistent Climber,4.89,1.0,-0.8,1,5,12.9,53.65,2323,230,47,453.23,17085,0.0
0.9474,18,2,11.99,124.17,1.0,2,Deep Focus Learner,Deep Focus Learner,4.89,1.0,2,2,0,65.13,0.0,2324,93,19,227.83,17086,0.4211
0.96,24,4,10.45,94.08,1.0,2,Deep Focus Learner,Deep Focus Learner,5.56,0.8,0.6667,5,3,70.58,24.42,2325,139,25,261.13,17087,0.28
0.6667,38,2,11.36,105.67,1.0,5,Consistent Climber,Consistent Climber,5.42,1.0,-0.6,2,5,17.93,78.13,2326,309,57,647.58,17088,0.0
0.7879,26,1,9.7,117.61,1.0,3,Deep Focus Learner,Deep Focus Learner,3.94,0.5,-0.3333,2,3,19.87,18.12,2327,130,33,320.13,17089,0.2727
0.8261,38,2,12.89,121.49,0.8478,4,Flexible Learner,Flexible Learner,5.41,0.6667,0.0,3,3,28.1,38.92,2328,249,46,592.87,17090,0.2391
0.6471,22,2,13.57,166.31,0.1471,2,Weekend Learner,Weekend Learner,4.26,1.0,1.0,2,1,12.85,16.15,2329,145,34,461.38,17091,0.9412
0.8621,25,1,13.53,145.24,1.0,2,Deep Focus Learner,Deep Focus Learner,4.83,1.0,-0.6667,1,3,5.15,56.65,2330,140,29,392.32,17092,0.3793
0.6508,41,3,14.07,142.36,1.0,4,Consistent Climber,Consistent Climber,5.17,1.0,2.0,3,1,53.08,8.93,2331,326,63,886.25,17093,0.0
0.6885,42,2,11.21,105.0,1.0,3,Consistent Climber,Consistent Climber,5.34,0.5,-0.4286,4,7,39.55,71.83,2332,326,61,683.58,17094,0.0
0.8824,30,3,17.06,169.09,0.8529,4,Flexible Learner,Flexible Learner,5.35,1.0,0.5,3,2,30.47,14.92,2333,182,34,580.08,17095,0.2353
0.75,36,4,14.27,144.39,0.75,11,Flexible Learner,Flexible Learner,5.17,0.6667,0.2,6,5,70.7,46.92,2334,248,48,685.13,17096,0.3542
0.8462,33,2,11.99,109.8,0.7436,4,Flexible Learner,Flexible Learner,5.51,1.0,-0.5,2,4,19.02,54.1,2335,215,39,467.42,17097,0.359
1.0,12,0,12.35,106.88,0.6667,1,Fresh Starter,Fresh Starter,6.08,0,0,0,0,0.0,0.0,2336,73,12,148.18,17098,0.25
1.0,19,2,14.33,156.28,0.5263,2,Fresh Starter,Fresh Starter,4.84,1.0,0.0,2,2,25.78,21.2,2337,92,19,272.28,17099,0.3684
0.8889,16,1,8.66,83.52,1.0,2,Deep Focus Learner,Deep Focus Learner,5.06,1.0,-0.5,1,2,9.95,13.13,2338,91,18,155.97,17100,0.1111
0.7647,39,3,12.87,119.45,1.0,4,Consistent Climber,Consistent Climber,5.53,1.0,-0.5,3,6,39.8,78.0,2339,282,51,656.28,17101,0.0
0.8039,41,2,17.26,175.32,0.6471,6,Flexible Learner,Flexible Learner,5.25,1.0,-0.6,2,5,112.85,110.72,2340,268,51,880.25,17102,0.2353
0.9,27,4,13.38,130.9,0.8667,3,Flexible Learner,Flexible Learner,5.17,1.0,1.0,4,2,37.9,23.6,2341,155,30,401.43,17103,0.1667
0.6197,44,3,10.95,104.48,1.0,4,Consistent Climber,Consistent Climber,5.25,0.6,0.25,5,4,57.65,42.08,2342,373,71,777.28,17104,0.0
0.6522,45,2,10.0,99.41,1.0,4,Consistent Climber,Consistent Climber,4.94,1.0,-0.3333,2,3,39.35,26.45,2343,341,69,689.92,17105,0.0
0.8571,24,2,16.07,140.63,1.0,4,Deep Focus Learner,Deep Focus Learner,6.0,0.5,1.0,4,2,28.77,15.72,2344,168,28,450.1,17106,0.2143
0.5946,44,3,10.49,94.17,1.0,4,High Achiever,High Achiever,5.42,0.75,0.3333,4,3,34.97,25.33,2345,401,74,776.2,17107,0.1351
0.4889,22,2,19.1,210.51,0.2444,2,Weekend Learner,Weekend Learner,4.93,0.6667,-0.4,3,5,21.07,91.55,2346,222,45,859.33,17108,1.0
0.5625,27,2,11.53,102.12,0.2292,3,Weekend Learner,Weekend Learner,5.67,0.5,1.0,4,2,40.48,21.3,2347,272,48,553.5,17109,0.9792
0.7636,42,3,15.26,150.87,0.6909,5,Flexible Learner,Flexible Learner,5.27,1.0,-0.25,3,4,33.18,82.2,2348,290,55,839.12,17110,0.3455
1.0,15,2,11.17,95.23,0.6,2,Fresh Starter,Fresh Starter,5.8,1.0,1.0,2,1,32.52,8.0,2349,87,15,167.58,17111,0.3333
0.6897,20,0,11.76,121.06,0.2414,3,Weekend Learner,Weekend Learner,4.9,0,0,0,0,0.0,0.0,2350,142,29,340.93,17112,0.9655
0.92,23,1,11.68,108.95,1.0,3,Deep Focus Learner,Deep Focus Learner,5.44,1.0,-0.6667,1,3,7.37,25.73,2351,136,25,291.92,17113,0.16
0.6667,38,1,9.39,83.53,1.0,3,Consistent Climber,Consistent Climber,5.32,0.5,-0.5,2,4,18.75,42.53,2352,303,57,535.05,17114,0.0
1.0,18,1,10.42,94.28,0.7778,3,Fresh Starter,Fresh Starter,5.39,1.0,-0.6667,1,3,8.4,23.8,2353,97,18,187.5,17115,0.3889
0.5769,15,1,11.57,104.21,0.3077,2,Weekend Learner,Weekend Learner,5.62,1.0,-0.75,1,4,8.42,34.43,2354,146,26,300.9,17116,1.0
0.78,39,3,15.96,159.97,1.0,6,High Achiever,High Achiever,5.32,0.6,0.6667,5,3,49.57,75.43,2355,266,50,797.98,17117,0.18
1.0,15,0,14.48,149.91,0.8667,2,Fresh Starter,Fresh Starter,5.0,0,0,0,0,0.0,0.0,2356,75,15,217.25,17118,0.2667
0.7273,48,3,11.82,103.12,1.0,5,Consistent Climber,Consistent Climber,5.77,0.75,0.3333,4,3,33.5,59.52,2357,381,66,779.87,17119,0.0
0.6522,45,5,11.99,110.89,1.0,5,Consistent Climber,Consistent Climber,5.39,0.8333,-0.1429,6,7,59.33,47.23,2358,372,69,827.63,17120,0.0
0.7407,40,2,11.33,93.53,1.0,5,High Achiever,High Achiever,6.11,1.0,-0.3333,2,3,23.58,29.9,2359,330,54,611.77,17121,0.1481
0.6154,24,2,10.33,93.78,0.3077,2,Weekend Learner,Weekend Learner,5.46,0.5,0.0,4,4,59.97,34.58,2360,213,39,402.85,17122,0.9487
0.6491,37,1,9.94,91.23,1.0,3,Consistent Climber,Consistent Climber,5.39,1.0,-0.6667,1,3,4.15,41.8,2361,307,57,566.78,17123,0.0
1.0,18,1,9.95,104.05,0.6667,2,Fresh Starter,Fresh Starter,4.78,1.0,-0.5,1,2,9.12,8.17,2362,86,18,179.17,17124,0.1667
0.8929,25,1,17.46,167.2,0.7857,3,Flexible Learner,Flexible Learner,5.61,1.0,-0.5,1,2,6.83,28.9,2363,157,28,488.87,17125,0.25
0.9143,32,1,10.3,87.72,0.6857,3,Flexible Learner,Flexible Learner,5.69,1.0,0.0,1,1,2.35,6.77,2364,199,35,360.58,17126,0.3429
0.7963,43,2,14.86,147.37,0.7778,7,Flexible Learner,Flexible Learner,5.26,1.0,-0.3333,2,3,20.95,39.68,2365,284,54,802.65,17127,0.2963
0.8611,31,2,12.9,121.29,1.0,2,Deep Focus Learner,Deep Focus Learner,5.39,1.0,-0.6,2,5,44.4,47.37,2366,194,36,464.43,17128,0.25
0.6538,51,4,13.18,131.91,1.0,5,Consistent Climber,Consistent Climber,5.18,0.6667,0.0,6,6,57.62,162.85,2367,404,78,1028.25,17129,0.0
0.8889,16,0,10.9,90.14,1.0,2,Deep Focus Learner,Deep Focus Learner,5.94,0,-1.0,0,2,0.0,16.07,2368,107,18,196.2,17130,0.3333
0.55,22,2,11.9,96.79,0.225,2,Weekend Learner,Weekend Learner,6.12,1.0,-0.5,2,4,23.7,46.37,2369,245,40,476.03,17131,1.0
0.7174,33,3,12.99,111.03,1.0,3,Consistent Climber,Consistent Climber,5.96,1.0,2.0,3,1,27.82,10.7,2370,274,46,597.57,17132,0.0
0.7143,40,3,9.91,89.11,1.0,6,High Achiever,High Achiever,5.41,1.0,0.5,3,2,23.83,21.37,2371,303,56,554.88,17133,0.1071
0.75,39,3,15.7,162.15,1.0,5,Consistent Climber,Consistent Climber,5.1,0.5,0.0,6,6,50.02,79.87,2372,265,52,816.2,17134,0.0
0.55,22,1,11.13,104.66,0.275,2,Weekend Learner,Weekend Learner,5.22,0.3333,-0.4,3,5,25.97,69.82,2373,209,40,445.25,17135,0.975
0.9394,31,3,12.78,137.96,1.0,2,Deep Focus Learner,Deep Focus Learner,4.67,0.75,1.0,4,2,60.45,11.38,2374,154,33,421.8,17136,0.2121
0.6197,44,3,15.83,165.76,1.0,5,Consistent Climber,Consistent Climber,5.07,1.0,-0.5714,3,7,39.35,101.9,2375,360,71,1124.03,17137,0.0
1.0,11,1,9.37,78.6,0.3636,2,Fresh Starter,Fresh Starter,5.73,1.0,0.0,1,1,8.13,10.93,2376,63,11,103.08,17138,0.3636
0.7119,42,2,12.13,106.14,1.0,3,Consistent Climber,Consistent Climber,5.86,0.6667,0.5,3,2,83.55,56.82,2377,346,59,715.73,17139,0.0
0.8649,32,1,9.93,96.86,1.0,3,Deep Focus Learner,Deep Focus Learner,5.16,1.0,-0.5,1,2,11.65,14.9,2378,191,37,367.33,17140,0.3243
0.9667,29,2,10.64,98.03,0.7667,4,Flexible Learner,Flexible Learner,5.47,1.0,1.0,2,1,12.32,10.47,2379,164,30,319.08,17141,0.2333
0.8462,33,1,18.41,190.14,0.7436,4,Flexible Learner,Flexible Learner,5.23,0.5,-0.5,2,4,38.87,33.73,2380,204,39,718.03,17142,0.1795
0.6154,48,4,16.85,154.1,1.0,5,High Achiever,High Achiever,5.86,0.5714,2.5,7,2,114.65,20.57,2381,457,78,1314.68,17143,0.1154
0.5652,39,2,13.02,114.84,1.0,4,Consistent Climber,Consistent Climber,5.8,0.5,-0.3333,4,6,48.55,83.68,2382,400,69,898.5,17144,0.0
0.6216,46,3,12.39,141.62,1.0,5,Consistent Climber,Consistent Climber,4.39,0.75,-0.3333,4,6,32.27,56.13,2383,325,74,917.03,17145,0.0
0.6579,50,4,14.31,156.8,1.0,5,Consistent Climber,Consistent Climber,4.75,0.6667,-0.25,6,8,69.55,62.32,2384,361,76,1087.45,17146,0.0
0.95,19,1,11.25,106.33,1.0,2,Deep Focus Learner,Deep Focus Learner,5.25,1.0,-0.6667,1,3,9.73,24.83,2385,105,20,225.03,17147,0.3
0.8421,32,1,9.13,82.61,1.0,4,Deep Focus Learner,Deep Focus Learner,5.16,1.0,-0.5,1,2,7.13,15.33,2386,196,38,346.88,17148,0.2368
0.4783,22,1,11.57,125.19,0.1957,2,Weekend Learner,Weekend Learner,4.65,0.3333,3,3,0,23.37,0.0,2387,214,46,532.0,17149,1.0
0.8333,35,2,10.53,105.17,0.7619,3,Flexible Learner,Flexible Learner,4.93,0.6667,0.0,3,3,35.42,29.12,2388,207,42,442.4,17150,0.3333
0.6528,47,4,10.81,102.95,1.0,5,Consistent Climber,Consistent Climber,5.21,0.5714,0.75,7,4,115.05,40.88,2389,375,72,778.27,17151,0.0
0.9474,18,1,9.3,82.64,1.0,2,Deep Focus Learner,Deep Focus Learner,5.42,0.5,2,2,0,27.85,0.0,2390,103,19,176.67,17152,0.1053
0.8077,21,1,10.41,96.95,1.0,3,Deep Focus Learner,Deep Focus Learner,5.27,1.0,-0.75,1,4,5.97,35.92,2391,137,26,270.73,17153,0.2692
1.0,24,1,8.95,83.12,0.6667,4,Fresh Starter,Fresh Starter,5.04,1.0,0.0,1,1,10.0,3.95,2392,121,24,214.73,17154,0.375
0.5116,22,2,12.47,127.05,0.2326,2,Weekend Learner,Weekend Learner,5.0,0.5,-0.2,4,5,53.93,47.32,2393,215,43,536.3,17155,1.0
1.0,10,0,18.73,182.33,0.5,2,Fresh Starter,Fresh Starter,5.5,0,0,0,0,0.0,0.0,2394,55,10,187.28,17156,0.1
0.8276,24,1,10.3,98.78,1.0,2,Deep Focus Learner,Deep Focus Learner,5.1,1.0,-0.75,1,4,47.1,44.95,2395,148,29,298.72,17157,0.2069
0.8235,42,2,9.87,88.93,0.6078,4,Flexible Learner,Flexible Learner,5.37,0.6667,3,3,0,31.15,0.0,2396,274,51,503.2,17158,0.4314
0.8421,32,2,10.45,94.61,0.7632,4,Flexible Learner,Flexible Learner,5.37,1.0,-0.3333,2,3,35.67,27.4,2397,204,38,397.27,17159,0.2632
0.7681,53,5,10.71,96.03,1.0,5,Consistent Climber,Consistent Climber,5.46,0.7143,0.1667,7,6,72.98,68.65,2398,377,69,738.95,17160,0.0
1.0,19,1,14.04,138.09,0.7368,4,Fresh Starter,Fresh Starter,5.37,1.0,-0.5,1,2,9.43,18.85,2399,102,19,266.83,17161,0.2632
0.5455,18,1,10.35,88.32,0.2727,2,Weekend Learner,Weekend Learner,5.67,1.0,1,1,0,11.25,0.0,2400,187,33,341.63,17162,1.0
1.0,16,2,10.28,107.96,0.875,2,Fresh Starter,Fresh Starter,4.56,1.0,0.0,2,2,15.77,13.02,2401,73,16,164.42,17163,0.375
1.0,9,2,9.61,131.35,0.7778,2,Fresh Starter,Fresh Starter,3.44,1.0,1.0,2,1,12.2,29.1,2402,31,9,86.48,17164,0.2222
0.6528,47,4,13.06,129.9,1.0,5,Consistent Climber,Consistent Climber,5.12,0.6667,1.0,6,3,79.77,25.98,2403,369,72,940.03,17165,0.0
0.7586,44,2,11.17,107.53,1.0,5,Consistent Climber,Consistent Climber,5.24,0.6667,-0.4,3,5,23.65,37.97,2404,304,58,647.93,17166,0.0
0.6835,54,3,17.87,183.31,1.0,6,High Achiever,High Achiever,5.23,0.75,0.3333,4,3,78.98,77.33,2405,413,79,1411.4,17167,0.1646
0.5833,21,1,12.56,118.09,0.1944,2,Weekend Learner,Weekend Learner,5.42,0.3333,2.0,3,1,26.25,10.33,2406,195,36,452.08,17168,1.0
1.0,16,3,13.9,154.91,0.75,2,Fresh Starter,Fresh Starter,4.69,1.0,3,3,0,30.62,0.0,2407,75,16,222.38,17169,0.4375
0.7333,44,2,13.58,131.65,1.0,5,Consistent Climber,Consistent Climber,5.35,1.0,-0.5,2,4,16.18,55.17,2408,321,60,815.03,17170,0.0
0.8966,26,2,13.64,136.28,1.0,3,Deep Focus Learner,Deep Focus Learner,5.0,0.6667,0.0,3,3,47.95,24.8,2409,145,29,395.53,17171,0.2069
0.8857,31,3,11.81,124.32,0.7714,3,Flexible Learner,Flexible Learner,4.8,1.0,0.5,3,2,25.23,15.38,2410,168,35,413.22,17172,0.2571
1.0,9,0,19.45,147.68,0.7778,2,Fresh Starter,Fresh Starter,7.0,0,-1.0,0,1,0.0,13.23,2411,63,9,175.05,17173,0.2222
1.0,14,1,8.36,70.61,0.7143,1,Fresh Starter,Fresh Starter,5.5,1.0,0.0,1,1,8.87,6.32,2412,77,14,117.1,17174,0.2857
1.0,22,2,12.58,127.74,0.5455,3,Fresh Starter,Fresh Starter,5.14,1.0,1.0,2,1,22.43,8.98,2413,113,22,276.83,17175,0.3636
0.7083,34,3,14.22,125.4,0.7083,3,Flexible Learner,Flexible Learner,5.9,0.6,4.0,5,1,65.0,9.78,2414,283,48,682.5,17176,0.3125
1.0,8,1,9.26,78.77,0.625,1,Fresh Starter,Fresh Starter,5.5,1.0,1,1,0,6.05,0.0,2415,44,8,74.08,17177,0.0
0.6625,53,2,19.0,172.15,1.0,6,High Achiever,High Achiever,6.0,1.0,-0.3333,2,3,23.82,64.3,2416,480,80,1519.88,17178,0.125
0.6176,21,2,16.65,187.11,0.3235,2,Weekend Learner,Weekend Learner,4.71,0.5,-0.2,4,5,32.87,48.28,2417,160,34,566.23,17179,1.0
0.7447,35,2,12.83,126.88,1.0,4,Consistent Climber,Consistent Climber,5.11,0.6667,-0.25,3,4,25.75,111.85,2418,240,47,603.13,17180,0.0
0.7,42,3,14.56,135.36,1.0,5,Consistent Climber,Consistent Climber,5.57,1.0,-0.5714,3,7,30.6,69.67,2419,334,60,873.9,17181,0.0
0.6981,37,2,15.1,155.37,0.7736,9,Flexible Learner,Flexible Learner,5.11,0.6667,3,3,0,44.05,0.0,2420,271,53,800.55,17182,0.1698
0.6901,49,5,11.92,103.09,1.0,5,Consistent Climber,Consistent Climber,5.76,0.8333,0.5,6,4,72.47,34.7,2421,409,71,846.07,17183,0.0
1.0,18,0,16.47,179.87,1.0,2,Deep Focus Learner,Deep Focus Learner,4.83,0,0,0,0,0.0,0.0,2422,87,18,296.43,17184,0.1111
0.6447,49,4,15.75,156.98,1.0,5,Consistent Climber,Consistent Climber,5.3,0.8,0.6667,5,3,53.3,44.7,2423,403,76,1196.78,17185,0.0
0.8387,26,1,11.62,112.33,1.0,3,Deep Focus Learner,Deep Focus Learner,5.23,1.0,-0.6667,1,3,13.23,28.95,2424,162,31,360.13,17186,0.4516
0.6207,36,3,14.5,149.39,1.0,5,Consistent Climber,Consistent Climber,5.05,0.6,1.5,5,2,90.05,40.32,2425,293,58,841.22,17187,0.0
0.9189,34,4,12.22,117.25,0.7297,2,Flexible Learner,Flexible Learner,5.22,1.0,0.3333,4,3,33.82,28.53,2426,193,37,452.13,17188,0.3784
0.8966,26,1,12.16,124.76,1.0,2,Deep Focus Learner,Deep Focus Learner,4.97,1.0,0.0,1,1,13.68,5.28,2427,144,29,352.77,17189,0.1724
0.7879,26,4,13.02,141.57,1.0,3,Deep Focus Learner,Deep Focus Learner,4.7,0.8,5,5,0,75.22,0.0,2428,155,33,429.52,17190,0.2424
0.8276,24,1,12.81,138.61,0.7241,3,Flexible Learner,Flexible Learner,4.72,0.5,0.0,2,2,21.58,19.55,2429,137,29,371.5,17191,0.3793
0.6333,19,2,14.97,129.93,0.1667,2,Weekend Learner,Weekend Learner,6.07,0.6667,0.0,3,3,24.97,77.05,2430,182,30,449.08,17192,1.0
0.6353,54,5,9.81,93.96,1.0,5,High Achiever,High Achiever,5.06,0.5,2.3333,10,3,92.48,26.37,2431,430,85,833.45,17193,0.1765
0.675,54,4,13.03,123.64,1.0,5,High Achiever,High Achiever,5.41,0.8,0.0,5,5,72.4,66.87,2432,433,80,1042.52,17194,0.1875
1.0,15,0,12.08,142.53,0.8,2,Fresh Starter,Fresh Starter,4.4,0,-1.0,0,1,0.0,6.22,2433,66,15,181.15,17195,0.2667
0.5769,15,1,13.2,136.53,0.2308,2,Weekend Learner,Weekend Learner,4.96,1.0,-0.5,1,2,51.92,15.1,2434,129,26,343.1,17196,1.0
1.0,8,0,14.86,148.6,0.625,1,Fresh Starter,Fresh Starter,5.38,0,-1.0,0,1,0.0,8.27,2435,43,8,118.85,17197,0.375
0.875,21,1,12.1,104.57,1.0,3,Deep Focus Learner,Deep Focus Learner,5.79,1.0,-0.5,1,2,18.98,24.12,2436,139,24,290.3,17198,0.2083
0.5217,24,3,17.4,164.8,0.1522,3,Weekend Learner,Weekend Learner,5.63,1.0,-0.4,3,5,100.25,94.28,2437,259,46,800.28,17199,0.9783
0.7818,43,4,13.47,128.39,0.8,5,Flexible Learner,Flexible Learner,5.38,0.8,5,5,0,85.07,0.0,2438,296,55,741.0,17200,0.2727
0.9474,18,0,9.4,92.54,1.0,2,Deep Focus Learner,Deep Focus Learner,4.74,0,0,0,0,0.0,0.0,2439,90,19,178.65,17201,0.3684
1.0,20,2,12.72,133.07,0.65,2,Fresh Starter,Fresh Starter,4.85,1.0,2,2,0,19.95,0.0,2440,97,20,254.4,17202,0.35
0.4792,23,2,12.19,109.71,0.125,3,Weekend Learner,Weekend Learner,5.62,0.3333,0.5,6,4,65.68,65.82,2441,270,48,584.97,17203,0.9792
0.8485,28,0,9.84,95.07,1.0,3,Deep Focus Learner,Deep Focus Learner,5.15,0,-1.0,0,2,0.0,15.52,2442,170,33,324.72,17204,0.3636
0.6905,58,6,11.18,98.29,1.0,6,High Achiever,High Achiever,5.64,1.0,0.2,6,5,43.07,102.58,2443,474,84,939.25,17205,0.1548
0.76,38,1,17.6,176.98,1.0,4,Consistent Climber,Consistent Climber,5.4,0.5,-0.6667,2,6,27.93,161.47,2444,270,50,880.03,17206,0.0
0.8919,33,2,11.1,119.64,1.0,4,Deep Focus Learner,Deep Focus Learner,4.62,1.0,-0.3333,2,3,43.05,25.45,2445,171,37,410.8,17207,0.3243
0.7188,46,2,12.42,109.32,1.0,5,Consistent Climber,Consistent Climber,5.8,0.6667,-0.25,3,4,23.95,39.5,2446,371,64,794.68,17208,0.0
0.8824,30,2,8.76,81.36,0.8235,4,Flexible Learner,Flexible Learner,4.97,1.0,-0.5,2,4,16.28,32.33,2447,169,34,297.95,17209,0.2353
0.5417,26,2,13.86,146.99,0.2292,2,Weekend Learner,Weekend Learner,4.92,0.6667,-0.25,3,4,29.42,56.62,2448,236,48,665.25,17210,0.9792
0.6364,14,1,10.67,89.22,0.1818,2,Weekend Learner,Weekend Learner,5.91,1.0,-0.5,1,2,10.43,34.82,2449,130,22,234.75,17211,1.0
0.618,55,3,11.59,103.97,1.0,5,High Achiever,High Achiever,5.53,0.4286,0.0,7,7,63.12,59.58,2450,492,89,1031.65,17212,0.1798
0.9286,39,2,9.96,95.91,0.6429,4,Flexible Learner,Flexible Learner,5.02,1.0,-0.5,2,4,15.27,36.55,2451,211,42,418.17,17213,0.1905
0.8571,24,2,12.82,112.4,1.0,2,Deep Focus Learner,Deep Focus Learner,5.82,1.0,2,2,0,60.55,0.0,2452,163,28,358.98,17214,0.25
0.5833,21,1,18.91,195.49,0.1667,2,Weekend Learner,Weekend Learner,5.25,0.5,-0.3333,2,3,21.03,69.97,2453,189,36,680.82,17215,0.9722
0.6515,43,3,11.67,109.32,1.0,5,High Achiever,High Achiever,5.35,0.375,-0.2,8,10,117.58,141.5,2454,353,66,770.45,17216,0.1515
0.7857,33,1,14.02,151.32,0.6905,6,Flexible Learner,Flexible Learner,4.74,1.0,-0.5,1,2,7.38,32.3,2455,199,42,588.78,17217,0.2143
0.6129,19,1,16.2,176.72,0.129,2,Weekend Learner,Weekend Learner,4.87,0.5,-0.5,2,4,17.53,69.2,2456,151,31,502.23,17218,0.9677
0.9,27,2,14.4,153.77,0.6,4,Flexible Learner,Flexible Learner,4.97,1.0,-0.3333,2,3,32.72,16.22,2457,149,30,431.93,17219,0.3667
0.75,48,1,17.02,181.36,1.0,6,High Achiever,High Achiever,5.0,1.0,-0.5,1,2,13.93,33.05,2458,320,64,1089.48,17220,0.0938
0.4681,22,2,10.91,99.27,0.2128,2,Weekend Learner,Weekend Learner,5.47,0.3333,0.5,6,4,84.78,35.87,2459,257,47,512.73,17221,0.9787
0.6548,55,4,16.78,165.27,1.0,6,High Achiever,High Achiever,5.4,0.6667,-0.25,6,8,85.95,130.85,2460,454,84,1409.37,17222,0.2024
0.5652,26,2,10.02,97.13,0.2826,2,Weekend Learner,Weekend Learner,4.96,0.4,0.6667,5,3,62.53,33.45,2461,228,46,460.87,17223,0.9783
0.6667,34,2,14.92,148.43,1.0,5,Consistent Climber,Consistent Climber,5.33,0.6667,0.5,3,2,68.03,22.33,2462,272,51,760.9,17224,0.0
1.0,15,1,9.44,98.68,0.7333,3,Fresh Starter,Fresh Starter,4.53,1.0,0.0,1,1,5.43,13.48,2463,68,15,141.53,17225,0.2
0.8,40,1,16.04,158.85,0.78,8,Flexible Learner,Flexible Learner,5.32,1.0,-0.6667,1,3,46.8,21.0,2464,266,50,802.05,17226,0.28
0.5915,42,4,16.22,166.68,1.0,5,Consistent Climber,Consistent Climber,5.15,0.8,0.25,5,4,76.82,47.8,2465,366,71,1151.52,17227,0.0
0.9091,30,2,10.1,92.2,1.0,4,Deep Focus Learner,Deep Focus Learner,5.36,1.0,1.0,2,1,48.3,10.58,2466,177,33,333.3,17228,0.3939
0.8929,25,2,16.16,154.34,1.0,3,Deep Focus Learner,Deep Focus Learner,5.5,1.0,-0.3333,2,3,27.83,34.07,2467,154,28,452.55,17229,0.3571
0.7778,35,2,13.73,126.82,1.0,5,Consistent Climber,Consistent Climber,5.6,0.6667,-0.4,3,5,23.12,84.1,2468,252,45,617.67,17230,0.0
0.9,18,1,10.92,98.23,1.0,3,Deep Focus Learner,Deep Focus Learner,5.75,1.0,0.0,1,1,3.8,12.23,2469,115,20,218.43,17231,0.3
0.8947,34,4,15.95,139.82,0.7632,3,Flexible Learner,Flexible Learner,6.05,1.0,3.0,4,1,113.78,9.12,2470,230,38,606.1,17232,0.3684
1.0,23,0,12.23,121.65,0.6957,4,Fresh Starter,Fresh Starter,5.09,0,0,0,0,0.0,0.0,2471,117,23,281.35,17233,0.3478
0.8462,22,2,9.43,83.99,1.0,2,Deep Focus Learner,Deep Focus Learner,5.62,1.0,2,2,0,22.18,0.0,2472,146,26,245.15,17234,0.4231
0.6825,43,3,15.31,153.11,1.0,5,High Achiever,High Achiever,5.27,0.75,0.3333,4,3,51.17,75.33,2473,332,63,964.3,17235,0.1587
0.8837,38,2,9.38,97.88,0.7907,8,Flexible Learner,Flexible Learner,4.56,1.0,-0.5,2,4,14.35,29.05,2474,196,43,403.2,17236,0.2791
1.0,8,1,10.22,133.03,0.75,1,Fresh Starter,Fresh Starter,3.75,1.0,1,1,0,24.58,0.0,2475,30,8,81.77,17237,0.25
0.9355,29,3,14.61,154.39,1.0,3,Deep Focus Learner,Deep Focus Learner,4.94,1.0,2.0,3,1,35.45,9.2,2476,153,31,452.77,17238,0.3548
0.6833,41,4,12.01,120.45,1.0,6,High Achiever,High Achiever,5.12,0.6667,2.0,6,2,55.55,12.47,2477,307,60,720.88,17239,0.15
0.8966,26,2,10.98,97.37,0.6207,3,Flexible Learner,Flexible Learner,5.62,1.0,1.0,2,1,19.97,9.0,2478,163,29,318.45,17240,0.3103
0.525,21,1,11.2,97.97,0.175,3,Weekend Learner,Weekend Learner,5.67,1.0,-0.6667,1,3,19.18,30.38,2479,227,40,448.08,17241,0.975
0.6957,32,3,13.26,126.17,1.0,3,Consistent Climber,Consistent Climber,5.35,0.6,5,5,0,47.23,0.0,2480,246,46,609.93,17242,0.0
0.8611,31,3,12.12,115.73,0.75,3,Flexible Learner,Flexible Learner,5.31,0.75,4,4,0,37.47,0.0,2481,191,36,436.27,17243,0.3056
0.8261,19,2,10.39,102.58,1.0,2,Deep Focus Learner,Deep Focus Learner,4.91,0.6667,0.5,3,2,19.45,18.22,2482,113,23,238.98,17244,0.2174
1.0,12,2,8.37,78.37,0.9167,1,Fresh Starter,Fresh Starter,4.92,1.0,2,2,0,13.25,0.0,2483,59,12,100.38,17245,0.3333
0.74,37,2,12.3,123.1,1.0,3,Consistent Climber,Consistent Climber,5.0,1.0,-0.3333,2,3,48.9,55.02,2484,250,50,614.8,17246,0.0
0.6234,48,2,11.26,100.99,1.0,5,Consistent Climber,Consistent Climber,5.58,0.6667,-0.5714,3,7,25.32,68.97,2485,430,77,867.07,17247,0.0
0.6267,47,3,13.01,133.32,1.0,5,Consistent Climber,Consistent Climber,5.01,0.4286,0.1667,7,6,79.68,51.87,2486,376,75,975.63,17248,0.0
0.8929,25,1,9.74,88.4,1.0,3,Deep Focus Learner,Deep Focus Learner,5.39,1.0,0.0,1,1,8.18,10.17,2487,151,28,272.73,17249,0.4286
0.6,18,1,10.37,94.49,0.1667,2,Weekend Learner,Weekend Learner,5.4,1.0,0.0,1,1,10.47,11.15,2488,162,30,310.97,17250,1.0
0.6825,43,2,11.6,111.65,1.0,4,Consistent Climber,Consistent Climber,5.22,0.6667,-0.4,3,5,48.73,49.13,2489,329,63,730.95,17251,0.0
1.0,16,0,16.72,158.71,0.875,3,Fresh Starter,Fresh Starter,5.69,0,-1.0,0,1,0.0,54.22,2490,91,16,267.57,17252,0.1875
0.8302,44,4,10.11,89.73,0.8491,6,Flexible Learner,Flexible Learner,5.57,0.8,0.6667,5,3,37.6,25.08,2491,295,53,536.08,17253,0.3585
0.8485,28,2,10.36,91.23,1.0,3,Deep Focus Learner,Deep Focus Learner,5.55,1.0,-0.3333,2,3,37.32,28.95,2492,183,33,341.82,17254,0.2424
0.6111,22,3,13.44,134.67,0.1944,3,Weekend Learner,Weekend Learner,5.17,0.75,1.0,4,2,53.08,14.58,2493,186,36,483.9,17255,0.9444
0.9259,25,2,9.89,106.07,1.0,3,Deep Focus Learner,Deep Focus Learner,4.56,1.0,2,2,0,18.17,0.0,2494,123,27,266.93,17256,0.2222
0.5,22,1,11.47,104.8,0.1818,2,Weekend Learner,Weekend Learner,5.59,0.5,-0.5,2,4,32.35,45.25,2495,246,44,504.83,17257,1.0
0.8095,34,1,10.65,93.06,0.7619,4,Flexible Learner,Flexible Learner,5.62,1.0,-0.6667,1,3,8.43,20.73,2496,236,42,447.33,17258,0.3095
0.5641,22,2,9.84,95.3,0.2564,2,Weekend Learner,Weekend Learner,5.0,0.5,1.0,4,2,50.82,14.02,2497,195,39,383.77,17259,0.9744
0.8889,40,4,18.88,194.91,0.7111,4,Flexible Learner,Flexible Learner,5.22,1.0,3.0,4,1,96.47,11.97,2498,235,45,849.42,17260,0.3556
0.6,18,2,13.91,156.52,0.2667,2,Weekend Learner,Weekend Learner,4.57,0.3333,6,6,0,45.77,0.0,2499,137,30,417.23,17261,0.9667
0.5974,46,3,17.0,176.83,1.0,5,Consistent Climber,Consistent Climber,5.13,0.5,0.0,6,6,54.87,96.0,2500,395,77,1308.63,17262,0.0
0.7174,33,2,16.05,154.33,1.0,4,Consistent Climber,Consistent Climber,5.52,0.6667,0.5,3,2,25.95,32.43,2501,254,46,738.28,17263,0.0
0.5823,46,3,11.76,109.84,1.0,5,Consistent Climber,Consistent Climber,5.37,0.6,0.0,5,5,41.42,43.12,2502,424,79,929.33,17264,0.0
0.8125,26,3,10.2,96.18,1.0,3,Deep Focus Learner,Deep Focus Learner,5.34,1.0,2.0,3,1,23.6,7.88,2503,171,32,326.35,17265,0.2188
0.6,48,4,15.33,154.98,1.0,5,Consistent Climber,Consistent Climber,5.21,0.5,0.0,8,8,96.57,92.72,2504,417,80,1226.37,17266,0.0
0.7292,35,2,12.2,104.78,1.0,3,Consistent Climber,Consistent Climber,6.02,0.6667,-0.4,3,5,35.15,44.65,2505,289,48,585.52,17267,0.0
0.5844,45,3,14.56,167.6,1.0,4,Consistent Climber,Consistent Climber,4.6,1.0,-0.5714,3,7,45.38,100.48,2506,354,77,1121.12,17268,0.0
0.7818,43,3,15.37,148.78,1.0,4,High Achiever,High Achiever,5.49,1.0,0.0,3,3,57.37,36.7,2507,302,55,845.25,17269,0.2
0.8049,33,2,14.86,151.6,0.8293,4,Flexible Learner,Flexible Learner,5.15,0.6667,0.5,3,2,62.95,20.87,2508,211,41,609.43,17270,0.3171
0.72,18,2,22.67,220.91,0.28,2,Weekend Learner,Weekend Learner,5.6,1.0,-0.3333,2,3,21.47,74.13,2509,140,25,566.85,17271,1.0
0.8571,24,1,18.15,171.09,0.6429,3,Flexible Learner,Flexible Learner,5.68,0.5,-0.3333,2,3,61.95,24.87,2510,159,28,508.13,17272,0.25
0.6071,17,2,14.99,143.06,0.25,2,Weekend Learner,Weekend Learner,5.5,0.4,4.0,5,1,72.32,14.32,2511,154,28,419.65,17273,1.0
0.678,40,3,11.1,109.82,1.0,4,Consistent Climber,Consistent Climber,5.08,0.5,0.2,6,5,58.28,42.53,2512,300,59,654.98,17274,0.0
0.6203,49,3,11.9,109.58,1.0,5,High Achiever,High Achiever,5.49,0.75,-0.5,4,8,29.82,107.55,2513,434,79,940.0,17275,0.0633
0.6471,22,2,12.5,119.82,0.2647,2,Weekend Learner,Weekend Learner,5.35,0.5,1.0,4,2,53.8,17.62,2514,182,34,425.13,17276,1.0
0.9118,31,3,12.32,120.99,0.7059,4,Flexible Learner,Flexible Learner,5.09,1.0,0.0,3,3,48.88,26.63,2515,173,34,418.73,17277,0.1176
0.8333,20,1,11.84,101.23,1.0,4,Deep Focus Learner,Deep Focus Learner,5.79,1.0,-0.5,1,2,8.23,18.98,2516,139,24,284.12,17278,0.4583
0.5588,19,1,10.24,94.77,0.1765,2,Weekend Learner,Weekend Learner,5.44,1.0,-0.5,1,2,6.03,15.47,2517,185,34,348.03,17279,0.9706
1.0,13,0,11.01,95.32,0.6923,2,Fresh Starter,Fresh Starter,5.54,0,0,0,0,0.0,0.0,2518,72,13,143.12,17280,0.3846
1.0,17,2,15.66,156.29,0.6471,2,Fresh Starter,Fresh Starter,5.24,1.0,-0.3333,2,3,25.45,60.45,2519,89,17,266.15,17281,0.1765
0.4865,18,1,11.96,122.66,0.2432,2,Weekend Learner,Weekend Learner,4.97,1.0,1,1,0,14.43,0.0,2520,184,37,442.68,17282,0.973
0.9688,31,3,11.56,108.77,0.7188,3,Flexible Learner,Flexible Learner,5.25,1.0,0.5,3,2,70.78,12.8,2521,168,32,369.8,17283,0.3438
1.0,15,1,9.5,86.91,0.6667,2,Fresh Starter,Fresh Starter,5.2,1.0,-0.5,1,2,10.18,15.48,2522,78,15,142.57,17284,0.3333
1.0,14,0,14.33,123.1,0.7143,2,Fresh Starter,Fresh Starter,6.0,0,0,0,0,0.0,0.0,2523,84,14,200.63,17285,0.2857
1.0,9,0,23.18,209.56,0.7778,2,Fresh Starter,Fresh Starter,6.0,0,-1.0,0,2,0.0,33.42,2524,54,9,208.62,17286,0.3333
0.7727,17,1,14.95,151.97,0.2727,2,Weekend Learner,Weekend Learner,5.09,1.0,1,1,0,9.07,0.0,2525,112,22,328.8,17287,0.9545
0.8571,18,1,19.43,172.38,1.0,2,Deep Focus Learner,Deep Focus Learner,6.05,1.0,0.0,1,1,5.98,23.68,2526,127,21,408.12,17288,0.1905
0.6207,18,2,17.92,181.98,0.1379,2,Weekend Learner,Weekend Learner,5.24,0.2857,2.5,7,2,114.98,52.02,2527,152,29,519.72,17289,0.931
1.0,21,1,10.21,93.91,0.7143,2,Fresh Starter,Fresh Starter,5.24,1.0,0.0,1,1,5.88,3.9,2528,110,21,214.38,17290,0.2381
1.0,18,0,14.62,146.38,0.5,3,Fresh Starter,Fresh Starter,5.28,0,-1.0,0,1,0.0,9.95,2529,95,18,263.12,17291,0.5
0.8696,20,2,15.32,151.78,1.0,2,Deep Focus Learner,Deep Focus Learner,5.3,1.0,2,2,0,30.18,0.0,2530,122,23,352.27,17292,0.2174
0.72,18,0,13.57,146.91,0.12,2,Weekend Learner,Weekend Learner,4.88,0,-1.0,0,2,0.0,43.3,2531,122,25,339.15,17293,0.96
0.5714,16,2,13.9,134.57,0.1429,2,Weekend Learner,Weekend Learner,5.32,0.6667,-0.25,3,4,52.68,57.35,2532,149,28,389.07,17294,1.0
0.775,31,2,10.54,107.0,0.825,3,Flexible Learner,Flexible Learner,4.8,1.0,-0.3333,2,3,10.15,21.53,2533,192,40,421.57,17295,0.225
0.6053,23,1,13.93,144.29,0.1842,2,Weekend Learner,Weekend Learner,5.0,0.5,-0.3333,2,3,62.47,27.42,2534,190,38,529.35,17296,0.9474
0.4583,22,2,17.04,179.31,0.1875,2,Weekend Learner,Weekend Learner,5.04,0.3333,5.0,6,1,147.87,7.73,2535,242,48,817.82,17297,1.0
0.9286,26,1,10.49,89.39,0.8214,4,Flexible Learner,Flexible Learner,5.75,1.0,-0.5,1,2,7.77,17.37,2536,161,28,293.62,17298,0.1786
0.5921,45,2,14.98,146.81,1.0,5,Consistent Climber,Consistent Climber,5.36,0.6667,-0.5,3,6,16.07,79.07,2537,407,76,1138.23,17299,0.0
0.8333,20,2,11.44,102.99,1.0,2,Deep Focus Learner,Deep Focus Learner,5.58,1.0,-0.3333,2,3,18.72,22.52,2538,134,24,274.5,17300,0.4583
0.5769,45,2,10.36,94.33,1.0,5,Consistent Climber,Consistent Climber,5.28,0.6667,-0.625,3,8,31.18,69.67,2539,412,78,807.88,17301,0.0
0.75,42,4,13.17,129.23,1.0,3,Consistent Climber,Consistent Climber,5.18,1.0,0.3333,4,3,38.05,32.52,2540,290,56,737.68,17302,0.0
0.7179,28,3,14.38,141.39,0.7949,5,Flexible Learner,Flexible Learner,5.36,1.0,0.0,3,3,24.77,27.17,2541,209,39,560.85,17303,0.2564
1.0,23,2,14.06,163.21,0.6957,4,Fresh Starter,Fresh Starter,4.48,1.0,2,2,0,14.57,0.0,2542,103,23,323.3,17304,0.1304
0.7308,38,3,16.77,144.42,1.0,3,Consistent Climber,Consistent Climber,6.23,1.0,0.0,3,3,59.88,22.12,2543,324,52,871.98,17305,0.0
1.0,11,1,9.96,92.9,0.7273,1,Fresh Starter,Fresh Starter,5.36,1.0,1,1,0,10.07,0.0,2544,59,11,109.58,17306,0.3636
0.963,26,1,17.93,169.43,1.0,3,Deep Focus Learner,Deep Focus Learner,5.63,0.5,-0.3333,2,3,43.12,35.27,2545,152,27,483.98,17307,0.4074
1.0,9,0,10.91,97.23,0.7778,1,Fresh Starter,Fresh Starter,5.78,0,0,0,0,0.0,0.0,2546,52,9,98.22,17308,0.0
0.6866,46,1,16.71,163.45,1.0,5,Consistent Climber,Consistent Climber,5.45,0.5,-0.5,2,4,28.45,87.3,2547,365,67,1119.78,17309,0.0
0.8182,27,2,10.78,108.83,1.0,2,Deep Focus Learner,Deep Focus Learner,4.94,1.0,0.0,2,2,31.93,18.13,2548,163,33,355.88,17310,0.2727
0.9375,30,3,10.12,94.91,1.0,3,Deep Focus Learner,Deep Focus Learner,5.25,1.0,-0.25,3,4,18.37,43.4,2549,168,32,323.78,17311,0.1562
0.5625,27,2,13.12,118.69,0.2083,3,Weekend Learner,Weekend Learner,5.77,0.5,0.0,4,4,41.03,37.02,2550,277,48,629.57,17312,0.9792
1.0,19,2,13.33,134.55,0.7895,3,Fresh Starter,Fresh Starter,4.95,1.0,-0.5,2,4,59.87,36.65,2551,94,19,253.25,17313,0.1579
0.5714,44,2,13.9,122.7,1.0,5,Consistent Climber,Consistent Climber,5.94,1.0,-0.75,2,8,21.78,101.6,2552,457,77,1070.45,17314,0.0
0.6364,14,0,13.33,124.5,0.3182,2,Weekend Learner,Weekend Learner,5.64,0,0,0,0,0.0,0.0,2553,124,22,293.33,17315,0.9545
0.8919,33,3,10.11,88.84,1.0,3,Deep Focus Learner,Deep Focus Learner,5.54,0.75,-0.2,4,5,31.0,49.87,2554,205,37,373.97,17316,0.4054
0.92,23,1,11.94,107.42,1.0,3,Deep Focus Learner,Deep Focus Learner,5.56,1.0,0.0,1,1,11.25,8.37,2555,139,25,298.45,17317,0.28
0.6329,50,3,15.97,158.43,1.0,5,Consistent Climber,Consistent Climber,5.38,0.75,-0.5556,4,9,56.92,107.87,2556,425,79,1261.57,17318,0.0
0.7838,29,3,11.18,103.71,1.0,2,Deep Focus Learner,Deep Focus Learner,5.46,0.75,4,4,0,101.7,0.0,2557,202,37,413.55,17319,0.2432
0.697,46,4,14.28,149.5,1.0,3,Consistent Climber,Consistent Climber,4.98,0.8,0.6667,5,3,77.93,27.0,2558,329,66,942.47,17320,0.0
1.0,20,2,8.5,89.36,0.55,3,Fresh Starter,Fresh Starter,4.55,1.0,-0.3333,2,3,14.08,27.13,2559,91,20,169.92,17321,0.2
0.6923,54,4,16.08,164.08,1.0,5,Consistent Climber,Consistent Climber,5.19,0.8,-0.375,5,8,65.18,163.6,2560,405,78,1253.87,17322,0.0
0.825,33,2,11.3,97.45,0.7,3,Flexible Learner,Flexible Learner,5.85,0.6667,0.0,3,3,29.23,24.48,2561,234,40,452.17,17323,0.225
1.0,20,1,11.19,101.6,0.65,2,Fresh Starter,Fresh Starter,5.5,1.0,1,1,0,5.63,0.0,2562,110,20,223.8,17324,0.4
0.8372,36,1,16.48,161.15,0.8837,5,Flexible Learner,Flexible Learner,5.42,1.0,-0.75,1,4,9.85,48.2,2563,233,43,708.65,17325,0.2791
0.7805,32,4,10.2,92.24,0.7073,4,Flexible Learner,Flexible Learner,5.44,0.5,1.0,8,4,106.53,29.83,2564,223,41,418.3,17326,0.2683
0.8636,38,2,9.64,83.62,0.8182,5,Flexible Learner,Flexible Learner,5.61,0.6667,-0.4,3,5,26.85,43.88,2565,247,44,424.2,17327,0.1818
0.7879,26,2,11.42,89.64,0.8182,3,Flexible Learner,Flexible Learner,6.3,1.0,-0.5,2,4,24.73,32.58,2566,208,33,376.92,17328,0.2424
1.0,15,1,10.18,97.66,0.4667,2,Fresh Starter,Fresh Starter,5.13,1.0,0.0,1,1,9.95,7.45,2567,77,15,152.73,17329,0.2
0.875,28,3,10.38,93.61,1.0,2,Deep Focus Learner,Deep Focus Learner,5.47,1.0,0.5,3,2,28.75,23.2,2568,175,32,332.02,17330,0.3125
0.6613,41,1,10.74,91.62,1.0,4,Consistent Climber,Consistent Climber,5.81,1.0,-0.875,1,8,3.8,126.03,2569,360,62,666.17,17331,0.0
1.0,10,0,8.1,76.92,0.7,2,Fresh Starter,Fresh Starter,4.9,0,0,0,0,0.0,0.0,2570,49,10,80.95,17332,0.3
0.8293,34,3,12.26,118.53,0.7317,3,Flexible Learner,Flexible Learner,5.34,0.6,0.6667,5,3,38.8,27.77,2571,219,41,502.62,17333,0.4634
0.7097,22,3,15.64,166.78,0.2258,2,Weekend Learner,Weekend Learner,4.97,1.0,0.0,3,3,57.02,28.92,2572,154,31,484.87,17334,0.9677
0.6515,43,4,12.35,111.58,1.0,5,Consistent Climber,Consistent Climber,5.61,0.8,-0.2857,5,7,37.72,101.6,2573,370,66,815.15,17335,0.0
0.8409,37,2,13.99,127.61,0.6364,4,Flexible Learner,Flexible Learner,5.7,1.0,2,2,0,21.72,0.0,2574,251,44,615.62,17336,0.3636
0.9286,26,3,10.79,106.15,0.8214,3,Flexible Learner,Flexible Learner,5.18,1.0,2.0,3,1,19.02,10.92,2575,145,28,301.98,17337,0.3571
0.8649,32,1,14.27,160.24,1.0,3,Deep Focus Learner,Deep Focus Learner,4.65,1.0,-0.75,1,4,12.2,40.57,2576,172,37,528.05,17338,0.2432
0.84,21,3,10.88,92.49,0.12,2,Weekend Learner,Weekend Learner,5.76,1.0,0.5,3,2,26.83,21.07,2577,144,25,271.9,17339,0.88
0.625,45,3,14.73,144.56,1.0,4,Consistent Climber,Consistent Climber,5.32,1.0,-0.625,3,8,42.65,99.55,2578,383,72,1060.7,17340,0.0
0.8333,15,0,13.11,127.86,1.0,2,Deep Focus Learner,Deep Focus Learner,5.22,0,-1.0,0,2,0.0,9.62,2579,94,18,235.97,17341,0.3333
0.5952,25,3,11.83,104.26,0.3095,3,Weekend Learner,Weekend Learner,5.79,0.75,1.0,4,2,33.23,66.5,2580,243,42,496.92,17342,0.9524
1.0,18,2,10.47,92.81,0.5556,2,Fresh Starter,Fresh Starter,5.61,1.0,0.0,2,2,20.18,21.62,2581,101,18,188.55,17343,0.1667
0.6087,42,5,10.27,93.02,1.0,4,Consistent Climber,Consistent Climber,5.41,0.7143,1.3333,7,3,65.62,29.32,2582,373,69,708.55,17344,0.0
0.7826,18,0,11.65,102.78,0.1304,2,Weekend Learner,Weekend Learner,5.74,0,-1.0,0,2,0.0,13.5,2583,132,23,267.97,17345,1.0
1.0,18,0,11.58,99.4,0.6111,2,Fresh Starter,Fresh Starter,5.83,0,-1.0,0,1,0.0,8.05,2584,105,18,208.42,17346,0.1667
0.7115,37,3,11.47,105.35,1.0,5,Consistent Climber,Consistent Climber,5.4,0.6,0.25,5,4,42.92,28.95,2585,281,52,596.52,17347,0.0
0.6452,20,2,10.2,90.79,0.2258,2,Weekend Learner,Weekend Learner,5.48,0.4,0.25,5,4,48.45,35.25,2586,170,31,316.3,17348,1.0
0.9,27,5,10.06,94.48,1.0,3,Deep Focus Learner,Deep Focus Learner,5.23,1.0,4.0,5,1,58.58,8.65,2587,157,30,301.77,17349,0.2333
0.95,19,1,10.08,93.12,1.0,3,Deep Focus Learner,Deep Focus Learner,5.25,1.0,1,1,0,10.17,0.0,2588,105,20,201.52,17350,0.2
0.6667,18,1,13.2,121.89,0.1481,2,Weekend Learner,Weekend Learner,5.59,0.5,-0.3333,2,3,37.0,23.22,2589,151,27,356.3,17351,1.0
0.7778,35,2,11.31,101.04,1.0,3,Consistent Climber,Consistent Climber,5.51,1.0,0.0,2,2,16.68,21.47,2590,248,45,508.82,17352,0.0
1.0,22,2,9.65,82.53,0.6364,5,Fresh Starter,Fresh Starter,5.64,1.0,-0.6,2,5,15.55,45.07,2591,124,22,212.37,17353,0.4091
0.7941,27,2,14.37,133.9,1.0,4,Deep Focus Learner,Deep Focus Learner,5.5,1.0,0.0,2,2,26.6,15.03,2592,187,34,488.65,17354,0.2941
0.75,51,3,11.63,107.29,1.0,6,High Achiever,High Achiever,5.47,1.0,-0.4,3,5,23.72,48.8,2593,372,68,790.68,17355,0.1471
1.0,9,0,8.33,72.1,0.5556,1,Fresh Starter,Fresh Starter,5.56,0,-1.0,0,1,0.0,9.02,2594,50,9,74.98,17356,0.4444
1.0,24,1,10.5,97.54,0.75,4,Fresh Starter,Fresh Starter,5.33,1.0,-0.5,1,2,8.33,15.55,2595,128,24,251.93,17357,0.25
1.0,18,0,14.19,155.8,0.6667,2,Fresh Starter,Fresh Starter,4.61,0,-1.0,0,3,0.0,23.48,2596,83,18,255.5,17358,0.2222
0.8636,38,4,10.65,102.63,0.7273,7,Flexible Learner,Flexible Learner,5.14,0.8,5,5,0,42.57,0.0,2597,226,44,468.82,17359,0.3182
0.9286,26,2,8.91,79.42,0.7143,2,Flexible Learner,Flexible Learner,5.29,1.0,1.0,2,1,29.87,11.15,2598,148,28,249.42,17360,0.1786
1.0,19,0,10.66,109.23,0.5263,3,Fresh Starter,Fresh Starter,4.84,0,0,0,0,0.0,0.0,2599,92,19,202.52,17361,0.4211
0.92,23,3,10.61,93.07,1.0,3,Deep Focus Learner,Deep Focus Learner,5.64,1.0,0.0,3,3,22.8,29.0,2600,141,25,265.17,17362,0.2
0.8636,19,0,10.34,121.16,1.0,2,Deep Focus Learner,Deep Focus Learner,4.27,0,-1.0,0,2,0.0,16.9,2601,94,22,227.47,17363,0.2727
0.68,34,1,17.36,175.57,1.0,5,Consistent Climber,Consistent Climber,5.3,0.25,1.0,4,2,89.52,12.4,2602,265,50,868.1,17364,0.0
0.8684,33,5,13.59,154.94,1.0,4,Deep Focus Learner,Deep Focus Learner,4.53,0.7143,6.0,7,1,53.28,8.25,2603,172,38,516.3,17365,0.3684
0.6538,17,2,10.57,92.72,0.3077,2,Weekend Learner,Weekend Learner,5.62,0.5,1.0,4,2,36.67,20.88,2604,146,26,274.7,17366,0.9615
0.6933,52,3,17.33,175.2,1.0,6,High Achiever,High Achiever,5.29,1.0,0.5,3,2,63.93,11.07,2605,397,75,1299.93,17367,0.12
0.7273,48,4,17.03,169.61,1.0,6,High Achiever,High Achiever,5.35,0.6667,2.0,6,2,79.5,49.45,2606,353,66,1124.18,17368,0.197
1.0,27,1,13.95,144.28,1.0,3,Deep Focus Learner,Deep Focus Learner,5.0,1.0,-0.5,1,2,7.15,22.9,2607,135,27,376.68,17369,0.2593
0.825,33,2,10.03,95.44,0.7,4,Flexible Learner,Flexible Learner,5.28,1.0,1.0,2,1,21.62,6.88,2608,211,40,401.13,17370,0.425
0.8333,20,2,15.33,155.23,0.0833,2,Weekend Learner,Weekend Learner,5.17,1.0,1.0,2,1,36.38,14.22,2609,124,24,367.85,17371,0.9583
0.95,19,0,8.01,80.14,1.0,4,Deep Focus Learner,Deep Focus Learner,4.6,0,0,0,0,0.0,0.0,2610,92,20,160.12,17372,0.25
0.7143,35,2,11.14,96.93,1.0,4,Consistent Climber,Consistent Climber,5.73,1.0,0.0,2,2,59.43,15.3,2611,281,49,545.73,17373,0.0
0.9091,40,4,13.24,123.21,0.8636,4,Flexible Learner,Flexible Learner,5.5,1.0,0.3333,4,3,50.55,32.75,2612,242,44,582.42,17374,0.3409
0.8214,23,2,14.11,138.05,0.6786,2,Flexible Learner,Flexible Learner,5.32,1.0,1.0,2,1,18.87,25.12,2613,149,28,394.97,17375,0.1071
0.9394,31,2,15.05,151.24,0.7273,2,Flexible Learner,Flexible Learner,5.27,1.0,0.0,2,2,12.83,18.02,2614,174,33,496.63,17376,0.2727
0.6389,23,2,9.21,78.11,0.1667,3,Weekend Learner,Weekend Learner,5.69,0.5,0.0,4,4,37.27,34.58,2615,205,36,331.4,17377,0.9722
0.8108,30,3,12.73,125.25,0.7838,6,Flexible Learner,Flexible Learner,5.24,0.4286,6.0,7,1,90.73,9.42,2616,194,37,471.03,17378,0.2432
0.5714,24,2,10.74,97.91,0.1429,3,Weekend Learner,Weekend Learner,5.4,0.4,0.6667,5,3,90.02,30.33,2617,227,42,451.25,17379,0.9286
0.8776,43,6,14.59,130.71,0.7551,5,Flexible Learner,Flexible Learner,5.8,0.75,3.0,8,2,92.15,20.28,2618,284,49,714.87,17380,0.3673
1.0,20,1,11.38,110.82,1.0,2,Deep Focus Learner,Deep Focus Learner,5.3,1.0,-0.6667,1,3,6.67,33.17,2619,106,20,227.52,17381,0.3
0.6667,16,1,16.42,159.39,0.125,2,Weekend Learner,Weekend Learner,5.42,1.0,0.0,1,1,11.68,5.92,2620,130,24,394.1,17382,0.9583
0.6667,32,2,14.14,129.85,1.0,3,Consistent Climber,Consistent Climber,5.67,0.6667,-0.25,3,4,33.97,36.23,2621,272,48,678.9,17383,0.0
0.7778,42,5,16.49,148.29,1.0,6,High Achiever,High Achiever,5.91,0.8333,5.0,6,1,49.42,9.83,2622,319,54,890.67,17384,0.1111
0.5789,22,1,10.09,123.09,0.2105,3,Weekend Learner,Weekend Learner,3.95,0.5,0.0,2,2,18.57,11.98,2623,150,38,383.38,17385,0.9737
0.6164,45,4,11.27,104.67,1.0,4,Consistent Climber,Consistent Climber,5.37,0.4,0.4286,10,7,106.4,65.33,2624,392,73,822.78,17386,0.0
0.6292,56,5,13.3,132.2,1.0,6,High Achiever,High Achiever,5.18,0.5556,0.8,9,5,110.42,32.27,2625,461,89,1183.42,17387,0.1461
0.7407,40,2,9.69,88.61,0.6296,7,Flexible Learner,Flexible Learner,5.31,0.5,0.0,4,4,60.53,33.5,2626,287,54,523.07,17388,0.2593
1.0,11,0,17.01,186.07,0.6364,1,Fresh Starter,Fresh Starter,4.91,0,-1.0,0,2,0.0,64.43,2627,54,11,187.1,17389,0.1818
0.6429,18,2,10.72,140.8,0.3214,2,Weekend Learner,Weekend Learner,3.82,0.5,4,4,0,33.73,0.0,2628,107,28,300.05,17390,1.0
0.6154,24,2,11.08,126.6,0.1795,2,Weekend Learner,Weekend Learner,4.41,1.0,-0.6,2,5,19.73,69.03,2629,172,39,431.98,17391,0.9487
0.74,37,3,12.04,109.67,1.0,5,Consistent Climber,Consistent Climber,5.56,1.0,2.0,3,1,26.03,3.07,2630,278,50,602.22,17392,0.0
0.7917,38,2,12.92,129.1,0.7708,3,Flexible Learner,Flexible Learner,5.1,1.0,-0.5,2,4,61.67,54.72,2631,245,48,620.37,17393,0.2083
0.9032,28,3,10.51,91.17,0.5806,2,Flexible Learner,Flexible Learner,5.77,0.6,5,5,0,41.93,0.0,2632,179,31,325.82,17394,0.2581
0.5556,20,2,13.33,152.54,0.0833,3,Weekend Learner,Weekend Learner,4.47,1.0,1.0,2,1,15.32,8.77,2633,161,36,479.87,17395,0.9722
0.8485,28,3,14.95,151.69,0.6061,3,Flexible Learner,Flexible Learner,5.21,1.0,3,3,0,39.4,0.0,2634,172,33,493.2,17396,0.1818
0.7083,34,2,13.66,131.33,1.0,3,Consistent Climber,Consistent Climber,5.31,0.6667,-0.25,3,4,26.73,28.55,2635,255,48,655.92,17397,0.0
0.8095,17,1,11.46,125.24,1.0,2,Deep Focus Learner,Deep Focus Learner,4.52,1.0,-0.5,1,2,6.8,20.87,2636,95,21,240.75,17398,0.2857
0.8148,44,2,12.67,126.11,0.7963,5,Flexible Learner,Flexible Learner,5.11,0.6667,-0.4,3,5,29.27,61.15,2637,276,54,684.12,17399,0.2593
0.7609,35,1,11.53,101.82,0.6957,5,Flexible Learner,Flexible Learner,5.8,1.0,-0.8,1,5,9.45,107.83,2638,267,46,530.35,17400,0.1957
0.5714,24,0,13.74,138.92,0.1667,2,Weekend Learner,Weekend Learner,5.12,0,-1.0,0,4,0.0,30.77,2639,215,42,577.27,17401,0.9762
0.8696,20,5,20.26,206.8,1.0,5,Deep Focus Learner,Deep Focus Learner,5.3,0.8333,2.0,6,2,157.87,12.23,2640,122,23,466.03,17402,0.3043
0.6712,49,3,12.62,115.3,1.0,5,High Achiever,High Achiever,5.53,0.6,0.0,5,5,51.88,38.75,2641,404,73,921.1,17403,0.2055
0.8947,17,1,9.76,119.2,1.0,2,Deep Focus Learner,Deep Focus Learner,3.95,1.0,-0.5,1,2,14.67,19.57,2642,75,19,185.45,17404,0.2632
0.6667,48,3,10.2,96.74,1.0,5,Consistent Climber,Consistent Climber,5.14,0.75,0.3333,4,3,88.2,17.98,2643,370,72,734.67,17405,0.0
0.7222,26,3,8.6,83.15,0.8056,3,Flexible Learner,Flexible Learner,4.94,0.6,0.6667,5,3,41.53,19.88,2644,178,36,309.48,17406,0.2778
1.0,10,0,10.47,85.44,0.8,2,Fresh Starter,Fresh Starter,6.2,0,-1.0,0,1,0.0,8.12,2645,62,10,104.75,17407,0.4
0.5581,24,2,11.7,105.81,0.2093,2,Weekend Learner,Weekend Learner,5.56,1.0,0.0,2,2,19.2,16.33,2646,239,43,503.25,17408,0.9767
0.5,22,2,15.4,153.57,0.1364,2,Weekend Learner,Weekend Learner,5.27,0.5,0.0,4,4,79.18,32.13,2647,232,44,677.38,17409,0.9773
0.5843,52,4,10.76,90.63,1.0,5,High Achiever,High Achiever,5.85,0.5714,0.1667,7,6,58.82,51.47,2648,521,89,957.43,17410,0.0899
0.7692,20,1,12.22,114.5,0.2308,2,Weekend Learner,Weekend Learner,5.38,1.0,0.0,1,1,22.63,6.95,2649,140,26,317.73,17411,0.9615
0.7632,29,4,10.31,86.87,0.7368,4,Flexible Learner,Flexible Learner,5.71,0.8,4.0,5,1,74.52,3.52,2650,217,38,391.87,17412,0.2632
0.8684,33,5,11.21,100.28,0.7368,5,Flexible Learner,Flexible Learner,5.58,0.8333,5.0,6,1,66.63,7.82,2651,212,38,426.12,17413,0.1842
0.9032,28,1,10.3,90.83,1.0,3,Deep Focus Learner,Deep Focus Learner,5.68,0.5,-0.3333,2,3,14.02,28.28,2652,176,31,319.43,17414,0.3548
0.8929,25,2,10.41,100.77,0.7857,4,Flexible Learner,Flexible Learner,5.07,0.6667,-0.25,3,4,25.95,58.52,2653,142,28,291.38,17415,0.3214
0.8529,29,2,10.92,95.82,1.0,2,Deep Focus Learner,Deep Focus Learner,5.62,1.0,0.0,2,2,16.15,13.12,2654,191,34,371.23,17416,0.2941
0.8125,26,1,10.35,101.44,1.0,3,Deep Focus Learner,Deep Focus Learner,5.03,1.0,-0.5,1,2,20.97,15.6,2655,161,32,331.13,17417,0.3438
1.0,12,0,15.8,127.76,0.75,1,Fresh Starter,Fresh Starter,6.67,0,-1.0,0,1,0.0,11.23,2656,80,12,189.55,17418,0.0
0.875,35,4,13.78,138.25,0.775,4,Flexible Learner,Flexible Learner,5.08,1.0,3.0,4,1,29.42,7.82,2657,203,40,551.32,17419,0.275
0.5238,22,2,16.07,168.55,0.2381,2,Weekend Learner,Weekend Learner,5.05,0.6667,-0.25,3,4,68.52,48.57,2658,212,42,675.02,17420,1.0
0.6111,22,2,12.64,137.9,0.1389,2,Weekend Learner,Weekend Learner,4.75,1.0,-0.3333,2,3,14.12,25.17,2659,171,36,454.98,17421,0.9722
0.6296,17,2,17.23,157.93,0.1481,2,Weekend Learner,Weekend Learner,5.85,1.0,-0.3333,2,3,16.22,30.47,2660,158,27,465.25,17422,1.0
0.7895,30,4,15.59,154.98,1.0,3,Deep Focus Learner,Deep Focus Learner,5.32,0.6667,2.0,6,2,104.92,14.2,2661,202,38,592.47,17423,0.2105
0.8056,29,2,13.71,129.21,1.0,3,Deep Focus Learner,Deep Focus Learner,5.42,0.6667,0.5,3,2,22.02,33.27,2662,195,36,493.68,17424,0.3889
0.4889,22,2,10.26,97.48,0.2667,2,Weekend Learner,Weekend Learner,5.09,1.0,0.0,2,2,17.98,24.22,2663,229,45,461.55,17425,1.0
0.6949,41,3,14.39,151.6,1.0,3,High Achiever,High Achiever,4.98,0.75,-0.2,4,5,34.12,74.62,2664,294,59,848.82,17426,0.1017
0.6104,47,2,13.48,136.23,1.0,5,Consistent Climber,Consistent Climber,5.16,0.5,-0.5,4,8,39.22,83.93,2665,397,77,1038.22,17427,0.0
0.5714,16,0,11.73,111.87,0.1786,2,Weekend Learner,Weekend Learner,5.32,0,0,0,0,0.0,0.0,2666,149,28,328.35,17428,0.9643
0.7556,34,2,12.04,108.05,1.0,4,Consistent Climber,Consistent Climber,5.64,1.0,1.0,2,1,21.35,6.75,2667,254,45,541.82,17429,0.0
0.575,46,2,12.33,128.22,1.0,5,Consistent Climber,Consistent Climber,4.91,0.5,-0.3333,4,6,44.07,94.68,2668,393,80,986.15,17430,0.0
0.6429,18,1,13.39,126.53,0.1786,2,Weekend Learner,Weekend Learner,5.39,1.0,-0.6667,1,3,9.07,27.1,2669,151,28,375.03,17431,0.9643
0.7778,21,2,14.68,134.26,0.2593,3,Weekend Learner,Weekend Learner,5.81,0.6667,-0.25,3,4,24.03,97.87,2670,157,27,396.27,17432,0.9259
0.6267,47,4,10.61,96.88,1.0,5,Consistent Climber,Consistent Climber,5.4,0.5,1.0,8,4,80.02,46.3,2671,405,75,795.62,17433,0.0
1.0,19,0,15.57,147.74,1.0,3,Deep Focus Learner,Deep Focus Learner,5.47,0,-1.0,0,2,0.0,51.88,2672,104,19,295.88,17434,0.2632
0.6579,50,5,14.13,148.06,1.0,5,Consistent Climber,Consistent Climber,4.97,0.8333,1.0,6,3,160.62,26.83,2673,378,76,1073.7,17435,0.0
0.7778,21,1,9.45,92.84,1.0,3,Deep Focus Learner,Deep Focus Learner,4.89,1.0,0.0,1,1,4.15,5.25,2674,132,27,255.05,17436,0.1481
0.7333,33,0,11.83,110.18,0.6,4,Flexible Learner,Flexible Learner,5.56,0,-1.0,0,3,0.0,26.47,2675,250,45,532.52,17437,0.3333
0.6087,42,3,15.16,139.57,1.0,5,Consistent Climber,Consistent Climber,5.65,0.6,0.6667,5,3,70.65,72.65,2676,390,69,1046.2,17438,0.0
0.6338,45,4,16.57,154.34,1.0,5,High Achiever,High Achiever,5.7,0.5,0.6,8,5,144.05,91.92,2677,405,71,1176.18,17439,0.169
0.6308,41,2,14.0,144.42,1.0,5,Consistent Climber,Consistent Climber,5.05,1.0,-0.6,2,5,18.95,81.3,2678,328,65,910.25,17440,0.0
0.6615,43,4,14.2,172.8,1.0,5,Consistent Climber,Consistent Climber,4.26,0.6667,5.0,6,1,42.13,5.93,2679,277,65,922.95,17441,0.0
0.6269,42,2,9.54,84.45,1.0,5,Consistent Climber,Consistent Climber,5.54,0.6667,-0.5714,3,7,31.63,73.95,2680,371,67,638.85,17442,0.0
0.5758,19,2,10.08,93.32,0.2727,2,Weekend Learner,Weekend Learner,5.3,0.6667,-0.4,3,5,22.73,46.65,2681,175,33,332.73,17443,1.0
0.7547,40,3,9.54,87.95,1.0,5,Consistent Climber,Consistent Climber,5.23,0.4286,6.0,7,1,58.57,5.05,2682,277,53,505.42,17444,0.0
0.68,34,3,12.73,122.31,1.0,3,Consistent Climber,Consistent Climber,5.3,1.0,-0.25,3,4,52.0,25.88,2683,265,50,636.58,17445,0.0
0.9474,18,1,13.82,121.29,1.0,2,Deep Focus Learner,Deep Focus Learner,5.84,1.0,0.0,1,1,7.98,10.68,2684,111,19,262.58,17446,0.2632
1.0,17,0,12.65,121.03,0.5294,4,Fresh Starter,Fresh Starter,5.35,0,0,0,0,0.0,0.0,2685,91,17,214.98,17447,0.1765
0.7571,53,3,13.48,131.59,1.0,5,Consistent Climber,Consistent Climber,5.27,1.0,-0.5,3,6,29.18,48.32,2686,369,70,943.32,17448,0.0
0.8929,25,1,11.1,110.76,0.6786,2,Flexible Learner,Flexible Learner,4.89,1.0,-0.6667,1,3,9.85,27.5,2687,137,28,310.88,17449,0.25
0.7347,36,2,9.09,84.42,1.0,5,Consistent Climber,Consistent Climber,5.06,0.5,1.0,4,2,34.77,29.5,2688,248,49,445.6,17450,0.0
0.7083,34,2,13.25,122.76,1.0,4,Consistent Climber,Consistent Climber,5.62,0.5,3.0,4,1,51.52,9.38,2689,270,48,636.18,17451,0.0
0.6667,34,3,11.92,121.25,1.0,4,Consistent Climber,Consistent Climber,4.94,0.5,1.0,6,3,122.28,50.98,2690,252,51,608.1,17452,0.0
0.8378,31,4,14.83,151.66,1.0,2,Deep Focus Learner,Deep Focus Learner,5.16,1.0,4,4,0,48.3,0.0,2691,191,37,548.53,17453,0.3784
0.8269,43,3,12.23,102.74,1.0,3,Consistent Climber,Consistent Climber,6.02,0.75,-0.3333,4,6,50.9,65.17,2692,313,52,636.18,17454,0.0
0.6026,47,5,18.54,191.37,1.0,5,High Achiever,High Achiever,5.18,0.5,1.0,10,5,187.6,143.13,2693,404,78,1445.83,17455,0.1282
0.7708,37,3,13.85,143.25,0.8125,3,Flexible Learner,Flexible Learner,5.04,0.6,0.6667,5,3,42.13,24.28,2694,242,48,664.65,17456,0.1875
0.6957,32,1,12.63,112.6,1.0,5,Consistent Climber,Consistent Climber,5.78,1.0,-0.5,1,2,5.55,17.75,2695,266,46,580.8,17457,0.0
1.0,9,0,16.22,153.78,0.7778,1,Fresh Starter,Fresh Starter,5.44,0,0,0,0,0.0,0.0,2696,49,9,145.95,17458,0.5556
0.6512,56,6,9.5,83.65,1.0,5,High Achiever,High Achiever,5.45,1.0,6,6,0,81.98,0.0,2697,469,86,816.9,17459,0.1977
0.6081,45,4,10.46,90.43,1.0,4,Consistent Climber,Consistent Climber,5.69,0.4,1.5,10,4,104.05,34.78,2698,421,74,773.7,17460,0.0
0.7,49,5,11.45,112.85,1.0,5,Consistent Climber,Consistent Climber,5.14,0.5,1.0,10,5,128.87,41.55,2699,360,70,801.5,17461,0.0
0.9375,30,2,9.1,81.15,1.0,3,Deep Focus Learner,Deep Focus Learner,5.44,1.0,1.0,2,1,22.05,10.28,2700,174,32,291.08,17462,0.1875
0.5581,24,1,17.41,171.2,0.1628,2,Weekend Learner,Weekend Learner,5.51,1.0,-0.6667,1,3,11.87,62.78,2701,237,43,748.53,17463,0.9767
0.8,36,3,9.65,96.4,0.8889,4,Flexible Learner,Flexible Learner,4.89,0.75,0.3333,4,3,35.02,25.68,2702,220,45,434.08,17464,0.2222
0.7292,35,4,10.58,91.14,0.7292,4,Flexible Learner,Flexible Learner,5.65,0.8,0.6667,5,3,44.6,31.95,2703,271,48,507.78,17465,0.3125
0.8824,30,0,13.1,117.69,1.0,4,Deep Focus Learner,Deep Focus Learner,5.82,0,-1.0,0,2,0.0,49.13,2704,198,34,445.4,17466,0.2647
1.0,17,1,9.58,80.9,0.7059,2,Fresh Starter,Fresh Starter,5.82,1.0,1,1,0,10.33,0.0,2705,99,17,162.82,17467,0.3529
1.0,8,0,13.64,115.19,0.125,2,Fresh Starter,Fresh Starter,6.0,0,0,0,0,0.0,0.0,2706,48,8,109.08,17468,0.375
1.0,22,1,14.05,124.88,0.8182,4,Fresh Starter,Fresh Starter,5.82,1.0,0.0,1,1,11.6,7.83,2707,128,22,309.17,17469,0.3182
0.78,39,4,11.48,104.9,1.0,4,High Achiever,High Achiever,5.48,0.6667,2.0,6,2,54.87,30.75,2708,274,50,574.23,17470,0.04
0.6935,43,4,11.63,103.02,1.0,5,High Achiever,High Achiever,5.69,0.5,0.1429,8,7,70.17,63.12,2709,353,62,720.95,17471,0.0968
1.0,10,1,8.26,109.97,0.6,1,Fresh Starter,Fresh Starter,3.6,1.0,1,1,0,11.72,0.0,2710,36,10,82.6,17472,0.2
0.6081,45,4,11.52,117.1,1.0,4,Consistent Climber,Consistent Climber,4.96,0.4444,0.5,9,6,128.13,67.7,2711,367,74,852.82,17473,0.0
0.8571,24,0,14.61,135.14,1.0,2,Deep Focus Learner,Deep Focus Learner,5.61,0,-1.0,0,4,0.0,50.03,2712,157,28,409.12,17474,0.3214
0.7206,49,4,14.69,151.24,1.0,6,High Achiever,High Achiever,5.12,0.8,-0.1667,5,6,54.88,60.1,2713,348,68,999.03,17475,0.2059
0.75,45,4,10.32,93.24,1.0,5,Consistent Climber,Consistent Climber,5.45,0.5714,0.1667,7,6,52.37,47.82,2714,327,60,619.07,17476,0.0
0.7447,35,5,13.73,134.03,0.7447,3,Flexible Learner,Flexible Learner,5.3,0.7143,6.0,7,1,110.57,8.07,2715,249,47,645.1,17477,0.4043
0.7206,49,2,12.91,126.57,1.0,4,Consistent Climber,Consistent Climber,5.24,1.0,-0.5,2,4,35.27,48.33,2716,356,68,878.15,17478,0.0
0.8235,28,1,9.48,89.62,1.0,4,Deep Focus Learner,Deep Focus Learner,5.0,1.0,-0.6667,1,3,7.27,21.35,2717,170,34,322.27,17479,0.4118
0.5972,43,3,16.32,156.46,1.0,5,Consistent Climber,Consistent Climber,5.5,1.0,-0.25,3,4,37.18,34.47,2718,396,72,1175.15,17480,0.0
0.7593,41,2,16.98,178.61,0.7037,6,Flexible Learner,Flexible Learner,5.09,0.6667,0.5,3,2,105.98,13.82,2719,275,54,916.98,17481,0.2778
0.8788,29,2,13.08,131.41,1.0,4,Deep Focus Learner,Deep Focus Learner,5.09,0.5,0.3333,4,3,36.57,28.22,2720,168,33,431.67,17482,0.2727
0.7241,42,4,14.52,132.75,1.0,5,High Achiever,High Achiever,5.67,0.8,0.6667,5,3,117.78,24.17,2721,329,58,842.07,17483,0.0862
0.7843,40,2,9.91,88.77,0.7843,4,Flexible Learner,Flexible Learner,5.33,1.0,-0.3333,2,3,12.63,22.27,2722,272,51,505.2,17484,0.3137
0.6026,47,4,9.83,93.84,1.0,4,High Achiever,High Achiever,5.09,1.0,-0.3333,4,6,29.78,49.07,2723,397,78,766.55,17485,0.1795
0.7358,39,2,13.93,145.66,1.0,6,High Achiever,High Achiever,5.06,1.0,-0.7143,2,7,18.93,145.77,2724,268,53,738.03,17486,0.1887
0.8222,37,3,14.31,133.0,1.0,4,Consistent Climber,Consistent Climber,5.6,1.0,0.5,3,2,30.38,27.5,2725,252,45,643.8,17487,0.0
0.7077,46,4,12.99,158.07,1.0,5,Consistent Climber,Consistent Climber,4.23,0.8,0.25,5,4,99.85,43.72,2726,275,65,844.45,17488,0.0
0.8667,26,1,20.92,192.83,0.7333,3,Flexible Learner,Flexible Learner,5.83,1.0,-0.6667,1,3,60.32,57.85,2727,175,30,627.57,17489,0.2667
0.8421,32,3,15.36,159.56,0.7368,6,Flexible Learner,Flexible Learner,5.05,0.75,4,4,0,32.9,0.0,2728,192,38,583.77,17490,0.3684
0.8333,20,2,10.56,104.4,0.2083,2,Weekend Learner,Weekend Learner,5.12,1.0,-0.6,2,5,20.58,49.23,2729,123,24,253.33,17491,0.9167
1.0,20,3,11.48,108.03,0.75,2,Fresh Starter,Fresh Starter,5.3,1.0,2.0,3,1,26.72,18.22,2730,106,20,229.58,17492,0.45
0.7885,41,2,15.14,143.73,0.75,4,Flexible Learner,Flexible Learner,5.54,1.0,1.0,2,1,99.58,15.23,2731,288,52,787.17,17493,0.2885
0.7692,40,4,14.65,151.62,1.0,5,High Achiever,High Achiever,5.08,0.8,0.0,5,5,85.12,64.47,2732,264,52,761.87,17494,0.1538
0.6333,38,2,15.64,166.22,1.0,5,Consistent Climber,Consistent Climber,4.95,0.6667,-0.5,3,6,20.18,68.7,2733,297,60,938.37,17495,0.0
0.9259,25,1,16.1,165.48,1.0,2,Deep Focus Learner,Deep Focus Learner,5.19,1.0,-0.75,1,4,5.75,45.78,2734,140,27,434.82,17496,0.2593
0.6087,42,3,10.58,100.53,1.0,5,Consistent Climber,Consistent Climber,5.2,0.6,-0.1667,5,6,39.05,50.3,2735,359,69,730.2,17497,0.0
0.5915,42,4,11.98,121.9,1.0,5,Consistent Climber,Consistent Climber,4.99,0.5714,0.75,7,4,58.55,41.33,2736,354,71,850.43,17498,0.0
0.5946,44,4,11.05,97.28,1.0,5,Consistent Climber,Consistent Climber,5.55,0.8,0.0,5,5,50.48,45.67,2737,411,74,818.03,17499,0.0
0.7091,39,3,15.95,182.67,1.0,5,Consistent Climber,Consistent Climber,4.6,1.0,-0.25,3,4,41.65,140.53,2738,253,55,877.0,17500,0.0
0.8276,24,3,18.78,175.8,1.0,2,Deep Focus Learner,Deep Focus Learner,5.72,1.0,0.0,3,3,34.3,59.63,2739,166,29,544.52,17501,0.2759
0.9048,38,5,16.73,168.96,0.7619,4,Flexible Learner,Flexible Learner,5.24,1.0,1.5,5,2,73.97,20.35,2740,220,42,702.87,17502,0.2619
0.5882,40,2,17.42,190.64,1.0,5,Consistent Climber,Consistent Climber,4.93,0.4,0.0,5,5,44.23,85.22,2741,335,68,1184.57,17503,0.0
0.7273,40,3,11.12,106.68,1.0,3,High Achiever,High Achiever,5.2,1.0,-0.5,3,6,28.98,96.42,2742,286,55,611.42,17504,0.1455
0.6349,40,5,12.25,115.26,1.0,5,Consistent Climber,Consistent Climber,5.48,0.625,0.6,8,5,83.52,52.07,2743,345,63,772.0,17505,0.0
0.931,27,2,14.86,141.39,1.0,3,Deep Focus Learner,Deep Focus Learner,5.52,1.0,-0.3333,2,3,14.17,31.17,2744,160,29,430.9,17506,0.2414
0.8611,31,3,8.76,85.21,0.75,3,Flexible Learner,Flexible Learner,4.94,1.0,-0.25,3,4,21.07,28.15,2745,178,36,315.4,17507,0.1389
0.5942,41,4,16.8,162.86,1.0,3,Consistent Climber,Consistent Climber,5.49,0.6667,0.5,6,4,144.25,44.52,2746,379,69,1159.52,17508,0.0
1.0,22,2,10.78,87.85,0.5,2,Fresh Starter,Fresh Starter,5.91,1.0,1.0,2,1,22.5,8.2,2747,130,22,237.13,17509,0.3182
0.8205,32,3,10.3,94.88,0.6923,4,Flexible Learner,Flexible Learner,5.33,0.75,-0.4286,4,7,57.87,69.37,2748,208,39,401.87,17510,0.2051
0.8889,24,1,9.54,82.53,1.0,4,Deep Focus Learner,Deep Focus Learner,5.44,1.0,1,1,0,9.17,0.0,2749,147,27,257.7,17511,0.2222
0.5733,43,3,10.89,100.6,1.0,5,Consistent Climber,Consistent Climber,5.37,0.4286,0.1667,7,6,52.8,49.13,2750,403,75,816.82,17512,0.0
0.6667,50,3,11.93,133.32,1.0,5,Consistent Climber,Consistent Climber,4.48,1.0,0.0,3,3,75.32,19.38,2751,336,75,894.7,17513,0.0
0.8065,25,1,12.75,111.06,0.8387,4,Flexible Learner,Flexible Learner,5.84,0.5,-0.3333,2,3,18.75,26.72,2752,181,31,395.18,17514,0.2581
0.6667,40,5,11.98,114.68,1.0,4,Consistent Climber,Consistent Climber,5.32,0.625,7.0,8,1,79.63,8.68,2753,319,60,719.02,17515,0.0
0.5733,43,4,14.33,137.6,1.0,5,Consistent Climber,Consistent Climber,5.45,0.4444,2.0,9,3,64.4,70.48,2754,409,75,1074.9,17516,0.0
0.6438,47,4,11.25,101.79,1.0,5,Consistent Climber,Consistent Climber,5.49,1.0,0.0,4,4,30.1,36.02,2755,401,73,821.15,17517,0.0
1.0,16,1,8.98,78.51,0.5,3,Fresh Starter,Fresh Starter,5.12,1.0,1,1,0,10.25,0.0,2756,82,16,143.72,17518,0.375
0.6102,36,2,10.53,107.99,1.0,4,Consistent Climber,Consistent Climber,4.8,0.6667,-0.4,3,5,18.9,50.78,2757,283,59,621.18,17519,0.0
0.8293,34,4,10.21,92.01,0.7561,5,Flexible Learner,Flexible Learner,5.54,1.0,0.0,4,4,34.95,35.18,2758,227,41,418.67,17520,0.2927
0.7037,38,1,11.44,104.19,1.0,5,High Achiever,High Achiever,5.54,1.0,-0.875,1,8,64.47,77.1,2759,299,54,617.85,17521,0.1852
0.8947,17,1,13.31,144.4,1.0,3,Deep Focus Learner,Deep Focus Learner,4.74,1.0,1,1,0,12.8,0.0,2760,90,19,252.9,17522,0.2105
0.9444,17,1,8.68,82.31,1.0,3,Deep Focus Learner,Deep Focus Learner,5.0,1.0,0.0,1,1,9.1,20.62,2761,90,18,156.23,17523,0.2778
0.6552,38,4,11.11,100.52,1.0,4,Consistent Climber,Consistent Climber,5.48,0.5714,2.5,7,2,62.37,37.28,2762,318,58,644.43,17524,0.0
0.5741,31,2,11.49,102.09,1.0,4,Consistent Climber,Consistent Climber,5.74,0.4,4.0,5,1,45.95,9.77,2763,310,54,620.33,17525,0.0
0.7797,46,4,9.72,85.77,1.0,5,Consistent Climber,Consistent Climber,5.49,1.0,-0.3333,4,6,33.33,48.78,2764,324,59,573.33,17526,0.0
1.0,10,1,12.63,110.16,0.9,1,Fresh Starter,Fresh Starter,5.8,1.0,1,1,0,16.07,0.0,2765,58,10,126.27,17527,0.3
0.8125,39,3,16.26,169.59,0.8125,6,Flexible Learner,Flexible Learner,5.12,1.0,-0.25,3,4,92.05,47.18,2766,246,48,780.43,17528,0.2917
0.913,21,2,11.03,134.11,1.0,3,Deep Focus Learner,Deep Focus Learner,4.13,1.0,1.0,2,1,81.03,12.52,2767,95,23,253.62,17529,0.3043
0.8462,33,2,10.18,88.27,0.7692,3,Flexible Learner,Flexible Learner,5.67,1.0,0.0,2,2,16.98,17.25,2768,221,39,396.9,17530,0.0513
0.8182,18,3,9.44,77.83,1.0,3,Deep Focus Learner,Deep Focus Learner,5.77,1.0,0.5,3,2,26.35,15.63,2769,127,22,207.58,17531,0.2727
0.8889,16,1,9.47,85.72,1.0,2,Deep Focus Learner,Deep Focus Learner,5.39,1.0,1,1,0,6.8,0.0,2770,97,18,170.42,17532,0.2778
1.0,24,3,15.57,127.6,0.5,3,Fresh Starter,Fresh Starter,6.38,1.0,3,3,0,35.87,0.0,2771,153,24,373.72,17533,0.25
0.7955,35,1,12.67,134.14,0.7045,3,Flexible Learner,Flexible Learner,4.84,1.0,-0.6667,1,3,25.1,38.12,2772,213,44,557.52,17534,0.3409
0.88,22,2,8.7,83.29,1.0,2,Deep Focus Learner,Deep Focus Learner,4.76,0.6667,3,3,0,18.72,0.0,2773,119,25,217.55,17535,0.16
0.8519,23,2,10.51,105.84,1.0,2,Deep Focus Learner,Deep Focus Learner,5.0,1.0,0.0,2,2,36.43,62.6,2774,135,27,283.68,17536,0.4074
1.0,22,2,11.58,114.95,0.5455,2,Fresh Starter,Fresh Starter,5.0,1.0,2,2,0,53.67,0.0,2775,110,22,254.83,17537,0.4545
0.8636,19,0,12.22,148.89,1.0,3,Deep Focus Learner,Deep Focus Learner,4.14,0,-1.0,0,2,0.0,11.9,2776,91,22,268.88,17538,0.4545
0.913,21,2,11.99,112.05,1.0,4,Deep Focus Learner,Deep Focus Learner,5.43,1.0,1.0,2,1,18.43,23.62,2777,125,23,275.82,17539,0.4348
1.0,24,1,9.97,87.07,0.7083,4,Fresh Starter,Fresh Starter,5.75,1.0,-0.5,1,2,8.5,19.73,2778,138,24,239.22,17540,0.2917
0.6567,44,3,11.03,97.75,1.0,5,Consistent Climber,Consistent Climber,5.6,0.75,0.3333,4,3,37.2,22.58,2779,375,67,739.17,17541,0.0
0.8095,34,1,14.32,135.74,0.7143,3,Flexible Learner,Flexible Learner,5.43,1.0,-0.8,1,5,65.55,54.1,2780,228,42,601.23,17542,0.2619
0.7258,45,3,12.73,121.28,1.0,6,High Achiever,High Achiever,5.37,1.0,-0.5,3,6,60.23,67.0,2781,333,62,789.45,17543,0.2419
1.0,12,0,15.4,169.96,0.75,1,Fresh Starter,Fresh Starter,4.75,0,-1.0,0,1,0.0,12.27,2782,57,12,184.82,17544,0.25
0.6471,44,2,10.49,94.67,1.0,5,Consistent Climber,Consistent Climber,5.49,0.6667,-0.25,3,4,16.03,28.75,2783,373,68,713.58,17545,0.0
1.0,15,2,8.93,77.08,0.8,1,Fresh Starter,Fresh Starter,5.6,1.0,1.0,2,1,19.22,15.42,2784,84,15,134.02,17546,0.4667
0.7385,48,3,12.59,122.09,1.0,5,Consistent Climber,Consistent Climber,5.29,0.75,-0.5556,4,9,37.97,138.3,2785,344,65,818.25,17547,0.0
0.6582,52,4,13.17,124.8,1.0,6,High Achiever,High Achiever,5.46,0.8,4.0,5,1,39.77,8.62,2786,431,79,1040.67,17548,0.1646
0.8529,29,4,11.16,100.92,1.0,3,Deep Focus Learner,Deep Focus Learner,5.59,0.6667,2.0,6,2,68.43,41.07,2787,190,34,379.3,17549,0.3235
0.8333,40,1,13.7,147.96,0.7708,7,Flexible Learner,Flexible Learner,4.83,1.0,-0.5,1,2,5.15,23.43,2788,232,48,657.72,17550,0.25
0.7612,51,3,11.93,113.21,1.0,6,High Achiever,High Achiever,5.3,0.75,0.3333,4,3,35.7,21.48,2789,355,67,799.55,17551,0.1194
0.913,21,2,8.9,77.97,1.0,2,Deep Focus Learner,Deep Focus Learner,5.26,0.6667,0.0,3,3,23.08,25.92,2790,121,23,204.6,17552,0.3043
0.7234,34,3,12.57,110.72,1.0,3,Consistent Climber,Consistent Climber,5.85,0.4286,1.3333,7,3,133.07,33.93,2791,275,47,590.58,17553,0.0
0.84,21,0,15.38,144.85,1.0,5,Deep Focus Learner,Deep Focus Learner,5.68,0,-1.0,0,2,0.0,26.95,2792,142,25,384.55,17554,0.32
0.8511,40,1,10.14,92.33,0.6809,5,Flexible Learner,Flexible Learner,5.43,0.5,0.0,2,2,21.5,22.12,2793,255,47,476.7,17555,0.2553
0.7273,40,2,12.64,110.85,0.8727,5,Flexible Learner,Flexible Learner,5.76,1.0,-0.3333,2,3,50.93,61.98,2794,317,55,695.03,17556,0.4364
0.6833,41,4,11.14,103.62,1.0,4,Consistent Climber,Consistent Climber,5.33,0.4444,1.25,9,4,141.77,57.87,2795,320,60,668.48,17557,0.0
0.5238,22,1,11.14,108.51,0.3095,3,Weekend Learner,Weekend Learner,5.14,1.0,0.0,1,1,12.13,11.9,2796,216,42,468.05,17558,0.9762
0.7083,34,2,11.86,124.17,1.0,4,Consistent Climber,Consistent Climber,4.81,0.6667,0.0,3,3,47.37,87.1,2797,231,48,569.12,17559,0.0
0.7143,20,2,10.66,94.99,0.2857,2,Weekend Learner,Weekend Learner,5.5,0.6667,2.0,3,1,24.4,8.47,2798,154,28,298.6,17560,0.9643
0.4524,19,2,12.54,129.91,0.119,2,Weekend Learner,Weekend Learner,4.98,0.2,4.0,10,2,142.38,43.68,2799,209,42,526.85,17561,1.0
0.7812,25,0,14.34,133.76,1.0,2,Deep Focus Learner,Deep Focus Learner,5.62,0,-1.0,0,4,0.0,63.47,2800,180,32,458.78,17562,0.2812
1.0,20,1,12.11,108.03,0.65,3,Fresh Starter,Fresh Starter,5.55,1.0,-0.5,1,2,9.3,49.73,2801,111,20,242.25,17563,0.1
0.5862,34,3,11.07,104.67,1.0,5,Consistent Climber,Consistent Climber,5.29,1.0,0.5,3,2,71.22,11.92,2802,307,58,642.05,17564,0.0
0.6508,41,3,14.18,129.17,1.0,4,Consistent Climber,Consistent Climber,5.68,0.6,0.6667,5,3,44.3,86.4,2803,358,63,893.37,17565,0.0
0.9583,23,1,10.71,97.64,1.0,2,Deep Focus Learner,Deep Focus Learner,5.38,1.0,-0.5,1,2,3.35,14.12,2804,129,24,257.07,17566,0.2083
0.8837,38,3,11.87,112.22,0.8372,4,Flexible Learner,Flexible Learner,5.33,1.0,0.0,3,3,28.5,28.43,2805,229,43,510.22,17567,0.3488
0.6479,46,3,13.13,120.98,1.0,5,High Achiever,High Achiever,5.54,0.5,0.0,6,6,130.38,51.38,2806,393,71,931.88,17568,0.1268
0.7368,42,3,14.05,135.43,1.0,5,High Achiever,High Achiever,5.4,1.0,-0.25,3,4,24.37,81.02,2807,308,57,800.82,17569,0.1404
1.0,12,0,15.36,144.35,0.75,2,Fresh Starter,Fresh Starter,5.5,0,-1.0,0,1,0.0,7.98,2808,66,12,184.33,17570,0.3333
0.8148,44,4,13.45,129.95,0.7593,4,Flexible Learner,Flexible Learner,5.41,0.8,0.25,5,4,72.22,45.8,2809,292,54,726.35,17571,0.2222
0.8696,40,3,12.91,134.36,0.8043,4,Flexible Learner,Flexible Learner,4.83,1.0,2.0,3,1,50.78,8.98,2810,222,46,593.93,17572,0.3478
0.6333,38,3,14.87,142.48,1.0,5,Consistent Climber,Consistent Climber,5.4,0.6,-0.1667,5,6,46.82,103.57,2811,324,60,892.08,17573,0.0
1.0,17,1,12.03,131.1,0.7059,2,Fresh Starter,Fresh Starter,4.59,1.0,0.0,1,1,7.9,9.15,2812,78,17,204.58,17574,0.3529
0.6667,36,5,11.02,104.26,1.0,4,Consistent Climber,Consistent Climber,5.28,0.5556,3.5,9,2,63.98,13.95,2813,285,54,595.03,17575,0.0
0.8,16,2,9.76,90.28,1.0,2,Deep Focus Learner,Deep Focus Learner,5.1,1.0,-0.3333,2,3,14.93,23.5,2814,102,20,195.12,17576,0.45
0.8667,26,4,18.03,167.24,1.0,3,Deep Focus Learner,Deep Focus Learner,5.8,0.8,5,5,0,85.2,0.0,2815,174,30,540.8,17577,0.3333
1.0,20,0,12.12,109.11,0.7,2,Fresh Starter,Fresh Starter,5.7,0,0,0,0,0.0,0.0,2816,114,20,242.47,17578,0.3
1.0,13,0,20.41,173.87,0.6923,2,Fresh Starter,Fresh Starter,6.38,0,-1.0,0,1,0.0,10.28,2817,83,13,265.28,17579,0.2308
0.6875,44,3,13.02,140.84,1.0,3,Consistent Climber,Consistent Climber,4.77,0.5,0.5,6,4,86.72,35.2,2818,305,64,833.2,17580,0.0
0.7636,42,1,14.42,139.35,0.7818,5,Flexible Learner,Flexible Learner,5.44,0.5,-0.6667,2,6,24.68,52.3,2819,299,55,792.98,17581,0.2727
0.7907,34,0,9.88,94.93,0.7907,4,Flexible Learner,Flexible Learner,5.05,0,-1.0,0,8,0.0,69.22,2820,217,43,424.75,17582,0.3488
0.6,18,0,11.52,107.23,0.1333,3,Weekend Learner,Weekend Learner,5.47,0,-1.0,0,5,0.0,44.62,2821,164,30,345.73,17583,0.9333
0.7941,27,1,16.18,174.39,1.0,3,Deep Focus Learner,Deep Focus Learner,4.94,1.0,0.0,1,1,22.42,40.12,2822,168,34,550.22,17584,0.2353
0.7619,16,1,9.2,82.73,1.0,2,Deep Focus Learner,Deep Focus Learner,5.14,1.0,-0.5,1,2,9.65,21.05,2823,108,21,193.27,17585,0.3333
0.9048,19,1,8.95,74.4,1.0,2,Deep Focus Learner,Deep Focus Learner,5.71,1.0,1,1,0,4.9,0.0,2824,120,21,187.92,17586,0.2857
0.7778,28,2,13.07,112.0,1.0,4,Deep Focus Learner,Deep Focus Learner,6.06,0.5,3.0,4,1,31.82,6.0,2825,218,36,470.63,17587,0.1389
0.8298,39,5,14.05,132.83,0.8511,6,Flexible Learner,Flexible Learner,5.45,1.0,0.6667,5,3,51.62,66.25,2826,256,47,660.43,17588,0.2766
0.6538,51,3,13.29,128.33,1.0,5,High Achiever,High Achiever,5.38,0.75,-0.3333,4,6,67.42,80.73,2827,420,78,1036.77,17589,0.2436
0.6964,39,2,10.06,90.03,1.0,5,Consistent Climber,Consistent Climber,5.43,0.5,0.0,4,4,42.48,34.62,2828,304,56,563.42,17590,0.0
1.0,10,4,14.38,143.17,0.6,3,Fresh Starter,Fresh Starter,5.2,1.0,4,4,0,84.93,0.0,2829,52,10,143.78,17591,0.0
0.8571,18,1,12.71,123.04,1.0,2,Deep Focus Learner,Deep Focus Learner,5.24,1.0,0.0,1,1,19.45,5.68,2830,110,21,267.0,17592,0.2381
0.6607,37,3,10.73,109.92,1.0,4,Consistent Climber,Consistent Climber,4.86,1.0,2.0,3,1,26.37,21.62,2831,272,56,600.95,17593,0.0
0.7547,40,2,10.7,100.71,0.6415,4,Flexible Learner,Flexible Learner,5.21,1.0,0.0,2,2,20.1,19.35,2832,276,53,567.28,17594,0.3396
0.5208,25,2,13.02,117.63,0.2917,3,Weekend Learner,Weekend Learner,5.69,0.6667,-0.4,3,5,29.0,97.32,2833,273,48,625.03,17595,0.9583
0.7273,16,2,14.44,144.73,0.1364,2,Weekend Learner,Weekend Learner,5.18,0.6667,2.0,3,1,37.85,6.55,2834,114,22,317.7,17596,0.9545
0.5238,22,3,13.01,135.63,0.0952,2,Weekend Learner,Weekend Learner,4.9,0.75,1.0,4,2,43.62,61.22,2835,206,42,546.45,17597,0.9762
1.0,8,0,14.74,149.17,0.625,1,Fresh Starter,Fresh Starter,5.25,0,0,0,0,0.0,0.0,2836,42,8,117.88,17598,0.375
0.6757,25,1,12.81,138.66,0.2432,2,Weekend Learner,Weekend Learner,4.65,1.0,-0.5,1,2,8.5,28.57,2837,172,37,473.93,17599,0.9459
0.6981,37,4,8.59,83.21,1.0,3,Consistent Climber,Consistent Climber,4.87,0.8,-0.1667,5,6,34.52,51.68,2838,258,53,455.47,17600,0.0
1.0,15,1,17.29,165.48,0.5333,4,Fresh Starter,Fresh Starter,5.53,1.0,-0.6667,1,3,10.23,49.8,2839,83,15,259.42,17601,0.3333
0.6053,23,1,9.6,94.04,0.1842,2,Weekend Learner,Weekend Learner,5.0,1.0,-0.8,1,5,6.85,54.52,2840,190,38,364.72,17602,0.9737
1.0,24,1,15.48,141.04,0.5833,2,Fresh Starter,Fresh Starter,5.79,1.0,-0.5,1,2,9.18,18.6,2841,139,24,371.47,17603,0.1667
0.7872,37,3,11.48,110.19,1.0,5,Consistent Climber,Consistent Climber,5.21,1.0,-0.25,3,4,24.45,34.93,2842,245,47,539.48,17604,0.0
0.5714,20,2,11.35,118.17,0.1714,2,Weekend Learner,Weekend Learner,4.74,1.0,0.0,2,2,31.13,17.67,2843,166,35,397.18,17605,1.0
0.6667,26,2,10.29,91.5,0.1538,2,Weekend Learner,Weekend Learner,5.49,1.0,0.0,2,2,10.33,11.27,2844,214,39,401.25,17606,0.9231
0.9062,29,2,11.17,116.88,0.5938,4,Flexible Learner,Flexible Learner,4.69,1.0,-0.3333,2,3,20.32,23.42,2845,150,32,357.58,17607,0.1875
0.8857,31,3,11.8,115.82,1.0,3,Deep Focus Learner,Deep Focus Learner,5.26,1.0,0.0,3,3,22.93,23.93,2846,184,35,412.95,17608,0.3429
0.7451,38,3,18.14,190.84,1.0,4,Consistent Climber,Consistent Climber,5.08,0.75,0.0,4,4,133.4,42.72,2847,259,51,925.03,17609,0.0
0.6528,47,2,10.2,95.59,1.0,4,High Achiever,High Achiever,5.28,1.0,-0.6667,2,6,14.85,42.98,2848,380,72,734.7,17610,0.1944
1.0,16,3,10.35,122.29,0.875,2,Fresh Starter,Fresh Starter,4.31,1.0,0.5,3,2,25.22,31.28,2849,69,16,165.6,17611,0.3125
0.6522,45,3,14.09,142.05,1.0,4,Consistent Climber,Consistent Climber,5.17,1.0,-0.4,3,5,27.93,82.7,2850,357,69,972.45,17612,0.0
1.0,24,0,11.82,114.68,0.625,2,Fresh Starter,Fresh Starter,5.17,0,-1.0,0,2,0.0,23.22,2851,124,24,283.63,17613,0.3333
0.8387,26,2,12.7,139.69,0.6129,2,Flexible Learner,Flexible Learner,4.71,1.0,0.0,2,2,15.32,27.73,2852,146,31,393.85,17614,0.3871
0.7273,16,1,12.82,124.01,1.0,2,Deep Focus Learner,Deep Focus Learner,5.32,1.0,1,1,0,7.15,0.0,2853,117,22,282.03,17615,0.3182
0.625,20,1,15.52,160.25,0.1562,2,Weekend Learner,Weekend Learner,5.09,0.3333,-0.25,3,4,49.42,50.4,2854,163,32,496.78,17616,0.9375
0.8163,40,4,16.47,164.37,0.7959,4,Flexible Learner,Flexible Learner,5.35,0.8,0.0,5,5,87.05,123.08,2855,262,49,806.95,17617,0.2857
0.5926,48,4,14.74,151.55,1.0,6,High Achiever,High Achiever,5.07,0.8,-0.1667,5,6,97.18,98.63,2856,411,81,1194.27,17618,0.1728
0.9,36,3,15.17,152.9,0.65,4,Flexible Learner,Flexible Learner,5.17,1.0,0.5,3,2,41.43,22.62,2857,207,40,606.65,17619,0.275
0.6885,42,3,11.36,99.78,1.0,4,Consistent Climber,Consistent Climber,5.69,0.75,1.0,4,2,41.68,13.8,2858,347,61,693.05,17620,0.0
0.6164,45,2,19.03,187.12,1.0,5,Consistent Climber,Consistent Climber,5.51,0.5,0.3333,4,3,56.87,33.08,2859,402,73,1389.38,17621,0.0
0.4222,19,2,14.2,148.0,0.2222,2,Weekend Learner,Weekend Learner,4.98,0.4,1.5,5,2,62.03,52.45,2860,224,45,638.93,17622,1.0
0.8085,38,2,12.05,110.7,0.6596,4,Flexible Learner,Flexible Learner,5.45,0.5,-0.3333,4,6,57.12,78.6,2861,256,47,566.27,17623,0.3617
0.8,24,1,10.96,98.98,1.0,3,Deep Focus Learner,Deep Focus Learner,5.5,1.0,-0.75,1,4,15.15,37.38,2862,165,30,328.67,17624,0.3
0.8182,27,1,11.66,103.94,0.7576,3,Flexible Learner,Flexible Learner,5.61,0.5,-0.3333,2,3,16.6,27.78,2863,185,33,384.73,17625,0.3636
0.8684,33,1,10.26,92.78,0.7632,4,Flexible Learner,Flexible Learner,5.53,1.0,-0.6667,1,3,15.38,24.68,2864,210,38,389.92,17626,0.1579
0.6462,42,3,14.86,129.76,1.0,3,Consistent Climber,Consistent Climber,6.05,0.75,-0.5,4,8,41.0,77.18,2865,393,65,966.12,17627,0.0
1.0,12,1,11.82,110.08,0.6667,2,Fresh Starter,Fresh Starter,5.42,1.0,1,1,0,9.53,0.0,2866,65,12,141.78,17628,0.4167
1.0,17,1,11.68,140.64,0.9412,2,Fresh Starter,Fresh Starter,4.12,1.0,-0.5,1,2,3.68,67.73,2867,70,17,198.5,17629,0.2941
0.7885,41,0,13.07,134.62,0.8462,7,Flexible Learner,Flexible Learner,4.98,0,-1.0,0,5,0.0,75.43,2868,259,52,679.57,17630,0.2885
0.7778,42,2,12.32,117.27,0.7037,4,Flexible Learner,Flexible Learner,5.31,1.0,-0.3333,2,3,14.12,109.68,2869,287,54,665.03,17631,0.2778
0.575,23,1,11.57,108.85,0.15,2,Weekend Learner,Weekend Learner,5.42,0.3333,-0.25,3,4,33.1,31.23,2870,217,40,462.62,17632,0.925
0.7143,45,3,10.22,85.23,1.0,4,Consistent Climber,Consistent Climber,5.87,0.6,0.25,5,4,41.62,46.05,2871,370,63,643.77,17633,0.0
0.8667,26,2,12.26,128.83,1.0,2,Deep Focus Learner,Deep Focus Learner,4.77,1.0,-0.3333,2,3,16.85,27.6,2872,143,30,367.75,17634,0.3
0.931,27,0,12.83,120.74,0.7931,3,Flexible Learner,Flexible Learner,5.38,0,-1.0,0,2,0.0,46.8,2873,156,29,372.2,17635,0.1379
0.64,16,0,12.28,119.91,0.16,2,Weekend Learner,Weekend Learner,5.12,0,-1.0,0,2,0.0,44.8,2874,128,25,307.08,17636,1.0
0.4792,23,1,15.7,155.06,0.1042,3,Weekend Learner,Weekend Learner,5.33,1.0,-0.75,1,4,4.75,74.08,2875,256,48,753.53,17637,0.9375
0.8889,32,0,11.61,111.96,0.7778,3,Flexible Learner,Flexible Learner,5.14,0,-1.0,0,3,0.0,20.3,2876,185,36,417.87,17638,0.3611
0.7755,38,2,11.84,105.77,0.7143,3,Flexible Learner,Flexible Learner,5.55,0.6667,2.0,3,1,27.2,9.68,2877,272,49,580.03,17639,0.2857
0.68,17,2,14.94,157.68,0.2,2,Weekend Learner,Weekend Learner,4.92,1.0,2,2,0,11.78,0.0,2878,123,25,373.5,17640,0.96
0.84,42,3,10.52,99.08,0.72,4,Flexible Learner,Flexible Learner,5.18,1.0,-0.25,3,4,23.13,70.37,2879,259,50,526.17,17641,0.26
0.8723,41,2,14.62,158.88,0.7021,7,Flexible Learner,Flexible Learner,4.79,1.0,1.0,2,1,34.77,7.83,2880,225,47,687.32,17642,0.2766
0.8684,33,0,15.03,148.04,1.0,4,Deep Focus Learner,Deep Focus Learner,5.29,0,0,0,0,0.0,0.0,2881,201,38,571.22,17643,0.1842
0.6533,49,2,11.67,102.41,1.0,4,High Achiever,High Achiever,5.84,1.0,-0.5,2,4,20.4,38.33,2882,438,75,875.32,17644,0.16
0.8421,32,1,17.45,177.45,0.6579,3,Flexible Learner,Flexible Learner,5.29,0.5,-0.5,2,4,23.27,116.27,2883,201,38,662.98,17645,0.2105
0.6538,51,2,18.73,191.8,1.0,5,Consistent Climber,Consistent Climber,5.29,0.6667,-0.5714,3,7,103.38,120.75,2884,413,78,1461.3,17646,0.0
1.0,9,1,10.51,95.52,0.4444,2,Fresh Starter,Fresh Starter,5.33,1.0,1,1,0,8.0,0.0,2885,48,9,94.6,17647,0.3333
0.7059,36,4,13.97,143.22,1.0,5,Consistent Climber,Consistent Climber,5.08,0.6667,-0.1429,6,7,141.38,61.42,2886,259,51,712.72,17648,0.0
1.0,9,0,19.08,192.45,0.7778,1,Fresh Starter,Fresh Starter,5.22,0,0,0,0,0.0,0.0,2887,47,9,171.75,17649,0.2222
0.5714,20,1,11.66,122.21,0.2286,2,Weekend Learner,Weekend Learner,4.83,0.5,0.0,2,2,94.15,26.5,2888,169,35,408.08,17650,1.0
0.5333,24,2,10.42,87.95,0.3556,2,Weekend Learner,Weekend Learner,5.89,0.6667,-0.4,3,5,34.43,52.97,2889,265,45,468.87,17651,1.0
1.0,17,1,17.72,189.81,0.5882,4,Fresh Starter,Fresh Starter,5.0,1.0,0.0,1,1,14.82,6.37,2890,85,17,301.27,17652,0.2941
0.7593,41,2,15.38,149.39,1.0,3,High Achiever,High Achiever,5.37,1.0,0.0,2,2,26.25,35.72,2891,290,54,830.65,17653,0.1667
0.6769,44,3,11.21,112.35,1.0,5,Consistent Climber,Consistent Climber,4.98,1.0,-0.4,3,5,70.13,37.02,2892,324,65,728.37,17654,0.0
0.8444,38,2,10.3,97.83,0.7778,4,Flexible Learner,Flexible Learner,5.22,0.6667,-0.25,3,4,26.23,39.47,2893,235,45,463.52,17655,0.2889
0.7647,26,1,10.51,87.26,1.0,4,Deep Focus Learner,Deep Focus Learner,5.82,1.0,-0.875,1,8,9.5,68.83,2894,198,34,357.47,17656,0.3529
1.0,21,2,14.65,134.95,0.7143,2,Fresh Starter,Fresh Starter,5.71,1.0,-0.5,2,4,13.65,36.2,2895,120,21,307.73,17657,0.2381
0.7917,38,3,11.36,112.53,0.75,3,Flexible Learner,Flexible Learner,5.17,1.0,-0.4,3,5,80.68,47.25,2896,248,48,545.32,17658,0.2917
0.8387,26,2,9.81,90.14,0.7097,3,Flexible Learner,Flexible Learner,5.13,0.5,3.0,4,1,33.77,9.48,2897,159,31,304.2,17659,0.2258
0.6061,40,3,13.97,140.74,1.0,5,Consistent Climber,Consistent Climber,5.09,0.75,0.3333,4,3,71.8,13.88,2898,336,66,922.05,17660,0.0
0.7213,44,2,17.44,165.82,1.0,4,Consistent Climber,Consistent Climber,5.64,1.0,-0.6,2,5,23.7,126.98,2899,344,61,1064.02,17661,0.0
0.8605,37,2,13.58,144.3,0.8372,4,Flexible Learner,Flexible Learner,4.93,1.0,-0.3333,2,3,21.03,34.52,2900,212,43,583.9,17662,0.2093
0.7895,30,4,10.42,92.04,1.0,4,Deep Focus Learner,Deep Focus Learner,5.53,0.8,-0.2857,5,7,58.42,111.48,2901,210,38,396.0,17663,0.3421
0.6957,32,2,14.69,153.88,1.0,4,Consistent Climber,Consistent Climber,5.0,1.0,-0.6,2,5,21.3,116.92,2902,230,46,675.95,17664,0.0
0.7609,35,4,9.73,83.41,1.0,4,Consistent Climber,Consistent Climber,5.67,0.8,1.5,5,2,49.62,18.03,2903,261,46,447.57,17665,0.0
0.6528,47,4,12.29,128.39,1.0,5,Consistent Climber,Consistent Climber,4.86,0.6667,0.2,6,5,82.43,47.48,2904,350,72,885.2,17666,0.0
1.0,14,0,13.96,130.93,0.7857,4,Fresh Starter,Fresh Starter,5.43,0,0,0,0,0.0,0.0,2905,76,14,195.43,17667,0.2857
0.6452,40,3,15.38,168.38,1.0,4,Consistent Climber,Consistent Climber,4.82,0.5,0.0,6,6,94.92,129.42,2906,299,62,953.67,17668,0.0
0.6349,40,2,9.41,86.93,1.0,5,Consistent Climber,Consistent Climber,5.14,0.5,1.0,4,2,31.97,19.38,2907,324,63,592.87,17669,0.0
0.8333,25,0,16.84,178.17,1.0,4,Deep Focus Learner,Deep Focus Learner,5.1,0,0,0,0,0.0,0.0,2908,153,30,505.05,17670,0.2333
0.7447,35,2,12.56,115.38,1.0,5,Consistent Climber,Consistent Climber,5.6,1.0,-0.5,2,4,13.87,58.93,2909,263,47,590.52,17671,0.0
0.7838,29,2,10.87,102.03,1.0,3,Deep Focus Learner,Deep Focus Learner,5.24,0.6667,0.5,3,2,21.13,36.68,2910,194,37,402.2,17672,0.3243
0.619,26,2,9.94,86.98,0.3333,3,Weekend Learner,Weekend Learner,5.52,0.4,1.5,5,2,43.37,34.47,2911,232,42,417.48,17673,0.9524
0.75,45,0,9.21,85.3,1.0,6,High Achiever,High Achiever,5.25,0,-1.0,0,7,0.0,60.72,2912,315,60,552.55,17674,0.15
0.74,37,3,11.82,111.43,1.0,4,Consistent Climber,Consistent Climber,5.36,1.0,-0.25,3,4,30.48,56.2,2913,268,50,590.77,17675,0.0
0.619,39,3,14.16,142.54,1.0,4,Consistent Climber,Consistent Climber,5.19,0.5,1.0,6,3,54.8,117.75,2914,327,63,892.18,17676,0.0
1.0,16,3,16.59,164.36,0.5,3,Fresh Starter,Fresh Starter,5.38,1.0,3,3,0,28.38,0.0,2915,86,16,265.5,17677,0.25
0.5476,23,1,11.68,105.33,0.1667,2,Weekend Learner,Weekend Learner,5.57,0.3333,0.5,3,2,26.15,18.97,2916,234,42,490.35,17678,0.9524
0.6447,49,4,10.85,104.21,1.0,5,Consistent Climber,Consistent Climber,5.13,1.0,0.3333,4,3,52.6,15.78,2917,390,76,824.78,17679,0.0
1.0,19,2,12.51,116.19,1.0,2,Deep Focus Learner,Deep Focus Learner,5.53,1.0,2,2,0,16.73,0.0,2918,105,19,237.67,17680,0.2105
0.6552,57,3,11.5,111.84,1.0,5,High Achiever,High Achiever,5.14,0.6,-0.2857,5,7,40.48,78.62,2919,447,87,1000.75,17681,0.1379
0.6567,44,2,9.88,84.23,1.0,5,Consistent Climber,Consistent Climber,5.75,0.6667,0.0,3,3,27.07,19.97,2920,385,67,661.97,17682,0.0
0.8222,37,3,12.89,138.88,0.8667,4,Flexible Learner,Flexible Learner,4.8,1.0,-0.5,3,6,37.07,79.73,2921,216,45,580.17,17683,0.3333
0.7556,34,1,10.3,95.82,1.0,2,Consistent Climber,Consistent Climber,5.22,0.5,-0.6667,2,6,17.52,55.82,2922,235,45,463.62,17684,0.0
0.678,40,3,12.24,108.03,1.0,4,High Achiever,High Achiever,5.78,1.0,0.5,3,2,35.87,17.38,2923,341,59,722.18,17685,0.0508
1.0,13,0,8.66,91.41,0.8462,2,Fresh Starter,Fresh Starter,4.46,0,-1.0,0,2,0.0,17.33,2924,58,13,112.62,17686,0.2308
0.8148,44,4,17.07,176.26,0.7593,5,Flexible Learner,Flexible Learner,5.19,1.0,-0.4286,4,7,84.65,79.37,2925,280,54,922.02,17687,0.2963
0.8205,32,2,12.47,142.91,0.8205,3,Flexible Learner,Flexible Learner,4.41,1.0,0.0,2,2,13.43,10.6,2926,172,39,486.27,17688,0.3333
0.7358,39,1,11.91,110.98,1.0,4,Consistent Climber,Consistent Climber,5.45,0.3333,-0.5714,3,7,22.7,71.2,2927,289,53,631.28,17689,0.0
0.6852,37,3,13.2,138.95,1.0,4,Consistent Climber,Consistent Climber,4.89,0.75,0.3333,4,3,89.95,38.47,2928,264,54,713.07,17690,0.0
0.7885,41,1,12.84,131.55,1.0,5,Consistent Climber,Consistent Climber,4.96,1.0,-0.6667,1,3,34.78,25.43,2929,258,52,667.65,17691,0.0
0.64,16,0,10.45,100.17,0.16,2,Weekend Learner,Weekend Learner,5.08,0,-1.0,0,3,0.0,28.92,2930,127,25,261.35,17692,1.0
0.5789,44,5,11.48,107.74,1.0,5,Consistent Climber,Consistent Climber,5.42,0.8333,1.0,6,3,65.3,44.93,2931,412,76,872.23,17693,0.0
0.8696,20,1,10.91,94.7,1.0,4,Deep Focus Learner,Deep Focus Learner,5.74,1.0,0.0,1,1,8.05,9.45,2932,132,23,251.0,17694,0.3043
0.75,36,2,12.66,128.8,1.0,3,Consistent Climber,Consistent Climber,5.1,0.6667,0.5,3,2,31.1,20.3,2933,245,48,607.5,17695,0.0
0.5625,18,1,12.93,116.43,0.2188,2,Weekend Learner,Weekend Learner,5.56,0.3333,3,3,0,85.47,0.0,2934,178,32,413.77,17696,1.0
0.6143,43,3,11.34,106.67,1.0,4,High Achiever,High Achiever,5.3,0.5,0.2,6,5,65.67,54.73,2935,371,70,794.07,17697,0.1714
0.95,19,1,13.05,147.1,1.0,2,Deep Focus Learner,Deep Focus Learner,4.6,1.0,0.0,1,1,6.03,6.68,2936,92,20,261.1,17698,0.35
0.6207,18,2,13.23,145.0,0.1379,2,Weekend Learner,Weekend Learner,4.62,0.4,0.6667,5,3,71.78,31.47,2937,134,29,383.72,17699,1.0
1.0,20,0,8.6,79.98,0.7,2,Fresh Starter,Fresh Starter,5.05,0,-1.0,0,2,0.0,13.45,2938,101,20,172.03,17700,0.1
0.775,31,2,15.57,146.63,0.725,3,Flexible Learner,Flexible Learner,5.62,1.0,-0.5,2,4,36.2,64.67,2939,225,40,622.67,17701,0.275
0.6061,20,2,11.79,111.84,0.1515,2,Weekend Learner,Weekend Learner,5.3,0.6667,0.5,3,2,25.87,78.77,2940,175,33,389.02,17702,0.9697
0.7105,27,2,11.17,109.11,1.0,4,Deep Focus Learner,Deep Focus Learner,5.03,0.6667,2.0,3,1,24.45,7.75,2941,191,38,424.48,17703,0.2632
0.6341,52,2,9.5,84.52,1.0,6,High Achiever,High Achiever,5.45,1.0,-0.6667,2,6,16.52,61.58,2942,447,82,779.28,17704,0.1463
1.0,9,1,9.14,81.37,0.4444,2,Fresh Starter,Fresh Starter,5.11,1.0,0.0,1,1,4.18,8.65,2943,46,9,82.22,17705,0.1111
0.6286,22,0,11.22,108.4,0.2286,2,Weekend Learner,Weekend Learner,5.11,0,-1.0,0,2,0.0,18.02,2944,179,35,392.68,17706,0.9429
0.7031,45,3,11.97,107.89,1.0,5,High Achiever,High Achiever,5.59,0.6,0.25,5,4,49.75,40.73,2945,358,64,765.95,17707,0.0938
0.8462,33,2,13.14,159.78,0.7949,3,Flexible Learner,Flexible Learner,4.28,0.6667,-0.4,3,5,26.48,42.65,2946,167,39,512.55,17708,0.3077
0.4468,21,2,10.85,97.36,0.3191,2,Weekend Learner,Weekend Learner,5.51,0.5,-0.2,4,5,31.45,47.53,2947,259,47,509.97,17709,1.0
0.619,26,1,12.93,128.81,0.119,3,Weekend Learner,Weekend Learner,5.07,0.5,0.0,2,2,49.68,44.82,2948,213,42,543.03,17710,0.9762
0.7692,40,2,14.89,156.1,1.0,3,High Achiever,High Achiever,4.98,1.0,0.0,2,2,25.85,71.52,2949,259,52,774.3,17711,0.1538
0.7097,44,3,15.64,157.94,1.0,5,Consistent Climber,Consistent Climber,5.21,0.6,0.0,5,5,94.17,51.87,2950,323,62,969.98,17712,0.0
0.7576,25,1,13.71,118.42,0.6061,2,Flexible Learner,Flexible Learner,5.91,1.0,-0.6667,1,3,11.93,56.85,2951,195,33,452.32,17713,0.1515
0.9091,20,0,9.99,97.5,1.0,2,Deep Focus Learner,Deep Focus Learner,4.91,0,-1.0,0,2,0.0,15.57,2952,108,22,219.7,17714,0.3182
0.625,55,4,15.83,144.66,1.0,6,High Achiever,High Achiever,5.8,0.8,-0.1667,5,6,112.33,140.43,2953,510,88,1393.43,17715,0.1932
0.5667,17,2,9.36,90.23,0.3667,2,Weekend Learner,Weekend Learner,5.03,0.5,0.3333,4,3,28.62,43.17,2954,151,30,280.67,17716,1.0
0.9667,29,4,15.8,138.02,0.7333,5,Flexible Learner,Flexible Learner,6.03,1.0,3.0,4,1,78.73,7.55,2955,181,30,474.03,17717,0.2667
0.6852,37,2,14.79,134.2,0.8704,6,Flexible Learner,Flexible Learner,5.83,0.6667,-0.25,3,4,30.33,64.4,2956,315,54,798.75,17718,0.3333
0.6964,39,4,11.28,103.28,1.0,5,Consistent Climber,Consistent Climber,5.52,0.4,1.0,10,5,123.38,41.62,2957,309,56,631.68,17719,0.0
0.9444,17,2,10.8,102.92,1.0,2,Deep Focus Learner,Deep Focus Learner,5.17,1.0,1.0,2,1,14.53,20.57,2958,93,18,194.4,17720,0.3333
1.0,19,3,9.37,99.44,0.6316,2,Fresh Starter,Fresh Starter,4.47,1.0,2.0,3,1,22.05,7.03,2959,85,19,177.98,17721,0.4211
0.6667,40,4,12.71,124.51,1.0,3,Consistent Climber,Consistent Climber,5.18,1.0,-0.2,4,5,34.52,47.55,2960,311,60,762.4,17722,0.0
0.7538,49,4,15.69,162.83,1.0,5,Consistent Climber,Consistent Climber,5.15,1.0,1.0,4,2,88.6,16.58,2961,335,65,1020.05,17723,0.0
0.6481,35,4,13.34,130.08,0.7222,3,Flexible Learner,Flexible Learner,5.35,0.5714,2.5,7,2,132.25,31.03,2962,289,54,720.37,17724,0.2037
1.0,9,0,12.54,108.31,0.3333,3,Fresh Starter,Fresh Starter,6.0,0,0,0,0,0.0,0.0,2963,54,9,112.85,17725,0.3333
0.8065,25,3,15.53,153.75,0.8065,3,Flexible Learner,Flexible Learner,5.26,1.0,2.0,3,1,74.22,4.52,2964,163,31,481.42,17726,0.3548
1.0,22,2,13.55,136.72,0.5455,4,Fresh Starter,Fresh Starter,5.27,1.0,2,2,0,16.72,0.0,2965,116,22,298.2,17727,0.4091
0.7037,38,4,9.88,89.24,0.7407,4,Flexible Learner,Flexible Learner,5.37,0.5714,0.4,7,5,59.83,43.52,2966,290,54,533.27,17728,0.4259
1.0,15,1,15.9,160.12,0.7333,2,Fresh Starter,Fresh Starter,5.13,1.0,0.0,1,1,10.07,10.82,2967,77,15,238.48,17729,0.2667
0.84,21,2,12.27,120.95,1.0,2,Deep Focus Learner,Deep Focus Learner,5.16,0.6667,-0.25,3,4,36.7,56.67,2968,129,25,306.8,17730,0.2
0.8222,37,4,12.18,106.3,0.8667,4,Flexible Learner,Flexible Learner,5.8,0.8,1.5,5,2,89.17,45.28,2969,261,45,548.27,17731,0.3333
0.5208,25,2,13.98,148.53,0.1875,3,Weekend Learner,Weekend Learner,4.92,1.0,-0.6,2,5,38.32,52.42,2970,236,48,671.03,17732,0.9792
0.8649,32,1,12.76,117.08,1.0,3,Deep Focus Learner,Deep Focus Learner,5.59,0.5,2,2,0,15.85,0.0,2971,207,37,472.17,17733,0.1622
0.871,27,0,10.8,95.57,1.0,3,Deep Focus Learner,Deep Focus Learner,5.58,0,-1.0,0,3,0.0,27.15,2972,173,31,334.8,17734,0.3226
0.7069,41,3,17.54,176.04,1.0,5,Consistent Climber,Consistent Climber,5.31,0.5,1.0,6,3,109.87,77.5,2973,308,58,1017.12,17735,0.0
0.9259,25,0,11.91,108.83,1.0,3,Deep Focus Learner,Deep Focus Learner,5.56,0,-1.0,0,5,0.0,35.28,2974,150,27,321.58,17736,0.2222
0.7647,39,0,15.49,166.54,0.8235,4,Flexible Learner,Flexible Learner,4.98,0,-1.0,0,4,0.0,54.6,2975,254,51,789.83,17737,0.3137
0.6129,38,4,12.87,125.29,1.0,4,Consistent Climber,Consistent Climber,5.27,0.4444,1.25,9,4,118.8,56.88,2976,327,62,798.07,17738,0.0
1.0,15,0,10.5,89.68,0.8,3,Fresh Starter,Fresh Starter,5.8,0,-1.0,0,1,0.0,11.63,2977,87,15,157.45,17739,0.5333
0.96,24,3,17.66,171.06,1.0,3,Deep Focus Learner,Deep Focus Learner,5.56,1.0,0.5,3,2,29.68,12.2,2978,139,25,441.47,17740,0.24
0.7895,45,4,15.24,161.18,1.0,5,Consistent Climber,Consistent Climber,4.95,1.0,1.0,4,2,52.85,21.88,2979,282,57,868.75,17741,0.0
0.9286,26,2,9.66,86.05,1.0,3,Deep Focus Learner,Deep Focus Learner,5.5,0.6667,2.0,3,1,32.08,8.12,2980,154,28,270.47,17742,0.3571
0.5769,45,4,14.6,136.76,1.0,5,Consistent Climber,Consistent Climber,5.62,0.4444,0.8,9,5,140.98,63.07,2981,438,78,1139.15,17743,0.0
0.7551,37,2,14.09,156.66,1.0,5,Consistent Climber,Consistent Climber,4.69,1.0,-0.3333,2,3,41.8,36.15,2982,230,49,690.5,17744,0.0
0.6585,54,4,17.94,187.07,1.0,4,High Achiever,High Achiever,5.17,0.8,-0.2857,5,7,75.22,72.67,2983,424,82,1471.17,17745,0.1829
0.8333,45,1,12.16,129.67,0.7963,7,Flexible Learner,Flexible Learner,4.81,0.5,-0.7143,2,7,15.05,71.83,2984,260,54,656.9,17746,0.2407
0.8056,29,3,15.75,164.21,0.75,4,Flexible Learner,Flexible Learner,5.14,0.75,0.3333,4,3,38.4,78.42,2985,185,36,566.97,17747,0.3333
0.4667,21,0,9.16,92.63,0.2,2,Weekend Learner,Weekend Learner,4.8,0,-1.0,0,4,0.0,22.55,2986,216,45,412.35,17748,0.9778
0.6923,36,4,11.38,107.24,1.0,5,Consistent Climber,Consistent Climber,5.29,0.5714,-0.125,7,8,100.25,132.92,2987,275,52,591.58,17749,0.0
0.5753,42,2,15.98,166.02,1.0,4,Consistent Climber,Consistent Climber,5.11,1.0,-0.6667,2,6,23.3,128.23,2988,373,73,1166.18,17750,0.0
0.6522,15,1,9.11,78.0,0.2609,2,Weekend Learner,Weekend Learner,5.65,1.0,-0.6667,1,3,9.15,27.65,2989,130,23,209.47,17751,0.9565
0.814,35,2,15.95,148.82,0.8372,4,Flexible Learner,Flexible Learner,5.72,1.0,-0.5,2,4,80.08,80.55,2990,246,43,685.88,17752,0.2791
0.6,27,1,14.72,138.2,0.2222,3,Weekend Learner,Weekend Learner,5.51,1.0,-0.75,1,4,9.87,34.38,2991,248,45,662.18,17753,0.9556
0.7556,34,4,16.79,161.73,1.0,3,Consistent Climber,Consistent Climber,5.6,1.0,1.0,4,2,76.72,23.42,2992,252,45,755.43,17754,0.0
0.6818,15,1,7.37,87.99,0.1364,2,Weekend Learner,Weekend Learner,4.0,1.0,-0.75,1,4,11.47,25.92,2993,88,22,162.23,17755,0.9091
0.6292,56,2,14.77,144.62,1.0,6,High Achiever,High Achiever,5.3,0.5,1.0,4,2,54.92,26.65,2994,472,89,1314.62,17756,0.1124
1.0,21,1,8.46,94.03,0.4286,2,Fresh Starter,Fresh Starter,4.19,1.0,0.0,1,1,4.93,10.63,2995,88,21,177.65,17757,0.381
0.8,24,1,15.58,153.86,1.0,2,Deep Focus Learner,Deep Focus Learner,5.3,1.0,0.0,1,1,4.95,2.28,2996,159,30,467.3,17758,0.2667
0.9643,27,1,9.92,94.48,0.75,4,Flexible Learner,Flexible Learner,5.11,1.0,-0.5,1,2,5.95,43.58,2997,143,28,277.83,17759,0.1786
0.6769,44,2,9.79,86.75,1.0,5,Consistent Climber,Consistent Climber,5.35,0.6667,0.5,3,2,24.78,12.55,2998,348,65,636.08,17760,0.0
0.6061,40,2,13.53,127.14,1.0,4,Consistent Climber,Consistent Climber,5.5,1.0,-0.5,2,4,16.45,66.55,2999,363,66,892.82,17761,0.0
0.6351,47,2,10.98,101.56,1.0,5,Consistent Climber,Consistent Climber,5.36,1.0,-0.5,2,4,21.2,62.6,3000,397,74,812.63,17762,0.0
