active_days,avg_session_minutes,avg_time_per_question,avg_topic_mastery,hard_accuracy_percent,hidden_ability,max_streak,original_profile_target_grade,original_profile_target_score,overall_accuracy,overall_accuracy_percent,paper1_accuracy,paper1_accuracy_percent,paper2_accuracy,paper2_accuracy_percent,persona,recent_accuracy,recent_accuracy_percent,score_ratio_percent,strong_topic_count,study_consistency_score,synthetic_student_index,target_grade,target_score,total_questions_attempted,total_sessions,total_study_minutes,user_id,weak_topic_count
30,9.22,91.11,38.29,25.71,0.6289,4,B,61.2,0.3989,39.89,0.4214,42.14,0.2759,27.59,Flexible Learner,0.3,30.0,45.43,1,66,1,C,53.93,188,39,359.48,14763,11
18,11.56,100.24,63.98,47.73,0.684,3,B+,67.25,0.6,60.0,0.6232,62.32,0.4815,48.15,Weekend Learner,0.6,60.0,67.93,2,39,2,A-,71.12,165,28,323.72,14764,3
56,14.3,142.08,70.45,49.18,0.9169,6,A,88.89,0.6435,64.35,0.7071,70.71,0.5515,55.15,High Achiever,0.8,80.0,76.27,5,90,3,A,84.68,474,90,1287.2,14765,1
34,13.36,139.38,43.63,27.69,0.6171,4,B,61.56,0.3929,39.29,0.3982,39.82,0.3885,38.85,Consistent Climber,0.4,40.0,55.61,1,62,4,C+,56.97,252,51,681.27,14766,13
25,19.6,191.42,44.27,22.73,0.7145,6,B,64.49,0.4038,40.38,0.449,44.9,0.3832,38.32,Deep Focus Learner,0.3,30.0,58.99,1,54,5,C+,59.79,156,28,548.85,14767,6
35,10.13,96.6,35.16,13.95,0.4613,3,E,43.5,0.2823,28.23,0.2955,29.55,0.2121,21.21,Flexible Learner,0.15,15.0,29.01,0,82,6,D,45.23,209,41,415.37,14768,12
39,11.28,106.01,57.41,34.52,0.7147,4,B+,68.18,0.4894,48.94,0.5088,50.88,0.4138,41.38,Flexible Learner,0.5,50.0,54.75,2,70,7,B+,66.92,284,53,597.63,14769,6
26,8.78,82.96,61.88,36.84,0.7637,3,A-,74.86,0.5735,57.35,0.5902,59.02,0.4286,42.86,Deep Focus Learner,0.45,45.0,59.9,3,30,8,B,63.47,136,27,237.0,14770,3
41,12.16,119.91,59.55,38.57,0.7843,5,A,82.39,0.5645,56.45,0.6266,62.66,0.4556,45.56,Consistent Climber,0.55,55.0,67.3,4,90,9,A-,78.56,248,48,583.45,14771,4
20,9.13,77.9,44.46,17.86,0.6251,2,C+,56.97,0.3782,37.82,0.3782,37.82,0.0,0,Deep Focus Learner,0.35,35.0,37.82,1,30,10,D,45.53,119,21,191.65,14772,8
42,11.2,101.53,30.97,16.42,0.4573,5,E,44.4,0.3144,31.44,0.3333,33.33,0.2264,22.64,Flexible Learner,0.35,35.0,31.11,0,94,11,E,44.48,299,55,615.77,14773,16
15,10.75,89.79,39.12,21.43,0.562,2,C,51.55,0.3955,39.55,0.4202,42.02,0.2,20.0,Weekend Learner,0.55,55.0,39.81,0,34,12,E,43.94,134,23,247.2,14774,9
39,11.21,102.66,55.65,31.51,0.7122,5,B+,66.25,0.4804,48.04,0.4887,48.87,0.45,45.0,Flexible Learner,0.75,75.0,53.61,2,42,13,B,60.86,281,51,571.9,14775,7
45,12.26,112.04,65.34,44.07,0.8408,4,A,87.56,0.6129,61.29,0.6577,65.77,0.5089,50.89,Consistent Climber,0.6,60.0,71.64,3,78,14,A-,78.08,372,67,821.68,14776,2
45,15.95,167.39,56.13,29.66,0.745,4,A-,75.47,0.4867,48.67,0.5586,55.86,0.433,43.3,Consistent Climber,0.6,60.0,64.56,1,90,15,A-,74.15,339,66,1052.68,14777,7
17,8.7,75.41,33.74,15.38,0.4618,2,G,38.99,0.3041,30.41,0.2938,29.38,0.4545,45.45,Weekend Learner,0.0,0.0,34.84,0,49,16,E,41.77,171,31,269.82,14778,9
17,13.92,132.46,58.92,35.71,0.6887,2,B+,66.62,0.5597,55.97,0.6806,68.06,0.4194,41.94,Weekend Learner,0.8,80.0,69.75,3,73,17,A-,75.89,134,25,348.08,14779,5
23,10.65,107.92,52.48,44.74,0.6891,2,B,62.44,0.4541,45.41,0.5172,51.72,0.3478,34.78,Weekend Learner,0.35,35.0,52.46,1,66,18,B,62.27,185,38,404.77,14780,7
15,10.39,103.1,42.91,26.09,0.6265,2,C+,56.99,0.4526,45.26,0.4706,47.06,0.4,40.0,Weekend Learner,0.35,35.0,53.95,1,58,19,C+,58.34,137,27,280.47,14781,7
38,10.13,92.18,53.77,37.5,0.696,5,A-,74.3,0.4928,49.28,0.4848,48.48,0.5319,53.19,Consistent Climber,0.55,55.0,55.27,1,58,20,B+,65.76,278,52,526.8,14782,7
35,12.68,121.01,61.25,49.33,0.754,3,A-,78.5,0.5599,55.99,0.587,58.7,0.52,52.0,Consistent Climber,0.4,40.0,68.8,4,42,21,A-,70.19,309,57,722.85,14783,4
29,9.41,90.6,51.14,31.71,0.6267,4,C+,58.58,0.478,47.8,0.4797,47.97,0.4706,47.06,Flexible Learner,0.4,40.0,56.5,1,54,22,B,61.79,182,37,348.32,14784,6
23,15.84,167.81,46.76,43.01,0.7066,2,B+,65.51,0.4601,46.01,0.5591,55.91,0.3833,38.33,Weekend Learner,0.65,65.0,62.86,0,54,23,B,61.78,213,43,681.13,14785,9
18,19.98,193.48,55.71,31.51,0.6645,2,B,62.19,0.519,51.9,0.6279,62.79,0.4783,47.83,Weekend Learner,0.4,40.0,69.15,1,75,24,A-,72.17,158,28,559.33,14786,4
36,11.55,117.27,31.36,8.93,0.4649,4,E,40.91,0.2763,27.63,0.3272,32.72,0.1515,15.15,Flexible Learner,0.1,10.0,31.98,0,82,25,D,45.95,228,45,519.73,14787,13
31,15.8,171.28,48.32,23.88,0.6916,4,B,62.38,0.3871,38.71,0.5333,53.33,0.2883,28.83,Flexible Learner,0.5,50.0,54.09,3,82,26,B,63.94,186,38,600.55,14788,7
18,10.89,105.73,43.22,13.04,0.6127,2,C,50.03,0.3913,39.13,0.4493,44.93,0.2174,21.74,Fresh Starter,0.2,20.0,45.92,1,51,27,D,49.18,92,18,195.98,14789,7
12,8.87,85.24,34.95,8.33,0.5534,1,E,43.57,0.3448,34.48,0.3396,33.96,0.4,40.0,Fresh Starter,0.35,35.0,36.06,0,42,28,E,40.59,58,12,106.47,14790,7
10,9.77,82.91,36.73,9.09,0.5121,2,G,38.62,0.3571,35.71,0.32,32.0,0.6667,66.67,Fresh Starter,0.3,30.0,39.05,0,15,29,E,41.3,56,10,97.68,14791,7
25,12.47,117.39,37.59,22.81,0.6006,3,C,52.38,0.3442,34.42,0.4122,41.22,0.194,19.4,Weekend Learner,0.6,60.0,42.56,1,66,30,D,48.96,215,40,498.95,14792,12
28,9.82,95.81,43.6,28.12,0.6357,4,B,62.35,0.4438,44.38,0.4603,46.03,0.3824,38.24,Flexible Learner,0.4,40.0,50.49,1,30,31,C,51.04,160,32,314.18,14793,9
31,13.71,139.32,54.29,39.29,0.695,4,B+,65.25,0.475,47.5,0.5545,55.45,0.3939,39.39,Flexible Learner,0.45,45.0,57.44,2,42,32,B,63.03,200,38,520.83,14794,5
25,10.99,104.09,52.59,38.71,0.647,4,C+,58.65,0.4655,46.55,0.504,50.4,0.3673,36.73,Deep Focus Learner,0.5,50.0,52.96,1,30,33,C+,57.76,174,33,362.68,14795,5
29,12.75,136.51,35.78,19.05,0.5822,3,C,53.24,0.3354,33.54,0.3488,34.88,0.3194,31.94,Flexible Learner,0.25,25.0,43.08,0,54,34,D,48.72,158,33,420.8,14796,11
24,11.68,108.82,57.28,52.31,0.7146,3,B+,69.04,0.5377,53.77,0.5617,56.17,0.4324,43.24,Weekend Learner,0.5,50.0,56.34,2,54,35,B,63.41,199,37,432.3,14797,5
39,16.25,161.55,76.38,63.87,0.9252,5,A+,97.0,0.7509,75.09,0.8462,84.62,0.6812,68.12,High Achiever,0.75,75.0,88.06,7,30,36,A,83.93,277,52,845.13,14798,0
17,16.09,167.06,51.63,22.0,0.7096,2,B+,66.75,0.4965,49.65,0.6809,68.09,0.4062,40.62,Weekend Learner,0.45,45.0,61.23,3,85,37,B+,66.61,143,28,450.45,14799,7
16,9.13,84.78,54.67,16.67,0.6965,2,B,64.85,0.4632,46.32,0.4474,44.74,0.5263,52.63,Deep Focus Learner,0.4,40.0,52.82,1,24,38,C+,56.74,95,19,173.45,14800,4
31,11.88,122.1,48.78,12.9,0.5599,4,C,52.65,0.4233,42.33,0.3733,37.33,0.4659,46.59,Deep Focus Learner,0.2,20.0,53.71,2,74,39,B,63.09,163,33,392.02,14801,7
28,13.16,138.31,35.6,12.96,0.4522,5,D,45.97,0.3155,31.55,0.4505,45.05,0.1558,15.58,Flexible Learner,0.3,30.0,37.24,0,58,40,E,42.68,168,34,447.52,14802,11
35,11.86,106.48,36.4,20.59,0.5085,5,E,44.92,0.3237,32.37,0.3304,33.04,0.2917,29.17,Flexible Learner,0.2,20.0,38.77,0,70,41,D,46.68,278,49,580.97,14803,13
18,9.2,78.25,27.92,17.65,0.4232,2,G,37.9,0.275,27.5,0.2778,27.78,0.25,25.0,Weekend Learner,0.15,15.0,30.64,0,75,42,G,39.32,120,22,202.5,14804,11
31,8.75,80.54,78.4,60.78,0.8591,2,A+,92.19,0.7043,70.43,0.7056,70.56,0.697,69.7,Consistent Climber,0.8,80.0,75.56,8,94,43,A+,91.4,230,46,402.35,14805,1
26,14.06,161.67,33.15,11.36,0.5448,2,C,50.56,0.2937,29.37,0.3333,33.33,0.254,25.4,Deep Focus Learner,0.3,30.0,39.12,1,74,44,D,46.24,126,28,393.68,14806,10
45,11.7,105.76,46.66,32.0,0.6511,4,B+,65.75,0.4155,41.55,0.4585,45.85,0.2584,25.84,Consistent Climber,0.55,55.0,49.82,0,58,45,C,54.53,414,74,866.02,14807,10
32,11.63,96.61,45.09,46.55,0.6816,3,B+,65.82,0.4758,47.58,0.4856,48.56,0.425,42.5,Flexible Learner,0.5,50.0,54.25,0,54,46,C+,56.82,248,41,476.97,14808,8
16,11.92,127.77,49.14,20.0,0.606,3,D,45.83,0.3919,39.19,0.4,40.0,0.3846,38.46,Fresh Starter,0.35,35.0,50.62,2,24,47,C,50.14,74,16,190.68,14809,5
41,15.12,163.96,28.07,18.75,0.5168,3,D,45.7,0.2591,25.91,0.375,37.5,0.1854,18.54,Flexible Learner,0.1,10.0,35.87,0,98,48,D,46.82,247,51,771.15,14810,13
22,15.61,142.36,36.27,11.59,0.4448,2,E,42.29,0.2788,27.88,0.3088,30.88,0.2333,23.33,Weekend Learner,0.25,25.0,37.17,0,42,49,E,44.69,226,39,608.87,14811,10
46,17.63,176.53,58.96,45.32,0.8494,5,A,85.7,0.5805,58.05,0.6742,67.42,0.5178,51.78,Consistent Climber,0.5,50.0,78.85,4,94,50,A,84.71,329,62,1093.23,14812,5
36,13.35,131.83,65.83,49.5,0.8563,5,A,85.08,0.613,61.3,0.6022,60.22,0.6277,62.77,Consistent Climber,0.45,45.0,74.5,1,70,51,A,80.59,323,62,828.0,14813,1
21,11.78,126.38,13.0,0.0,0.396,2,G,27.68,0.1546,15.46,0.2069,20.69,0.0769,7.69,Fresh Starter,0.05,5.0,22.56,0,42,52,G,23.87,97,21,247.38,14814,12
23,12.85,108.99,63.67,41.67,0.7048,3,B+,66.61,0.5976,59.76,0.6742,67.42,0.3243,32.43,Deep Focus Learner,0.6,60.0,64.88,3,30,53,B+,68.78,169,28,359.92,14815,2
59,16.68,171.31,63.15,45.99,0.7954,6,A-,79.95,0.5775,57.75,0.6265,62.65,0.5484,54.84,High Achiever,0.7,70.0,77.45,4,98,54,A,85.32,445,86,1434.5,14816,4
43,14.13,143.32,66.99,43.01,0.8152,5,A,85.54,0.6124,61.24,0.6693,66.93,0.5573,55.73,High Achiever,0.55,55.0,75.27,4,70,55,A,81.49,258,50,706.38,14817,3
40,9.71,88.14,39.18,22.0,0.5166,4,D,46.18,0.3333,33.33,0.345,34.5,0.2571,25.71,Flexible Learner,0.6,60.0,35.95,0,42,56,E,43.45,264,50,485.53,14818,9
26,13.38,140.37,34.88,22.45,0.5225,2,C,52.25,0.3087,30.87,0.3563,35.63,0.2419,24.19,Flexible Learner,0.45,45.0,37.91,1,66,57,E,44.76,149,30,401.47,14819,10
29,11.05,105.5,55.07,40.0,0.6621,4,C+,59.6,0.4286,42.86,0.4354,43.54,0.4048,40.48,Flexible Learner,0.65,65.0,53.4,3,66,58,B,62.62,189,36,397.82,14820,8
16,12.62,120.17,37.51,28.12,0.5206,2,D,45.83,0.3281,32.81,0.3367,33.67,0.3,30.0,Weekend Learner,0.3,30.0,42.21,0,72,59,D,49.93,128,24,302.98,14821,9
31,15.07,168.1,45.34,25.93,0.7203,2,B+,65.52,0.4051,40.51,0.4198,41.98,0.3947,39.47,Flexible Learner,0.3,30.0,56.12,1,66,60,B,60.11,195,41,617.68,14822,8
41,10.55,102.82,38.3,23.38,0.601,5,B,60.68,0.3817,38.17,0.4038,40.38,0.3077,30.77,Consistent Climber,0.35,35.0,45.47,0,98,61,C+,57.13,338,67,707.1,14823,10
23,9.03,81.96,29.85,4.55,0.403,2,G,32.07,0.2339,23.39,0.2328,23.28,0.25,25.0,Fresh Starter,0.3,30.0,23.71,1,42,62,G,31.99,124,23,207.73,14824,10
31,16.26,163.0,34.12,12.5,0.4986,3,D,47.18,0.267,26.7,0.3333,33.33,0.2266,22.66,Flexible Learner,0.15,15.0,41.48,1,54,63,D,46.53,206,39,634.12,14825,11
33,9.7,97.76,58.61,43.14,0.7405,3,B+,69.57,0.5424,54.24,0.5578,55.78,0.4667,46.67,Flexible Learner,0.45,45.0,60.7,1,62,64,B+,68.89,177,37,358.73,14826,3
36,17.08,177.42,48.1,11.11,0.6058,4,B,62.12,0.336,33.6,0.4831,48.31,0.2561,25.61,Consistent Climber,0.45,45.0,43.58,3,78,65,C+,57.87,253,49,836.7,14827,6
24,11.42,108.22,52.16,27.27,0.6525,3,B,64.2,0.4679,46.79,0.487,48.7,0.4146,41.46,Flexible Learner,0.55,55.0,47.79,2,74,66,B,60.77,156,29,331.18,14828,6
20,12.52,142.94,39.57,33.33,0.669,2,B,64.69,0.404,40.4,0.4545,45.45,0.3788,37.88,Deep Focus Learner,0.55,55.0,60.26,1,54,67,B,61.79,99,22,275.33,14829,7
42,14.39,140.42,29.21,15.58,0.5183,3,D,47.51,0.2784,27.84,0.35,35.0,0.1622,16.22,Flexible Learner,0.3,30.0,35.25,0,90,68,D,45.9,291,55,791.72,14830,13
14,8.77,78.17,66.56,48.39,0.7416,2,A-,71.58,0.6471,64.71,0.6435,64.35,0.75,75.0,Weekend Learner,0.65,65.0,65.57,3,33,69,A-,70.16,119,22,192.88,14831,2
30,11.17,102.13,43.52,31.25,0.5987,3,C,53.81,0.4244,42.44,0.4438,44.38,0.3333,33.33,Deep Focus Learner,0.3,30.0,45.62,0,66,70,C,53.49,205,38,424.63,14832,7
45,11.42,103.59,56.55,29.7,0.6238,3,B+,68.08,0.4849,48.49,0.5202,52.02,0.3377,33.77,Consistent Climber,0.5,50.0,54.99,2,98,71,A-,70.43,398,71,811.17,14833,5
16,13.41,107.15,14.43,3.57,0.3608,2,G,25,0.125,12.5,0.1529,15.29,0.0,0.0,Fresh Starter,0.1,10.0,17.79,0,36,72,G,22.32,104,16,214.63,14834,10
11,16.0,126.42,17.91,5.0,0.3028,2,G,25,0.137,13.7,0.18,18.0,0.0435,4.35,Fresh Starter,0.05,5.0,20.55,0,16,73,G,21.99,73,11,176.03,14835,6
29,13.77,138.5,25.74,15.91,0.5248,4,D,47.51,0.2486,24.86,0.2772,27.72,0.2125,21.25,Deep Focus Learner,0.15,15.0,33.26,0,94,74,E,43.32,181,35,481.78,14836,11
48,10.34,98.03,57.17,37.33,0.67,5,B+,69.4,0.4958,49.58,0.5192,51.92,0.3939,39.39,Consistent Climber,0.45,45.0,53.85,1,78,75,B+,65.98,353,68,702.8,14837,4
31,10.49,98.79,38.64,20.0,0.474,3,D,47.37,0.3497,34.97,0.3673,36.73,0.2778,27.78,Flexible Learner,0.5,50.0,40.11,0,42,76,E,43.02,183,35,367.13,14838,9
13,12.21,151.88,14.07,0.0,0.4286,4,G,31.65,0.1346,13.46,0.1579,15.79,0.1212,12.12,Fresh Starter,0.25,25.0,20.99,0,31,77,G,20,52,13,158.77,14839,8
23,12.2,140.78,31.37,4.88,0.4595,2,D,45.81,0.2667,26.67,0.3375,33.75,0.21,21.0,Weekend Learner,0.15,15.0,33.53,0,42,78,G,37.43,180,41,500.4,14840,12
33,11.02,115.89,50.73,42.5,0.6812,4,B+,66.09,0.4675,46.75,0.5047,50.47,0.4032,40.32,Flexible Learner,0.35,35.0,59.4,1,90,79,B+,68.75,169,36,396.75,14841,8
20,11.99,94.92,33.3,22.58,0.5465,2,D,48.57,0.3379,33.79,0.3471,34.71,0.2917,29.17,Deep Focus Learner,0.45,45.0,40.8,0,42,80,E,44.94,145,23,275.88,14842,9
29,12.78,112.11,35.45,13.64,0.5514,4,C,50.2,0.2973,29.73,0.3497,34.97,0.119,11.9,Deep Focus Learner,0.45,45.0,32.73,1,58,81,E,41.67,185,32,408.8,14843,10
43,9.37,80.36,58.06,51.56,0.6896,4,A-,73.77,0.5331,53.31,0.5392,53.92,0.4615,46.15,Consistent Climber,0.75,75.0,56.36,3,82,82,B+,69.66,332,59,552.8,14844,5
22,11.58,135.2,25.23,1.96,0.4205,2,G,38.48,0.2118,21.18,0.2447,24.47,0.1835,18.35,Weekend Learner,0.1,10.0,31.34,0,90,83,E,41.27,203,47,544.23,14845,17
10,8.5,73.38,24.99,18.18,0.449,2,G,32.23,0.2545,25.45,0.2642,26.42,0.0,0.0,Fresh Starter,0.2,20.0,27.07,0,15,84,G,27.79,55,10,85.03,14846,8
35,10.14,102.53,34.25,24.32,0.6209,3,C+,56.95,0.3163,31.63,0.3235,32.35,0.2889,28.89,Flexible Learner,0.45,45.0,36.28,0,78,85,D,46.94,215,44,446.18,14847,11
43,15.61,162.84,69.26,52.54,0.8807,4,A,89.7,0.6534,65.34,0.7216,72.16,0.6167,61.67,High Achiever,0.65,65.0,81.1,5,66,86,A,84.04,277,55,858.35,14848,3
40,11.75,117.2,24.98,10.0,0.4537,5,E,40.36,0.2407,24.07,0.2718,27.18,0.16,16.0,Flexible Learner,0.2,20.0,30.87,0,42,87,G,33.76,270,53,622.72,14849,15
39,12.82,115.52,26.32,13.85,0.4559,4,G,39.17,0.2213,22.13,0.25,25.0,0.1449,14.49,Flexible Learner,0.2,20.0,27.29,0,66,88,G,33.86,253,45,577.02,14850,15
22,10.62,97.64,56.16,25.0,0.6654,2,B,62.67,0.5165,51.65,0.5442,54.42,0.4,40.0,Weekend Learner,0.45,45.0,54.83,2,54,89,B,62.76,182,34,361.03,14851,5
49,16.1,148.13,64.58,41.82,0.8477,5,A,87.27,0.612,61.2,0.7082,70.82,0.489,48.9,Consistent Climber,0.8,80.0,75.18,3,98,90,A,83.99,415,72,1159.28,14852,2
46,11.57,115.79,67.42,45.45,0.7996,3,A,85.8,0.6178,61.78,0.6627,66.27,0.4946,49.46,High Achiever,0.55,55.0,71.29,4,90,91,A,81.23,348,69,798.3,14853,2
21,11.95,124.19,44.73,22.73,0.5492,2,C,50.66,0.4245,42.45,0.4839,48.39,0.3409,34.09,Deep Focus Learner,0.5,50.0,45.86,1,42,92,C,50.05,106,22,262.98,14854,6
40,11.17,104.9,40.35,19.4,0.5169,5,D,48.7,0.322,32.2,0.3443,34.43,0.2308,23.08,Flexible Learner,0.45,45.0,35.25,1,82,93,C,50.4,264,49,547.5,14855,12
26,11.44,104.04,57.01,28.26,0.706,3,B+,68.81,0.5093,50.93,0.5109,51.09,0.5,50.0,Deep Focus Learner,0.35,35.0,57.05,1,90,94,B+,68.35,161,30,343.25,14856,5
37,10.09,87.56,44.96,27.59,0.5957,4,C+,56.52,0.4105,41.05,0.4157,41.57,0.3667,36.67,Flexible Learner,0.75,75.0,44.66,0,70,95,C,54.39,285,51,514.83,14857,7
38,12.99,137.43,58.95,30.67,0.7352,4,A-,71.6,0.5304,53.04,0.5917,59.17,0.4636,46.36,Flexible Learner,0.55,55.0,66.11,2,66,96,A-,73.2,230,47,610.53,14858,3
59,10.4,90.42,78.13,70.37,0.8747,6,A+,93.41,0.7702,77.02,0.778,77.8,0.726,72.6,High Achiever,0.9,90.0,81.63,7,90,97,A+,92.8,483,85,883.92,14859,0
33,12.4,123.61,34.26,25.0,0.589,4,B,60.27,0.3866,38.66,0.4258,42.58,0.3133,31.33,Consistent Climber,0.3,30.0,47.74,0,98,98,C+,55.97,238,46,570.32,14860,11
11,15.55,129.99,27.26,5.26,0.5134,1,G,37.02,0.2206,22.06,0.2826,28.26,0.0909,9.09,Fresh Starter,0.3,30.0,22.63,0,28,99,G,28.91,68,11,171.03,14861,5
20,17.12,164.76,43.05,38.6,0.7959,3,A-,75.55,0.4322,43.22,0.5143,51.43,0.3125,31.25,Deep Focus Learner,0.55,55.0,56.88,1,66,100,B,61.0,118,21,359.43,14862,6
37,13.96,140.46,51.55,36.47,0.6798,5,B+,68.64,0.4667,46.67,0.5532,55.32,0.3819,38.19,Consistent Climber,0.6,60.0,59.05,0,70,101,B+,65.64,285,55,767.62,14863,6
26,12.79,112.77,55.47,36.0,0.6345,3,B,62.01,0.475,47.5,0.5,50.0,0.4219,42.19,Flexible Learner,0.5,50.0,57.63,5,54,102,B,64.57,200,35,447.72,14864,7
46,12.41,133.25,70.34,54.29,0.8398,5,A,87.96,0.6816,68.16,0.6851,68.51,0.678,67.8,Consistent Climber,0.8,80.0,79.13,6,82,103,A,85.14,358,77,955.73,14865,2
29,12.87,112.79,54.41,50.0,0.7125,3,B+,66.2,0.586,58.6,0.6194,61.94,0.5,50.0,Flexible Learner,0.4,40.0,66.35,0,54,104,B+,68.67,186,32,411.95,14866,4
24,9.84,86.88,56.38,14.81,0.6537,2,B,60.23,0.443,44.3,0.437,43.7,0.4783,47.83,Deep Focus Learner,0.45,45.0,47.45,3,46,105,C+,59.8,158,29,285.25,14867,6
30,11.04,108.78,50.2,41.3,0.6616,2,B,64.36,0.5217,52.17,0.558,55.8,0.413,41.3,Deep Focus Learner,0.45,45.0,60.42,1,70,106,B+,66.88,184,37,408.6,14868,6
39,14.01,147.34,47.81,33.75,0.6316,5,B+,66.88,0.427,42.7,0.5082,50.82,0.3648,36.48,Consistent Climber,0.35,35.0,56.77,0,98,107,B+,65.54,281,57,798.43,14869,9
27,9.94,87.8,55.59,38.24,0.6771,3,B,61.91,0.4969,49.69,0.5211,52.11,0.3333,33.33,Deep Focus Learner,0.55,55.0,52.85,2,42,108,C+,58.71,163,30,298.18,14870,5
27,13.73,129.61,38.96,26.53,0.666,2,B,63.3,0.3989,39.89,0.4496,44.96,0.2881,28.81,Flexible Learner,0.45,45.0,49.6,0,54,109,D,48.66,188,34,466.82,14871,8
28,13.0,123.81,55.23,43.64,0.7426,6,B+,68.95,0.5389,53.89,0.5893,58.93,0.4364,43.64,Deep Focus Learner,0.45,45.0,63.8,2,30,110,B,64.55,167,31,403.0,14872,4
29,11.57,110.07,36.03,30.23,0.5999,3,C+,56.45,0.3515,35.15,0.3704,37.04,0.2667,26.67,Flexible Learner,0.4,40.0,40.92,1,42,111,E,43.5,165,31,358.8,14873,10
26,10.88,117.9,43.51,16.0,0.6075,2,C+,59.6,0.3643,36.43,0.369,36.9,0.3571,35.71,Flexible Learner,0.35,35.0,50.18,1,42,112,C,51.24,140,31,337.37,14874,9
48,10.52,92.96,69.71,55.34,0.8594,5,A,87.89,0.6735,67.35,0.7072,70.72,0.4255,42.55,Consistent Climber,0.8,80.0,72.23,4,78,113,A,82.22,392,70,736.65,14875,2
37,12.8,131.52,57.32,38.64,0.7416,5,A-,71.26,0.5261,52.61,0.5633,56.33,0.4615,46.15,Flexible Learner,0.5,50.0,62.08,1,54,114,B+,67.26,249,50,639.83,14876,3
43,13.64,129.05,54.85,38.3,0.6432,4,B+,67.2,0.4773,47.73,0.4949,49.49,0.4511,45.11,Consistent Climber,0.5,50.0,59.83,2,78,115,B+,65.51,331,60,818.33,14877,7
22,11.89,105.01,25.42,10.0,0.4236,3,G,36.32,0.25,25.0,0.2757,27.57,0.1569,15.69,Weekend Learner,0.1,10.0,29.31,0,66,116,G,36.14,236,41,487.63,14878,8
49,11.98,109.02,68.04,45.86,0.8416,4,A,84.95,0.6193,61.93,0.6592,65.92,0.4699,46.99,High Achiever,0.65,65.0,67.31,3,82,117,A-,78.45,394,71,850.55,14879,3
24,10.01,95.1,50.07,35.14,0.6715,2,B,62.69,0.5137,51.37,0.5124,51.24,0.52,52.0,Deep Focus Learner,0.7,70.0,56.81,0,42,118,C+,56.81,146,29,290.32,14880,4
22,9.21,82.56,47.04,35.29,0.5693,2,C,50.23,0.3866,38.66,0.386,38.6,0.3913,39.13,Weekend Learner,0.35,35.0,42.94,2,78,119,C+,55.88,194,36,331.62,14881,9
47,11.66,119.65,56.98,35.71,0.6814,5,A-,70.49,0.5014,50.14,0.5302,53.02,0.4463,44.63,Consistent Climber,0.4,40.0,62.01,1,66,120,B+,68.66,353,71,827.87,14882,6
25,9.01,86.07,49.91,34.55,0.7325,2,A-,70.53,0.4847,48.47,0.4901,49.01,0.4444,44.44,Weekend Learner,0.35,35.0,52.73,1,42,121,C+,56.66,229,45,405.37,14883,6
38,13.89,127.84,53.81,33.33,0.7068,3,B+,68.74,0.5496,54.96,0.625,62.5,0.4245,42.45,Flexible Learner,0.45,45.0,62.03,1,66,122,B+,67.12,282,50,694.73,14884,3
29,10.5,97.6,57.4,34.38,0.695,2,B,64.03,0.5864,58.64,0.6098,60.98,0.5128,51.28,Deep Focus Learner,0.7,70.0,65.05,2,30,123,B+,65.32,162,31,325.38,14885,5
38,11.24,97.38,48.02,30.0,0.5989,4,C+,58.0,0.4869,48.69,0.5253,52.53,0.32,32.0,Flexible Learner,0.6,60.0,52.68,0,46,124,C+,56.9,267,46,517.18,14886,7
19,15.85,159.74,33.07,12.0,0.5244,2,E,41.45,0.3,30.0,0.3871,38.71,0.2609,26.09,Fresh Starter,0.25,25.0,43.16,1,28,125,E,44.43,100,19,301.07,14887,9
36,15.94,163.11,41.48,31.4,0.613,4,B,62.96,0.3954,39.54,0.4327,43.27,0.3711,37.11,Consistent Climber,0.35,35.0,53.18,0,70,126,C+,56.07,263,51,812.88,14888,9
44,16.38,173.88,64.63,46.04,0.7958,5,A,82.75,0.5863,58.63,0.6696,66.96,0.543,54.3,Consistent Climber,0.75,75.0,77.21,3,58,127,A,80.31,336,67,1097.58,14889,5
31,10.6,89.48,45.96,30.95,0.6377,3,B,60.6,0.4903,49.03,0.5141,51.41,0.3448,34.48,Deep Focus Learner,0.3,30.0,52.22,0,78,128,C+,59.58,206,36,381.68,14890,7
26,11.31,104.68,67.32,54.35,0.7783,3,A-,72.28,0.6585,65.85,0.6719,67.19,0.6111,61.11,Deep Focus Learner,0.7,70.0,74.95,5,66,129,A,81.21,164,30,339.35,14891,2
37,14.94,143.37,46.4,24.36,0.6002,4,B+,65.98,0.4183,41.83,0.4853,48.53,0.3465,34.65,Consistent Climber,0.5,50.0,56.05,0,66,130,C+,59.85,263,48,717.02,14892,7
15,8.82,82.81,42.56,33.33,0.5814,2,D,45.24,0.3919,39.19,0.4211,42.11,0.2941,29.41,Fresh Starter,0.25,25.0,42.07,1,62,131,C,54.12,74,15,132.33,14893,4
16,15.88,147.57,41.5,26.67,0.6287,2,C+,58.69,0.4239,42.39,0.4951,49.51,0.3333,33.33,Weekend Learner,0.45,45.0,55.5,0,84,132,B,61.5,184,32,508.12,14894,8
51,12.47,113.88,68.02,52.0,0.851,5,A,87.35,0.656,65.6,0.7065,70.65,0.5317,53.17,High Achiever,0.7,70.0,76.29,3,94,133,A,86.39,436,78,972.45,14895,0
30,11.42,129.94,55.98,22.58,0.6981,3,B,64.82,0.4895,48.95,0.5397,53.97,0.45,45.0,Deep Focus Learner,0.6,60.0,60.07,1,30,134,B,60.9,143,32,365.55,14896,6
48,11.77,108.8,69.81,57.03,0.8949,5,A+,91.42,0.6541,65.41,0.6519,65.19,0.6604,66.04,High Achiever,0.6,60.0,74.26,3,90,135,A,83.03,399,73,859.15,14897,0
24,15.0,157.21,47.58,28.57,0.6547,3,C+,59.4,0.4201,42.01,0.5333,53.33,0.3611,36.11,Weekend Learner,0.35,35.0,57.08,1,90,136,B+,66.75,219,44,659.97,14898,8
44,10.93,99.18,56.65,37.38,0.7315,5,A-,73.44,0.4852,48.52,0.5015,50.15,0.4058,40.58,Consistent Climber,0.7,70.0,52.75,2,78,137,B+,69.16,406,73,797.53,14899,7
8,17.12,219.21,40.11,15.0,0.5153,1,G,40.0,0.2353,23.53,0.25,25.0,0.2333,23.33,Fresh Starter,0.2,20.0,42.54,1,12,138,G,39.82,34,8,136.98,14900,3
43,9.86,91.2,33.47,25.93,0.4839,5,E,44.45,0.3287,32.87,0.3432,34.32,0.2642,26.42,Flexible Learner,0.25,25.0,33.01,1,100,139,D,49.58,289,54,532.65,14901,12
44,10.43,89.85,75.22,56.04,0.8609,5,A,86.45,0.7079,70.79,0.7264,72.64,0.5918,59.18,High Achiever,0.5,50.0,75.96,7,78,140,A,85.71,356,63,657.28,14902,1
16,19.59,178.59,47.03,7.41,0.5797,2,C,51.13,0.3566,35.66,0.5231,52.31,0.2179,21.79,Weekend Learner,0.3,30.0,47.3,1,60,141,C,53.39,143,24,470.18,14903,5
56,15.0,149.22,71.58,53.05,0.9365,5,A+,94.96,0.6573,65.73,0.6911,69.11,0.6111,61.11,High Achiever,0.7,70.0,78.31,4,98,142,A,88.77,426,81,1214.98,14904,1
14,8.24,78.42,34.36,36.36,0.4593,3,G,33.76,0.3472,34.72,0.3651,36.51,0.2222,22.22,Fresh Starter,0.2,20.0,33.93,0,33,143,G,39.07,72,14,115.33,14905,6
21,15.03,184.79,45.21,8.82,0.6424,3,B,61.25,0.3474,34.74,0.4091,40.91,0.3288,32.88,Deep Focus Learner,0.4,40.0,47.11,1,42,144,C,51.2,95,22,330.7,14906,6
35,12.25,118.12,37.2,15.71,0.5004,4,E,43.81,0.2869,28.69,0.3368,33.68,0.1311,13.11,Flexible Learner,0.05,5.0,33.09,1,82,145,C,50.12,251,48,588.03,14907,10
26,12.37,106.79,49.76,34.04,0.7358,5,B+,69.99,0.4885,48.85,0.5255,52.55,0.3514,35.14,Flexible Learner,0.35,35.0,54.41,2,78,146,B,63.35,174,30,371.03,14908,6
21,13.23,139.8,13.06,3.85,0.3229,3,G,25,0.1078,10.78,0.1525,15.25,0.0465,4.65,Fresh Starter,0.15,15.0,16.61,0,30,147,G,20,102,21,277.93,14909,12
25,14.46,132.07,48.17,32.08,0.6529,3,B+,65.19,0.4702,47.02,0.5607,56.07,0.3115,31.15,Flexible Learner,0.15,15.0,54.56,1,100,148,B+,66.73,168,30,433.95,14910,8
40,15.87,140.17,42.48,14.85,0.5832,4,C+,55.36,0.2947,29.47,0.3679,36.79,0.1651,16.51,Flexible Learner,0.25,25.0,35.24,1,42,149,E,41.49,302,51,809.47,14911,13
46,12.48,120.8,68.59,49.14,0.8115,5,A,84.27,0.6436,64.36,0.6916,69.16,0.563,56.3,High Achiever,0.85,85.0,75.02,4,98,150,A,85.62,362,70,873.58,14912,2
36,12.11,129.17,37.01,21.74,0.531,3,D,49.37,0.2947,29.47,0.3279,32.79,0.2353,23.53,Flexible Learner,0.5,50.0,35.18,1,78,151,D,45.95,190,40,484.23,14913,9
25,15.58,131.26,59.62,28.95,0.692,2,B+,66.76,0.506,50.6,0.5402,54.02,0.4691,46.91,Deep Focus Learner,0.55,55.0,64.08,2,42,152,B+,67.37,168,27,420.65,14914,4
29,9.61,85.14,44.82,20.93,0.6282,5,C+,59.34,0.36,36.0,0.3659,36.59,0.2727,27.27,Deep Focus Learner,0.45,45.0,39.6,3,54,153,D,47.08,175,32,307.57,14915,8
25,12.94,118.54,57.96,53.23,0.7441,3,A-,70.02,0.5621,56.21,0.6077,60.77,0.4103,41.03,Deep Focus Learner,0.45,45.0,62.93,2,78,154,A-,72.63,169,30,388.33,14916,5
20,11.74,124.11,22.99,3.57,0.4946,2,G,32.24,0.2165,21.65,0.2714,27.14,0.0741,7.41,Fresh Starter,0.2,20.0,28.48,0,54,155,G,32.42,97,20,234.8,14917,10
33,12.5,119.25,38.55,18.0,0.4623,3,E,41.98,0.3088,30.88,0.3361,33.61,0.2683,26.83,Flexible Learner,0.45,45.0,39.03,1,42,156,E,42.31,204,38,474.97,14918,11
34,12.29,139.48,37.63,25.0,0.6272,4,C+,59.2,0.3854,38.54,0.4483,44.83,0.339,33.9,Flexible Learner,0.4,40.0,54.32,0,54,157,C+,55.57,205,46,565.35,14919,9
15,12.37,143.88,35.15,14.29,0.4833,2,D,45.11,0.3163,31.63,0.3721,37.21,0.2727,27.27,Weekend Learner,0.35,35.0,47.79,0,34,158,D,47.15,98,22,272.17,14920,9
18,14.14,156.73,23.36,7.84,0.4726,2,E,41.29,0.2215,22.15,0.2881,28.81,0.1778,17.78,Weekend Learner,0.25,25.0,30.4,0,27,159,G,33.08,149,32,452.52,14921,12
36,11.27,98.47,23.94,15.79,0.4683,3,E,44.85,0.2289,22.89,0.2373,23.73,0.1875,18.75,Flexible Learner,0.15,15.0,27.74,0,70,160,G,35.55,284,50,563.4,14922,15
36,10.42,94.01,43.47,22.22,0.5742,5,C,52.17,0.3472,34.72,0.3466,34.66,0.35,35.0,Flexible Learner,0.55,55.0,42.19,2,54,161,D,49.2,216,39,406.33,14923,9
23,12.68,121.13,24.29,14.29,0.448,2,G,37.7,0.2381,23.81,0.2992,29.92,0.1129,11.29,Weekend Learner,0.15,15.0,27.47,0,42,162,G,30.21,189,35,443.73,14924,13
30,11.15,98.88,27.21,10.42,0.4686,4,E,41.96,0.2387,23.87,0.2626,26.26,0.1395,13.95,Flexible Learner,0.05,5.0,27.14,0,42,163,G,32.24,222,40,445.95,14925,11
29,9.74,89.98,44.89,31.43,0.6072,3,C+,55.25,0.399,39.9,0.4277,42.77,0.2647,26.47,Deep Focus Learner,0.45,45.0,39.83,0,82,164,C,54.5,193,37,360.28,14926,6
25,11.92,105.95,51.39,29.17,0.7218,2,B+,66.13,0.458,45.8,0.4794,47.94,0.3636,36.36,Weekend Learner,0.5,50.0,53.62,3,66,165,B,60.8,238,42,500.83,14927,6
23,15.75,154.2,50.87,33.33,0.7019,3,B+,65.37,0.4928,49.28,0.566,56.6,0.4175,41.75,Weekend Learner,0.5,50.0,67.75,1,90,166,A-,74.06,209,39,614.12,14928,7
40,10.73,95.59,44.55,20.31,0.5761,4,C,50.9,0.3627,36.27,0.377,37.7,0.2791,27.91,Flexible Learner,0.35,35.0,40.51,1,90,167,C+,55.48,295,53,568.82,14929,10
17,12.71,152.42,21.4,16.67,0.4427,2,G,39.24,0.2182,21.82,0.2444,24.44,0.2,20.0,Weekend Learner,0.1,10.0,32.14,0,61,168,G,33.89,110,26,330.57,14930,13
45,10.16,87.66,63.17,35.94,0.8582,5,A,84.48,0.6206,62.06,0.6203,62.03,0.6222,62.22,Consistent Climber,0.45,45.0,67.85,5,70,169,A-,74.83,311,56,568.85,14931,4
28,11.27,98.85,54.26,30.95,0.6998,4,B,61.75,0.4742,47.42,0.522,52.2,0.2571,25.71,Deep Focus Learner,0.3,30.0,48.08,1,30,170,C,54.54,194,34,383.02,14932,6
41,14.99,151.89,35.31,21.69,0.5971,4,C+,56.18,0.337,33.7,0.4091,40.91,0.2875,28.75,Flexible Learner,0.2,20.0,53.57,0,54,171,C,53.35,270,52,779.7,14933,11
26,11.55,127.79,35.77,22.22,0.6318,4,C+,58.18,0.3478,34.78,0.3558,35.58,0.3333,33.33,Deep Focus Learner,0.4,40.0,50.47,1,30,172,D,48.93,161,35,404.38,14934,11
19,8.36,90.04,51.01,33.33,0.7174,2,B+,67.52,0.4941,49.41,0.5205,52.05,0.3333,33.33,Deep Focus Learner,0.55,55.0,51.26,3,40,173,C+,55.01,85,20,167.2,14935,6
30,11.18,101.9,63.16,43.9,0.7147,7,A-,70.28,0.5732,57.32,0.5814,58.14,0.5429,54.29,Flexible Learner,0.8,80.0,63.85,2,46,174,A-,71.61,164,30,335.35,14936,3
31,12.88,146.85,37.89,22.0,0.6118,6,C+,56.78,0.3779,37.79,0.4776,47.76,0.3143,31.43,Flexible Learner,0.3,30.0,52.47,1,78,175,C+,57.91,172,38,489.27,14937,11
23,10.31,92.18,52.74,35.59,0.6641,3,C+,58.14,0.5294,52.94,0.5472,54.72,0.4419,44.19,Weekend Learner,0.8,80.0,53.23,1,78,176,B,63.86,255,47,484.5,14938,7
21,13.76,140.31,42.6,23.21,0.5731,2,C,53.96,0.3047,30.47,0.3505,35.05,0.2721,27.21,Weekend Learner,0.35,35.0,46.68,2,42,177,D,49.62,233,46,632.78,14939,9
21,14.33,137.13,50.77,25.4,0.7288,2,B+,67.21,0.4615,46.15,0.5118,51.18,0.3936,39.36,Weekend Learner,0.55,55.0,59.69,1,66,178,B,62.77,221,41,587.37,14940,8
31,11.06,103.92,51.02,27.27,0.6008,3,C+,59.11,0.4726,47.26,0.5183,51.83,0.2703,27.03,Flexible Learner,0.55,55.0,53.35,2,78,179,B,62.58,201,38,420.1,14941,6
25,10.48,95.65,29.44,2.86,0.4488,2,E,42.17,0.2337,23.37,0.2468,24.68,0.1667,16.67,Weekend Learner,0.15,15.0,28.73,1,90,180,E,42.2,184,35,366.65,14942,13
48,12.93,115.21,64.35,37.06,0.7827,5,A,82.73,0.5942,59.42,0.6389,63.89,0.4333,43.33,High Achiever,0.45,45.0,64.93,7,46,181,A-,71.27,414,73,944.18,14943,4
30,17.21,183.02,55.88,34.02,0.7719,2,A-,76.44,0.5215,52.15,0.6154,61.54,0.4537,45.37,Deep Focus Learner,0.25,25.0,69.29,1,42,182,B+,69.45,186,37,636.82,14944,4
22,11.55,98.59,30.62,10.64,0.4503,2,E,41.89,0.3036,30.36,0.3119,31.19,0.2667,26.67,Weekend Learner,0.25,25.0,32.8,0,66,183,E,42.0,247,42,485.2,14945,10
47,16.65,170.68,35.61,32.09,0.6089,5,C+,59.39,0.3452,34.52,0.3902,39.02,0.3247,32.47,Consistent Climber,0.2,20.0,52.4,0,90,184,C+,58.69,394,76,1265.57,14946,15
41,16.52,177.32,45.15,31.9,0.7152,5,A-,72.3,0.4311,43.11,0.5593,55.93,0.3394,33.94,Consistent Climber,0.45,45.0,60.3,0,78,185,B,62.32,283,57,941.65,14947,9
23,13.83,141.89,38.1,18.42,0.5196,2,C,50.12,0.3692,36.92,0.3971,39.71,0.3387,33.87,Deep Focus Learner,0.35,35.0,42.34,0,42,186,E,43.97,130,26,359.55,14948,10
29,14.46,148.18,40.54,29.17,0.6073,3,C+,57.26,0.3438,34.38,0.3611,36.11,0.3387,33.87,Deep Focus Learner,0.4,40.0,51.05,0,54,187,C,51.72,160,31,448.32,14949,8
41,11.56,104.92,46.87,34.12,0.6142,5,B,62.25,0.4159,41.59,0.4603,46.03,0.2381,23.81,Consistent Climber,0.6,60.0,43.18,1,98,188,C+,59.75,315,56,647.1,14950,8
31,18.1,159.01,57.44,31.43,0.7721,4,A-,74.75,0.5113,51.13,0.5899,58.99,0.378,37.8,Flexible Learner,0.55,55.0,63.52,3,66,189,A-,71.47,221,36,651.57,14951,4
55,13.3,142.57,68.73,53.79,0.897,6,A+,91.79,0.6757,67.57,0.7437,74.37,0.6098,60.98,High Achiever,0.55,55.0,79.06,1,98,190,A,88.21,404,84,1117.45,14952,1
33,9.9,89.7,46.77,23.08,0.5806,3,C,53.73,0.3413,34.13,0.3466,34.66,0.3125,31.25,Flexible Learner,0.45,45.0,36.1,2,58,191,D,45.29,208,39,386.13,14953,7
40,14.92,163.95,28.16,14.67,0.473,6,E,44.43,0.2531,25.31,0.2958,29.58,0.2353,23.53,Flexible Learner,0.15,15.0,40.19,0,90,192,D,48.93,241,50,745.95,14954,15
42,10.32,91.77,47.86,28.92,0.5975,4,B,61.75,0.4765,47.65,0.4866,48.66,0.4286,42.86,Consistent Climber,0.45,45.0,52.1,0,90,193,B,64.96,405,73,753.7,14955,6
36,9.8,93.82,50.9,35.42,0.6758,4,B,61.6,0.4882,48.82,0.5145,51.45,0.3684,36.84,Flexible Learner,0.6,60.0,52.59,0,42,194,C+,57.84,211,42,411.72,14956,6
21,15.31,147.39,36.8,25.0,0.5108,3,E,43.07,0.2805,28.05,0.3297,32.97,0.2192,21.92,Weekend Learner,0.35,35.0,37.16,1,30,195,G,36.28,164,30,459.22,14957,11
20,11.58,111.96,28.17,20.0,0.5857,2,E,41.5,0.2596,25.96,0.2069,20.69,0.3261,32.61,Fresh Starter,0.4,40.0,36.9,0,30,196,G,38.47,104,20,231.68,14958,8
36,10.81,116.51,58.71,21.15,0.6966,4,B+,68.25,0.4793,47.93,0.4865,48.65,0.4638,46.38,Consistent Climber,0.35,35.0,55.64,4,58,197,B+,65.4,217,47,508.1,14959,6
38,9.89,112.25,33.04,21.43,0.5573,4,D,49.92,0.3098,30.98,0.2931,29.31,0.3382,33.82,Flexible Learner,0.2,20.0,41.98,0,42,198,E,44.88,184,43,425.17,14960,11
24,9.68,87.74,38.77,23.68,0.5126,3,D,45.62,0.3593,35.93,0.3819,38.19,0.2174,21.74,Deep Focus Learner,0.45,45.0,37.81,0,82,199,D,49.87,167,31,300.22,14961,10
20,11.11,111.05,24.83,4.55,0.3618,3,G,25,0.1456,14.56,0.1467,14.67,0.1429,14.29,Fresh Starter,0.1,10.0,19.42,1,42,200,G,28.34,103,20,222.18,14962,9
18,14.07,153.94,31.74,7.5,0.4877,3,E,41.88,0.252,25.2,0.2708,27.08,0.2405,24.05,Weekend Learner,0.45,45.0,39.32,1,63,201,E,44.0,127,26,365.87,14963,11
26,15.23,152.85,38.79,25.42,0.5258,6,C,51.76,0.3678,36.78,0.4568,45.68,0.2903,29.03,Deep Focus Learner,0.4,40.0,43.9,0,54,202,D,49.28,174,33,502.43,14964,7
29,15.48,147.72,59.31,44.29,0.7,2,B+,67.62,0.525,52.5,0.6042,60.42,0.4519,45.19,Deep Focus Learner,0.6,60.0,64.88,2,86,203,A-,75.02,200,36,557.33,14965,4
14,12.88,134.51,15.1,9.52,0.322,2,G,25,0.1618,16.18,0.1364,13.64,0.2083,20.83,Fresh Starter,0.1,10.0,25.31,0,33,204,G,24.85,68,14,180.28,14966,9
12,11.47,141.28,36.29,14.29,0.4914,2,G,36.42,0.32,32.0,0.4167,41.67,0.2308,23.08,Fresh Starter,0.3,30.0,40.46,1,30,205,E,41.12,50,12,137.63,14967,7
19,12.3,108.63,52.87,43.75,0.6841,2,B+,68.95,0.533,53.3,0.5605,56.05,0.4545,45.45,Weekend Learner,0.4,40.0,60.96,0,88,206,A-,71.0,212,37,455.2,14968,5
32,12.29,113.12,45.39,26.53,0.6192,3,B,62.52,0.4558,45.58,0.5185,51.85,0.2642,26.42,Flexible Learner,0.6,60.0,49.46,0,66,207,C+,58.84,215,39,479.18,14969,7
19,14.95,145.0,35.1,10.26,0.6261,2,B,61.29,0.2857,28.57,0.3429,34.29,0.2041,20.41,Deep Focus Learner,0.25,25.0,45.32,1,40,208,D,48.24,119,22,328.98,14970,10
30,11.01,118.16,52.24,16.67,0.5919,3,C,53.9,0.4167,41.67,0.4694,46.94,0.3276,32.76,Deep Focus Learner,0.35,35.0,48.93,2,100,209,B,62.25,156,35,385.23,14971,7
23,10.92,96.96,33.43,18.75,0.4752,2,D,46.28,0.2811,28.11,0.3005,30.05,0.1765,17.65,Weekend Learner,0.4,40.0,29.75,0,78,210,E,41.64,217,39,425.87,14972,12
35,9.29,84.09,61.74,49.25,0.7763,5,A-,79.11,0.5749,57.49,0.5734,57.34,0.5862,58.62,Consistent Climber,0.55,55.0,62.33,2,90,211,A-,74.39,247,47,436.8,14973,3
27,13.78,144.81,22.31,5.0,0.5234,4,E,43.96,0.1973,19.73,0.2727,27.27,0.1358,13.58,Flexible Learner,0.25,25.0,29.73,0,66,212,E,40.51,147,30,413.27,14974,10
23,10.77,115.45,50.09,25.71,0.6734,2,B+,65.31,0.4725,47.25,0.5701,57.01,0.3333,33.33,Weekend Learner,0.45,45.0,56.42,0,54,213,B,60.44,182,39,419.98,14975,7
34,13.77,129.1,61.1,33.65,0.8053,4,A,80.35,0.471,47.1,0.4908,49.08,0.4375,43.75,Consistent Climber,0.65,65.0,59.39,4,86,214,A-,74.2,259,47,647.42,14976,4
42,16.84,161.29,68.05,45.21,0.8575,4,A,87.66,0.615,61.5,0.6923,69.23,0.5628,56.28,Consistent Climber,0.35,35.0,76.07,5,94,215,A,87.12,387,70,1178.48,14977,4
32,8.88,83.69,53.88,34.88,0.6422,3,B+,68.98,0.4898,48.98,0.4879,48.79,0.5,50.0,Consistent Climber,0.45,45.0,55.34,1,42,216,B,62.75,245,49,435.33,14978,4
41,10.07,91.08,57.28,37.5,0.6943,5,A-,71.33,0.5434,54.34,0.5571,55.71,0.4737,47.37,Consistent Climber,0.65,65.0,59.74,2,78,217,A-,71.23,346,64,644.77,14979,4
29,10.5,109.43,43.84,30.95,0.5438,2,C,50.86,0.3807,38.07,0.4375,43.75,0.2292,22.92,Deep Focus Learner,0.6,60.0,44.72,1,42,218,D,48.4,176,37,388.33,14980,9
19,8.78,83.66,32.84,14.29,0.4007,2,G,28.3,0.31,31.0,0.3095,30.95,0.3125,31.25,Fresh Starter,0.2,20.0,34.96,0,64,219,D,45.83,100,19,166.82,14981,11
23,12.65,108.56,40.68,26.92,0.5764,2,C,54.04,0.4,40.0,0.4509,45.09,0.125,12.5,Weekend Learner,0.25,25.0,42.81,0,42,220,E,44.58,205,34,430.13,14982,8
14,10.41,102.24,49.01,26.67,0.5322,2,G,37.9,0.4306,43.06,0.4655,46.55,0.2857,28.57,Fresh Starter,0.55,55.0,44.72,2,21,221,D,48.49,72,14,145.78,14983,4
37,12.46,119.77,73.19,47.54,0.9083,3,A+,95.4,0.6928,69.28,0.7449,74.49,0.5263,52.63,High Achiever,0.5,50.0,77.51,4,94,222,A+,90.39,319,60,747.8,14984,1
23,10.65,97.54,30.79,11.54,0.4643,2,E,42.63,0.3191,31.91,0.3318,33.18,0.2609,26.09,Weekend Learner,0.35,35.0,35.87,0,66,223,E,41.19,257,48,511.3,14985,14
28,14.16,133.19,64.63,44.44,0.7808,4,A-,73.36,0.6168,61.68,0.7113,71.13,0.4857,48.57,Deep Focus Learner,0.8,80.0,71.79,6,30,224,A-,70.77,167,30,424.68,14986,4
36,12.4,123.78,53.78,29.82,0.6286,3,C+,57.66,0.411,41.1,0.4258,42.58,0.3827,38.27,Flexible Learner,0.35,35.0,49.88,4,66,225,B,61.59,236,46,570.62,14987,9
28,8.98,86.45,39.94,38.89,0.5017,4,D,46.51,0.3988,39.88,0.4207,42.07,0.2857,28.57,Deep Focus Learner,0.5,50.0,43.65,1,42,226,D,47.76,173,35,314.4,14988,12
16,10.91,91.39,26.85,13.64,0.53,2,D,47.46,0.2283,22.83,0.2569,25.69,0.0556,5.56,Weekend Learner,0.15,15.0,27.01,1,36,227,G,32.97,127,22,240.05,14989,9
23,8.97,104.0,16.57,0.0,0.3857,3,G,25,0.1579,15.79,0.1818,18.18,0.125,12.5,Fresh Starter,0.15,15.0,25.19,0,30,228,G,25.84,95,23,206.33,14990,10
40,15.45,143.9,37.54,8.99,0.4962,4,E,44.56,0.2847,28.47,0.386,38.6,0.1452,14.52,Flexible Learner,0.25,25.0,33.12,0,54,229,E,44.09,295,52,803.28,14991,10
21,11.56,133.73,29.38,17.86,0.5288,2,D,46.89,0.2716,27.16,0.2623,26.23,0.2772,27.72,Weekend Learner,0.35,35.0,44.59,0,66,230,D,46.51,162,38,439.15,14992,12
24,17.14,171.18,55.55,29.82,0.7719,5,A-,75.62,0.4929,49.29,0.6,60.0,0.4125,41.25,Deep Focus Learner,0.6,60.0,64.34,3,54,231,B+,68.33,140,26,445.68,14993,4
24,11.89,108.76,38.29,31.67,0.5781,2,C+,57.21,0.3958,39.58,0.4184,41.84,0.2955,29.55,Weekend Learner,0.3,30.0,45.35,1,54,232,D,47.53,240,43,511.08,14994,13
39,13.76,123.46,68.92,42.72,0.8249,4,A,87.39,0.5971,59.71,0.6468,64.68,0.4583,45.83,Consistent Climber,0.6,60.0,68.64,7,98,233,A,83.69,273,47,646.65,14995,3
54,15.14,165.82,61.43,45.68,0.8015,5,A,82.8,0.581,58.1,0.6646,66.46,0.525,52.5,High Achiever,0.6,60.0,74.63,1,86,234,A,82.31,401,84,1271.58,14996,2
28,12.5,127.81,49.56,37.25,0.7199,3,B+,65.96,0.4568,45.68,0.4516,45.16,0.4638,46.38,Flexible Learner,0.6,60.0,62.29,2,54,235,B,63.87,162,32,400.03,14997,8
41,15.96,157.15,60.9,39.42,0.8048,5,A-,78.55,0.5562,55.62,0.6164,61.64,0.5124,51.24,Consistent Climber,0.55,55.0,71.04,3,78,236,A-,77.28,347,64,1021.37,14998,4
25,13.18,156.36,35.55,12.77,0.5919,2,C,51.09,0.3211,32.11,0.3571,35.71,0.3,30.0,Weekend Learner,0.35,35.0,51.86,0,66,237,C,54.8,190,44,579.85,14999,12
16,14.69,138.06,54.5,40.54,0.7075,5,B+,66.74,0.4646,46.46,0.4918,49.18,0.4211,42.11,Deep Focus Learner,0.55,55.0,59.33,3,60,238,B+,65.09,99,18,264.37,15000,5
21,12.04,116.86,31.07,19.05,0.4559,2,G,39.93,0.2586,25.86,0.28,28.0,0.2041,20.41,Weekend Learner,0.2,20.0,35.28,1,54,239,G,36.96,174,33,397.48,15001,11
29,13.6,119.34,47.31,18.87,0.5943,2,C+,55.33,0.3739,37.39,0.4038,40.38,0.303,30.3,Flexible Learner,0.3,30.0,42.18,1,30,240,D,46.59,222,38,516.62,15002,8
33,15.0,135.07,43.48,19.28,0.581,6,C+,57.17,0.3784,37.84,0.4884,48.84,0.1609,16.09,Flexible Learner,0.6,60.0,40.1,0,42,241,D,47.29,259,44,659.87,15003,8
13,17.19,173.9,7.02,4.0,0.4298,5,G,31.57,0.0714,7.14,0.0833,8.33,0.0588,5.88,Fresh Starter,0.0,0.0,17.84,0,43,242,G,20,70,13,223.43,15004,8
9,9.25,105.61,18.0,0.0,0.3018,2,G,25,0.1842,18.42,0.25,25.0,0.0,0.0,Fresh Starter,0.1,10.0,18.45,0,13,243,G,20.73,38,9,83.27,15005,7
33,11.47,106.21,54.62,38.18,0.6898,3,B,64.59,0.478,47.8,0.5188,51.88,0.3333,33.33,Deep Focus Learner,0.5,50.0,52.5,1,74,244,B,64.73,205,38,436.02,15006,7
50,11.03,114.98,57.89,40.96,0.696,5,A-,74.18,0.5585,55.85,0.6502,65.02,0.4248,42.48,Consistent Climber,0.5,50.0,63.92,0,98,245,A-,74.52,376,78,860.55,15007,4
34,21.06,203.47,49.56,26.98,0.7548,4,A-,71.51,0.4304,43.04,0.5185,51.85,0.4044,40.44,Flexible Learner,0.65,65.0,66.48,0,30,246,B,60.77,237,42,884.7,15008,4
36,11.68,114.59,52.22,35.29,0.6645,5,B+,65.46,0.4322,43.22,0.4272,42.72,0.4414,44.14,Consistent Climber,0.6,60.0,52.23,2,98,247,B,63.74,317,62,724.03,15009,8
31,11.65,108.7,49.74,32.35,0.6165,7,B,60.18,0.475,47.5,0.5338,53.38,0.3582,35.82,Flexible Learner,0.6,60.0,56.82,0,70,248,B,61.81,200,38,442.78,15010,5
15,12.2,107.68,46.11,20.0,0.5093,2,D,49.03,0.406,40.6,0.4248,42.48,0.3,30.0,Weekend Learner,0.4,40.0,46.32,1,22,249,D,47.65,133,23,280.65,15011,7
24,9.36,86.82,20.78,3.85,0.3568,2,G,25,0.2033,20.33,0.215,21.5,0.125,12.5,Fresh Starter,0.3,30.0,21.52,0,54,250,G,27.95,123,24,224.6,15012,12
45,11.6,98.18,53.17,33.04,0.6986,5,A-,71.86,0.4892,48.92,0.5177,51.77,0.3235,32.35,Consistent Climber,0.55,55.0,52.29,1,90,251,B+,67.12,464,79,916.13,15013,8
34,12.71,115.68,34.37,31.58,0.5059,3,D,46.69,0.3208,32.08,0.3289,32.89,0.3016,30.16,Flexible Learner,0.15,15.0,38.08,0,66,252,D,47.37,212,38,483.05,15014,11
28,13.09,119.34,34.45,18.37,0.5363,3,D,48.68,0.2912,29.12,0.291,29.1,0.2917,29.17,Deep Focus Learner,0.25,25.0,35.59,1,30,253,G,39.64,182,32,418.98,15015,12
43,15.7,148.5,79.55,57.8,0.9429,4,A+,94.52,0.7359,73.59,0.7949,79.49,0.6641,66.41,High Achiever,0.5,50.0,83.98,8,70,254,A+,92.49,284,51,800.93,15016,0
21,14.85,145.89,58.25,46.55,0.7933,3,A-,77.55,0.5714,57.14,0.5949,59.49,0.537,53.7,Deep Focus Learner,0.45,45.0,70.91,1,54,255,A-,72.83,133,25,371.15,15017,3
17,16.8,148.63,37.35,28.12,0.5584,2,C,51.08,0.3724,37.24,0.4245,42.45,0.3111,31.11,Weekend Learner,0.45,45.0,43.39,0,25,256,E,43.66,196,33,554.28,15018,12
50,11.86,118.92,72.54,61.02,0.8818,4,A,86.65,0.6792,67.92,0.7328,73.28,0.5726,57.26,High Achiever,0.55,55.0,76.36,5,86,257,A,88.02,371,74,877.67,15019,0
34,9.91,85.67,53.31,37.88,0.7071,4,A-,73.84,0.5623,56.23,0.5696,56.96,0.5143,51.43,Consistent Climber,0.75,75.0,61.35,0,42,258,B,64.26,265,47,465.9,15020,4
36,11.44,102.35,77.92,57.14,0.8689,5,A+,92.56,0.6929,69.29,0.7205,72.05,0.5686,56.86,High Achiever,0.85,85.0,75.81,8,94,259,A,89.64,280,50,572.1,15021,1
35,11.77,108.93,41.16,21.43,0.6331,5,B,60.55,0.3886,38.86,0.4085,40.85,0.3385,33.85,Flexible Learner,0.15,15.0,47.38,0,42,260,D,48.95,229,43,505.93,15022,7
21,9.9,96.8,32.32,14.63,0.5102,3,D,49.55,0.2743,27.43,0.305,30.5,0.1471,14.71,Weekend Learner,0.35,35.0,30.22,0,78,261,E,44.74,175,36,356.43,15023,10
39,12.7,132.2,53.77,20.83,0.7011,3,B+,67.39,0.4395,43.95,0.4925,49.25,0.3596,35.96,Flexible Learner,0.35,35.0,52.91,3,66,262,B,63.51,223,45,571.72,15024,6
22,10.07,86.38,25.82,14.63,0.43,2,G,37.46,0.2287,22.87,0.2353,23.53,0.1667,16.67,Weekend Learner,0.2,20.0,23.49,0,54,263,G,35.3,188,33,332.25,15025,12
9,16.52,188.38,18.65,10.0,0.5304,1,E,42.12,0.1667,16.67,0.2,20.0,0.1481,14.81,Fresh Starter,0.15,15.0,30.21,0,13,264,G,23.67,42,9,148.72,15026,6
48,12.53,107.11,54.02,39.29,0.7098,5,A-,72.92,0.5311,53.11,0.5613,56.13,0.3976,39.76,Consistent Climber,0.5,50.0,60.7,2,98,265,A-,70.28,450,75,939.75,15027,7
17,11.13,110.15,31.36,15.38,0.4985,2,E,43.37,0.3333,33.33,0.3718,37.18,0.1667,16.67,Deep Focus Learner,0.3,30.0,36.07,0,41,266,E,41.48,96,19,211.4,15028,8
28,10.92,98.04,38.57,14.29,0.5524,5,C,53.58,0.3053,30.53,0.3168,31.68,0.2414,24.14,Flexible Learner,0.25,25.0,32.55,2,42,267,E,41.14,190,34,371.42,15029,12
25,11.56,120.72,39.72,13.16,0.6169,3,C+,55.1,0.3548,35.48,0.3913,39.13,0.3016,30.16,Flexible Learner,0.35,35.0,42.82,1,90,268,C+,55.56,155,32,369.78,15030,8
28,11.71,114.99,41.26,27.66,0.6866,4,B,64.25,0.4235,42.35,0.459,45.9,0.3333,33.33,Deep Focus Learner,0.25,25.0,47.02,1,66,269,C+,55.27,170,33,386.58,15031,11
20,9.96,95.43,30.09,10.0,0.5276,2,D,45.72,0.2516,25.16,0.25,25.0,0.2593,25.93,Weekend Learner,0.4,40.0,30.8,0,42,270,G,32.92,155,30,298.8,15032,8
10,10.12,81.33,27.83,20.0,0.5299,2,G,36.4,0.2951,29.51,0.2951,29.51,0.0,0,Fresh Starter,0.35,35.0,29.51,0,27,271,G,33.98,61,10,101.22,15033,8
47,19.59,190.9,52.7,34.21,0.7316,5,A-,73.76,0.451,45.1,0.5124,51.24,0.4277,42.77,Consistent Climber,0.4,40.0,63.47,1,90,272,A-,71.14,439,79,1547.73,15034,6
11,19.67,184.3,11.51,4.76,0.3343,2,G,25,0.1111,11.11,0.125,12.5,0.1026,10.26,Fresh Starter,0.05,5.0,21.83,0,60,273,G,24.42,63,11,216.33,15035,8
45,14.94,158.89,46.53,18.09,0.6925,5,A-,70.05,0.4067,40.67,0.5197,51.97,0.3448,34.48,Consistent Climber,0.6,60.0,54.12,0,98,274,B+,66.64,359,72,1075.85,15036,6
24,18.38,178.16,53.76,30.68,0.7387,2,B+,69.24,0.4778,47.78,0.6437,64.37,0.3534,35.34,Weekend Learner,0.6,60.0,57.56,2,66,275,B,62.84,203,37,679.93,15037,6
34,14.34,158.6,43.37,28.79,0.6217,3,B,60.88,0.4049,40.49,0.5,50.0,0.3243,32.43,Flexible Learner,0.55,55.0,55.8,0,78,276,B,61.74,205,43,616.83,15038,6
41,10.2,86.96,55.13,40.0,0.6725,4,A-,70.59,0.5079,50.79,0.5165,51.65,0.4468,44.68,Consistent Climber,0.65,65.0,55.89,1,90,277,B+,69.15,380,66,673.47,15039,5
31,11.66,98.89,45.6,22.73,0.6277,3,C+,55.99,0.4036,40.36,0.4216,42.16,0.3158,31.58,Flexible Learner,0.35,35.0,46.05,1,46,278,D,48.43,223,37,431.52,15040,10
42,14.06,140.8,77.28,57.98,0.9411,5,A+,97.72,0.7423,74.23,0.8168,81.68,0.6,60.0,High Achiever,0.75,75.0,80.99,7,46,279,A,86.62,291,56,787.48,15041,1
46,13.46,129.19,59.2,35.04,0.7339,5,A-,74.8,0.5485,54.85,0.6204,62.04,0.4431,44.31,Consistent Climber,0.3,30.0,63.52,2,94,280,A-,76.56,412,76,1022.78,15042,5
36,15.28,169.78,32.62,9.46,0.4564,5,E,43.28,0.2252,22.52,0.2632,26.32,0.2055,20.55,Flexible Learner,0.2,20.0,32.83,1,78,281,D,47.14,222,47,718.22,15043,13
57,11.38,99.53,76.56,55.04,0.9027,6,A+,90.72,0.6789,67.89,0.7062,70.62,0.5476,54.76,High Achiever,0.7,70.0,73.7,8,94,282,A+,90.26,489,85,967.47,15044,1
45,13.5,131.32,60.79,55.86,0.8024,5,A,83.34,0.6469,64.69,0.7157,71.57,0.5366,53.66,Consistent Climber,0.7,70.0,75.05,4,82,283,A,80.63,320,60,809.83,15045,4
47,10.1,93.63,61.97,35.44,0.6985,4,A-,71.91,0.5676,56.76,0.589,58.9,0.459,45.9,Consistent Climber,0.45,45.0,61.09,3,94,284,A-,74.9,370,71,716.93,15046,3
23,15.82,152.9,62.43,30.99,0.7208,2,B+,69.28,0.515,51.5,0.64,64.0,0.3284,32.84,Weekend Learner,0.35,35.0,58.35,5,42,285,B+,66.15,167,30,474.58,15047,3
10,14.58,132.77,19.16,14.29,0.3177,1,G,25,0.1964,19.64,0.2571,25.71,0.0952,9.52,Fresh Starter,0.25,25.0,28.8,0,39,286,G,28.53,56,10,145.77,15048,7
16,8.11,69.65,61.98,76.92,0.6567,2,C+,57.14,0.5806,58.06,0.5698,56.98,0.7143,71.43,Deep Focus Learner,0.65,65.0,59.03,2,84,287,A-,71.58,93,18,145.98,15049,2
14,12.36,109.31,35.56,18.18,0.5248,2,G,37.91,0.3125,31.25,0.3281,32.81,0.25,25.0,Fresh Starter,0.3,30.0,34.82,0,21,288,G,38.57,80,14,173.08,15050,6
23,10.05,80.34,46.79,28.21,0.6325,2,C+,58.69,0.3889,38.89,0.4,40.0,0.2857,28.57,Weekend Learner,0.15,15.0,39.8,1,66,289,D,48.97,216,35,351.68,15051,8
25,13.37,126.92,34.25,11.11,0.6083,4,C+,55.78,0.2988,29.88,0.3415,34.15,0.1707,17.07,Flexible Learner,0.35,35.0,34.77,0,42,290,E,40.3,164,30,401.12,15052,8
31,10.09,91.3,57.47,39.29,0.7154,3,A-,71.5,0.5323,53.23,0.537,53.7,0.5,50.0,Flexible Learner,0.45,45.0,59.96,2,58,291,B+,67.49,186,34,343.03,15053,3
33,14.15,124.62,45.73,26.47,0.7707,4,A-,76.68,0.3949,39.49,0.436,43.6,0.2615,26.15,Consistent Climber,0.3,30.0,49.14,1,82,292,C+,59.72,276,47,664.87,15054,6
25,12.48,141.76,50.89,39.47,0.7125,3,B+,69.54,0.5565,55.65,0.6939,69.39,0.4667,46.67,Flexible Learner,0.6,60.0,71.09,2,30,293,B,61.93,124,28,349.43,15055,5
30,12.51,118.29,34.21,7.84,0.5608,4,C,53.84,0.2542,25.42,0.2578,25.78,0.2449,24.49,Flexible Learner,0.35,35.0,35.95,1,42,294,G,39.52,177,33,412.68,15056,13
37,19.9,184.73,54.1,29.2,0.7771,4,A-,70.66,0.4607,46.07,0.6392,63.92,0.3661,36.61,Flexible Learner,0.45,45.0,65.23,2,86,295,A-,74.86,280,48,955.3,15057,6
45,15.13,171.71,53.41,36.0,0.694,4,A-,72.45,0.4778,47.78,0.5,50.0,0.4688,46.88,Consistent Climber,0.4,40.0,66.99,1,90,296,A-,73.65,360,77,1165.33,15058,8
49,13.01,137.38,73.67,48.91,0.88,6,A,89.93,0.6597,65.97,0.7213,72.13,0.604,60.4,High Achiever,0.45,45.0,79.46,6,82,297,A,89.41,385,79,1028.05,15059,2
22,19.26,187.96,31.91,16.39,0.5856,5,C+,55.27,0.2899,28.99,0.3676,36.76,0.2143,21.43,Deep Focus Learner,0.4,40.0,42.15,0,66,298,D,46.45,138,25,481.62,15060,10
23,15.25,159.59,20.41,5.97,0.4514,2,G,38.06,0.1916,19.16,0.191,19.1,0.192,19.2,Weekend Learner,0.15,15.0,27.02,0,66,299,G,34.32,214,43,655.87,15061,14
24,14.55,136.71,55.22,34.52,0.6828,3,B+,65.8,0.4717,47.17,0.5409,54.09,0.3679,36.79,Weekend Learner,0.55,55.0,56.88,4,66,300,B+,66.22,265,48,698.48,15062,8
12,10.15,98.83,45.96,30.0,0.5014,1,G,33.93,0.322,32.2,0.2979,29.79,0.4167,41.67,Fresh Starter,0.6,60.0,39.73,2,18,301,E,44.71,59,12,121.78,15063,5
40,13.25,144.19,51.34,39.13,0.6687,3,B,62.84,0.5,50.0,0.5783,57.83,0.4532,45.32,Flexible Learner,0.4,40.0,62.34,3,94,302,A-,71.04,222,47,622.63,15064,8
26,11.11,105.45,68.55,42.5,0.7698,3,A-,77.54,0.5912,59.12,0.6087,60.87,0.5455,54.55,Deep Focus Learner,0.55,55.0,67.36,4,42,303,A-,74.69,159,30,333.18,15065,3
34,8.38,79.8,38.65,22.22,0.4984,5,D,45.78,0.3812,38.12,0.3804,38.04,0.3889,38.89,Flexible Learner,0.65,65.0,42.07,0,54,304,D,49.44,181,37,310.18,15066,10
17,13.46,132.25,35.14,9.38,0.6071,2,C+,56.48,0.3204,32.04,0.3768,37.68,0.2059,20.59,Deep Focus Learner,0.0,0.0,37.8,0,69,305,D,48.59,103,19,255.73,15067,7
26,15.52,168.05,57.16,35.06,0.7289,3,B+,67.04,0.528,52.8,0.5696,56.96,0.5037,50.37,Weekend Learner,0.45,45.0,66.98,2,66,306,A-,70.25,214,44,682.8,15068,5
44,17.4,175.67,55.77,30.0,0.7363,4,A-,73.89,0.4492,44.92,0.6,60.0,0.3562,35.62,Consistent Climber,0.55,55.0,58.62,2,90,307,B+,68.14,354,67,1165.77,15069,5
22,14.2,124.19,49.37,43.1,0.7754,3,A-,71.65,0.506,50.6,0.562,56.2,0.3556,35.56,Flexible Learner,0.6,60.0,61.5,1,90,308,A-,71.08,166,28,397.47,15070,6
25,15.6,152.7,36.89,18.18,0.6475,3,B,61.65,0.3716,37.16,0.4125,41.25,0.3235,32.35,Deep Focus Learner,0.45,45.0,51.07,0,58,309,C,53.35,148,27,421.13,15071,11
46,11.71,119.86,61.79,45.79,0.8194,5,A,82.67,0.5638,56.38,0.6186,61.86,0.4356,43.56,Consistent Climber,0.4,40.0,69.78,3,86,310,A-,77.91,337,69,807.97,15072,5
18,10.75,102.58,45.58,35.29,0.5372,2,D,49.32,0.4136,41.36,0.4538,45.38,0.25,25.0,Weekend Learner,0.65,65.0,44.97,0,63,311,C,52.94,162,31,333.32,15073,7
14,14.19,151.99,38.25,22.86,0.5674,2,C,52.95,0.3333,33.33,0.3529,35.29,0.3222,32.22,Weekend Learner,0.3,30.0,47.45,0,45,312,D,46.85,141,29,411.37,15074,8
54,12.8,124.81,79.45,63.38,0.953,6,A+,98,0.7275,72.75,0.7746,77.46,0.6376,63.76,High Achiever,0.8,80.0,81.3,9,94,313,A+,95.68,433,83,1062.42,15075,0
25,10.69,99.94,49.39,30.95,0.5704,2,C,52.26,0.4875,48.75,0.5294,52.94,0.3659,36.59,Deep Focus Learner,0.6,60.0,52.44,2,30,314,C,52.23,160,31,331.27,15076,6
48,12.91,139.66,75.25,62.62,0.8918,6,A+,93.0,0.7251,72.51,0.7231,72.31,0.7264,72.64,High Achiever,0.75,75.0,83.86,6,42,315,A,83.57,331,70,903.43,15077,0
51,16.86,171.1,70.69,45.99,0.9336,6,A+,94.74,0.6342,63.42,0.7353,73.53,0.5657,56.57,High Achiever,0.2,20.0,80.34,6,94,316,A+,90.38,421,80,1348.82,15078,3
19,12.0,110.81,37.01,16.0,0.6099,2,C,51.38,0.3393,33.93,0.4023,40.23,0.12,12.0,Deep Focus Learner,0.35,35.0,39.55,0,56,317,D,45.14,112,20,240.0,15079,8
26,10.04,90.59,44.1,36.36,0.5582,3,C+,57.85,0.4013,40.13,0.3984,39.84,0.4138,41.38,Flexible Learner,0.5,50.0,46.38,1,78,318,C+,58.02,157,29,291.23,15080,10
21,13.79,125.07,51.9,29.51,0.6243,2,C+,59.18,0.4787,47.87,0.531,53.1,0.3636,36.36,Weekend Learner,0.45,45.0,58.68,2,54,319,B,63.05,211,37,510.22,15081,8
45,12.88,145.1,68.14,48.98,0.8477,4,A,87.03,0.6645,66.45,0.6585,65.85,0.6684,66.84,Consistent Climber,0.65,65.0,81.63,3,42,320,A,80.4,310,68,876.03,15082,2
13,8.57,75.86,35.45,0.0,0.469,2,G,33.88,0.2817,28.17,0.2794,27.94,0.3333,33.33,Fresh Starter,0.2,20.0,29.05,1,43,321,G,37.58,71,13,111.38,15083,6
44,13.77,129.11,54.48,30.12,0.6577,4,B+,69.83,0.4554,45.54,0.4948,49.48,0.3917,39.17,Consistent Climber,0.65,65.0,57.39,3,78,322,B+,67.85,314,57,784.65,15084,6
23,11.21,103.43,54.35,32.0,0.7001,2,B,64.46,0.4924,49.24,0.5388,53.88,0.2558,25.58,Weekend Learner,0.75,75.0,52.16,2,54,323,B,60.77,262,48,537.98,15085,5
27,9.39,93.0,44.72,29.41,0.5641,3,C,54.52,0.3919,39.19,0.4083,40.83,0.3214,32.14,Deep Focus Learner,0.5,50.0,46.3,2,66,324,C,54.47,148,30,281.58,15086,7
35,14.38,143.71,45.96,22.22,0.708,5,A-,71.66,0.4275,42.75,0.4932,49.32,0.3394,33.94,Consistent Climber,0.45,45.0,57.75,1,86,325,B+,65.88,255,49,704.78,15087,9
30,18.23,187.07,44.78,31.25,0.6792,3,B,63.11,0.4076,40.76,0.5231,52.31,0.3445,34.45,Deep Focus Learner,0.55,55.0,58.86,2,66,326,B,60.4,184,35,638.18,15088,10
44,15.38,147.28,68.37,45.31,0.881,4,A,89.6,0.6046,60.46,0.6497,64.97,0.5426,54.26,High Achiever,0.7,70.0,72.05,5,90,327,A,85.58,306,56,861.15,15089,3
33,9.31,89.49,67.87,45.45,0.7217,4,A-,71.46,0.6318,63.18,0.6618,66.18,0.4375,43.75,Flexible Learner,0.5,50.0,67.87,3,54,328,A-,74.41,239,48,447.0,15090,2
40,14.52,154.96,60.53,41.59,0.815,5,A,86.47,0.6039,60.39,0.6763,67.63,0.5444,54.44,Consistent Climber,0.85,85.0,77.11,2,30,329,A-,73.91,308,63,914.73,15091,4
14,10.75,98.03,27.15,24.0,0.4876,2,E,43.73,0.3248,32.48,0.3438,34.38,0.2381,23.81,Weekend Learner,0.45,45.0,33.04,0,69,330,G,38.89,117,22,236.6,15092,8
57,12.56,129.64,75.58,57.97,0.89,6,A+,90.81,0.7506,75.06,0.8051,80.51,0.6866,68.66,High Achiever,0.85,85.0,84.69,9,98,331,A+,94.63,437,88,1104.92,15093,1
18,20.39,184.34,20.81,6.98,0.4119,3,G,32.32,0.2072,20.72,0.3421,34.21,0.137,13.7,Fresh Starter,0.3,30.0,28.32,0,27,332,G,27.72,111,18,366.93,15094,11
15,10.85,92.6,55.86,51.35,0.7214,2,B+,68.49,0.5746,57.46,0.625,62.5,0.3182,31.82,Weekend Learner,0.6,60.0,63.87,2,34,333,B,64.11,134,23,249.63,15095,3
45,17.11,163.36,59.55,44.14,0.8185,4,A,86.18,0.537,53.7,0.6036,60.36,0.4796,47.96,Consistent Climber,0.7,70.0,72.57,2,90,334,A,80.05,365,65,1112.1,15096,3
40,10.55,99.17,68.3,48.19,0.785,5,A,80.68,0.6038,60.38,0.6229,62.29,0.5455,54.55,Consistent Climber,0.3,30.0,68.76,6,58,335,A-,76.58,313,59,622.38,15097,2
18,10.19,100.09,48.42,31.43,0.5831,2,C,53.45,0.4647,46.47,0.4472,44.72,0.5106,51.06,Weekend Learner,0.5,50.0,52.85,1,27,336,C,53.83,170,34,346.4,15098,5
32,10.9,97.54,36.78,20.93,0.5832,3,C,53.3,0.3487,34.87,0.3899,38.99,0.1667,16.67,Flexible Learner,0.2,20.0,40.17,1,54,337,D,45.74,195,35,381.33,15099,10
24,10.22,105.99,35.62,13.79,0.5283,2,C,51.92,0.3586,35.86,0.3469,34.69,0.383,38.3,Deep Focus Learner,0.5,50.0,44.23,0,30,338,D,47.58,145,30,306.48,15100,11
41,16.05,146.27,68.36,51.02,0.8284,5,A,85.9,0.6455,64.55,0.7192,71.92,0.5417,54.17,Consistent Climber,0.85,85.0,77.75,4,66,339,A-,79.3,347,60,962.93,15101,2
26,11.17,107.74,54.81,31.03,0.6556,3,B,61.53,0.5625,56.25,0.6058,60.58,0.45,45.0,Flexible Learner,0.7,70.0,62.76,0,30,340,B,61.38,144,28,312.78,15102,3
47,15.91,162.78,46.28,16.94,0.5803,5,C+,58.61,0.3613,36.13,0.4323,43.23,0.3128,31.28,Consistent Climber,0.3,30.0,47.34,1,42,341,C,53.3,382,74,1177.5,15103,8
28,15.81,169.16,49.44,35.38,0.7017,4,B+,67.85,0.5057,50.57,0.5294,52.94,0.4959,49.59,Deep Focus Learner,0.55,55.0,71.57,0,74,342,A-,71.87,174,35,553.42,15104,7
45,12.57,113.55,71.95,55.78,0.845,6,A,88.17,0.6989,69.89,0.729,72.9,0.614,61.4,High Achiever,0.95,95.0,76.82,4,94,343,A,89.36,435,77,967.78,15105,0
47,11.74,108.52,72.3,48.82,0.8898,6,A,89.45,0.6885,68.85,0.7196,71.96,0.5814,58.14,High Achiever,0.5,50.0,75.87,5,66,344,A,81.57,382,70,821.65,15106,0
17,10.51,118.88,48.87,33.33,0.5906,2,D,48.59,0.4935,49.35,0.5306,53.06,0.4286,42.86,Fresh Starter,0.5,50.0,54.19,0,37,345,C+,57.36,77,17,178.6,15107,5
18,16.23,189.13,50.89,34.15,0.7941,2,A-,73.78,0.4828,48.28,0.5484,54.84,0.4464,44.64,Deep Focus Learner,0.55,55.0,71.18,1,51,346,A-,70.17,87,19,308.32,15108,4
22,10.41,93.36,28.9,12.5,0.4418,4,G,31.02,0.2414,24.14,0.2619,26.19,0.1875,18.75,Fresh Starter,0.15,15.0,31.46,0,42,347,G,34.57,116,22,229.12,15109,11
23,11.22,103.51,53.57,36.67,0.6297,3,C+,58.17,0.4789,47.89,0.4917,49.17,0.4091,40.91,Deep Focus Learner,0.5,50.0,53.82,1,42,348,C+,59.55,142,26,291.77,15110,5
36,10.1,91.7,56.82,35.71,0.7947,4,A,80.33,0.5512,55.12,0.5637,56.37,0.5,50.0,Consistent Climber,0.5,50.0,64.36,3,54,349,B+,68.41,254,47,474.63,15111,6
24,8.12,75.61,66.7,39.39,0.7329,4,A-,70.36,0.5732,57.32,0.5638,56.38,0.75,75.0,Deep Focus Learner,0.5,50.0,58.4,3,42,350,B+,66.96,157,32,259.83,15112,2
55,19.09,182.13,71.77,54.62,0.9033,6,A+,95.9,0.6728,67.28,0.7876,78.76,0.5987,59.87,High Achiever,0.55,55.0,82.48,8,98,351,A+,92.11,492,86,1641.63,15113,1
35,10.35,102.2,57.56,46.43,0.6691,5,A-,70.12,0.5847,58.47,0.6264,62.64,0.4677,46.77,Consistent Climber,0.7,70.0,65.06,2,54,352,B+,67.07,236,47,486.43,15114,4
45,10.41,94.33,38.37,13.79,0.4852,6,D,48.51,0.3188,31.88,0.3241,32.41,0.2889,28.89,Flexible Learner,0.35,35.0,36.05,1,98,353,C,52.05,298,55,572.68,15115,13
44,12.89,127.59,50.43,29.7,0.6972,5,B+,68.33,0.4417,44.17,0.4847,48.47,0.3714,37.14,Consistent Climber,0.55,55.0,53.87,0,82,354,B+,65.89,369,72,928.35,15116,7
46,13.08,128.14,45.88,29.73,0.6339,6,B,61.39,0.4266,42.66,0.4398,43.98,0.4083,40.83,Flexible Learner,0.35,35.0,57.74,1,66,355,B,63.91,286,54,706.28,15117,7
34,13.1,141.86,54.05,23.38,0.6914,4,A-,70.62,0.4903,49.03,0.5481,54.81,0.4262,42.62,Consistent Climber,0.55,55.0,55.76,3,90,356,B+,68.12,257,54,707.4,15118,8
12,10.12,85.2,43.36,25.0,0.5497,3,E,42.86,0.4348,43.48,0.4444,44.44,0.3333,33.33,Fresh Starter,0.65,65.0,50.95,0,30,357,D,48.66,69,12,121.43,15119,6
21,12.81,124.72,52.93,38.24,0.694,2,B+,66.11,0.5091,50.91,0.4937,49.37,0.5484,54.84,Deep Focus Learner,0.35,35.0,63.06,1,42,358,B,62.69,110,21,269.05,15120,5
36,12.76,139.51,53.25,22.06,0.6972,3,B+,69.37,0.4074,40.74,0.4627,46.27,0.3529,35.29,Consistent Climber,0.15,15.0,51.08,3,86,359,B+,66.61,270,57,727.42,15121,6
30,15.41,150.47,51.76,22.86,0.6638,4,B,60.24,0.4271,42.71,0.4674,46.74,0.39,39.0,Deep Focus Learner,0.5,50.0,53.7,3,66,360,B,62.14,192,36,554.85,15122,8
17,13.4,135.71,41.34,21.88,0.5534,2,C,50.3,0.4138,41.38,0.4833,48.33,0.3393,33.93,Weekend Learner,0.4,40.0,51.51,0,73,361,C+,57.74,116,23,308.3,15123,6
14,9.19,89.83,44.64,27.27,0.5061,2,G,37.92,0.4203,42.03,0.42,42.0,0.4211,42.11,Fresh Starter,0.45,45.0,49.84,0,21,362,C,50.08,69,14,128.6,15124,5
14,8.16,78.93,36.91,14.29,0.4851,3,G,38.8,0.3333,33.33,0.3226,32.26,0.4286,42.86,Fresh Starter,0.45,45.0,35.98,1,45,363,E,41.3,69,14,114.28,15125,6
32,14.53,132.93,52.44,36.07,0.6873,4,B,62.23,0.4831,48.31,0.5145,51.45,0.4203,42.03,Deep Focus Learner,0.3,30.0,58.4,0,54,364,B+,66.13,207,36,522.97,15126,5
38,15.91,174.17,52.56,29.36,0.7308,4,A-,71.66,0.4558,45.58,0.5862,58.62,0.3653,36.53,Consistent Climber,0.3,30.0,59.74,1,70,365,B,64.94,283,58,923.02,15127,7
24,13.11,121.34,52.76,44.44,0.7461,4,B+,67.87,0.5,50.0,0.5714,57.14,0.3818,38.18,Deep Focus Learner,0.6,60.0,63.12,1,54,366,B+,66.17,146,26,340.85,15128,3
41,10.46,101.78,33.66,16.07,0.516,6,D,46.58,0.2902,29.02,0.3125,31.25,0.1915,19.15,Flexible Learner,0.15,15.0,32.15,0,90,367,D,45.65,255,50,523.13,15129,14
28,10.38,92.87,29.88,27.78,0.5465,3,C,54.97,0.3372,33.72,0.3613,36.13,0.1176,11.76,Flexible Learner,0.15,15.0,36.53,0,70,368,E,43.15,172,31,321.77,15130,12
28,11.78,102.96,50.81,34.0,0.691,4,B+,68.62,0.5048,50.48,0.5153,51.53,0.4667,46.67,Deep Focus Learner,0.6,60.0,58.06,2,42,369,B,62.51,208,36,424.2,15131,8
50,10.77,96.24,66.23,47.47,0.8047,5,A,82.58,0.6015,60.15,0.5981,59.81,0.6164,61.64,Consistent Climber,0.6,60.0,65.62,6,94,370,A-,79.57,389,70,753.6,15132,5
22,12.47,119.19,27.42,8.06,0.4262,2,E,41.34,0.2712,27.12,0.3091,30.91,0.1831,18.31,Weekend Learner,0.1,10.0,31.14,0,90,371,E,44.1,236,44,548.68,15133,15
44,11.01,103.83,44.45,31.18,0.5832,5,B,60.74,0.4267,42.67,0.4266,42.66,0.427,42.7,Consistent Climber,0.5,50.0,50.81,0,78,372,B,62.33,375,71,781.47,15134,9
24,10.77,97.45,31.17,12.9,0.5417,3,E,40.33,0.2727,27.27,0.2696,26.96,0.2941,29.41,Fresh Starter,0.1,10.0,34.55,1,42,373,G,39.38,132,24,258.58,15135,9
27,11.78,110.93,62.1,28.85,0.7633,3,A-,72.16,0.5449,54.49,0.5469,54.69,0.5385,53.85,Flexible Learner,0.4,40.0,61.33,5,70,374,A-,72.71,167,31,365.22,15136,4
25,10.3,101.36,39.23,14.29,0.5632,4,C,52.71,0.3374,33.74,0.3223,32.23,0.381,38.1,Flexible Learner,0.4,40.0,41.68,1,54,375,D,47.3,163,33,339.98,15137,10
35,10.28,95.68,35.66,21.15,0.5027,4,D,47.18,0.313,31.3,0.3182,31.82,0.2812,28.12,Flexible Learner,0.4,40.0,33.66,0,98,376,C,52.11,230,44,452.45,15138,12
18,11.78,116.08,68.1,41.38,0.7932,2,A-,75.39,0.6509,65.09,0.6866,68.66,0.5897,58.97,Deep Focus Learner,0.85,85.0,76.69,6,27,377,A-,74.82,106,21,247.48,15139,1
26,10.97,105.22,36.78,9.68,0.5406,3,D,47.8,0.3309,33.09,0.3833,38.33,0.0,0.0,Deep Focus Learner,0.3,30.0,32.65,0,42,378,E,40.06,139,27,296.28,15140,8
35,12.11,110.73,66.89,47.13,0.8111,5,A,83.12,0.5938,59.38,0.625,62.5,0.5227,52.27,Consistent Climber,0.65,65.0,69.95,5,90,379,A-,79.66,288,52,629.63,15141,2
35,11.07,106.29,64.06,40.54,0.7505,4,A-,76.9,0.5977,59.77,0.6455,64.55,0.4627,46.27,Consistent Climber,0.7,70.0,67.13,4,86,380,A-,77.91,256,49,542.62,15142,3
39,11.3,121.56,44.25,27.27,0.6326,4,B,61.87,0.4095,40.95,0.4662,46.62,0.3117,31.17,Flexible Learner,0.55,55.0,49.97,0,66,381,C+,59.37,210,45,508.67,15143,7
55,9.67,89.25,71.64,62.71,0.9229,6,A+,92.23,0.6975,69.75,0.7032,70.32,0.6667,66.67,High Achiever,0.75,75.0,75.56,3,98,382,A,87.44,443,85,821.58,15144,2
41,11.0,94.04,38.59,23.44,0.5404,5,C,52.58,0.3624,36.24,0.3893,38.93,0.1667,16.67,Flexible Learner,0.55,55.0,36.88,0,54,383,E,43.9,298,51,561.25,15145,11
47,10.31,94.22,68.78,54.21,0.8606,5,A,86.43,0.6473,64.73,0.6676,66.76,0.5541,55.41,High Achiever,0.5,50.0,71.35,5,90,384,A,80.51,414,77,793.55,15146,3
18,11.92,103.48,23.11,3.85,0.4119,2,G,25,0.215,21.5,0.2366,23.66,0.0714,7.14,Fresh Starter,0.25,25.0,24.52,0,39,385,G,29.09,107,18,214.57,15147,7
40,13.23,129.85,56.51,36.36,0.759,4,A,80.78,0.5474,54.74,0.6065,60.65,0.4769,47.69,Consistent Climber,0.5,50.0,67.69,2,78,386,A-,72.06,285,55,727.7,15148,4
24,14.18,149.34,21.68,12.0,0.4736,2,G,32.17,0.1849,18.49,0.1724,17.24,0.1889,18.89,Fresh Starter,0.15,15.0,29.04,0,42,387,G,31.71,119,24,340.2,15149,9
41,12.76,146.16,42.54,21.74,0.6423,5,B+,66.11,0.3471,34.71,0.4154,41.54,0.2919,29.19,Consistent Climber,0.7,70.0,44.94,1,54,388,C,52.66,291,65,829.17,15150,9
34,10.42,92.93,52.4,34.04,0.6603,3,B,63.35,0.4978,49.78,0.5126,51.26,0.3929,39.29,Flexible Learner,0.5,50.0,52.79,1,58,389,B,60.66,227,41,427.4,15151,6
15,10.58,107.91,39.43,32.35,0.6288,2,C+,56.52,0.3957,39.57,0.422,42.2,0.3,30.0,Weekend Learner,0.35,35.0,44.75,0,22,390,D,45.2,139,28,296.17,15152,7
9,10.66,92.13,16.52,9.09,0.3381,2,G,25,0.1346,13.46,0.1333,13.33,0.1429,14.29,Fresh Starter,0.15,15.0,16.7,0,25,391,G,20,52,9,95.98,15153,6
16,8.74,78.84,43.68,9.09,0.6604,2,C+,58.5,0.4098,40.98,0.3784,37.84,0.7273,72.73,Weekend Learner,0.2,20.0,45.86,0,24,392,D,48.44,122,23,200.92,15154,6
37,13.98,160.03,41.88,19.64,0.6996,6,B+,65.22,0.3982,39.82,0.5102,51.02,0.3663,36.63,Flexible Learner,0.35,35.0,55.5,2,30,393,C,51.4,221,49,684.87,15155,11
35,11.91,98.96,61.48,47.56,0.6917,3,A-,72.82,0.5533,55.33,0.5858,58.58,0.4286,42.86,Consistent Climber,0.65,65.0,61.23,3,70,394,A-,72.06,338,56,666.87,15156,5
24,9.68,83.97,61.76,51.43,0.7406,3,B+,69.16,0.596,59.6,0.6,60.0,0.5769,57.69,Deep Focus Learner,0.45,45.0,63.92,2,78,395,A-,77.23,151,27,261.35,15157,2
33,14.2,142.8,58.57,37.8,0.7534,3,A-,71.23,0.5144,51.44,0.5882,58.82,0.4157,41.57,Flexible Learner,0.55,55.0,64.55,2,66,396,A-,70.75,208,40,567.83,15158,5
18,11.09,106.67,57.0,30.77,0.7547,2,B+,69.3,0.5116,51.16,0.5417,54.17,0.4043,40.43,Weekend Learner,0.4,40.0,56.55,2,87,397,A-,70.19,215,42,465.98,15159,3
15,18.51,180.8,28.18,17.86,0.5845,2,D,45.05,0.2683,26.83,0.4167,41.67,0.2069,20.69,Fresh Starter,0.25,25.0,45.44,0,22,398,E,40.38,82,15,277.7,15160,7
43,12.92,147.82,46.86,22.78,0.6054,5,B,62.84,0.4226,42.26,0.4463,44.63,0.4074,40.74,Consistent Climber,0.6,60.0,59.52,2,82,399,B+,66.33,310,70,904.07,15161,11
26,9.95,90.54,50.97,38.1,0.6613,4,B,64.78,0.4832,48.32,0.4724,47.24,0.5455,54.55,Flexible Learner,0.45,45.0,53.82,1,54,400,B,61.38,149,28,278.73,15162,5
25,15.97,192.5,56.43,27.27,0.6798,4,B+,67.73,0.4553,45.53,0.575,57.5,0.3976,39.76,Flexible Learner,0.5,50.0,56.0,3,90,401,A-,71.27,123,28,447.25,15163,5
26,13.07,119.86,39.94,16.98,0.5749,2,C,50.88,0.3377,33.77,0.2973,29.73,0.4096,40.96,Weekend Learner,0.25,25.0,45.84,2,54,402,D,48.82,231,41,536.07,15164,11
19,11.58,115.86,26.28,5.88,0.4719,3,G,31.11,0.2396,23.96,0.2353,23.53,0.2444,24.44,Fresh Starter,0.25,25.0,31.86,0,40,403,G,33.22,96,19,219.97,15165,10
31,9.35,81.73,39.79,28.89,0.6042,5,B,60.15,0.3931,39.31,0.4016,40.16,0.2778,27.78,Consistent Climber,0.2,20.0,39.68,0,98,404,C,53.77,262,48,448.98,15166,11
26,12.28,122.22,43.21,37.5,0.5975,2,C+,55.9,0.4121,41.21,0.4545,45.45,0.3273,32.73,Deep Focus Learner,0.4,40.0,51.45,2,70,405,C+,56.25,165,32,393.0,15167,11
19,12.12,113.71,41.49,28.12,0.5516,3,C,51.69,0.376,37.6,0.3933,39.33,0.3333,33.33,Deep Focus Learner,0.45,45.0,47.29,1,40,406,C,51.91,125,23,278.77,15168,8
42,9.38,83.89,63.56,47.87,0.7232,4,A-,74.96,0.5718,57.18,0.5889,58.89,0.3462,34.62,Consistent Climber,0.55,55.0,60.62,2,30,407,B,62.99,369,69,647.2,15169,3
45,10.19,95.64,68.48,44.33,0.819,4,A,83.16,0.6074,60.74,0.628,62.8,0.5,50.0,High Achiever,0.6,60.0,65.12,4,86,408,A-,76.91,349,66,672.83,15170,2
41,11.81,103.18,39.54,20.27,0.6245,5,B+,66.63,0.423,42.3,0.449,44.9,0.3167,31.67,Consistent Climber,0.7,70.0,48.43,0,98,409,C+,59.96,305,53,625.77,15171,7
29,12.42,120.36,49.18,25.53,0.6119,3,C+,58.59,0.4413,44.13,0.4732,47.32,0.3881,38.81,Flexible Learner,0.65,65.0,57.38,2,70,410,B+,65.56,179,34,422.23,15172,9
22,13.24,130.61,42.54,28.26,0.5668,2,D,49.13,0.3589,35.89,0.4098,40.98,0.3095,30.95,Weekend Learner,0.35,35.0,46.26,1,66,411,C,53.15,248,47,622.42,15173,10
31,17.23,166.36,52.0,26.58,0.7547,2,B+,68.35,0.456,45.6,0.65,65.0,0.3186,31.86,Deep Focus Learner,0.65,65.0,59.85,3,54,412,B+,66.6,193,35,603.08,15174,8
33,11.24,105.78,34.11,10.91,0.489,4,E,44.7,0.3252,32.52,0.3538,35.38,0.2157,21.57,Flexible Learner,0.5,50.0,37.39,1,54,413,E,43.15,246,46,517.12,15175,14
48,13.51,114.87,75.86,49.24,0.94,5,A+,98,0.68,68.0,0.7207,72.07,0.5412,54.12,High Achiever,0.9,90.0,75.02,6,90,414,A,88.33,375,62,837.32,15176,1
37,13.3,163.12,61.43,42.71,0.8369,5,A,84.69,0.5805,58.05,0.5714,57.14,0.5843,58.43,High Achiever,0.75,75.0,78.36,1,90,415,A,85.18,236,56,744.78,15177,4
9,12.12,112.54,38.23,30.0,0.4418,1,G,26.47,0.34,34.0,0.2895,28.95,0.5,50.0,Fresh Starter,0.3,30.0,41.02,1,25,416,E,40.97,50,9,109.05,15178,5
18,10.52,96.43,42.64,22.22,0.5606,2,C,50.52,0.3772,37.72,0.3904,39.04,0.2857,28.57,Weekend Learner,0.45,45.0,42.04,0,27,417,E,43.26,167,31,326.22,15179,7
45,11.6,110.72,64.6,48.46,0.7892,5,A-,78.14,0.5854,58.54,0.6021,60.21,0.5294,52.94,Consistent Climber,0.4,40.0,67.41,5,86,418,A-,76.48,369,70,811.92,15180,4
53,13.04,124.34,50.83,32.71,0.6823,5,A-,71.87,0.4917,49.17,0.5568,55.68,0.3836,38.36,Consistent Climber,0.5,50.0,56.07,1,74,419,B+,65.89,423,78,1017.45,15181,7
22,19.15,153.53,49.59,26.47,0.7476,2,B+,69.33,0.4351,43.51,0.5446,54.46,0.2264,22.64,Deep Focus Learner,0.4,40.0,53.3,0,66,420,B,60.0,154,23,440.42,15182,5
24,11.19,126.05,34.26,9.38,0.5058,3,D,46.61,0.3071,30.71,0.3733,37.33,0.2308,23.08,Deep Focus Learner,0.2,20.0,38.24,0,42,421,E,42.94,140,31,346.88,15183,10
33,10.43,94.64,44.59,22.73,0.6571,5,B,64.36,0.417,41.7,0.4444,44.44,0.2647,26.47,Flexible Learner,0.5,50.0,47.94,1,90,422,B,60.61,223,41,427.75,15184,9
20,11.81,118.46,29.5,10.0,0.4998,3,D,47.27,0.2968,29.68,0.297,29.7,0.2963,29.63,Weekend Learner,0.25,25.0,40.42,0,42,423,E,40.34,155,31,366.02,15185,9
14,8.21,79.1,29.33,9.09,0.4562,2,G,32.38,0.209,20.9,0.1897,18.97,0.3333,33.33,Fresh Starter,0.3,30.0,24.45,0,33,424,G,30.51,67,14,114.92,15186,6
41,10.09,99.44,36.48,16.67,0.5945,4,C,52.07,0.3492,34.92,0.3556,35.56,0.3333,33.33,Flexible Learner,0.3,30.0,42.57,2,70,425,D,49.27,252,51,514.35,15187,12
38,10.71,100.03,54.24,38.57,0.7152,4,A-,71.74,0.515,51.5,0.5413,54.13,0.3958,39.58,Consistent Climber,0.5,50.0,54.44,1,42,426,C+,59.38,266,49,524.77,15188,6
35,9.21,85.37,55.73,36.67,0.7379,3,A-,71.64,0.4938,49.38,0.5161,51.61,0.3077,30.77,Flexible Learner,0.65,65.0,51.99,2,70,427,B,62.06,243,47,432.88,15189,7
44,9.71,88.54,61.41,39.0,0.7911,5,A-,78.66,0.6028,60.28,0.6204,62.04,0.4565,45.65,Consistent Climber,0.65,65.0,63.18,2,90,428,A-,73.49,428,80,776.55,15190,2
26,13.59,147.73,37.99,26.47,0.5944,3,C+,55.87,0.3497,34.97,0.3684,36.84,0.3372,33.72,Flexible Learner,0.35,35.0,47.03,0,42,429,D,46.61,143,30,407.8,15191,8
41,10.5,93.87,41.25,23.88,0.5995,4,C+,58.8,0.362,36.2,0.3728,37.28,0.2979,29.79,Consistent Climber,0.6,60.0,42.27,0,74,430,C,50.69,326,59,619.4,15192,11
44,15.59,148.22,52.85,29.66,0.737,5,A-,73.19,0.4528,45.28,0.4503,45.03,0.4556,45.56,Consistent Climber,0.65,65.0,60.53,1,66,431,B,64.76,371,67,1044.37,15193,8
22,11.66,108.19,13.03,0.0,0.3653,2,G,25,0.1271,12.71,0.1235,12.35,0.1351,13.51,Fresh Starter,0.25,25.0,19.29,0,42,432,G,24.88,118,22,256.48,15194,11
33,14.7,136.07,44.5,28.0,0.6268,6,B,60.81,0.4244,42.44,0.5085,50.85,0.3103,31.03,Flexible Learner,0.25,25.0,56.37,1,82,433,B,62.63,205,36,529.2,15195,7
18,9.33,74.69,52.78,48.28,0.7163,2,B+,66.5,0.5833,58.33,0.5833,58.33,0.0,0,Deep Focus Learner,0.6,60.0,58.33,0,39,434,C+,59.78,108,18,168.02,15196,4
43,19.12,182.15,60.83,35.79,0.834,5,A,84.4,0.5306,53.06,0.6609,66.09,0.434,43.4,High Achiever,0.65,65.0,69.44,2,90,435,A,80.24,409,72,1376.52,15197,4
23,12.79,128.13,37.15,19.61,0.4989,3,D,48.45,0.3655,36.55,0.4275,42.75,0.2424,24.24,Weekend Learner,0.4,40.0,39.73,0,66,436,C,52.07,197,39,498.8,15198,10
39,11.76,113.38,45.22,30.0,0.5689,2,D,49.03,0.3498,34.98,0.39,39.0,0.253,25.3,Flexible Learner,0.35,35.0,43.67,1,70,437,C,52.9,283,54,635.3,15199,10
24,10.2,108.42,48.66,35.56,0.5922,2,C+,58.44,0.4632,46.32,0.4646,46.46,0.4603,46.03,Weekend Learner,0.5,50.0,55.52,1,66,438,C+,58.87,190,41,418.15,15200,6
25,9.87,99.07,31.28,17.07,0.4913,2,D,47.6,0.3035,30.35,0.3193,31.93,0.2286,22.86,Weekend Learner,0.3,30.0,31.99,0,42,439,G,39.09,201,41,404.8,15201,14
25,10.7,88.95,52.63,40.82,0.7028,4,B+,65.45,0.5588,55.88,0.5844,58.44,0.3125,31.25,Deep Focus Learner,0.45,45.0,59.31,2,70,440,B+,67.06,170,29,310.43,15202,5
23,11.52,97.82,41.99,13.16,0.5824,3,C,52.04,0.3503,35.03,0.3662,36.62,0.2857,28.57,Weekend Learner,0.45,45.0,39.09,2,42,441,E,43.82,177,30,345.55,15203,11
35,14.25,144.46,47.88,36.07,0.6131,4,C+,59.88,0.493,49.3,0.5094,50.94,0.4771,47.71,Flexible Learner,0.65,65.0,65.14,0,70,442,B+,66.41,215,42,598.63,15204,7
50,13.64,120.65,74.73,49.43,0.9113,6,A+,90.71,0.6525,65.25,0.7016,70.16,0.5147,51.47,High Achiever,0.5,50.0,73.01,7,94,443,A,87.41,518,89,1213.55,15205,1
16,14.46,116.4,13.13,8.0,0.3745,1,G,25,0.1058,10.58,0.1486,14.86,0.0,0.0,Fresh Starter,0.05,5.0,13.04,0,36,444,G,20,104,16,231.3,15206,7
16,11.63,134.53,50.47,26.67,0.7191,2,B,64.55,0.4632,46.32,0.4667,46.67,0.46,46.0,Weekend Learner,0.35,35.0,57.47,2,36,445,C+,58.61,95,22,255.97,15207,5
24,10.28,98.1,34.62,4.76,0.5127,3,D,46.73,0.3092,30.92,0.3474,34.74,0.1864,18.64,Weekend Learner,0.25,25.0,35.89,0,54,446,E,44.18,249,48,493.6,15208,12
11,10.32,111.49,25.8,0.0,0.3331,1,G,25,0.2157,21.57,0.1481,14.81,0.2917,29.17,Fresh Starter,0.25,25.0,34.14,0,28,447,G,33.14,51,11,113.47,15209,6
19,15.68,151.18,47.83,25.64,0.7043,2,B+,65.86,0.4507,45.07,0.5147,51.47,0.3919,39.19,Weekend Learner,0.4,40.0,55.48,1,40,448,C,54.75,142,26,407.77,15210,7
40,14.7,157.05,50.16,33.91,0.7214,5,A-,76.13,0.4726,47.26,0.5379,53.79,0.4082,40.82,Consistent Climber,0.5,50.0,60.51,0,54,449,B,63.67,292,60,882.23,15211,6
35,9.6,92.48,65.98,44.29,0.756,4,A-,78.86,0.6139,61.39,0.6415,64.15,0.4894,48.94,Consistent Climber,0.45,45.0,68.32,3,66,450,A-,78.92,259,51,489.62,15212,2
36,14.43,143.46,49.74,37.5,0.6808,4,B+,69.18,0.4503,45.03,0.4963,49.63,0.4132,41.32,Consistent Climber,0.45,45.0,60.81,0,98,451,A-,70.64,302,57,822.58,15213,7
19,9.9,82.71,50.34,22.22,0.5652,2,C,51.4,0.487,48.7,0.4949,49.49,0.4375,43.75,Deep Focus Learner,0.25,25.0,52.91,0,40,452,C+,55.79,115,20,197.98,15214,3
41,10.71,109.37,40.56,34.69,0.5799,4,C+,55.06,0.373,37.3,0.407,40.7,0.3,30.0,Flexible Learner,0.35,35.0,47.51,0,66,453,C,51.68,252,52,556.82,15215,13
24,10.19,90.72,28.73,17.65,0.4254,3,E,41.86,0.3092,30.92,0.3203,32.03,0.2258,22.58,Weekend Learner,0.25,25.0,33.03,0,90,454,D,47.66,262,48,488.9,15216,14
48,12.15,115.88,59.29,42.5,0.8059,6,A,81.53,0.5552,55.52,0.5949,59.49,0.4318,43.18,High Achiever,0.6,60.0,63.03,3,70,455,A-,73.06,362,68,825.9,15217,3
18,13.44,157.89,39.5,9.09,0.493,3,D,45.25,0.3333,33.33,0.4464,44.64,0.2295,22.95,Weekend Learner,0.35,35.0,37.8,1,63,456,D,45.91,117,27,362.97,15218,6
22,12.76,148.33,49.17,30.0,0.6062,3,C,54.7,0.4513,45.13,0.5211,52.11,0.3333,33.33,Deep Focus Learner,0.4,40.0,58.91,2,42,457,C+,59.31,113,26,331.82,15219,7
16,11.51,133.94,26.86,13.04,0.5564,3,C,51.82,0.2927,29.27,0.2927,29.27,0.2927,29.27,Deep Focus Learner,0.35,35.0,48.22,1,60,458,D,49.17,82,19,218.68,15220,6
28,11.74,106.12,51.08,25.58,0.6705,3,B,60.6,0.4054,40.54,0.443,44.3,0.25,25.0,Deep Focus Learner,0.35,35.0,40.79,1,54,459,C,51.99,185,33,387.4,15221,4
40,18.38,184.02,63.0,48.23,0.9019,6,A+,91.3,0.5943,59.43,0.7345,73.45,0.5171,51.71,High Achiever,0.45,45.0,78.07,3,58,460,A-,78.52,318,59,1084.38,15222,2
42,12.51,118.78,48.71,19.35,0.6372,6,C+,58.72,0.4,40.0,0.4213,42.13,0.3548,35.48,Flexible Learner,0.4,40.0,47.55,1,90,461,C+,59.76,290,54,675.73,15223,7
22,18.94,172.56,20.02,3.64,0.3891,2,G,26.02,0.1527,15.27,0.1765,17.65,0.1375,13.75,Fresh Starter,0.25,25.0,25.45,0,42,462,G,29.66,131,22,416.58,15224,12
20,11.09,101.76,55.67,27.78,0.7956,3,A-,74.88,0.52,52.0,0.5755,57.55,0.2105,21.05,Deep Focus Learner,0.6,60.0,56.84,2,78,463,B+,67.45,125,23,254.98,15225,4
42,9.43,84.45,53.12,37.5,0.7157,4,A-,70.25,0.4954,49.54,0.5172,51.72,0.3243,32.43,Consistent Climber,0.45,45.0,52.2,0,78,464,B+,66.02,327,60,566.07,15226,5
16,11.62,111.86,40.77,20.0,0.522,2,G,37.88,0.3837,38.37,0.3934,39.34,0.36,36.0,Fresh Starter,0.4,40.0,47.85,1,24,465,D,49.76,86,16,185.92,15227,7
31,14.22,140.28,35.52,10.91,0.5037,3,D,46.45,0.3207,32.07,0.4095,40.95,0.2025,20.25,Flexible Learner,0.3,30.0,33.64,1,42,466,G,39.67,184,35,497.73,15228,11
15,9.03,71.26,26.77,17.65,0.3713,2,G,25,0.236,23.6,0.236,23.6,0.0,0,Fresh Starter,0.2,20.0,23.6,0,34,467,G,32.02,89,15,135.48,15229,8
44,9.21,80.54,70.56,58.42,0.8366,5,A,82.84,0.6615,66.15,0.6529,65.29,0.8095,80.95,Consistent Climber,0.6,60.0,68.45,3,90,468,A,83.17,384,70,644.52,15230,1
31,13.04,126.02,53.83,45.0,0.6894,4,A-,75.54,0.5148,51.48,0.5231,52.31,0.5047,50.47,Consistent Climber,0.6,60.0,62.4,1,54,469,B+,65.16,237,45,586.92,15231,7
40,9.53,91.49,62.75,40.62,0.8474,5,A,84.08,0.5927,59.27,0.6133,61.33,0.5,50.0,Consistent Climber,0.7,70.0,66.94,2,98,470,A-,77.71,275,56,533.48,15232,2
17,11.54,116.13,33.91,30.0,0.5648,2,D,47.31,0.381,38.1,0.375,37.5,0.4,40.0,Fresh Starter,0.25,25.0,47.12,0,37,471,E,43.22,84,17,196.17,15233,9
24,18.15,155.59,30.49,15.38,0.6173,4,D,45.13,0.2781,27.81,0.3171,31.71,0.2319,23.19,Fresh Starter,0.45,45.0,42.95,0,66,472,D,48.14,151,24,435.6,15234,11
53,13.21,116.11,70.15,48.33,0.8687,6,A,88.91,0.6378,63.78,0.6767,67.67,0.4796,47.96,High Achiever,0.7,70.0,70.51,6,90,473,A,81.05,497,85,1122.82,15235,2
21,15.42,151.54,40.9,17.5,0.6163,3,C,50.2,0.3482,34.82,0.3958,39.58,0.3125,31.25,Fresh Starter,0.4,40.0,53.56,1,30,474,C,50.2,112,21,323.78,15236,9
13,12.22,114.91,56.27,45.45,0.7388,2,B+,69.71,0.4957,49.57,0.5054,50.54,0.4583,45.83,Weekend Learner,0.55,55.0,56.77,2,19,475,B,60.05,117,22,268.82,15237,4
40,14.24,140.93,65.97,35.71,0.7986,5,A-,77.64,0.5509,55.09,0.6078,60.78,0.4732,47.32,Consistent Climber,0.65,65.0,66.87,4,74,476,A-,74.49,265,50,711.88,15238,5
16,14.49,149.34,15.13,2.7,0.4304,2,G,37.22,0.1567,15.67,0.1912,19.12,0.1212,12.12,Weekend Learner,0.0,0.0,23.14,1,48,477,G,25.17,134,26,376.73,15239,11
44,9.55,89.32,38.98,21.15,0.4855,5,D,45.5,0.3239,32.39,0.3361,33.61,0.25,25.0,Flexible Learner,0.5,50.0,36.07,0,54,478,E,43.48,284,55,525.33,15240,12
9,8.36,99.34,14.58,0.0,0.3571,1,G,25,0.1316,13.16,0.1111,11.11,0.15,15.0,Fresh Starter,0.05,5.0,24.83,0,13,479,G,20.69,38,9,75.2,15241,7
35,13.06,129.14,39.06,21.82,0.544,5,C,52.49,0.3448,34.48,0.3739,37.39,0.3068,30.68,Flexible Learner,0.25,25.0,42.76,1,66,480,C,53.21,203,39,509.2,15242,10
35,12.31,135.51,36.7,18.84,0.6225,5,C+,57.93,0.3512,35.12,0.3609,36.09,0.3333,33.33,Flexible Learner,0.3,30.0,41.99,0,66,481,D,48.21,205,44,541.77,15243,10
39,12.74,120.82,55.49,42.57,0.7397,5,A-,74.32,0.5531,55.31,0.5864,58.64,0.4725,47.25,Consistent Climber,0.45,45.0,64.81,2,90,482,A-,74.26,311,58,739.02,15244,8
34,12.05,136.43,46.77,33.33,0.6539,3,B,64.54,0.4821,48.21,0.4872,48.72,0.4778,47.78,Flexible Learner,0.65,65.0,61.73,1,54,483,B,63.5,168,37,445.7,15245,6
22,9.93,91.01,48.78,37.93,0.6163,2,D,48.51,0.4444,44.44,0.4608,46.08,0.3333,33.33,Fresh Starter,0.5,50.0,46.26,1,58,484,C,53.81,117,22,218.35,15246,5
31,10.95,106.39,30.62,11.36,0.5313,3,D,48.99,0.2947,29.47,0.3086,30.86,0.2444,24.44,Flexible Learner,0.3,30.0,34.08,0,66,485,E,43.88,207,40,438.17,15247,12
47,13.9,136.12,61.08,32.81,0.8101,5,A,83.71,0.526,52.6,0.5826,58.26,0.4128,41.28,High Achiever,0.5,50.0,66.52,5,94,486,A-,77.52,327,61,848.03,15248,4
44,11.13,103.27,63.45,57.02,0.762,4,A,80.01,0.6448,64.48,0.6628,66.28,0.5571,55.71,Consistent Climber,0.5,50.0,71.1,3,98,487,A,84.16,411,76,846.08,15249,0
41,15.65,155.26,64.04,48.03,0.8224,4,A,83.11,0.6172,61.72,0.6803,68.03,0.5684,56.84,Consistent Climber,0.55,55.0,80.48,4,98,488,A,87.96,337,64,1001.62,15250,3
19,11.88,104.42,22.46,8.0,0.4132,4,G,28.97,0.1667,16.67,0.2,20.0,0.0435,4.35,Fresh Starter,0.1,10.0,19.65,0,56,489,G,29.11,108,19,225.78,15251,8
39,13.93,130.53,37.44,21.43,0.593,5,B,60.82,0.3429,34.29,0.4039,40.39,0.2294,22.94,Consistent Climber,0.3,30.0,43.87,0,54,490,D,48.8,312,56,780.0,15252,12
37,15.66,165.46,35.7,15.58,0.5935,4,B,62.12,0.3242,32.42,0.3956,39.56,0.2848,28.48,Consistent Climber,0.35,35.0,48.0,0,98,491,B,60.62,256,52,814.43,15253,14
32,9.54,82.33,37.59,30.0,0.5379,3,C,51.11,0.3403,34.03,0.3472,34.72,0.2727,27.27,Flexible Learner,0.35,35.0,36.15,0,66,492,D,47.66,238,43,410.02,15254,11
46,9.18,83.0,66.46,43.43,0.8182,5,A,85.9,0.6247,62.47,0.6158,61.58,0.7105,71.05,Consistent Climber,0.65,65.0,66.96,3,94,493,A,80.46,405,77,707.0,15255,1
24,11.38,100.25,41.31,27.03,0.6046,3,D,46.92,0.3478,34.78,0.3417,34.17,0.3889,38.89,Fresh Starter,0.2,20.0,40.55,1,90,494,C,52.26,138,24,273.17,15256,8
31,10.19,92.12,41.03,18.75,0.5878,5,C,53.47,0.35,35.0,0.3506,35.06,0.3462,34.62,Flexible Learner,0.6,60.0,40.55,1,54,495,D,48.64,180,33,336.12,15257,9
24,16.12,177.28,23.19,4.55,0.4098,3,G,27.21,0.1826,18.26,0.283,28.3,0.0968,9.68,Fresh Starter,0.35,35.0,28.79,1,90,496,G,39.29,115,24,386.95,15258,11
39,11.46,110.87,32.82,15.49,0.5202,7,D,49.74,0.25,25.0,0.2392,23.92,0.2881,28.81,Flexible Learner,0.25,25.0,35.19,1,54,497,E,40.39,268,52,596.13,15259,13
16,11.91,108.7,45.16,34.15,0.58,2,C,54.87,0.4615,46.15,0.5,50.0,0.3,30.0,Weekend Learner,0.3,30.0,50.49,1,60,498,C+,55.22,156,28,333.62,15260,7
34,13.84,118.79,62.9,36.46,0.7532,4,A-,79.34,0.589,58.9,0.6432,64.32,0.439,43.9,Consistent Climber,0.55,55.0,65.94,4,78,499,A-,73.8,309,51,706.03,15261,3
15,8.86,87.02,38.0,25.0,0.5267,3,C,51.07,0.4,40.0,0.407,40.7,0.3333,33.33,Deep Focus Learner,0.2,20.0,41.71,0,22,500,E,40.04,95,19,168.25,15262,8
23,10.69,94.77,60.75,41.67,0.7646,2,A-,73.79,0.5741,57.41,0.5923,59.23,0.5,50.0,Flexible Learner,0.5,50.0,62.16,2,54,501,B+,67.84,162,29,310.03,15263,4
46,12.67,112.89,74.7,45.86,0.9485,4,A+,95.52,0.6577,65.77,0.7026,70.26,0.4462,44.62,High Achiever,0.6,60.0,72.43,8,90,502,A,86.03,371,65,823.38,15264,1
32,12.89,132.67,35.03,9.43,0.5188,4,D,48.82,0.291,29.1,0.3101,31.01,0.25,25.0,Flexible Learner,0.45,45.0,37.83,1,90,503,C,50.96,189,38,489.87,15265,12
44,16.28,150.04,41.85,20.19,0.582,7,C,53.51,0.3596,35.96,0.4153,41.53,0.2836,28.36,Flexible Learner,0.4,40.0,46.62,1,42,504,C,50.75,317,55,895.3,15266,12
23,8.84,80.11,23.52,10.87,0.4676,2,E,43.37,0.2542,25.42,0.2488,24.88,0.3158,31.58,Weekend Learner,0.15,15.0,27.47,0,90,505,G,39.71,236,46,406.8,15267,15
24,11.54,108.05,50.61,31.75,0.6657,2,B+,65.15,0.4897,48.97,0.5135,51.35,0.4138,41.38,Weekend Learner,0.4,40.0,57.31,1,90,506,B+,68.44,243,45,519.08,15268,8
18,12.05,99.31,27.27,32.14,0.5083,2,D,46.8,0.2804,28.04,0.2716,27.16,0.3077,30.77,Deep Focus Learner,0.35,35.0,33.06,0,51,507,G,34.55,107,18,216.9,15269,10
11,12.39,157.11,38.33,25.0,0.5242,2,E,40.14,0.3778,37.78,0.5385,53.85,0.3125,31.25,Fresh Starter,0.4,40.0,51.28,0,16,508,D,46.54,45,11,136.27,15270,5
33,12.06,138.7,52.84,28.57,0.6873,3,B,63.37,0.4514,45.14,0.45,45.0,0.4526,45.26,Flexible Learner,0.25,25.0,57.36,1,70,509,B,63.58,175,40,482.3,15271,6
24,17.93,172.4,34.45,13.79,0.5077,2,D,48.59,0.2679,26.79,0.3333,33.33,0.2222,22.22,Flexible Learner,0.2,20.0,35.22,1,58,510,E,41.63,168,30,538.0,15272,10
34,12.57,111.87,47.55,30.86,0.6196,3,B,64.52,0.4238,42.38,0.444,44.4,0.3571,35.71,Consistent Climber,0.35,35.0,50.35,1,66,511,C+,58.35,302,53,666.17,15273,10
15,15.76,176.41,20.13,0.0,0.3076,2,G,25,0.1127,11.27,0.0938,9.38,0.1282,12.82,Fresh Starter,0.1,10.0,18.93,0,50,512,G,23.87,71,15,236.33,15274,6
34,9.01,85.1,41.94,15.56,0.4856,3,D,45.13,0.3209,32.09,0.3089,30.89,0.4167,41.67,Flexible Learner,0.1,10.0,36.05,1,66,513,D,45.86,215,42,378.33,15275,10
39,13.93,138.8,55.03,39.02,0.7161,4,B+,66.25,0.4795,47.95,0.5278,52.78,0.41,41.0,Flexible Learner,0.45,45.0,55.14,1,54,514,B,62.66,244,47,654.75,15276,7
22,11.35,92.72,44.2,28.12,0.5833,2,C,50.74,0.3931,39.31,0.4141,41.41,0.2353,23.53,Deep Focus Learner,0.15,15.0,44.01,1,82,515,C+,57.91,145,24,272.37,15277,7
50,11.68,102.73,73.04,59.85,0.8368,5,A,87.67,0.7051,70.51,0.7135,71.35,0.6765,67.65,Consistent Climber,0.55,55.0,76.99,5,98,516,A+,91.48,451,79,922.78,15278,1
40,14.62,147.39,43.11,22.78,0.6363,4,B,64.39,0.3686,36.86,0.4762,47.62,0.2636,26.36,Consistent Climber,0.45,45.0,50.23,2,54,517,C,53.09,255,49,716.25,15279,10
48,17.19,192.47,65.66,46.58,0.8222,6,A,88.24,0.6158,61.58,0.7849,78.49,0.5524,55.24,High Achiever,0.75,75.0,80.27,3,94,518,A,85.11,341,71,1220.43,15280,4
19,11.31,144.84,42.12,29.41,0.6412,2,C+,59.7,0.3537,35.37,0.4194,41.94,0.3137,31.37,Deep Focus Learner,0.3,30.0,49.22,1,76,519,C+,56.1,82,21,237.43,15281,9
34,14.24,148.2,65.74,40.0,0.8204,3,A,85.28,0.5609,56.09,0.7264,72.64,0.4194,41.94,Consistent Climber,0.6,60.0,69.79,7,90,520,A,80.43,230,46,655.03,15282,4
23,10.95,99.35,46.95,18.92,0.5418,2,C,50.11,0.434,43.4,0.4522,45.22,0.3818,38.18,Weekend Learner,0.35,35.0,51.18,0,78,521,B,60.65,212,39,427.23,15283,9
22,13.06,134.08,58.23,41.46,0.7921,2,A-,72.66,0.5692,56.92,0.6667,66.67,0.4776,47.76,Deep Focus Learner,0.55,55.0,69.85,4,86,522,A-,78.19,130,26,339.52,15284,5
31,15.98,164.73,30.85,14.71,0.4538,4,G,39.71,0.2565,25.65,0.3407,34.07,0.18,18.0,Flexible Learner,0.2,20.0,30.4,1,66,523,G,37.56,191,37,591.3,15285,11
56,20.34,207.59,72.87,53.65,0.9248,6,A+,95.4,0.6476,64.76,0.7623,76.23,0.6007,60.07,High Achiever,0.65,65.0,83.7,5,94,524,A+,92.62,420,79,1606.88,15286,1
37,18.16,163.01,61.8,47.97,0.8355,4,A,88.13,0.6025,60.25,0.6531,65.31,0.5588,55.88,Consistent Climber,0.65,65.0,77.29,3,46,525,A-,74.25,317,53,962.53,15287,3
20,9.67,85.38,36.63,25.0,0.5351,3,G,39.77,0.3571,35.71,0.3922,39.22,0.0,0.0,Fresh Starter,0.15,15.0,34.96,0,58,526,E,44.9,112,20,193.42,15288,7
35,13.75,148.56,62.14,35.82,0.7774,5,A-,77.61,0.5052,50.52,0.4643,46.43,0.537,53.7,Flexible Learner,0.65,65.0,72.15,4,90,527,A-,76.61,192,40,550.07,15289,5
43,11.86,115.85,65.16,44.79,0.7939,5,A-,79.04,0.5497,54.97,0.5938,59.38,0.4661,46.61,Consistent Climber,0.7,70.0,65.98,3,98,528,A,80.19,342,65,771.15,15290,3
27,13.31,129.07,61.04,44.64,0.728,2,A-,73.56,0.5482,54.82,0.5676,56.76,0.5091,50.91,Flexible Learner,0.7,70.0,65.39,3,82,529,A-,77.36,166,31,412.52,15291,5
14,15.1,141.83,29.3,20.0,0.5293,2,E,40.04,0.25,25.0,0.2708,27.08,0.2143,21.43,Fresh Starter,0.2,20.0,29.96,0,33,530,G,31.46,76,14,211.43,15292,7
33,11.08,100.18,54.06,39.71,0.7148,5,B+,67.39,0.5068,50.68,0.5323,53.23,0.3714,37.14,Flexible Learner,0.5,50.0,55.69,2,66,531,B,63.25,221,40,443.02,15293,6
48,10.64,89.18,80.44,67.62,0.9403,6,A+,95.39,0.7688,76.88,0.8088,80.88,0.4667,46.67,High Achiever,0.85,85.0,80.13,8,94,532,A+,93.62,385,65,691.42,15294,0
23,9.47,80.04,36.29,22.73,0.4819,2,D,47.03,0.3482,34.82,0.3433,34.33,0.3913,39.13,Weekend Learner,0.25,25.0,35.99,1,54,533,E,43.67,224,39,369.52,15295,15
23,10.14,104.34,15.58,0.0,0.3045,3,G,25,0.1574,15.74,0.1875,18.75,0.0714,7.14,Fresh Starter,0.2,20.0,19.54,0,66,534,G,29.99,108,23,233.15,15296,11
8,11.13,106.4,30.95,50.0,0.4883,2,G,34.12,0.4048,40.48,0.3,30.0,0.6667,66.67,Fresh Starter,0.45,45.0,58.43,0,12,535,D,46.55,42,8,89.02,15297,3
25,22.26,204.71,53.3,20.19,0.6739,3,B,63.44,0.4086,40.86,0.7091,70.91,0.3267,32.67,Weekend Learner,0.6,60.0,56.62,1,66,536,B,63.84,257,43,956.98,15298,6
56,13.12,126.79,67.69,44.0,0.8491,6,A,84.68,0.6009,60.09,0.6667,66.67,0.4733,47.33,High Achiever,0.5,50.0,68.92,4,66,537,A-,77.75,441,83,1088.65,15299,3
22,14.82,175.23,44.87,13.51,0.6426,3,C+,58.61,0.381,38.1,0.4474,44.74,0.3433,34.33,Deep Focus Learner,0.6,60.0,53.17,1,42,538,C+,57.23,105,24,355.58,15300,6
45,14.5,128.48,78.76,58.5,0.9488,4,A+,98,0.7409,74.09,0.8199,81.99,0.576,57.6,High Achiever,0.55,55.0,82.93,9,94,539,A+,93.81,386,65,942.53,15301,0
30,11.83,125.75,40.76,21.28,0.6437,4,C+,59.17,0.3908,39.08,0.4298,42.98,0.3167,31.67,Flexible Learner,0.3,30.0,49.49,1,54,540,C,54.88,174,36,425.95,15302,8
21,14.38,134.82,29.93,20.0,0.4037,3,G,25,0.2991,29.91,0.3226,32.26,0.2727,27.27,Fresh Starter,0.3,30.0,36.65,0,30,541,G,36.84,117,21,302.02,15303,9
18,9.66,86.4,54.71,54.55,0.665,2,B,61.91,0.5479,54.79,0.5615,56.15,0.4375,43.75,Weekend Learner,0.6,60.0,57.01,2,39,542,C+,58.54,146,26,251.17,15304,5
23,12.81,149.08,48.08,35.9,0.7122,5,B+,68.49,0.4648,46.48,0.5781,57.81,0.3718,37.18,Deep Focus Learner,0.6,60.0,57.17,1,30,543,C,54.22,142,33,422.83,15305,7
49,9.36,84.57,46.62,30.43,0.6494,5,B+,66.28,0.4169,41.69,0.4118,41.18,0.4545,45.45,Consistent Climber,0.5,50.0,46.43,0,98,544,B,61.36,367,70,655.08,15306,8
31,13.85,144.02,54.65,33.33,0.6979,2,B+,68.49,0.5307,53.07,0.618,61.8,0.4444,44.44,Flexible Learner,0.5,50.0,62.98,1,70,545,B+,69.78,179,36,498.63,15307,5
50,11.85,108.58,70.38,54.96,0.8517,4,A,85.61,0.6643,66.43,0.7048,70.48,0.5059,50.59,High Achiever,0.95,95.0,73.87,6,94,546,A,87.29,417,75,888.82,15308,3
19,9.87,92.89,62.6,48.0,0.693,2,B+,65.94,0.5455,54.55,0.6067,60.67,0.2857,28.57,Deep Focus Learner,0.55,55.0,51.59,3,52,547,B,62.34,110,21,207.18,15309,4
17,12.62,114.63,42.16,25.64,0.5899,2,C+,58.36,0.4186,41.86,0.4713,47.13,0.3095,30.95,Weekend Learner,0.25,25.0,53.21,1,49,548,C,54.51,129,23,290.18,15310,11
9,15.65,155.66,27.63,45.45,0.5861,2,E,40.25,0.383,38.3,0.4,40.0,0.3704,37.04,Fresh Starter,0.45,45.0,58.91,0,13,549,D,46.72,47,9,140.88,15311,5
38,12.72,133.07,59.68,38.36,0.7167,3,A-,70.16,0.5236,52.36,0.5814,58.14,0.464,46.4,Flexible Learner,0.65,65.0,67.18,3,70,550,A-,72.94,254,52,661.38,15312,5
25,14.82,148.58,46.71,10.0,0.6115,3,C,54.1,0.4173,41.73,0.4531,45.31,0.3867,38.67,Deep Focus Learner,0.6,60.0,52.73,2,30,551,C,51.26,139,27,400.08,15313,8
32,9.58,95.83,70.01,49.09,0.833,3,A,80.69,0.6489,64.89,0.6519,65.19,0.6418,64.18,Consistent Climber,0.4,40.0,73.2,6,98,552,A,88.44,225,46,440.58,15314,2
28,12.5,139.56,24.63,0.0,0.5007,2,E,41.63,0.2436,24.36,0.2609,26.09,0.2364,23.64,Deep Focus Learner,0.3,30.0,33.41,0,82,553,E,40.36,156,34,425.08,15315,10
36,14.15,158.67,51.34,30.14,0.7793,5,A-,77.79,0.4975,49.75,0.5067,50.67,0.4919,49.19,Flexible Learner,0.75,75.0,70.79,1,100,554,A-,78.05,199,43,608.35,15316,5
30,11.77,105.94,40.9,30.43,0.5309,3,C,50.96,0.37,37.0,0.4172,41.72,0.2245,22.45,Deep Focus Learner,0.4,40.0,41.84,2,90,555,C+,56.03,200,36,423.72,15317,12
32,11.95,100.46,53.95,35.0,0.6346,4,B,60.76,0.511,51.1,0.5521,55.21,0.2857,28.57,Deep Focus Learner,0.5,50.0,55.15,2,78,556,B+,67.04,227,38,454.0,15318,5
40,11.32,95.88,63.12,47.62,0.7906,4,A-,78.88,0.5596,55.96,0.5849,58.49,0.3721,37.21,Consistent Climber,0.65,65.0,61.85,2,94,557,A-,76.51,361,61,690.77,15319,3
32,16.0,154.26,42.85,30.51,0.6185,3,C+,55.06,0.3981,39.81,0.4646,46.46,0.3393,33.93,Flexible Learner,0.6,60.0,52.38,0,54,558,C+,56.0,211,38,607.95,15320,8
49,12.47,108.0,60.83,38.52,0.7145,5,A-,75.23,0.5766,57.66,0.6165,61.65,0.4239,42.39,Consistent Climber,0.75,75.0,63.67,3,98,559,A-,75.59,444,76,948.03,15321,3
39,12.66,126.94,68.38,40.7,0.8307,3,A,83.04,0.613,61.3,0.6805,68.05,0.5203,52.03,Consistent Climber,0.65,65.0,73.24,5,46,560,A-,76.83,292,57,721.77,15322,3
25,17.47,169.72,49.04,35.09,0.6861,2,B,63.81,0.4602,46.02,0.5893,58.93,0.4,40.0,Deep Focus Learner,0.75,75.0,63.51,2,30,561,B,62.0,176,32,558.92,15323,6
30,11.39,106.97,45.44,25.93,0.5388,3,C,50.31,0.3514,35.14,0.3307,33.07,0.3966,39.66,Flexible Learner,0.3,30.0,43.87,1,94,562,C+,59.21,185,35,398.65,15324,10
8,8.73,100.73,26.98,0.0,0.5075,1,G,33.46,0.2727,27.27,0.2273,22.73,0.3636,36.36,Fresh Starter,0.35,35.0,34.82,0,12,563,G,33.05,33,8,69.87,15325,5
16,9.98,87.16,24.87,11.11,0.3888,2,G,26.7,0.2247,22.47,0.2,20.0,0.2917,29.17,Fresh Starter,0.25,25.0,29.08,0,24,564,G,29.71,89,16,159.72,15326,8
22,16.05,172.57,42.84,31.25,0.7394,3,A-,71.34,0.3939,39.39,0.5306,53.06,0.3133,31.33,Deep Focus Learner,0.55,55.0,57.12,0,54,565,B,61.09,132,27,433.3,15327,5
12,13.2,140.62,43.38,34.78,0.6338,3,B,60.19,0.4519,45.19,0.413,41.3,0.4828,48.28,Weekend Learner,0.5,50.0,56.92,0,18,566,C,50.49,104,22,290.35,15328,7
44,11.16,114.82,45.69,21.43,0.613,5,B,63.06,0.4748,47.48,0.5122,51.22,0.4211,42.11,Consistent Climber,0.25,25.0,60.67,1,82,567,B,64.14,278,57,636.3,15329,10
19,17.6,171.2,46.2,30.61,0.6063,3,C+,55.11,0.386,38.6,0.4314,43.14,0.3492,34.92,Deep Focus Learner,0.5,50.0,50.66,1,52,568,C,54.09,114,21,369.6,15330,6
42,13.65,154.73,39.91,9.76,0.5913,5,C+,58.66,0.3392,33.92,0.4403,44.03,0.25,25.0,Consistent Climber,0.3,30.0,45.38,0,66,569,C,51.12,286,62,846.25,15331,10
23,13.79,137.01,37.89,18.75,0.515,2,D,48.15,0.3209,32.09,0.365,36.5,0.2436,24.36,Weekend Learner,0.25,25.0,37.4,1,66,570,D,49.99,215,41,565.57,15332,9
39,13.49,143.84,40.13,25.71,0.5851,5,B,60.94,0.3822,38.22,0.4286,42.86,0.3302,33.02,Consistent Climber,0.15,15.0,53.05,1,54,571,C,53.43,225,46,620.55,15333,9
43,12.73,132.57,72.15,47.47,0.8129,5,A,84.92,0.6801,68.01,0.7337,73.37,0.6209,62.09,Consistent Climber,0.7,70.0,81.4,7,98,572,A+,91.98,322,65,827.22,15334,2
49,12.99,139.56,53.88,37.25,0.6957,5,A-,72.95,0.4884,48.84,0.5246,52.46,0.4479,44.79,Consistent Climber,0.7,70.0,57.92,1,94,573,B+,69.4,346,72,935.08,15335,5
29,18.02,186.65,61.98,30.26,0.7627,3,A-,74.93,0.5189,51.89,0.7059,70.59,0.4768,47.68,Flexible Learner,0.7,70.0,74.06,5,54,574,A-,73.75,185,36,648.8,15336,4
38,9.4,85.42,51.72,39.53,0.6581,4,B,60.65,0.5,50.0,0.4909,49.09,0.5526,55.26,Flexible Learner,0.55,55.0,55.89,0,66,575,B,63.2,258,48,451.32,15337,6
45,17.76,180.55,69.79,35.39,0.8565,4,A,88.85,0.5797,57.97,0.7279,72.79,0.4919,49.19,Consistent Climber,0.45,45.0,76.3,7,94,576,A,87.16,395,74,1314.52,15338,4
53,12.83,121.32,70.0,55.56,0.828,5,A,85.81,0.669,66.9,0.7289,72.89,0.5517,55.17,Consistent Climber,0.75,75.0,76.08,5,70,577,A,84.24,429,79,1013.38,15339,1
44,13.32,138.09,41.22,26.88,0.5977,4,B,61.62,0.4227,42.27,0.4913,49.13,0.3403,34.03,Consistent Climber,0.5,50.0,55.95,0,66,578,C+,56.53,317,64,852.17,15340,10
41,10.42,92.67,60.36,54.76,0.7774,4,A-,79.21,0.5579,55.79,0.5616,56.16,0.541,54.1,Consistent Climber,0.6,60.0,62.07,2,66,579,B+,69.6,337,60,625.25,15341,5
24,12.05,105.23,63.26,42.55,0.7757,2,A-,73.6,0.5629,56.29,0.6,60.0,0.4324,43.24,Flexible Learner,0.55,55.0,64.35,3,54,580,A-,70.99,167,29,349.58,15342,3
24,9.39,95.62,45.36,35.29,0.5834,3,D,45.72,0.386,38.6,0.4048,40.48,0.3333,33.33,Fresh Starter,0.45,45.0,45.99,1,54,581,C,51.43,114,24,225.35,15343,7
26,11.83,118.21,45.94,20.69,0.5854,4,B,60.38,0.4521,45.21,0.4884,48.84,0.4,40.0,Flexible Learner,0.5,50.0,59.78,0,42,582,C+,57.49,146,29,343.13,15344,7
27,12.68,122.06,35.89,13.73,0.4885,3,D,49.82,0.3657,36.57,0.4206,42.06,0.2245,22.45,Flexible Learner,0.3,30.0,41.67,0,30,583,E,42.0,175,33,418.4,15345,10
46,10.21,92.26,47.24,22.22,0.6054,5,C+,56.08,0.4218,42.18,0.4625,46.25,0.1707,17.07,Flexible Learner,0.3,30.0,45.67,1,90,584,B,60.18,294,54,551.32,15346,8
33,16.37,162.25,44.61,27.4,0.6092,4,C+,59.04,0.4133,41.33,0.4783,47.83,0.3684,36.84,Flexible Learner,0.45,45.0,57.89,1,66,585,B,63.06,225,42,687.47,15347,8
46,12.47,135.6,48.63,41.25,0.6089,3,B,64.83,0.4548,45.48,0.4737,47.37,0.4415,44.15,Consistent Climber,0.55,55.0,61.59,1,98,586,A-,70.96,321,68,847.8,15348,12
9,11.37,83.84,16.14,10.0,0.4631,1,G,30.24,0.1967,19.67,0.1636,16.36,0.5,50.0,Fresh Starter,0.15,15.0,29.23,0,13,587,G,26.68,61,9,102.37,15349,7
40,10.87,99.13,67.46,54.12,0.7922,5,A,82.04,0.6719,67.19,0.7194,71.94,0.4844,48.44,Consistent Climber,0.75,75.0,73.85,4,70,588,A-,79.39,317,58,630.33,15350,1
24,12.32,115.65,46.93,28.21,0.6,2,D,48.52,0.4077,40.77,0.4327,43.27,0.3077,30.77,Fresh Starter,0.25,25.0,50.41,1,46,589,C,54.64,130,24,295.67,15351,9
23,15.92,161.92,7.78,5.26,0.3508,3,G,25,0.0678,6.78,0.0862,8.62,0.05,5.0,Fresh Starter,0.05,5.0,18.18,0,42,590,G,20,118,23,366.22,15352,11
13,8.88,90.4,50.33,47.37,0.6221,2,C+,58.07,0.5294,52.94,0.5479,54.79,0.4828,48.28,Weekend Learner,0.35,35.0,59.17,2,43,591,B,61.59,102,22,195.37,15353,6
22,9.71,86.75,54.21,38.71,0.705,2,B+,66.5,0.5118,51.18,0.514,51.4,0.5,50.0,Deep Focus Learner,0.4,40.0,56.76,2,54,592,B,62.88,127,23,223.43,15354,3
29,18.87,181.18,58.22,35.29,0.8132,3,A-,74.36,0.5474,54.74,0.6557,65.57,0.4961,49.61,Deep Focus Learner,0.65,65.0,78.55,5,98,593,A,85.33,190,34,641.57,15355,6
39,10.81,93.64,47.68,30.59,0.6363,4,B,62.27,0.4343,43.43,0.4629,46.29,0.3026,30.26,Consistent Climber,0.25,25.0,48.45,0,98,594,B,62.67,426,74,800.22,15356,9
31,16.67,177.63,47.73,33.33,0.7089,3,B+,69.33,0.436,43.6,0.5753,57.53,0.3785,37.85,Consistent Climber,0.5,50.0,57.91,1,54,595,C+,58.77,250,50,833.43,15357,8
20,13.96,133.49,33.6,11.11,0.4887,2,E,44.16,0.2522,25.22,0.2899,28.99,0.1957,19.57,Deep Focus Learner,0.3,30.0,31.21,0,58,596,E,41.83,115,21,293.1,15358,8
45,15.12,138.01,54.66,36.43,0.7219,5,A-,77.09,0.5063,50.63,0.595,59.5,0.366,36.6,Consistent Climber,0.65,65.0,63.79,2,90,597,A-,73.59,395,69,1043.32,15359,7
20,8.5,71.77,56.73,45.0,0.6818,2,B+,65.9,0.5607,56.07,0.5556,55.56,0.7143,71.43,Weekend Learner,0.45,45.0,57.17,2,66,598,B+,66.12,214,38,322.87,15360,6
24,9.11,81.76,61.14,45.83,0.6917,3,B+,67.18,0.6043,60.43,0.614,61.4,0.56,56.0,Deep Focus Learner,0.6,60.0,65.15,2,42,599,B,64.82,139,26,236.83,15361,3
14,10.2,97.71,40.73,20.0,0.548,2,C,53.98,0.3804,38.04,0.4,40.0,0.2941,29.41,Deep Focus Learner,0.4,40.0,39.24,0,53,600,D,47.6,92,18,183.68,15362,7
29,12.94,107.1,44.87,26.15,0.7184,3,B+,66.45,0.3738,37.38,0.4138,41.38,0.1562,15.62,Deep Focus Learner,0.7,70.0,42.14,1,54,601,C,51.81,206,33,427.03,15363,8
33,9.79,96.61,34.89,12.82,0.4685,5,D,45.09,0.2657,26.57,0.3019,30.19,0.1458,14.58,Flexible Learner,0.45,45.0,29.55,1,54,602,E,41.18,207,42,411.03,15364,11
47,11.8,109.14,56.41,42.55,0.7015,5,A-,76.1,0.5515,55.15,0.571,57.1,0.4848,48.48,Consistent Climber,0.65,65.0,62.02,0,98,603,A-,73.69,437,80,944.32,15365,5
16,7.97,72.41,59.02,61.11,0.7522,2,A-,71.01,0.5591,55.91,0.5714,57.14,0.0,0.0,Deep Focus Learner,0.55,55.0,57.13,2,24,604,B,60.31,93,18,143.55,15366,4
40,10.26,106.63,47.96,30.51,0.6924,3,B+,67.15,0.5395,53.95,0.5829,58.29,0.3415,34.15,Flexible Learner,0.65,65.0,59.7,0,98,605,B+,69.73,228,48,492.55,15367,5
21,19.23,187.04,24.77,14.29,0.4928,2,E,44.67,0.2414,24.14,0.2963,29.63,0.2167,21.67,Weekend Learner,0.3,30.0,38.1,0,30,606,G,37.56,174,31,596.15,15368,11
34,12.91,111.29,56.25,38.75,0.7507,3,A-,73.62,0.5709,57.09,0.6305,63.05,0.3333,33.33,Flexible Learner,0.85,85.0,63.8,0,90,607,A-,74.43,254,43,555.07,15369,6
26,11.57,102.13,49.44,44.44,0.6799,3,B,64.21,0.4573,45.73,0.471,47.1,0.3846,38.46,Deep Focus Learner,0.45,45.0,50.15,0,42,608,C,53.3,164,29,335.67,15370,4
34,11.33,122.1,50.32,31.25,0.6184,5,B,62.65,0.4421,44.21,0.461,46.1,0.4091,40.91,Consistent Climber,0.65,65.0,56.6,2,30,609,C+,57.66,242,52,589.15,15371,10
44,16.24,171.19,63.8,40.0,0.815,5,A,85.77,0.578,57.8,0.729,72.9,0.5211,52.11,Consistent Climber,0.55,55.0,77.7,2,94,610,A,86.69,391,77,1250.7,15372,4
28,9.5,83.11,49.3,27.03,0.5402,5,C,52.33,0.4253,42.53,0.4375,43.75,0.2857,28.57,Deep Focus Learner,0.4,40.0,42.77,2,74,611,C+,56.5,174,32,304.0,15373,7
27,12.11,122.55,32.05,14.63,0.5422,2,D,48.69,0.2616,26.16,0.3051,30.51,0.1667,16.67,Flexible Learner,0.2,20.0,33.51,1,42,612,G,39.25,172,34,411.67,15374,10
45,9.99,89.22,50.38,35.23,0.707,4,A-,70.89,0.4721,47.21,0.4712,47.12,0.4783,47.83,Consistent Climber,0.35,35.0,51.06,3,98,613,B+,65.8,358,66,659.12,15375,8
44,12.18,120.81,45.44,27.59,0.6934,5,A-,72.48,0.4069,40.69,0.4554,45.54,0.3077,30.77,Consistent Climber,0.35,35.0,48.27,1,94,614,B,60.73,317,62,755.1,15376,11
51,11.28,101.09,67.29,53.44,0.7835,3,A,82.03,0.6481,64.81,0.674,67.4,0.5357,53.57,High Achiever,0.75,75.0,71.9,4,94,615,A,84.81,449,81,913.77,15377,1
45,15.46,165.54,64.84,44.35,0.8137,5,A,85.82,0.5959,59.59,0.7034,70.34,0.523,52.3,High Achiever,0.55,55.0,77.02,4,78,616,A-,79.89,292,60,927.57,15378,3
37,15.54,154.26,41.96,17.07,0.5669,3,C,54.24,0.381,38.1,0.4762,47.62,0.2857,28.57,Flexible Learner,0.3,30.0,52.03,0,42,617,C,54.79,252,48,745.9,15379,9
17,9.21,80.37,31.72,28.0,0.6081,2,C,54.51,0.3182,31.82,0.3178,31.78,0.3333,33.33,Deep Focus Learner,0.3,30.0,34.03,0,25,618,G,36.01,110,20,184.23,15380,9
36,17.57,177.94,63.21,38.6,0.7912,4,A,81.28,0.5889,58.89,0.7475,74.75,0.487,48.7,Consistent Climber,0.4,40.0,76.41,4,98,619,A,85.02,253,48,843.48,15381,3
16,8.6,99.98,46.71,37.5,0.6069,2,D,47.42,0.4219,42.19,0.4706,47.06,0.2308,23.08,Fresh Starter,0.35,35.0,44.76,1,24,620,D,46.42,64,16,137.53,15382,5
46,15.8,157.98,45.13,24.63,0.6097,5,B,64.82,0.4328,43.28,0.5285,52.85,0.3445,34.45,Consistent Climber,0.55,55.0,58.17,0,94,621,B+,66.11,402,76,1200.45,15383,11
18,13.76,137.35,31.67,9.76,0.478,2,E,44.05,0.3043,30.43,0.3958,39.58,0.1692,16.92,Weekend Learner,0.4,40.0,33.69,0,63,622,G,39.52,161,31,426.48,15384,12
34,11.44,116.68,55.11,55.56,0.6975,4,B+,66.94,0.5628,56.28,0.5897,58.97,0.5152,51.52,Flexible Learner,0.6,60.0,64.48,2,54,623,B+,68.37,183,37,423.43,15385,7
43,16.09,172.07,54.89,31.19,0.6857,4,A-,70.63,0.4812,48.12,0.619,61.9,0.4368,43.68,Consistent Climber,0.55,55.0,63.72,1,98,624,A-,75.1,345,70,1126.3,15386,4
41,11.32,122.42,35.79,7.41,0.487,4,D,49.65,0.2719,27.19,0.3015,30.15,0.2283,22.83,Flexible Learner,0.35,35.0,35.12,1,98,625,C,51.61,228,49,554.8,15387,12
14,7.75,81.19,16.56,20.0,0.3948,2,G,25.96,0.1746,17.46,0.1778,17.78,0.1667,16.67,Fresh Starter,0.35,35.0,21.37,0,33,626,G,22.51,63,14,108.53,15388,10
23,8.57,80.1,28.92,20.0,0.4929,2,G,36.55,0.2881,28.81,0.3119,31.19,0.0,0.0,Fresh Starter,0.3,30.0,29.77,0,30,627,G,33.28,118,23,197.17,15389,10
41,11.41,126.2,40.49,20.63,0.5946,4,B,61.29,0.3642,36.42,0.3832,38.32,0.3439,34.39,Consistent Climber,0.55,55.0,48.85,1,58,628,C,50.51,324,72,821.42,15390,11
22,14.14,136.46,43.0,20.69,0.6103,3,C+,56.03,0.4393,43.93,0.4593,45.93,0.4135,41.35,Weekend Learner,0.35,35.0,57.25,0,78,629,B,62.11,239,44,622.2,15391,10
21,13.97,158.99,15.78,3.33,0.3497,3,G,25,0.1837,18.37,0.2069,20.69,0.1739,17.39,Fresh Starter,0.25,25.0,29.67,0,54,630,G,31.13,98,21,293.38,15392,11
27,14.11,146.15,46.32,42.86,0.7089,5,B+,67.12,0.4815,48.15,0.5732,57.32,0.3875,38.75,Deep Focus Learner,0.45,45.0,63.36,0,54,631,B+,65.24,162,32,451.67,15393,4
49,9.02,83.29,48.64,36.92,0.6233,5,B+,68.05,0.4528,45.28,0.4465,44.65,0.5,50.0,Consistent Climber,0.55,55.0,49.78,0,98,632,B,63.48,360,70,631.63,15394,8
49,11.62,113.45,55.42,32.56,0.6891,4,B+,68.89,0.5476,54.76,0.5868,58.68,0.4779,47.79,Consistent Climber,0.3,30.0,64.19,2,78,633,B+,68.36,378,73,848.6,15395,6
16,13.2,132.9,29.75,9.68,0.4511,2,E,40.13,0.2414,24.14,0.2361,23.61,0.25,25.0,Weekend Learner,0.15,15.0,31.6,1,36,634,G,33.79,116,23,303.6,15396,9
12,11.73,140.04,27.5,0.0,0.4257,2,G,30.98,0.22,22.0,0.3478,34.78,0.1111,11.11,Fresh Starter,0.15,15.0,28.06,1,42,635,G,33.01,50,12,140.73,15397,7
18,11.25,100.79,27.06,16.0,0.563,2,E,41.62,0.3077,30.77,0.2824,28.24,0.4211,42.11,Fresh Starter,0.3,30.0,37.5,0,39,636,G,39.48,104,18,202.52,15398,8
29,17.48,157.66,53.0,29.11,0.7659,4,B+,67.72,0.4947,49.47,0.5439,54.39,0.4211,42.11,Deep Focus Learner,0.5,50.0,66.44,3,90,637,A-,73.88,190,32,559.3,15399,8
44,13.27,125.89,64.38,45.54,0.7915,5,A-,79.88,0.5939,59.39,0.6473,64.73,0.5072,50.72,Consistent Climber,0.75,75.0,70.1,3,74,638,A-,79.29,362,67,889.02,15400,2
17,12.95,112.83,32.91,13.89,0.4494,2,G,36.43,0.2662,26.62,0.303,30.3,0.175,17.5,Weekend Learner,0.4,40.0,28.5,1,37,639,G,35.23,139,24,310.87,15401,11
28,13.73,137.96,42.71,24.39,0.5903,3,C+,58.16,0.3418,34.18,0.3956,39.56,0.2687,26.87,Flexible Learner,0.45,45.0,46.76,0,66,640,C,53.81,158,31,425.65,15402,5
55,15.91,160.02,72.18,45.22,0.8914,6,A+,92.83,0.6505,65.05,0.7784,77.84,0.5463,54.63,High Achiever,0.8,80.0,80.24,5,54,641,A,84.01,392,74,1177.15,15403,2
26,12.11,132.57,58.69,19.44,0.6438,5,B,63.49,0.4462,44.62,0.4717,47.17,0.4286,42.86,Deep Focus Learner,0.35,35.0,57.93,4,54,642,B,60.88,130,28,339.08,15404,5
47,14.28,152.01,65.51,51.09,0.8138,5,A,85.49,0.6176,61.76,0.6846,68.46,0.5686,56.86,Consistent Climber,0.65,65.0,79.52,3,98,643,A,87.68,353,72,1028.17,15405,3
30,19.09,173.32,29.93,11.46,0.5081,3,D,48.53,0.254,25.4,0.3333,33.33,0.1783,17.83,Flexible Learner,0.3,30.0,30.67,1,98,644,E,42.19,252,42,801.88,15406,14
41,16.39,170.34,41.36,21.7,0.6314,5,B,63.58,0.3831,38.31,0.4434,44.34,0.3492,34.92,Consistent Climber,0.35,35.0,48.89,1,82,645,C+,58.29,295,57,934.43,15407,11
19,13.32,141.96,47.24,16.67,0.6441,2,B,61.2,0.4971,49.71,0.5955,59.55,0.3929,39.29,Weekend Learner,0.85,85.0,61.58,1,52,646,B,61.34,173,36,479.67,15408,7
24,13.65,147.03,42.95,37.04,0.727,2,B+,69.64,0.4345,43.45,0.3519,35.19,0.4835,48.35,Flexible Learner,0.1,10.0,60.82,1,42,647,C+,57.62,145,30,409.6,15409,6
41,11.05,95.15,61.1,43.36,0.7121,5,B+,69.48,0.504,50.4,0.5262,52.62,0.3542,35.42,Consistent Climber,0.5,50.0,51.45,3,90,648,B+,68.04,373,64,706.93,15410,4
23,13.08,133.74,29.86,7.89,0.4508,3,E,41.91,0.227,22.7,0.2439,24.39,0.2034,20.34,Flexible Learner,0.2,20.0,31.78,1,54,649,G,37.69,141,28,366.17,15411,10
22,12.39,131.03,45.08,23.53,0.5771,4,C,52.03,0.42,42.0,0.5169,51.69,0.2787,27.87,Deep Focus Learner,0.75,75.0,46.16,1,54,650,D,49.94,150,30,371.78,15412,5
33,13.14,119.23,43.48,39.44,0.6257,4,B,63.15,0.458,45.8,0.4713,47.13,0.4219,42.19,Flexible Learner,0.45,45.0,56.53,0,54,651,B,61.74,238,42,551.82,15413,10
22,12.08,138.46,35.97,17.07,0.5335,2,D,48.38,0.3734,37.34,0.4366,43.66,0.3218,32.18,Weekend Learner,0.3,30.0,46.69,0,42,652,D,45.2,158,36,435.05,15414,10
46,19.46,186.11,67.0,33.51,0.8046,4,A,83.32,0.4943,49.43,0.619,61.9,0.4441,44.41,Consistent Climber,0.7,70.0,68.59,4,98,653,A-,79.96,439,78,1518.0,15415,4
46,11.27,101.47,66.87,49.59,0.8034,5,A-,79.44,0.6421,64.21,0.6625,66.25,0.5584,55.84,Consistent Climber,0.55,55.0,69.59,3,86,654,A,80.9,394,71,800.48,15416,1
44,12.2,118.71,45.8,36.73,0.611,5,B,64.58,0.4755,47.55,0.5551,55.51,0.2762,27.62,Consistent Climber,0.5,50.0,55.38,0,74,655,B,64.56,368,70,854.32,15417,8
24,13.58,123.99,52.65,40.35,0.7395,3,B+,67.37,0.559,55.9,0.605,60.5,0.4286,42.86,Deep Focus Learner,0.4,40.0,66.58,0,54,656,B+,68.44,161,29,393.77,15418,4
12,13.44,182.09,12.98,0.0,0.5488,2,E,43.3,0.1277,12.77,0.3,30.0,0.0811,8.11,Fresh Starter,0.2,20.0,26.87,0,30,657,G,22.23,47,12,161.33,15419,9
33,9.16,87.72,42.79,23.08,0.5643,5,C,52.75,0.3424,34.24,0.3396,33.96,0.36,36.0,Flexible Learner,0.3,30.0,39.0,1,54,658,D,46.63,184,37,338.8,15420,11
34,10.69,95.58,46.74,16.98,0.5862,5,C+,58.14,0.3887,38.87,0.4091,40.91,0.2889,28.89,Consistent Climber,0.5,50.0,43.87,0,90,659,B,60.0,265,48,512.88,15421,8
32,14.78,165.06,40.95,29.17,0.5409,4,C,54.41,0.3511,35.11,0.3115,31.15,0.3701,37.01,Flexible Learner,0.2,20.0,54.71,1,30,660,C,53.17,188,40,591.15,15422,11
28,9.79,91.27,30.24,12.9,0.4946,3,E,44.81,0.3065,30.65,0.3464,34.64,0.1212,12.12,Deep Focus Learner,0.3,30.0,33.54,0,54,661,G,38.84,186,35,342.62,15423,13
46,14.72,143.51,60.09,36.88,0.7946,4,A,80.98,0.5271,52.71,0.5842,58.42,0.4596,45.96,High Achiever,0.45,45.0,66.81,3,90,662,A-,78.13,351,65,956.95,15424,7
49,12.32,104.95,73.06,51.75,0.8798,4,A+,91.52,0.6724,67.24,0.7201,72.01,0.5055,50.55,High Achiever,0.7,70.0,72.59,6,86,663,A,85.93,409,68,837.93,15425,2
38,11.66,107.15,58.6,44.44,0.7012,4,A-,71.57,0.544,54.4,0.5676,56.76,0.4407,44.07,Consistent Climber,0.55,55.0,59.67,2,78,664,A-,72.11,318,58,676.42,15426,7
19,12.67,148.46,45.23,25.0,0.6147,2,C+,59.98,0.4444,44.44,0.6066,60.66,0.3253,32.53,Weekend Learner,0.4,40.0,56.1,0,88,665,B,63.53,144,33,418.15,15427,6
32,9.73,100.64,54.31,35.9,0.6664,8,B,63.63,0.4833,48.33,0.5263,52.63,0.3617,36.17,Flexible Learner,0.55,55.0,52.66,3,42,666,B,61.22,180,38,369.6,15428,6
15,9.48,81.88,36.58,30.43,0.5318,2,C,52.96,0.3125,31.25,0.3162,31.62,0.2727,27.27,Weekend Learner,0.2,20.0,37.01,0,22,667,E,41.46,128,23,218.07,15429,10
33,10.19,105.06,42.05,22.92,0.6094,5,B,61.03,0.3694,36.94,0.3648,36.48,0.381,38.1,Consistent Climber,0.6,60.0,43.65,1,42,668,C,50.57,222,47,478.8,15430,9
19,14.8,148.28,10.68,3.03,0.3036,2,G,25,0.1,10.0,0.1091,10.91,0.0889,8.89,Fresh Starter,0.15,15.0,18.18,0,40,669,G,20,100,19,281.22,15431,11
31,11.82,127.15,56.31,47.27,0.7292,3,B+,65.13,0.5367,53.67,0.5816,58.16,0.481,48.1,Deep Focus Learner,0.5,50.0,65.42,2,78,670,A-,73.98,177,38,449.12,15432,6
43,10.71,92.96,56.39,28.43,0.633,4,B+,66.08,0.5166,51.66,0.562,56.2,0.2778,27.78,Consistent Climber,0.3,30.0,55.63,3,98,671,A-,73.36,451,79,845.73,15433,5
35,10.77,103.75,31.3,11.32,0.5076,5,D,45.2,0.2601,26.01,0.2629,26.29,0.25,25.0,Flexible Learner,0.35,35.0,32.07,0,54,672,G,38.27,223,42,452.4,15434,10
20,11.26,105.29,23.99,9.52,0.4783,3,G,32.11,0.2233,22.33,0.2727,27.27,0.0769,7.69,Fresh Starter,0.35,35.0,22.23,0,30,673,G,28.85,103,20,225.2,15435,9
8,9.43,83.02,18.85,0.0,0.3628,2,G,25.6,0.186,18.6,0.1667,16.67,0.2308,23.08,Fresh Starter,0.2,20.0,33.0,0,12,674,G,28.24,43,8,75.45,15436,5
27,10.2,85.57,63.17,31.37,0.783,3,A-,73.59,0.5607,56.07,0.557,55.7,0.6,60.0,Deep Focus Learner,0.55,55.0,56.95,3,42,675,B+,66.85,173,30,305.93,15437,5
45,11.8,131.34,43.71,29.89,0.6206,5,B+,65.93,0.4348,43.48,0.4783,47.83,0.3841,38.41,Consistent Climber,0.4,40.0,54.61,0,98,676,B,62.92,299,67,790.62,15438,7
25,10.09,96.95,56.49,46.67,0.6128,2,B,60.42,0.5341,53.41,0.5789,57.89,0.3953,39.53,Deep Focus Learner,0.4,40.0,59.37,1,54,677,B+,65.65,176,34,343.03,15439,5
44,10.38,91.78,49.04,29.41,0.6363,5,B,61.51,0.417,41.7,0.4244,42.44,0.3778,37.78,Flexible Learner,0.45,45.0,46.51,0,54,678,C,50.75,283,51,529.37,15440,7
20,11.81,110.86,48.15,34.48,0.6252,3,B,60.03,0.4135,41.35,0.4022,40.22,0.439,43.9,Deep Focus Learner,0.45,45.0,49.07,0,30,679,C,53.35,133,25,295.27,15441,4
27,10.75,100.42,56.84,47.37,0.7461,2,B+,66.9,0.5776,57.76,0.6148,61.48,0.3846,38.46,Deep Focus Learner,0.55,55.0,64.0,0,66,680,B+,69.99,161,30,322.38,15442,1
33,9.42,98.31,49.59,23.53,0.5828,5,C+,55.15,0.4693,46.93,0.5167,51.67,0.3729,37.29,Deep Focus Learner,0.35,35.0,52.32,2,54,681,C+,58.79,179,38,357.95,15443,7
44,11.06,102.19,41.49,21.11,0.5995,5,C+,58.19,0.3778,37.78,0.3887,38.87,0.3137,31.37,Consistent Climber,0.2,20.0,41.21,0,66,682,C,50.9,352,66,729.92,15444,10
29,10.42,117.59,34.75,12.9,0.5464,3,C,51.7,0.3566,35.66,0.3684,36.84,0.3333,33.33,Deep Focus Learner,0.25,25.0,45.42,0,42,683,D,45.15,143,33,343.97,15445,9
44,10.43,102.21,70.82,53.06,0.8244,5,A,84.11,0.6071,60.71,0.625,62.5,0.5333,53.33,Consistent Climber,0.5,50.0,68.58,8,98,684,A,84.11,308,62,646.45,15446,3
44,11.63,106.23,67.09,47.06,0.8038,5,A,81.43,0.6413,64.13,0.6782,67.82,0.5063,50.63,Consistent Climber,0.6,60.0,70.78,2,98,685,A,81.43,368,67,779.33,15447,0
9,25.77,214.05,9.2,9.68,0.3765,2,G,25,0.1311,13.11,0.15,15.0,0.122,12.2,Fresh Starter,0.15,15.0,21.15,0,13,686,G,20,61,9,231.92,15448,8
21,15.78,141.33,35.73,18.75,0.5865,2,D,46.1,0.2857,28.57,0.3143,31.43,0.25,25.0,Fresh Starter,0.35,35.0,37.19,1,30,687,G,39.14,126,21,331.42,15449,7
26,13.73,135.53,50.29,30.36,0.686,3,B,64.1,0.4046,40.46,0.3962,39.62,0.4179,41.79,Deep Focus Learner,0.3,30.0,52.65,1,66,688,B,61.1,173,33,453.17,15450,4
44,16.42,161.89,56.21,30.23,0.7098,5,B+,68.8,0.4798,47.98,0.526,52.6,0.447,44.7,Consistent Climber,0.45,45.0,61.44,3,94,689,A-,75.08,371,69,1133.28,15451,6
18,16.0,151.11,49.42,18.92,0.6193,2,B,60.49,0.4188,41.88,0.5,50.0,0.3582,35.82,Deep Focus Learner,0.5,50.0,54.68,1,55,690,B,60.01,117,21,335.95,15452,5
39,13.85,142.34,50.59,28.28,0.7421,5,A-,73.41,0.476,47.6,0.5494,54.94,0.367,36.7,Flexible Learner,0.55,55.0,59.7,0,82,691,B+,67.8,271,54,747.87,15453,5
25,12.25,125.9,23.73,4.55,0.4839,2,E,40.56,0.2269,22.69,0.2881,28.81,0.1531,15.31,Weekend Learner,0.05,5.0,27.5,0,54,692,G,33.45,216,44,538.92,15454,12
42,11.31,102.34,60.0,44.94,0.7144,5,A-,74.54,0.5468,54.68,0.5418,54.18,0.5625,56.25,Consistent Climber,0.7,70.0,63.59,1,90,693,A-,76.79,331,59,667.57,15455,3
16,14.02,145.91,52.0,35.56,0.7235,2,B,64.02,0.4714,47.14,0.4727,47.27,0.4706,47.06,Weekend Learner,0.45,45.0,62.87,0,24,694,C+,59.35,140,28,392.53,15456,5
45,13.27,122.94,65.63,50.0,0.7999,5,A,83.53,0.6005,60.05,0.6337,63.37,0.5385,53.85,Consistent Climber,0.7,70.0,71.83,4,86,695,A,83.92,373,67,889.05,15457,3
50,12.46,124.83,55.89,32.52,0.7115,5,A-,74.69,0.4766,47.66,0.5282,52.82,0.3824,38.24,Consistent Climber,0.1,10.0,57.75,0,90,696,B+,67.79,384,75,934.13,15458,6
31,14.5,149.86,43.45,25.64,0.6437,5,B,60.74,0.3778,37.78,0.4571,45.71,0.3273,32.73,Deep Focus Learner,0.3,30.0,53.7,2,74,697,C+,59.09,180,36,522.03,15459,7
31,11.16,102.14,43.26,20.0,0.5375,3,C,52.72,0.402,40.2,0.4277,42.77,0.2581,25.81,Flexible Learner,0.2,20.0,41.51,0,78,698,C,54.38,204,37,413.0,15460,9
16,10.09,92.27,41.36,25.0,0.5257,2,G,39.1,0.4235,42.35,0.4342,43.42,0.3333,33.33,Fresh Starter,0.45,45.0,46.34,1,48,699,D,49.99,85,16,161.43,15461,6
40,10.54,95.82,73.22,52.13,0.8266,5,A,88.93,0.7151,71.51,0.723,72.3,0.6818,68.18,Consistent Climber,0.7,70.0,78.72,4,66,700,A,85.04,344,63,664.33,15462,0
25,12.78,119.23,38.02,25.0,0.6,2,C+,55.48,0.3618,36.18,0.4364,43.64,0.1667,16.67,Deep Focus Learner,0.5,50.0,37.2,1,42,701,E,42.54,152,28,357.73,15463,10
39,15.27,150.62,44.5,27.36,0.6275,4,B,63.66,0.3801,38.01,0.4345,43.45,0.3203,32.03,Consistent Climber,0.25,25.0,52.0,1,74,702,B,60.28,321,60,916.47,15464,8
21,10.55,104.43,33.36,20.0,0.4934,2,D,47.71,0.3143,31.43,0.3129,31.29,0.3214,32.14,Weekend Learner,0.35,35.0,34.88,0,30,703,G,36.59,175,35,369.22,15465,10
38,10.7,89.05,56.36,27.42,0.6703,4,B,64.35,0.5,50.0,0.5216,52.16,0.359,35.9,Flexible Learner,0.6,60.0,51.16,1,94,704,B+,68.36,294,50,534.98,15466,4
18,14.59,132.44,15.47,6.67,0.3049,2,G,25,0.0857,8.57,0.0333,3.33,0.1556,15.56,Fresh Starter,0.05,5.0,17.07,0,39,705,G,22.66,105,18,262.55,15467,9
25,10.56,94.92,52.37,34.69,0.7051,2,B+,65.27,0.507,50.7,0.5,50.0,0.5455,54.55,Weekend Learner,0.4,40.0,56.1,2,66,706,B,61.62,213,39,411.95,15468,6
22,10.34,96.61,13.64,8.0,0.3566,3,G,25,0.0957,9.57,0.101,10.1,0.0625,6.25,Fresh Starter,0.05,5.0,12.75,0,30,707,G,20,115,22,227.57,15469,11
42,13.82,131.5,62.04,36.36,0.7863,5,A,81.87,0.5662,56.62,0.6746,67.46,0.411,41.1,Consistent Climber,0.65,65.0,71.24,4,54,708,A-,72.54,355,65,898.12,15470,6
19,11.61,105.45,55.85,40.0,0.6951,2,B+,66.13,0.5476,54.76,0.5696,56.96,0.5106,51.06,Deep Focus Learner,0.45,45.0,68.81,1,52,709,A-,70.55,126,23,267.12,15471,4
24,15.02,131.73,54.92,37.66,0.7491,2,B+,68.89,0.5206,52.06,0.5683,56.83,0.4,40.0,Deep Focus Learner,0.35,35.0,61.77,0,42,710,B,62.63,194,32,480.63,15472,5
10,8.63,90.23,13.44,25.0,0.3589,1,G,25,0.1277,12.77,0.1,10.0,0.1765,17.65,Fresh Starter,0.15,15.0,18.93,0,27,711,G,20,47,10,86.33,15473,9
40,13.13,147.02,35.53,17.81,0.4724,6,D,45.2,0.323,32.3,0.3524,35.24,0.2975,29.75,Flexible Learner,0.5,50.0,45.07,2,82,712,C,54.08,226,49,643.43,15474,13
49,12.11,128.23,55.5,36.26,0.7103,5,A-,73.7,0.5521,55.21,0.5714,57.14,0.5282,52.82,Consistent Climber,0.45,45.0,65.63,0,70,713,A-,73.62,317,66,799.28,15475,4
8,10.06,109.16,28.19,12.5,0.4541,1,G,32.62,0.2973,29.73,0.2381,23.81,0.375,37.5,Fresh Starter,0.25,25.0,37.46,0,24,714,G,38.13,37,8,80.47,15476,5
16,12.83,133.68,43.38,6.06,0.5831,2,C,53.3,0.3782,37.82,0.473,47.3,0.2222,22.22,Weekend Learner,0.2,20.0,44.95,1,48,715,C,53.55,119,24,308.03,15477,7
41,14.24,130.64,73.06,53.92,0.8492,4,A,83.31,0.6433,64.33,0.6865,68.65,0.5874,58.74,Consistent Climber,0.8,80.0,77.42,8,90,716,A,86.66,328,58,826.03,15478,2
26,12.72,143.03,49.66,40.62,0.6798,2,B+,67.49,0.4732,47.32,0.5119,51.19,0.4463,44.63,Weekend Learner,0.45,45.0,65.07,1,54,717,B,64.21,205,45,572.38,15479,7
16,14.33,133.6,33.86,10.34,0.4964,2,G,38.2,0.3371,33.71,0.3793,37.93,0.2581,25.81,Fresh Starter,0.35,35.0,38.7,0,24,718,G,38.55,89,16,229.28,15480,8
45,12.02,101.57,73.7,49.65,0.8546,4,A,89.77,0.6667,66.67,0.6901,69.01,0.5556,55.56,High Achiever,0.5,50.0,72.87,7,98,719,A,87.86,465,77,925.75,15481,1
40,13.08,133.67,58.65,44.25,0.7686,3,A,80.61,0.546,54.6,0.5833,58.33,0.4931,49.31,Consistent Climber,0.55,55.0,68.99,1,86,720,A-,73.73,348,69,902.32,15482,3
54,18.57,181.02,56.39,30.88,0.7832,6,A-,78.99,0.4592,45.92,0.5163,51.63,0.422,42.2,High Achiever,0.45,45.0,63.96,2,54,721,B+,67.3,466,84,1560.08,15483,5
10,7.32,89.38,25.67,100.0,0.4589,2,G,34.36,0.2973,29.73,0.3,30.0,0.2941,29.41,Fresh Starter,0.25,25.0,43.33,0,31,722,E,43.94,37,10,73.18,15484,5
52,19.55,188.74,71.4,51.34,0.9446,6,A+,97.5,0.6415,64.15,0.7605,76.05,0.5802,58.02,High Achiever,0.7,70.0,82.5,6,98,723,A+,90.03,491,87,1701.08,15485,2
30,12.77,141.43,50.53,34.15,0.6431,2,C+,59.84,0.4269,42.69,0.5,50.0,0.3684,36.84,Flexible Learner,0.65,65.0,53.17,4,78,724,B,63.54,171,37,472.58,15486,8
19,9.06,85.33,30.84,9.38,0.4966,2,E,43.67,0.2771,27.71,0.2741,27.41,0.2903,29.03,Weekend Learner,0.25,25.0,33.76,1,64,725,E,40.7,166,32,289.88,15487,10
38,10.4,97.22,48.5,28.57,0.6582,3,B,61.88,0.4523,45.23,0.4759,47.59,0.3704,37.04,Flexible Learner,0.4,40.0,49.08,0,70,726,C+,57.75,241,46,478.48,15488,8
26,12.45,118.26,28.8,22.41,0.4457,3,G,39.2,0.2348,23.48,0.2442,24.42,0.2133,21.33,Weekend Learner,0.35,35.0,30.16,0,90,727,E,43.85,247,46,572.58,15489,13
36,12.54,114.08,72.83,49.02,0.8237,4,A,86.5,0.6727,67.27,0.7131,71.31,0.5488,54.88,Consistent Climber,0.8,80.0,75.0,5,90,728,A,88.13,333,60,752.25,15490,1
35,10.75,98.6,32.79,21.62,0.5339,4,C,50.91,0.3399,33.99,0.3636,36.36,0.2653,26.53,Flexible Learner,0.45,45.0,40.77,0,54,729,D,45.8,203,38,408.58,15491,10
51,16.81,163.82,56.53,44.05,0.8078,5,A,83.92,0.5925,59.25,0.7006,70.06,0.515,51.5,High Achiever,0.55,55.0,75.36,2,98,730,A,80.51,400,73,1227.02,15492,5
42,11.98,113.87,52.79,32.56,0.663,5,B+,65.22,0.4313,43.13,0.4476,44.76,0.3981,39.81,Consistent Climber,0.4,40.0,52.33,2,86,731,B,64.47,313,59,706.63,15493,8
24,12.59,132.28,46.68,19.05,0.6031,3,B,60.16,0.4403,44.03,0.5556,55.56,0.3065,30.65,Flexible Learner,0.35,35.0,53.48,1,66,732,B,61.77,134,28,352.58,15494,7
46,11.57,99.01,62.98,44.86,0.8372,5,A,84.03,0.585,58.5,0.6037,60.37,0.5065,50.65,Consistent Climber,0.25,25.0,66.18,4,66,733,A-,72.6,400,68,787.1,15495,4
16,12.5,112.41,32.04,8.0,0.4364,3,G,32.77,0.3152,31.52,0.36,36.0,0.1176,11.76,Fresh Starter,0.15,15.0,38.36,0,36,734,E,41.57,92,16,199.93,15496,9
22,12.34,114.32,47.42,26.42,0.5882,2,C+,56.14,0.448,44.8,0.4877,48.77,0.339,33.9,Weekend Learner,0.45,45.0,53.43,1,66,735,C+,59.94,221,40,493.42,15497,6
22,11.82,141.5,51.99,38.1,0.7367,2,B+,67.16,0.4717,47.17,0.4928,49.28,0.4556,45.56,Weekend Learner,0.55,55.0,58.59,3,42,736,B,60.55,159,37,437.52,15498,7
48,16.74,168.53,60.22,37.02,0.8127,4,A,87.61,0.5354,53.54,0.6235,62.35,0.469,46.9,High Achiever,0.4,40.0,71.95,3,78,737,A-,72.96,396,75,1255.47,15499,5
24,8.57,79.93,61.41,47.06,0.7262,3,B+,68.93,0.6054,60.54,0.6269,62.69,0.3846,38.46,Deep Focus Learner,0.6,60.0,60.95,2,54,738,B+,68.21,147,29,248.45,15500,3
17,15.7,144.49,32.07,9.09,0.5409,2,C,52.39,0.3307,33.07,0.3714,37.14,0.2807,28.07,Deep Focus Learner,0.35,35.0,43.97,0,37,739,E,42.81,127,22,345.5,15501,11
48,13.38,127.24,74.71,55.24,0.9437,5,A+,98,0.7292,72.92,0.7721,77.21,0.651,65.1,High Achiever,0.95,95.0,81.92,8,90,740,A+,91.81,421,77,1030.2,15502,1
31,12.37,116.51,43.24,24.53,0.5854,4,C+,58.6,0.3842,38.42,0.4114,41.14,0.2889,28.89,Deep Focus Learner,0.2,20.0,44.8,1,42,741,D,49.87,203,38,469.88,15503,9
50,10.88,94.8,74.89,62.4,0.9383,3,A+,93.91,0.7081,70.81,0.718,71.8,0.6622,66.22,High Achiever,0.65,65.0,75.64,7,66,742,A,82.52,418,73,793.93,15504,1
50,10.1,88.24,77.64,59.84,0.9498,6,A+,93.6,0.7606,76.06,0.772,77.2,0.6944,69.44,High Achiever,0.95,95.0,79.96,10,94,743,A+,93.87,493,88,888.5,15505,0
39,10.54,99.8,36.84,22.22,0.4652,3,E,44.87,0.3239,32.39,0.3602,36.02,0.1111,11.11,Flexible Learner,0.5,50.0,33.56,1,42,744,E,41.71,247,48,505.88,15506,12
23,15.12,173.46,38.61,25.68,0.6158,2,C,54.56,0.3651,36.51,0.4348,43.48,0.325,32.5,Weekend Learner,0.55,55.0,49.29,0,54,745,C,51.81,189,41,619.97,15507,8
47,18.95,195.9,41.05,19.17,0.6691,5,B+,65.65,0.3381,33.81,0.4526,45.26,0.2827,28.27,Consistent Climber,0.4,40.0,45.92,0,98,746,C+,56.1,420,80,1516.23,15508,10
26,12.75,117.81,67.1,48.44,0.8189,6,A-,78.68,0.6049,60.49,0.6387,63.87,0.5116,51.16,Deep Focus Learner,0.65,65.0,72.64,5,54,747,A-,76.23,162,29,369.67,15509,3
29,10.78,105.93,28.63,2.5,0.4543,2,E,42.59,0.2253,22.53,0.2192,21.92,0.25,25.0,Flexible Learner,0.3,30.0,27.66,0,58,748,G,36.46,182,36,387.98,15510,7
46,11.08,117.63,60.17,54.76,0.8233,5,A,86.83,0.654,65.4,0.68,68.0,0.6214,62.14,Consistent Climber,0.65,65.0,78.15,4,98,749,A,86.58,315,67,742.38,15511,3
51,13.26,117.19,79.82,57.89,0.9349,6,A+,98,0.719,71.9,0.7795,77.95,0.5333,53.33,High Achiever,0.65,65.0,80.06,9,94,750,A+,92.6,427,73,968.07,15512,1
22,14.28,171.5,28.21,9.3,0.5438,2,C,53.31,0.2727,27.27,0.4655,46.55,0.1562,15.62,Weekend Learner,0.2,20.0,36.95,0,30,751,G,34.0,154,35,499.72,15513,13
32,13.02,116.12,67.08,48.62,0.8321,4,A,83.73,0.6226,62.26,0.6709,67.09,0.4881,48.81,Consistent Climber,0.7,70.0,71.52,6,98,752,A,84.27,318,55,716.13,15514,2
27,11.83,110.89,40.05,24.39,0.5065,3,D,49.8,0.3743,37.43,0.4274,42.74,0.2742,27.42,Flexible Learner,0.3,30.0,44.85,1,42,753,C,50.84,179,34,402.28,15515,9
41,10.68,94.37,32.28,17.54,0.501,5,E,43.86,0.3148,31.48,0.3128,31.28,0.3256,32.56,Flexible Learner,0.2,20.0,34.61,0,78,754,E,43.97,270,49,523.45,15516,13
47,15.58,170.19,62.76,48.63,0.8382,5,A,85.49,0.6065,60.65,0.6788,67.88,0.5641,56.41,Consistent Climber,0.75,75.0,78.09,3,90,755,A,83.81,371,77,1199.8,15517,5
34,13.88,123.01,51.83,34.21,0.7242,4,B+,66.42,0.4675,46.75,0.4684,46.84,0.4658,46.58,Flexible Learner,0.45,45.0,59.52,2,66,756,B,64.09,231,39,541.48,15518,7
29,9.33,85.22,46.33,28.12,0.6603,2,B,60.27,0.457,45.7,0.462,46.2,0.4286,42.86,Deep Focus Learner,0.7,70.0,50.2,0,98,757,B,64.65,186,35,326.68,15519,5
53,10.18,92.73,71.16,56.3,0.7983,5,A,86.15,0.6942,69.42,0.7209,72.09,0.5246,52.46,High Achiever,0.75,75.0,74.43,5,94,758,A,88.28,448,83,844.73,15520,1
50,14.31,154.59,47.23,36.67,0.6676,5,B+,69.16,0.491,49.1,0.5924,59.24,0.4217,42.17,Consistent Climber,0.45,45.0,63.71,0,82,759,B+,67.26,387,80,1144.47,15521,8
46,15.26,151.22,72.69,56.1,0.8637,6,A+,90.2,0.6981,69.81,0.7474,74.74,0.6562,65.62,High Achiever,0.75,75.0,83.66,7,98,760,A+,95.12,414,78,1190.25,15522,1
36,10.17,91.0,49.38,26.79,0.6388,3,B+,65.44,0.4664,46.64,0.4715,47.15,0.4324,43.24,Consistent Climber,0.65,65.0,50.8,2,82,761,B,62.45,283,52,528.63,15523,8
17,9.86,90.61,39.56,8.7,0.4817,2,E,42.46,0.3088,30.88,0.3364,33.64,0.1923,19.23,Weekend Learner,0.35,35.0,36.85,1,37,762,E,42.75,136,26,256.37,15524,8
18,16.35,130.62,44.21,31.58,0.6368,3,C+,59.69,0.4167,41.67,0.4615,46.15,0.3333,33.33,Deep Focus Learner,0.25,25.0,52.03,0,51,763,C,54.42,120,18,294.37,15525,6
27,13.45,130.74,23.65,2.94,0.4617,3,E,40.28,0.2013,20.13,0.2333,23.33,0.1562,15.62,Flexible Learner,0.25,25.0,30.0,0,54,764,G,35.96,154,29,390.0,15526,12
20,12.14,116.26,37.68,20.0,0.5695,2,D,49.69,0.312,31.2,0.3765,37.65,0.175,17.5,Deep Focus Learner,0.35,35.0,36.76,0,30,765,E,40.22,125,24,291.42,15527,7
51,13.77,147.69,50.33,21.0,0.6031,5,B,60.36,0.4011,40.11,0.469,46.9,0.3562,35.62,Consistent Climber,0.5,50.0,51.51,2,98,766,B,64.19,364,75,1032.4,15528,7
28,12.5,139.87,23.96,10.0,0.4588,3,E,41.88,0.2483,24.83,0.2319,23.19,0.2625,26.25,Flexible Learner,0.25,25.0,39.63,0,82,767,D,48.24,149,33,412.45,15529,12
17,16.34,142.63,19.21,1.92,0.4521,2,G,39.43,0.1325,13.25,0.1584,15.84,0.08,8.0,Weekend Learner,0.1,10.0,18.38,0,37,768,G,22.52,151,25,408.52,15530,10
36,14.88,165.94,49.74,32.14,0.667,5,B,60.85,0.4114,41.14,0.5,50.0,0.3628,36.28,Deep Focus Learner,0.5,50.0,53.11,1,66,769,B,60.95,175,37,550.57,15531,6
27,15.56,149.97,52.82,40.0,0.6964,2,B+,65.69,0.4652,46.52,0.5,50.0,0.433,43.3,Deep Focus Learner,0.35,35.0,60.79,2,78,770,B+,66.8,187,34,528.95,15532,5
39,11.71,100.78,41.97,23.38,0.6719,3,B,62.81,0.3973,39.73,0.418,41.8,0.3019,30.19,Flexible Learner,0.65,65.0,42.84,0,70,771,C,50.62,297,50,585.58,15533,8
46,12.89,132.42,62.23,43.96,0.8088,5,A,83.39,0.5813,58.13,0.6474,64.74,0.5227,52.27,Consistent Climber,0.6,60.0,74.69,4,90,772,A,80.97,332,66,850.92,15534,4
46,10.87,95.49,65.66,48.51,0.7889,5,A,81.84,0.6136,61.36,0.6374,63.74,0.5176,51.76,Consistent Climber,0.5,50.0,69.22,5,98,773,A,81.64,427,76,826.33,15535,3
35,17.02,170.63,39.33,11.9,0.4726,5,D,47.64,0.2265,22.65,0.3125,31.25,0.1667,16.67,Flexible Learner,0.25,25.0,34.11,2,30,774,G,38.64,234,44,748.95,15536,11
41,11.44,101.95,55.58,32.99,0.7017,5,A-,71.89,0.4955,49.55,0.5552,55.52,0.1852,18.52,Consistent Climber,0.7,70.0,51.39,3,54,775,C+,58.8,335,60,686.15,15537,7
47,17.92,174.43,59.92,38.32,0.7776,5,A-,78.03,0.5515,55.15,0.6857,68.57,0.4728,47.28,Consistent Climber,0.55,55.0,72.22,3,98,776,A,81.66,379,69,1236.45,15538,5
50,13.83,151.59,53.24,34.19,0.7346,5,A-,78.17,0.4968,49.68,0.6087,60.87,0.4301,43.01,Consistent Climber,0.75,75.0,65.58,1,98,777,A-,75.73,308,66,912.88,15539,5
17,9.65,84.3,46.76,28.57,0.6252,2,C+,58.66,0.4481,44.81,0.4643,46.43,0.2857,28.57,Weekend Learner,0.4,40.0,46.7,1,37,778,C,53.38,154,28,270.12,15540,9
51,14.96,159.75,62.8,43.62,0.789,4,A,80.27,0.566,56.6,0.6135,61.35,0.5325,53.25,High Achiever,0.55,55.0,74.61,5,90,779,A-,79.37,394,81,1212.07,15541,4
42,11.9,105.53,58.04,42.11,0.7119,5,A-,73.2,0.5382,53.82,0.5597,55.97,0.4333,43.33,Consistent Climber,0.7,70.0,60.12,1,82,780,A-,71.49,353,62,737.62,15542,5
41,20.99,209.8,65.0,36.0,0.8133,4,A,84.02,0.4982,49.82,0.6133,61.33,0.4545,45.45,High Achiever,0.5,50.0,70.27,6,82,781,A-,79.67,273,50,1049.57,15543,5
22,10.35,113.97,45.65,23.33,0.6217,2,B,60.12,0.4552,45.52,0.51,51.0,0.3333,33.33,Weekend Learner,0.3,30.0,50.83,0,78,782,C+,59.29,145,32,331.23,15544,8
41,19.07,191.81,46.65,31.34,0.7086,4,B+,69.35,0.4379,43.79,0.5,50.0,0.4109,41.09,Flexible Learner,0.4,40.0,60.04,1,42,783,C+,58.17,290,54,1029.98,15545,8
29,13.48,139.28,49.42,35.48,0.746,4,A-,72.38,0.5048,50.48,0.5938,59.38,0.4298,42.98,Flexible Learner,0.4,40.0,64.28,1,90,784,B+,69.28,210,42,566.32,15546,9
37,10.32,88.36,49.65,29.17,0.5883,4,B,64.89,0.4441,44.41,0.4626,46.26,0.3261,32.61,Consistent Climber,0.5,50.0,49.47,2,98,785,B,64.34,340,60,619.32,15547,8
19,12.85,105.2,38.72,17.24,0.6225,2,C+,56.74,0.3796,37.96,0.4179,41.79,0.2045,20.45,Weekend Learner,0.35,35.0,37.83,0,40,786,E,42.56,245,39,501.22,15548,9
41,10.8,103.34,72.13,52.56,0.8415,5,A,84.45,0.6289,62.89,0.6573,65.73,0.4884,48.84,Consistent Climber,0.75,75.0,66.67,7,78,787,A-,77.81,256,49,529.42,15549,4
45,13.74,134.14,52.53,30.0,0.6768,4,A-,71.07,0.4744,47.44,0.5458,54.58,0.3453,34.53,Consistent Climber,0.45,45.0,55.92,2,90,788,B+,68.09,390,73,1003.07,15550,7
37,11.84,99.47,25.19,9.38,0.4598,3,E,40.42,0.223,22.3,0.2348,23.48,0.1633,16.33,Flexible Learner,0.35,35.0,27.22,0,94,789,G,39.7,296,50,591.93,15551,13
21,11.48,104.91,48.92,28.07,0.6791,2,B,62.07,0.4427,44.27,0.4794,47.94,0.322,32.2,Weekend Learner,0.55,55.0,51.16,2,66,790,B,60.47,253,45,516.65,15552,8
45,14.36,132.3,51.84,24.79,0.6201,5,B,63.71,0.4679,46.79,0.5673,56.73,0.3403,34.03,Consistent Climber,0.6,60.0,53.55,1,98,791,B+,68.89,436,77,1105.67,15553,7
38,12.49,108.64,60.93,45.26,0.8232,3,A,83.05,0.5656,56.56,0.6016,60.16,0.4219,42.19,Consistent Climber,0.7,70.0,65.45,1,86,792,A-,76.93,320,55,686.73,15554,2
28,11.62,102.9,60.44,51.85,0.7539,3,A-,72.33,0.601,60.1,0.5965,59.65,0.625,62.5,Flexible Learner,0.65,65.0,66.69,3,54,793,A-,70.03,203,36,418.17,15555,5
35,11.51,104.76,30.98,12.0,0.4782,4,D,45.63,0.2936,29.36,0.3182,31.82,0.2203,22.03,Flexible Learner,0.45,45.0,31.81,0,78,794,E,43.28,235,42,483.48,15556,11
37,10.46,97.12,49.45,35.94,0.6878,5,B+,68.14,0.4742,47.42,0.516,51.6,0.3,30.0,Consistent Climber,0.4,40.0,52.53,3,78,795,B,61.22,310,57,596.17,15557,10
48,11.26,115.22,67.03,53.57,0.8574,5,A,87.92,0.6545,65.45,0.6411,64.11,0.6788,67.88,Consistent Climber,0.55,55.0,77.52,2,86,796,A,85.08,385,79,889.17,15558,2
58,15.51,164.4,65.01,44.31,0.8739,6,A,87.36,0.5946,59.46,0.6978,69.78,0.4947,49.47,High Achiever,0.55,55.0,75.39,3,98,797,A,82.59,370,74,1147.9,15559,2
29,8.28,74.66,55.03,53.12,0.6967,4,A-,70.32,0.5795,57.95,0.5924,59.24,0.3636,36.36,Deep Focus Learner,0.65,65.0,59.95,2,66,798,A-,70.85,195,37,306.5,15560,4
31,10.64,95.6,63.94,32.14,0.7575,5,A-,74.81,0.5808,58.08,0.6047,60.47,0.4231,42.31,Flexible Learner,0.5,50.0,64.05,3,78,799,A-,73.02,198,37,393.5,15561,5
39,10.35,87.42,56.36,30.0,0.6541,3,B+,69.65,0.5203,52.03,0.5402,54.02,0.3714,37.14,Consistent Climber,0.75,75.0,55.89,3,42,800,B,60.65,296,51,527.77,15562,5
28,18.57,191.62,54.01,37.93,0.7924,3,A-,70.52,0.5278,52.78,0.625,62.5,0.4839,48.39,Deep Focus Learner,0.4,40.0,72.6,4,30,801,B+,65.7,180,34,631.47,15563,6
35,12.7,123.29,56.55,36.0,0.7178,4,B+,67.48,0.51,51.0,0.5472,54.72,0.4457,44.57,Flexible Learner,0.55,55.0,58.91,2,42,802,B,62.24,251,48,609.57,15564,5
39,14.34,129.27,52.56,29.63,0.7048,3,B+,65.18,0.4274,42.74,0.5031,50.31,0.275,27.5,Flexible Learner,0.3,30.0,45.38,2,54,803,C+,55.44,241,42,602.22,15565,6
45,12.66,127.63,68.2,48.96,0.8448,6,A,87.56,0.6392,63.92,0.716,71.6,0.5328,53.28,High Achiever,0.55,55.0,76.88,4,90,804,A,85.62,291,57,721.5,15566,2
21,14.25,166.63,25.26,0.0,0.439,3,G,33.21,0.2105,21.05,0.25,25.0,0.1905,19.05,Fresh Starter,0.4,40.0,31.05,0,46,805,G,33.66,95,21,299.35,15567,12
48,12.9,107.37,76.63,54.9,0.957,5,A+,97.79,0.709,70.9,0.7246,72.46,0.6477,64.77,High Achiever,0.7,70.0,76.33,8,90,806,A,87.6,433,71,916.02,15568,0
39,12.16,132.84,61.05,35.0,0.7523,6,A-,72.42,0.5,50.0,0.5408,54.08,0.4608,46.08,Flexible Learner,0.75,75.0,64.96,3,42,807,B+,66.93,200,43,522.87,15569,4
45,14.45,133.99,73.77,46.67,0.8273,4,A,87.15,0.6437,64.37,0.6821,68.21,0.5674,56.74,Consistent Climber,0.55,55.0,73.67,5,74,808,A,83.99,421,75,1083.63,15570,2
20,17.27,174.71,45.99,37.1,0.6382,2,C+,58.74,0.4671,46.71,0.6538,65.38,0.3826,38.26,Weekend Learner,0.65,65.0,60.35,2,54,809,B,61.07,167,32,552.65,15571,9
32,12.06,111.88,55.22,39.62,0.6983,3,B+,67.57,0.5362,53.62,0.5616,56.16,0.4754,47.54,Deep Focus Learner,0.45,45.0,63.84,2,82,810,A-,72.87,207,38,458.47,15572,5
40,11.8,99.5,68.87,45.35,0.854,5,A,88.66,0.6495,64.95,0.6768,67.68,0.5441,54.41,High Achiever,0.65,65.0,72.78,4,94,811,A,84.97,331,56,660.6,15573,1
49,11.32,110.55,52.76,42.72,0.7503,5,A-,75.79,0.5194,51.94,0.5674,56.74,0.3905,39.05,Consistent Climber,0.5,50.0,62.18,2,98,812,A-,73.64,387,75,848.93,15574,6
29,15.32,162.63,31.1,14.29,0.5929,2,C,52.55,0.284,28.4,0.3684,36.84,0.2151,21.51,Deep Focus Learner,0.3,30.0,39.24,0,54,813,E,43.84,169,34,520.9,15575,13
41,12.77,121.42,48.84,41.18,0.713,4,B+,67.49,0.5069,50.69,0.5376,53.76,0.451,45.1,Flexible Learner,0.7,70.0,62.5,1,90,814,B+,69.64,288,54,689.43,15576,9
35,14.28,143.63,54.79,25.0,0.6885,4,A-,73.39,0.5323,53.23,0.6013,60.13,0.4364,43.64,Consistent Climber,0.55,55.0,64.29,2,82,815,A-,71.52,263,51,728.28,15577,6
51,9.9,94.78,54.49,44.21,0.7674,5,A-,78.24,0.527,52.7,0.53,53.0,0.5094,50.94,Consistent Climber,0.6,60.0,59.46,1,90,816,A-,71.13,370,72,713.13,15578,5
26,15.59,154.16,33.13,22.92,0.6848,3,B+,65.86,0.3721,37.21,0.3636,36.36,0.3761,37.61,Deep Focus Learner,0.55,55.0,56.1,0,46,817,C,51.9,172,32,499.03,15579,11
42,10.61,93.41,42.97,19.35,0.6218,4,B,60.59,0.4007,40.07,0.4125,41.25,0.3333,33.33,Flexible Learner,0.55,55.0,45.69,0,90,818,C+,59.02,302,53,562.55,15580,9
19,16.66,166.88,52.43,39.02,0.7867,3,A-,75.85,0.5446,54.46,0.5682,56.82,0.5294,52.94,Deep Focus Learner,0.5,50.0,74.95,1,76,819,A-,74.94,112,21,349.82,15581,4
31,11.72,117.77,32.22,12.2,0.5181,5,D,45.64,0.3081,30.81,0.3578,35.78,0.2222,22.22,Deep Focus Learner,0.4,40.0,34.56,0,54,820,E,41.47,172,34,398.43,15582,13
24,11.76,110.31,37.45,20.0,0.4904,2,E,44.8,0.32,32.0,0.3415,34.15,0.2623,26.23,Weekend Learner,0.4,40.0,38.85,0,78,821,C,51.13,225,42,494.03,15583,12
30,19.77,194.17,42.88,13.64,0.6985,4,B+,65.82,0.3523,35.23,0.5556,55.56,0.2389,23.89,Deep Focus Learner,0.3,30.0,46.06,0,54,822,C,52.71,176,32,632.7,15584,8
38,15.96,140.64,61.6,39.23,0.7795,3,A,80.24,0.5449,54.49,0.6087,60.87,0.431,43.1,Consistent Climber,0.45,45.0,64.3,2,58,823,A-,70.26,323,54,861.95,15585,3
19,9.33,84.43,51.29,28.57,0.6707,2,B,63.43,0.5141,51.41,0.5517,55.17,0.3462,34.62,Weekend Learner,0.6,60.0,58.62,2,64,824,B,62.8,142,27,251.97,15586,5
38,10.7,113.67,46.65,35.48,0.6948,4,A-,73.12,0.4863,48.63,0.5085,50.85,0.4359,43.59,Consistent Climber,0.5,50.0,57.04,0,58,825,C+,59.5,255,54,577.58,15587,8
38,11.13,119.87,69.75,59.76,0.8575,5,A,85.22,0.6586,65.86,0.6839,68.39,0.617,61.7,High Achiever,0.55,55.0,75.43,5,90,826,A,86.58,249,53,590.0,15588,3
40,17.06,174.44,52.46,29.94,0.7231,3,A-,79.18,0.4365,43.65,0.5796,57.96,0.3012,30.12,Consistent Climber,0.2,20.0,57.3,1,90,827,B+,69.11,323,62,1057.93,15589,6
42,11.37,101.86,62.49,36.67,0.6921,5,B+,68.41,0.5571,55.71,0.5973,59.73,0.3607,36.07,Consistent Climber,0.6,60.0,56.28,3,78,828,B+,69.9,359,63,716.15,15590,5
55,13.75,129.99,78.98,67.28,0.9565,5,A+,98,0.7747,77.47,0.8036,80.36,0.7312,73.12,High Achiever,0.9,90.0,86.33,8,82,829,A+,93.38,466,85,1168.53,15591,0
18,12.92,119.25,40.12,20.69,0.6502,2,B,60.48,0.4114,41.14,0.434,43.4,0.3654,36.54,Weekend Learner,0.65,65.0,49.87,0,63,830,C,52.69,158,28,361.78,15592,9
45,11.36,103.34,60.9,43.33,0.7779,5,A-,79.76,0.5936,59.36,0.629,62.9,0.4219,42.19,Consistent Climber,0.6,60.0,66.2,2,66,831,A-,74.78,374,69,783.5,15593,3
46,12.53,137.15,46.61,26.74,0.6245,4,B,61.36,0.3768,37.68,0.4432,44.32,0.3036,30.36,Consistent Climber,0.55,55.0,46.54,0,98,832,C+,57.31,353,75,940.05,15594,9
38,15.03,142.29,45.02,20.99,0.6285,5,C+,59.39,0.3837,38.37,0.4207,42.07,0.3191,31.91,Flexible Learner,0.65,65.0,48.57,1,70,833,C+,56.28,258,47,706.23,15595,8
27,11.8,117.4,39.74,32.43,0.6084,4,C+,56.23,0.3837,38.37,0.4327,43.27,0.3088,30.88,Deep Focus Learner,0.4,40.0,50.36,1,90,834,C+,59.33,172,34,401.05,15596,11
18,13.74,129.24,56.42,18.18,0.7545,2,A-,72.37,0.4904,49.04,0.575,57.5,0.2083,20.83,Deep Focus Learner,0.55,55.0,54.23,1,63,835,B,63.51,104,19,260.97,15597,3
23,10.21,90.29,37.4,22.92,0.5065,2,D,47.94,0.355,35.5,0.3511,35.11,0.3784,37.84,Weekend Learner,0.3,30.0,38.39,0,78,836,C,54.04,262,48,490.17,15598,12
22,8.57,85.92,58.32,48.28,0.6744,3,C+,59.54,0.5272,52.72,0.5503,55.03,0.4286,42.86,Weekend Learner,0.6,60.0,56.91,2,90,837,A-,70.85,184,40,342.65,15599,4
39,15.16,157.62,42.37,28.85,0.5898,5,C+,57.85,0.3625,36.25,0.365,36.5,0.3607,36.07,Consistent Climber,0.3,30.0,49.26,1,94,838,B,60.68,320,63,955.12,15600,11
37,9.62,89.13,48.98,29.41,0.66,4,B+,66.37,0.4179,41.79,0.4484,44.84,0.2667,26.67,Consistent Climber,0.45,45.0,45.07,1,42,839,C,51.03,268,51,490.75,15601,8
29,10.22,88.86,55.71,33.33,0.7425,2,B+,68.45,0.5026,50.26,0.5143,51.43,0.3571,35.71,Deep Focus Learner,0.55,55.0,52.92,1,86,840,B+,67.4,189,33,337.38,15602,5
11,14.15,140.7,52.1,42.86,0.6046,2,D,47.34,0.5263,52.63,0.6818,68.18,0.4286,42.86,Fresh Starter,0.75,75.0,65.85,2,28,841,B,61.74,57,11,155.67,15603,4
44,12.45,131.27,40.15,33.7,0.5988,4,B,63.83,0.4335,43.35,0.431,43.1,0.436,43.6,Consistent Climber,0.45,45.0,59.03,0,98,842,B+,66.01,346,71,884.23,15604,12
38,13.03,126.41,37.35,19.72,0.655,4,B+,65.27,0.3696,36.96,0.3779,37.79,0.3558,35.58,Consistent Climber,0.7,70.0,46.02,1,54,843,C,50.08,276,53,690.65,15605,10
48,11.17,115.8,74.86,60.78,0.8342,5,A+,90.26,0.7208,72.08,0.7807,78.07,0.6098,60.98,Consistent Climber,0.8,80.0,81.77,4,78,844,A,87.53,351,72,804.22,15606,0
55,17.76,168.15,73.99,62.16,0.9049,5,A+,96.77,0.7101,71.01,0.7755,77.55,0.6407,64.07,High Achiever,0.65,65.0,82.84,5,90,845,A+,90.97,476,84,1492.17,15607,0
32,11.62,133.14,50.61,41.3,0.7213,3,B+,69.03,0.526,52.6,0.4923,49.23,0.5506,55.06,Deep Focus Learner,0.6,60.0,69.28,1,58,846,B+,67.89,154,35,406.77,15608,4
26,11.25,111.87,36.27,16.36,0.5303,2,C,53.08,0.3496,34.96,0.3312,33.12,0.3939,39.39,Weekend Learner,0.4,40.0,41.92,0,90,847,C,53.04,226,45,506.43,15609,11
23,11.78,128.17,14.4,5.26,0.306,2,G,25,0.1238,12.38,0.08,8.0,0.1636,16.36,Fresh Starter,0.05,5.0,24.47,0,54,848,G,29.18,105,23,271.05,15610,9
34,10.25,95.41,34.06,13.73,0.5089,4,D,48.73,0.3543,35.43,0.3757,37.57,0.2353,23.53,Flexible Learner,0.5,50.0,39.15,0,74,849,D,46.98,223,42,430.37,15611,11
43,11.54,110.48,65.62,51.55,0.8086,4,A,82.43,0.6039,60.39,0.6364,63.64,0.5278,52.78,Consistent Climber,0.8,80.0,69.32,3,98,850,A,81.67,361,68,784.6,15612,4
24,17.32,178.91,45.32,26.19,0.6263,2,C+,59.38,0.4008,40.08,0.5789,57.89,0.3168,31.68,Weekend Learner,0.4,40.0,57.51,0,78,851,B,60.73,237,46,796.72,15613,8
23,10.97,132.22,34.96,13.46,0.4787,3,D,47.49,0.3275,32.75,0.3883,38.83,0.2353,23.53,Weekend Learner,0.25,25.0,38.5,1,42,852,E,41.62,171,41,449.88,15614,13
27,12.85,121.15,54.39,45.45,0.7739,3,A-,76.57,0.5635,56.35,0.626,62.6,0.431,43.1,Flexible Learner,0.45,45.0,67.68,2,70,853,A-,70.72,181,33,423.95,15615,5
17,12.71,155.15,28.88,5.0,0.5584,2,E,43.4,0.2676,26.76,0.3667,36.67,0.1951,19.51,Fresh Starter,0.2,20.0,38.02,0,49,854,E,41.71,71,17,216.07,15616,7
28,13.74,150.58,45.16,19.57,0.6357,3,B,62.71,0.4238,42.38,0.5484,54.84,0.3371,33.71,Deep Focus Learner,0.55,55.0,52.7,2,42,855,C,54.82,151,32,439.73,15617,10
26,9.18,79.31,61.71,37.5,0.8086,3,A-,73.5,0.6051,60.51,0.5931,59.31,0.75,75.0,Deep Focus Learner,0.4,40.0,63.04,2,42,856,A-,71.28,157,29,266.1,15618,2
37,10.53,94.36,56.27,28.33,0.6303,4,B+,67.27,0.4824,48.24,0.4957,49.57,0.4259,42.59,Consistent Climber,0.7,70.0,55.92,2,86,857,A-,71.43,284,52,547.43,15619,9
25,11.09,90.21,38.73,13.79,0.6002,3,C,52.34,0.2683,26.83,0.2286,22.86,0.5,50.0,Deep Focus Learner,0.3,30.0,35.08,1,42,858,E,43.84,164,27,299.35,15620,8
36,10.79,95.74,60.94,44.44,0.8025,5,A,82.51,0.5759,57.59,0.5973,59.73,0.4444,44.44,Consistent Climber,0.65,65.0,64.07,1,78,859,A-,73.6,257,46,496.27,15621,2
40,9.96,92.45,42.59,30.3,0.5757,3,C+,55.49,0.4196,41.96,0.4449,44.49,0.2188,21.88,Flexible Learner,0.5,50.0,46.19,0,66,860,C+,55.25,286,54,537.7,15622,11
32,15.38,140.79,42.48,12.68,0.5696,4,C,54.21,0.3242,32.42,0.3445,34.45,0.3,30.0,Flexible Learner,0.45,45.0,43.12,1,54,861,D,49.86,219,38,584.27,15623,9
41,14.72,159.52,37.08,15.58,0.5095,3,C,50.2,0.3195,31.95,0.3738,37.38,0.283,28.3,Flexible Learner,0.15,15.0,40.17,1,90,862,C,50.18,266,55,809.33,15624,13
21,13.2,158.96,32.3,15.62,0.5556,3,E,40.33,0.3187,31.87,0.5143,51.43,0.1964,19.64,Fresh Starter,0.25,25.0,40.74,0,42,863,E,43.4,91,21,277.15,15625,8
22,10.68,126.97,51.19,51.28,0.584,2,C+,56.6,0.5099,50.99,0.6047,60.47,0.3846,38.46,Weekend Learner,0.65,65.0,61.69,1,66,864,B,63.95,151,36,384.53,15626,9
24,11.58,120.78,39.99,16.0,0.5646,2,D,49.05,0.369,36.9,0.4312,43.12,0.2821,28.21,Weekend Learner,0.15,15.0,45.7,0,66,865,C,53.23,187,39,451.57,15627,9
48,11.59,105.95,72.15,56.25,0.8523,4,A,83.04,0.7089,70.89,0.7686,76.86,0.4598,45.98,High Achiever,0.7,70.0,76.15,5,98,866,A,89.96,450,81,938.78,15628,0
39,13.59,127.45,64.89,50.0,0.8144,4,A,82.77,0.5562,55.62,0.6402,64.02,0.4351,43.51,Consistent Climber,0.7,70.0,68.49,3,70,867,A-,75.74,320,57,774.75,15629,3
52,12.61,111.25,65.13,41.67,0.8195,6,A,83.71,0.5889,58.89,0.6352,63.52,0.3837,38.37,High Achiever,0.6,60.0,65.5,2,98,868,A-,75.35,467,81,1021.45,15630,2
23,18.12,181.33,51.88,35.71,0.7517,2,B+,67.35,0.4292,42.92,0.5294,52.94,0.3622,36.22,Weekend Learner,0.25,25.0,62.93,1,78,869,B+,68.69,212,39,706.68,15631,6
40,13.25,125.96,58.49,43.52,0.7793,5,A-,78.94,0.5493,54.93,0.625,62.5,0.4252,42.52,Consistent Climber,0.5,50.0,66.8,2,78,870,A-,73.49,335,62,821.6,15632,5
48,11.43,111.1,44.46,31.87,0.5848,5,B,61.03,0.4124,41.24,0.4314,43.14,0.3707,37.07,Consistent Climber,0.5,50.0,49.48,1,42,871,C,52.32,371,73,834.35,15633,12
21,14.57,136.99,45.01,18.75,0.6548,3,C+,59.23,0.3484,34.84,0.3608,36.08,0.3276,32.76,Deep Focus Learner,0.45,45.0,42.16,1,42,872,D,46.6,155,28,408.05,15634,6
41,13.25,145.97,31.35,16.36,0.5981,5,C,54.87,0.2821,28.21,0.2885,28.85,0.2769,27.69,Flexible Learner,0.4,40.0,41.44,0,66,873,D,46.75,234,50,662.73,15635,12
38,14.72,145.91,35.63,15.96,0.5416,6,D,48.5,0.2868,28.68,0.3438,34.38,0.2,20.0,Flexible Learner,0.55,55.0,37.21,0,90,874,C,52.18,265,50,735.97,15636,11
12,9.89,88.35,17.98,8.33,0.428,2,G,29.14,0.1935,19.35,0.2105,21.05,0.0,0.0,Fresh Starter,0.2,20.0,22.32,0,18,875,G,20,62,12,118.65,15637,9
17,9.2,93.18,41.12,47.06,0.6552,2,B,61.61,0.4951,49.51,0.557,55.7,0.2917,29.17,Weekend Learner,0.4,40.0,56.1,1,37,876,C,53.05,103,22,202.3,15638,8
24,12.69,124.55,43.65,32.43,0.6304,2,B,61.3,0.4538,45.38,0.481,48.1,0.4118,41.18,Deep Focus Learner,0.5,50.0,59.43,0,66,877,B,64.06,130,25,317.35,15639,7
50,14.82,140.1,61.67,45.45,0.7957,3,A,85.69,0.5884,58.84,0.6508,65.08,0.5202,52.02,High Achiever,0.4,40.0,73.05,1,94,878,A,81.41,362,65,963.47,15640,3
35,11.77,148.22,40.24,16.67,0.5094,3,E,44.77,0.3175,31.75,0.3333,33.33,0.3089,30.89,Flexible Learner,0.2,20.0,39.0,1,30,879,E,42.04,189,47,553.0,15641,12
45,10.92,97.09,49.13,25.23,0.6141,5,B,63.74,0.4411,44.11,0.4624,46.24,0.3115,31.15,Consistent Climber,0.5,50.0,47.61,1,86,880,C+,58.94,433,77,841.02,15642,7
22,11.13,105.19,44.79,31.37,0.6197,2,C,53.71,0.4105,41.05,0.432,43.2,0.35,35.0,Weekend Learner,0.35,35.0,49.61,1,90,881,B,61.58,229,43,478.38,15643,10
37,16.31,170.97,48.41,37.5,0.7626,5,A-,74.69,0.4817,48.17,0.5385,53.85,0.45,45.0,Flexible Learner,0.6,60.0,69.01,1,42,882,B,64.56,218,43,701.43,15644,9
24,14.21,147.88,41.31,20.45,0.5987,2,C+,56.5,0.3819,38.19,0.4125,41.25,0.3438,34.38,Flexible Learner,0.45,45.0,47.99,0,54,883,C+,55.42,144,29,412.18,15645,9
21,12.12,110.71,42.66,30.56,0.6346,3,C+,56.23,0.3631,36.31,0.4146,41.46,0.1765,17.65,Deep Focus Learner,0.35,35.0,42.97,3,30,884,D,45.97,157,28,339.45,15646,10
16,9.24,80.58,71.23,57.14,0.7615,2,A-,73.34,0.6923,69.23,0.7021,70.21,0.6,60.0,Deep Focus Learner,0.7,70.0,73.03,4,24,885,A-,72.37,104,19,175.57,15647,1
28,11.02,91.62,34.68,18.18,0.485,3,E,43.98,0.2804,28.04,0.2824,28.24,0.2632,26.32,Flexible Learner,0.45,45.0,32.14,0,42,886,G,31.61,189,32,352.78,15648,9
45,15.29,157.02,60.84,38.85,0.7561,5,A,80.83,0.5528,55.28,0.6323,63.23,0.504,50.4,Consistent Climber,0.6,60.0,72.58,1,98,887,A-,79.23,407,79,1208.28,15649,3
33,11.02,124.68,38.15,18.75,0.5773,4,D,49.76,0.3234,32.34,0.3804,38.04,0.2533,25.33,Deep Focus Learner,0.35,35.0,45.9,1,100,888,C+,56.57,167,38,418.75,15650,9
25,12.14,125.88,23.96,7.55,0.4541,3,E,41.25,0.2366,23.66,0.2761,27.61,0.1778,17.78,Weekend Learner,0.25,25.0,29.23,0,66,889,G,34.6,224,46,558.55,15651,14
45,8.93,87.24,61.82,56.92,0.7637,4,A-,79.93,0.6223,62.23,0.6407,64.07,0.5319,53.19,Consistent Climber,0.5,50.0,70.21,1,82,890,A-,75.94,278,58,518.1,15652,1
22,9.62,91.25,51.01,35.9,0.663,3,B,60.79,0.4529,45.29,0.4583,45.83,0.4231,42.31,Deep Focus Learner,0.5,50.0,51.13,3,66,891,B,60.48,170,33,317.53,15653,9
27,12.33,102.78,48.08,37.5,0.733,3,B+,67.4,0.4466,44.66,0.473,47.3,0.3793,37.93,Flexible Learner,0.4,40.0,54.39,1,42,892,C+,55.62,206,34,419.12,15654,10
40,12.35,116.01,57.0,41.9,0.7155,5,A-,71.04,0.5242,52.42,0.5647,56.47,0.4286,42.86,Consistent Climber,0.45,45.0,58.61,2,46,893,B,61.85,330,62,765.52,15655,4
44,13.28,135.15,49.07,25.45,0.6134,5,B,63.08,0.4312,43.12,0.4977,49.77,0.3376,33.76,Consistent Climber,0.55,55.0,54.0,1,66,894,C+,58.79,378,74,982.83,15656,6
8,12.64,123.53,26.9,14.29,0.489,2,G,37.86,0.3023,30.23,0.3448,34.48,0.2143,21.43,Fresh Starter,0.35,35.0,41.75,0,12,895,G,34.95,43,8,101.15,15657,5
33,12.86,123.9,56.17,41.18,0.7382,3,B+,69.16,0.5172,51.72,0.5786,57.86,0.381,38.1,Deep Focus Learner,0.45,45.0,63.08,2,30,896,B,61.51,203,38,488.57,15658,6
38,14.36,134.93,52.98,33.73,0.679,5,B+,66.03,0.4817,48.17,0.5249,52.49,0.4167,41.67,Flexible Learner,0.6,60.0,57.69,1,90,897,B+,69.08,301,54,775.35,15659,5
22,10.54,93.16,55.96,32.76,0.6856,2,B+,65.96,0.4664,46.64,0.4851,48.51,0.3611,36.11,Weekend Learner,0.4,40.0,49.72,3,90,898,B+,65.47,238,43,453.35,15660,6
49,9.95,98.34,51.9,24.42,0.6244,5,B,63.06,0.4692,46.92,0.4856,48.56,0.4026,40.26,Consistent Climber,0.45,45.0,53.73,1,94,899,B+,68.31,390,78,776.18,15661,8
37,8.93,86.2,70.09,56.0,0.8329,5,A,84.85,0.6811,68.11,0.6988,69.88,0.5714,57.14,Consistent Climber,0.8,80.0,71.94,5,30,900,A-,73.85,301,61,544.52,15662,1
34,11.21,103.2,68.19,31.25,0.8242,4,A,82.7,0.5543,55.43,0.5762,57.62,0.4583,45.83,Consistent Climber,0.55,55.0,63.0,5,98,901,A-,79.11,258,48,538.18,15663,2
43,12.8,123.19,43.65,13.54,0.6157,5,B,60.83,0.3595,35.95,0.4111,41.11,0.2667,26.67,Consistent Climber,0.25,25.0,42.76,2,98,902,C+,56.8,420,79,1011.55,15664,9
18,12.91,156.31,40.74,20.69,0.5852,2,C,54.78,0.4,40.0,0.3864,38.64,0.4079,40.79,Weekend Learner,0.3,30.0,60.21,0,27,903,C,54.36,120,28,361.6,15665,7
34,15.55,165.68,47.0,22.78,0.674,3,B+,67.72,0.3778,37.78,0.4787,47.87,0.3053,30.53,Consistent Climber,0.6,60.0,51.8,2,82,904,B,62.03,225,45,699.95,15666,7
25,12.17,125.84,30.32,14.29,0.5237,2,D,46.57,0.272,27.2,0.2791,27.91,0.2636,26.36,Weekend Learner,0.35,35.0,37.58,0,66,905,E,44.71,239,48,584.08,15667,12
39,20.66,202.21,62.32,44.44,0.861,3,A,88.4,0.5704,57.04,0.7143,71.43,0.5169,51.69,High Achiever,0.45,45.0,78.9,3,86,906,A,82.85,284,51,1053.7,15668,4
43,14.6,149.25,49.47,33.93,0.722,4,B+,69.34,0.4857,48.57,0.5714,57.14,0.4082,40.82,Flexible Learner,0.6,60.0,60.81,2,78,907,B+,68.46,280,55,802.87,15669,7
19,8.86,80.43,32.05,8.0,0.503,3,D,46.97,0.3106,31.06,0.3089,30.89,0.3333,33.33,Deep Focus Learner,0.35,35.0,33.85,0,64,908,E,42.08,132,25,221.48,15670,9
42,11.05,100.88,48.66,27.4,0.6374,4,B+,66.91,0.4501,45.01,0.47,47.0,0.3676,36.76,Consistent Climber,0.6,60.0,52.41,0,70,909,B,62.26,351,64,707.23,15671,7
23,13.74,139.62,28.85,22.58,0.5859,2,E,42.0,0.2833,28.33,0.3438,34.38,0.2143,21.43,Fresh Starter,0.15,15.0,40.0,0,66,910,D,45.73,120,23,316.1,15672,9
22,8.35,96.37,36.5,36.36,0.5758,2,E,41.38,0.3333,33.33,0.2857,28.57,0.4194,41.94,Fresh Starter,0.4,40.0,42.08,1,54,911,D,47.15,87,22,183.75,15673,7
39,15.94,148.62,74.04,48.74,0.9017,3,A+,97.15,0.6644,66.44,0.7515,75.15,0.5476,54.76,High Achiever,0.45,45.0,78.33,7,90,912,A,88.75,295,52,828.93,15674,1
45,17.57,181.09,66.86,48.75,0.8417,5,A,87.98,0.6134,61.34,0.7041,70.41,0.5792,57.92,Consistent Climber,0.5,50.0,78.73,6,54,913,A-,78.56,357,69,1212.18,15675,3
47,16.12,151.91,69.71,50.36,0.8285,5,A,86.71,0.635,63.5,0.7035,70.35,0.5584,55.84,High Achiever,0.7,70.0,77.32,4,86,914,A,87.22,326,58,935.18,15676,1
14,8.64,77.82,10.93,0.0,0.3199,2,G,25,0.1233,12.33,0.1127,11.27,0.5,50.0,Fresh Starter,0.1,10.0,13.16,0,21,915,G,20,73,14,120.9,15677,10
43,12.0,109.04,60.9,26.89,0.7899,5,A-,78.48,0.5,50.0,0.538,53.8,0.3378,33.78,Consistent Climber,0.65,65.0,56.47,3,82,916,A-,71.06,390,71,852.28,15678,5
41,10.28,101.91,27.17,9.43,0.4725,5,E,42.62,0.2267,22.67,0.2167,21.67,0.2537,25.37,Flexible Learner,0.2,20.0,30.89,0,82,917,E,43.79,247,50,513.88,15679,13
24,11.82,138.18,30.47,8.89,0.4224,2,G,36.01,0.2683,26.83,0.2651,26.51,0.2705,27.05,Weekend Learner,0.2,20.0,35.9,0,66,918,D,45.68,205,47,555.52,15680,13
24,13.35,158.33,30.73,10.17,0.5552,2,C,50.3,0.2337,23.37,0.1806,18.06,0.2679,26.79,Weekend Learner,0.2,20.0,41.61,0,54,919,E,42.71,184,42,560.78,15681,10
21,9.32,85.59,22.35,14.29,0.4468,2,G,37.45,0.2512,25.12,0.2353,23.53,0.3171,31.71,Weekend Learner,0.3,30.0,29.21,0,66,920,G,35.89,211,40,372.75,15682,15
34,10.83,108.17,61.81,40.43,0.7258,4,A-,72.88,0.5767,57.67,0.621,62.1,0.4923,49.23,Flexible Learner,0.8,80.0,67.13,3,66,921,A-,75.03,189,38,411.37,15683,4
20,13.76,136.63,45.76,24.49,0.6274,2,C+,58.49,0.4011,40.11,0.4783,47.83,0.3176,31.76,Weekend Learner,0.6,60.0,46.35,1,66,922,C,52.84,177,34,467.68,15684,8
42,11.86,110.71,50.9,36.11,0.7077,5,A-,70.43,0.4853,48.53,0.5244,52.44,0.3279,32.79,Consistent Climber,0.55,55.0,54.63,0,90,923,B+,66.64,307,56,664.18,15685,7
20,15.36,139.6,40.28,12.82,0.5299,3,E,42.54,0.319,31.9,0.4058,40.58,0.1915,19.15,Fresh Starter,0.3,30.0,40.08,2,42,924,E,43.98,116,20,307.13,15686,8
11,10.52,114.42,19.25,0.0,0.3301,1,G,25,0.16,16.0,0.1724,17.24,0.1429,14.29,Fresh Starter,0.1,10.0,19.23,0,32,925,G,23.04,50,11,115.73,15687,7
39,12.84,128.58,38.05,15.94,0.5934,5,C,54.87,0.315,31.5,0.3924,39.24,0.1875,18.75,Flexible Learner,0.4,40.0,41.02,1,66,926,D,49.99,254,50,641.87,15688,12
21,15.82,189.07,53.76,42.59,0.7091,2,B+,66.45,0.5333,53.33,0.8,80.0,0.4235,42.35,Deep Focus Learner,0.25,25.0,65.5,1,66,927,B+,68.17,120,27,427.1,15689,3
28,9.51,82.02,50.33,23.53,0.5744,5,C+,55.98,0.4649,46.49,0.4465,44.65,0.5769,57.69,Flexible Learner,0.6,60.0,53.66,2,54,928,B,60.15,185,33,313.83,15690,5
16,11.3,109.05,33.49,13.33,0.5255,2,D,47.65,0.2955,29.55,0.2981,29.81,0.2857,28.57,Weekend Learner,0.25,25.0,34.32,0,84,929,E,44.26,132,25,282.43,15691,9
31,18.13,181.07,47.47,32.26,0.7691,4,A-,74.88,0.4315,43.15,0.4559,45.59,0.4186,41.86,Flexible Learner,0.75,75.0,66.5,0,54,930,B,63.6,197,36,652.78,15692,8
18,11.09,102.53,32.7,4.76,0.5036,2,E,44.61,0.2804,28.04,0.3012,30.12,0.2083,20.83,Deep Focus Learner,0.1,10.0,32.09,0,39,931,G,35.67,107,20,221.78,15693,8
19,15.97,135.65,35.66,10.81,0.4899,2,G,37.43,0.3193,31.93,0.4247,42.47,0.1522,15.22,Fresh Starter,0.25,25.0,38.01,0,44,932,E,42.45,119,19,303.45,15694,7
40,12.31,117.6,34.48,9.09,0.4962,5,E,43.29,0.2519,25.19,0.2975,29.75,0.1852,18.52,Flexible Learner,0.25,25.0,33.67,1,94,933,D,47.92,266,50,615.62,15695,11
35,13.93,142.47,27.72,22.95,0.4724,4,D,45.33,0.2642,26.42,0.31,31.0,0.2232,22.32,Flexible Learner,0.3,30.0,33.51,0,58,934,E,40.56,212,42,585.15,15696,14
45,11.2,113.42,62.97,37.78,0.7611,5,A-,74.39,0.573,57.3,0.5855,58.55,0.5492,54.92,Consistent Climber,0.5,50.0,71.11,3,70,935,A-,77.05,356,72,806.48,15697,6
24,12.79,115.52,41.0,27.78,0.5585,3,D,49.07,0.3949,39.49,0.4831,48.31,0.1282,12.82,Deep Focus Learner,0.5,50.0,41.44,0,42,936,D,47.56,157,27,345.42,15698,8
23,12.27,115.44,60.96,41.86,0.7571,2,A-,72.82,0.5472,54.72,0.6225,62.25,0.24,24.0,Weekend Learner,0.65,65.0,61.27,3,66,937,A-,72.73,254,47,576.53,15699,5
22,12.34,114.62,32.84,22.58,0.4244,2,G,39.95,0.3227,32.27,0.3484,34.84,0.2615,26.15,Weekend Learner,0.35,35.0,37.52,0,78,938,D,48.35,220,40,493.5,15700,14
45,14.32,153.2,42.28,33.78,0.5702,7,C+,57.57,0.3579,35.79,0.4211,42.11,0.3121,31.21,Flexible Learner,0.3,30.0,47.1,0,78,939,C+,55.5,271,55,787.68,15701,11
19,11.68,100.84,45.35,38.1,0.6088,3,D,48.45,0.4037,40.37,0.3977,39.77,0.4286,42.86,Fresh Starter,0.45,45.0,45.52,0,64,940,C+,55.29,109,19,221.92,15702,6
53,11.01,103.29,68.29,50.78,0.8116,5,A,81.42,0.6388,63.88,0.6646,66.46,0.5412,54.12,High Achiever,0.8,80.0,72.23,5,74,941,A-,77.32,407,76,837.1,15703,1
21,11.53,101.93,57.66,33.33,0.691,2,B,61.81,0.5486,54.86,0.6091,60.91,0.35,35.0,Weekend Learner,0.65,65.0,58.18,2,42,942,B,62.1,257,46,530.6,15704,4
24,10.26,97.89,26.91,8.0,0.4389,2,E,42.15,0.2763,27.63,0.3027,30.27,0.1628,16.28,Weekend Learner,0.15,15.0,30.83,0,90,943,E,44.14,228,44,451.45,15705,14
16,10.36,85.66,27.89,14.29,0.4059,2,G,30.23,0.2128,21.28,0.2247,22.47,0.0,0.0,Fresh Starter,0.2,20.0,20.5,0,48,944,G,30.07,94,16,165.73,15706,7
25,15.01,132.11,54.23,33.33,0.7066,2,B+,68.09,0.4955,49.55,0.543,54.3,0.3944,39.44,Weekend Learner,0.65,65.0,58.95,2,54,945,B,63.17,222,37,555.52,15707,5
40,13.13,137.45,56.38,37.68,0.6818,4,B+,65.24,0.5112,51.12,0.5586,55.86,0.4643,46.43,Flexible Learner,0.55,55.0,62.73,4,78,946,B+,68.63,223,45,591.05,15708,6
27,9.71,91.88,47.19,27.27,0.6431,3,C+,57.2,0.3904,39.04,0.4016,40.16,0.3158,31.58,Deep Focus Learner,0.4,40.0,35.88,2,58,947,C,51.38,146,28,271.78,15709,8
29,12.88,111.32,66.54,62.12,0.8036,3,A-,76.58,0.6146,61.46,0.6025,60.25,0.6591,65.91,Deep Focus Learner,0.85,85.0,71.43,4,66,948,A-,78.9,205,35,450.93,15710,2
50,13.04,124.4,58.35,36.67,0.759,5,A-,75.75,0.5605,56.05,0.582,58.2,0.5235,52.35,Consistent Climber,0.5,50.0,68.7,2,98,949,A-,79.38,405,75,978.2,15711,4
37,11.18,103.44,40.32,26.87,0.5818,4,B,63.25,0.4044,40.44,0.4286,42.86,0.2917,29.17,Consistent Climber,0.55,55.0,45.91,0,42,950,D,48.36,272,50,559.0,15712,12
9,9.98,109.92,33.61,25.0,0.5472,2,E,43.17,0.3421,34.21,0.2667,26.67,0.3913,39.13,Fresh Starter,0.4,40.0,43.28,1,25,951,E,44.11,38,9,89.83,15713,6
38,10.0,95.26,71.11,55.13,0.8349,5,A,83.32,0.6508,65.08,0.6652,66.52,0.6118,61.18,Consistent Climber,0.4,40.0,73.97,5,54,952,A,82.75,315,62,619.95,15714,1
23,12.19,103.55,37.1,19.61,0.4952,3,D,46.51,0.3298,32.98,0.3505,35.05,0.2647,26.47,Weekend Learner,0.4,40.0,38.59,0,42,953,E,42.67,282,47,572.82,15715,13
29,12.27,148.99,55.13,29.03,0.6626,4,B+,68.55,0.5185,51.85,0.5352,53.52,0.5085,50.85,Consistent Climber,0.5,50.0,67.47,2,54,954,A-,70.28,189,45,552.25,15716,7
24,14.38,143.53,31.39,23.08,0.5516,2,D,49.54,0.3088,30.88,0.3894,38.94,0.2212,22.12,Weekend Learner,0.35,35.0,40.69,0,66,955,D,46.36,217,42,603.92,15717,11
21,14.21,128.67,40.22,24.24,0.6168,2,C,50.09,0.395,39.5,0.4713,47.13,0.1875,18.75,Fresh Starter,0.35,35.0,42.66,0,54,956,D,48.2,119,21,298.4,15718,6
18,12.46,129.76,51.76,12.9,0.5972,2,C+,55.7,0.4454,44.54,0.5161,51.61,0.3684,36.84,Weekend Learner,0.5,50.0,51.29,2,39,957,C,54.13,119,24,299.05,15719,6
28,14.38,163.93,33.11,32.61,0.6707,3,B,61.96,0.3688,36.88,0.551,55.1,0.2883,28.83,Deep Focus Learner,0.2,20.0,55.45,0,42,958,C,50.1,160,35,503.3,15720,11
15,8.4,79.97,25.55,7.14,0.5898,2,E,42.89,0.274,27.4,0.2985,29.85,0.0,0.0,Fresh Starter,0.1,10.0,31.02,0,22,959,G,33.13,73,15,125.98,15721,7
19,9.9,92.61,36.89,29.41,0.5639,2,D,49.35,0.3522,35.22,0.3603,36.03,0.3043,30.43,Weekend Learner,0.25,25.0,39.76,0,76,960,D,49.68,159,31,306.75,15722,7
48,15.62,160.44,67.73,50.68,0.8369,5,A,85.45,0.6277,62.77,0.7051,70.51,0.5727,57.27,Consistent Climber,0.85,85.0,77.69,5,90,961,A,87.78,376,73,1140.12,15723,3
48,10.75,109.92,57.09,43.3,0.7189,5,A-,77.5,0.5368,53.68,0.5709,57.09,0.4622,46.22,Consistent Climber,0.55,55.0,64.28,1,98,962,A-,74.02,380,78,838.58,15724,5
23,13.28,122.27,45.96,35.82,0.7106,2,B+,66.33,0.403,40.3,0.3973,39.73,0.4182,41.82,Weekend Learner,0.6,60.0,55.36,1,66,963,B,62.62,201,36,478.17,15725,9
35,15.58,154.45,68.22,47.78,0.8559,3,A,88.86,0.6299,62.99,0.7429,74.29,0.5625,56.25,Consistent Climber,0.6,60.0,80.25,4,78,964,A,89.0,281,53,825.98,15726,2
54,10.38,92.65,47.99,25.0,0.6683,5,B+,69.23,0.4874,48.74,0.508,50.8,0.3651,36.51,Consistent Climber,0.4,40.0,50.58,0,94,965,B,62.9,437,79,819.63,15727,9
23,14.07,129.11,39.38,21.95,0.6364,4,B,60.52,0.3561,35.61,0.4227,42.27,0.1714,17.14,Deep Focus Learner,0.4,40.0,47.63,1,54,966,C,50.09,132,23,323.7,15728,10
42,11.09,100.65,47.51,26.83,0.5845,5,B,62.85,0.4157,41.57,0.4128,41.28,0.4286,42.86,Consistent Climber,0.6,60.0,50.19,0,98,967,B,63.43,344,63,698.72,15729,9
21,13.07,128.72,42.02,25.58,0.5101,2,C,50.25,0.4341,43.41,0.4685,46.85,0.3803,38.03,Weekend Learner,0.5,50.0,50.88,1,30,968,C,50.35,182,35,457.37,15730,9
11,7.76,74.43,57.02,44.44,0.5744,2,D,47.57,0.5098,50.98,0.5098,50.98,0.0,0,Fresh Starter,0.5,50.0,50.98,1,16,969,C,54.14,51,11,85.32,15731,3
29,13.23,176.9,30.92,14.89,0.4734,4,E,43.85,0.3185,31.85,0.3878,38.78,0.2791,27.91,Flexible Learner,0.5,50.0,42.0,0,54,970,E,44.0,135,35,462.92,15732,9
44,10.05,86.82,57.65,44.0,0.6733,5,B+,67.3,0.5084,50.84,0.5181,51.81,0.45,45.0,Consistent Climber,0.45,45.0,56.51,0,78,971,B+,68.04,419,74,743.63,15733,3
19,20.29,200.33,48.78,28.04,0.744,2,A-,71.79,0.4091,40.91,0.4225,42.25,0.4027,40.27,Weekend Learner,0.55,55.0,62.97,1,52,972,B,62.03,220,40,811.72,15734,8
22,17.25,177.72,58.55,34.38,0.8075,3,A-,78.1,0.4931,49.31,0.5185,51.85,0.4778,47.78,Deep Focus Learner,0.3,30.0,70.25,3,70,973,A-,75.89,144,28,482.97,15735,5
53,12.37,109.78,70.94,50.0,0.7928,6,A,80.21,0.6229,62.29,0.6349,63.49,0.5865,58.65,High Achiever,0.75,75.0,70.3,5,98,974,A,87.17,419,73,903.15,15736,2
31,15.88,156.06,42.18,19.35,0.534,4,D,48.58,0.2881,28.81,0.3333,33.33,0.2308,23.08,Flexible Learner,0.2,20.0,37.47,1,78,975,D,49.86,177,33,523.97,15737,7
30,13.0,117.6,49.4,24.59,0.6108,4,C,54.72,0.3697,36.97,0.4125,41.25,0.2353,23.53,Flexible Learner,0.6,60.0,42.16,2,90,976,B,60.67,211,38,493.87,15738,8
23,11.39,89.47,20.73,10.34,0.3668,2,G,25,0.1633,16.33,0.1719,17.19,0.1053,10.53,Fresh Starter,0.2,20.0,19.09,0,54,977,G,30.57,147,23,261.98,15739,9
31,13.12,123.46,50.84,34.62,0.6491,4,B+,69.25,0.502,50.2,0.5183,51.83,0.4719,47.19,Consistent Climber,0.55,55.0,61.98,1,86,978,A-,70.8,253,46,603.48,15740,7
26,11.43,107.41,36.31,18.92,0.4974,3,D,49.13,0.3355,33.55,0.3739,37.39,0.2162,21.62,Deep Focus Learner,0.35,35.0,36.23,0,54,979,E,44.75,152,29,331.37,15741,9
24,13.27,153.61,38.07,10.26,0.4829,3,D,45.16,0.3435,34.35,0.4151,41.51,0.2949,29.49,Deep Focus Learner,0.05,5.0,43.38,2,66,980,C,50.35,131,30,398.02,15742,8
19,14.6,137.26,32.16,11.43,0.4464,3,G,30.89,0.3143,31.43,0.3784,37.84,0.1613,16.13,Fresh Starter,0.3,30.0,32.81,0,40,981,G,37.55,105,19,277.35,15743,9
31,10.83,109.24,48.59,26.19,0.6054,3,C+,55.98,0.3851,38.51,0.4427,44.27,0.2093,20.93,Flexible Learner,0.6,60.0,40.91,2,42,982,D,49.56,174,35,378.92,15744,7
30,13.56,132.97,56.52,32.31,0.754,3,A-,73.66,0.5179,51.79,0.5303,53.03,0.4921,49.21,Flexible Learner,0.5,50.0,65.09,2,54,983,B+,69.27,195,37,501.87,15745,5
42,14.42,147.06,57.62,45.83,0.8008,5,A-,79.79,0.5652,56.52,0.5938,59.38,0.5405,54.05,Consistent Climber,0.55,55.0,74.17,2,98,984,A,82.07,345,68,980.32,15746,5
27,10.82,91.76,37.88,25.58,0.5528,4,C,53.38,0.4107,41.07,0.4079,40.79,0.4375,43.75,Deep Focus Learner,0.25,25.0,44.92,0,42,985,D,48.55,168,29,313.7,15747,10
18,13.04,115.61,50.68,37.5,0.6546,2,C+,59.62,0.4521,45.21,0.4757,47.57,0.3953,39.53,Weekend Learner,0.4,40.0,48.45,2,27,986,D,49.93,146,25,326.07,15748,5
25,18.33,186.16,47.09,26.67,0.7132,2,B+,67.32,0.422,42.2,0.5179,51.79,0.3761,37.61,Deep Focus Learner,0.65,65.0,57.47,0,66,987,B,61.94,173,33,604.98,15749,5
44,12.33,111.4,73.33,50.89,0.8502,4,A,88.35,0.6919,69.19,0.7276,72.76,0.5658,56.58,Consistent Climber,0.7,70.0,74.87,7,98,988,A,87.33,344,61,752.05,15750,1
40,16.51,172.3,50.71,27.06,0.6447,9,B,62.83,0.4238,42.38,0.3919,39.19,0.4359,43.59,Flexible Learner,0.5,50.0,61.78,2,42,989,B,60.31,269,53,875.03,15751,8
39,10.28,86.76,62.87,39.34,0.7364,4,B+,69.03,0.5825,58.25,0.5746,57.46,0.614,61.4,Flexible Learner,0.4,40.0,64.88,3,82,990,A-,75.85,285,48,493.62,15752,3
35,9.31,95.67,61.06,31.58,0.6638,3,B,60.06,0.5315,53.15,0.5779,57.79,0.4265,42.65,Flexible Learner,0.5,50.0,57.09,3,74,991,B+,69.22,222,47,437.7,15753,5
47,11.08,100.55,42.67,22.78,0.6581,5,B+,67.0,0.375,37.5,0.403,40.3,0.2456,24.56,Consistent Climber,0.35,35.0,43.43,1,98,992,C+,57.17,320,58,642.63,15754,13
9,9.97,99.57,32.54,25.0,0.4596,1,G,32.34,0.3261,32.61,0.2857,28.57,0.4545,45.45,Fresh Starter,0.3,30.0,39.43,1,25,993,E,41.14,46,9,89.75,15755,6
22,13.62,144.19,34.93,21.74,0.5327,3,E,41.23,0.3333,33.33,0.4359,43.59,0.2754,27.54,Fresh Starter,0.3,30.0,42.51,0,46,994,E,44.73,108,22,299.72,15756,9
24,13.7,141.05,26.8,8.47,0.519,2,D,46.89,0.2564,25.64,0.2655,26.55,0.2479,24.79,Weekend Learner,0.2,20.0,37.6,0,78,995,E,44.08,234,46,630.37,15757,9
32,12.31,135.25,27.43,6.82,0.4772,5,E,42.81,0.2582,25.82,0.2842,28.42,0.2299,22.99,Flexible Learner,0.25,25.0,32.02,0,66,996,G,37.29,182,40,492.45,15758,14
38,15.18,140.89,60.44,40.91,0.7649,5,A-,73.68,0.5464,54.64,0.6205,62.05,0.448,44.8,Flexible Learner,0.8,80.0,66.62,2,100,997,A-,77.06,291,51,774.43,15759,5
26,11.22,103.92,58.6,37.78,0.7006,3,B,64.51,0.5276,52.76,0.5538,55.38,0.4242,42.42,Deep Focus Learner,0.7,70.0,58.08,2,30,998,B,61.32,163,30,336.58,15760,4
20,11.44,107.67,51.87,30.43,0.701,2,B,63.6,0.4457,44.57,0.4631,46.31,0.3714,37.14,Weekend Learner,0.35,35.0,49.02,1,78,999,B,60.45,184,35,400.4,15761,5
17,12.43,119.44,50.07,30.43,0.7263,2,B+,65.94,0.5263,52.63,0.6034,60.34,0.4054,40.54,Deep Focus Learner,0.4,40.0,61.13,1,65,1000,B,63.79,95,18,223.65,15762,4
22,11.1,108.71,42.39,32.26,0.5942,6,C+,56.11,0.4065,40.65,0.4111,41.11,0.3939,39.39,Deep Focus Learner,0.5,50.0,50.67,1,30,1001,D,48.84,123,24,266.45,15763,7
35,12.24,106.01,49.43,32.31,0.6317,4,C+,59.62,0.461,46.1,0.4481,44.81,0.5088,50.88,Flexible Learner,0.4,40.0,55.07,2,66,1002,B,63.07,269,46,563.1,15764,9
14,13.35,156.19,16.75,7.14,0.3675,3,G,25,0.1452,14.52,0.1333,13.33,0.1489,14.89,Fresh Starter,0.15,15.0,26.52,0,21,1003,G,24.37,62,14,186.88,15765,8
17,13.01,135.29,44.34,32.56,0.665,2,B,60.69,0.373,37.3,0.3425,34.25,0.4151,41.51,Weekend Learner,0.35,35.0,49.04,1,25,1004,D,49.07,126,25,325.28,15766,9
29,9.57,81.34,55.59,37.5,0.6931,3,B+,69.84,0.5431,54.31,0.5412,54.12,0.5556,55.56,Flexible Learner,0.3,30.0,59.27,1,54,1005,B+,65.32,197,35,335.08,15767,3
32,11.75,104.86,43.59,20.83,0.5934,5,C+,55.08,0.4163,41.63,0.4074,40.74,0.4366,43.66,Flexible Learner,0.75,75.0,50.77,0,42,1006,C,52.2,233,41,481.78,15768,10
24,11.86,124.43,39.67,17.39,0.6612,2,B,61.21,0.3762,37.62,0.4141,41.41,0.3108,31.08,Weekend Learner,0.4,40.0,52.63,0,54,1007,C,54.22,202,42,498.0,15769,11
52,10.97,107.68,63.78,44.9,0.7848,5,A-,78.94,0.5817,58.17,0.5978,59.78,0.5489,54.89,High Achiever,0.5,50.0,66.69,4,94,1008,A-,79.14,404,79,866.88,15770,5
15,11.16,116.51,58.34,21.62,0.7126,2,B+,69.62,0.5614,56.14,0.6125,61.25,0.4412,44.12,Weekend Learner,0.4,40.0,59.97,1,58,1009,B+,67.52,114,24,267.85,15771,2
42,13.28,130.64,51.52,30.49,0.671,5,B,63.09,0.4757,47.57,0.5254,52.54,0.3964,39.64,Flexible Learner,0.65,65.0,61.01,2,78,1010,B+,67.73,288,55,730.13,15772,8
44,11.52,115.82,48.29,19.28,0.5924,5,C+,59.72,0.4062,40.62,0.4453,44.53,0.3021,30.21,Consistent Climber,0.3,30.0,45.87,1,98,1011,B,62.8,352,71,818.27,15773,8
41,9.02,80.56,49.64,33.33,0.6357,4,B+,65.29,0.4569,45.69,0.4521,45.21,0.4889,48.89,Consistent Climber,0.55,55.0,52.08,1,54,1012,C+,56.7,348,65,586.43,15774,8
36,11.78,133.24,56.96,28.85,0.6749,4,A-,72.58,0.4826,48.26,0.6091,60.91,0.3667,36.67,Consistent Climber,0.4,40.0,53.68,2,98,1013,B+,66.77,230,52,612.52,15775,6
26,12.47,146.45,47.12,25.53,0.6747,4,B,62.08,0.4286,42.86,0.5256,52.56,0.3373,33.73,Flexible Learner,0.35,35.0,51.66,0,42,1014,C+,55.26,161,37,461.4,15776,6
15,11.46,103.0,49.76,27.78,0.7232,2,B,64.21,0.4758,47.58,0.5283,52.83,0.1667,16.67,Weekend Learner,0.6,60.0,49.29,2,34,1015,C,51.36,124,22,252.22,15777,6
29,17.62,190.61,33.09,12.9,0.5625,2,C,51.58,0.2432,24.32,0.3111,31.11,0.2136,21.36,Flexible Learner,0.4,40.0,44.83,2,54,1016,D,47.51,148,30,528.48,15778,13
26,16.97,167.1,58.01,27.4,0.7764,3,A-,71.15,0.451,45.1,0.5227,52.27,0.3538,35.38,Deep Focus Learner,0.35,35.0,57.69,3,82,1017,A-,70.12,153,28,475.13,15779,6
40,14.48,154.49,76.44,56.32,0.8846,4,A+,91.66,0.7143,71.43,0.7711,77.11,0.6852,68.52,High Achiever,0.75,75.0,86.24,7,98,1018,A+,98,245,50,723.95,15780,1
42,10.0,87.06,57.04,40.45,0.7359,5,A-,74.36,0.5346,53.46,0.5556,55.56,0.3721,37.21,Consistent Climber,0.45,45.0,55.29,1,54,1019,B,63.05,376,67,669.83,15781,6
35,10.85,98.79,35.36,21.28,0.5781,3,C+,55.17,0.343,34.3,0.3737,37.37,0.2308,23.08,Flexible Learner,0.35,35.0,40.16,0,66,1020,D,47.05,242,45,488.18,15782,12
42,11.45,103.22,65.43,40.0,0.7774,6,A-,74.58,0.5908,59.08,0.6325,63.25,0.4493,44.93,Flexible Learner,0.6,60.0,64.41,4,100,1021,A-,78.13,303,55,629.83,15783,3
31,17.93,181.35,49.66,38.55,0.8051,5,A-,74.48,0.4697,46.97,0.4655,46.55,0.4714,47.14,Deep Focus Learner,0.5,50.0,67.94,1,58,1022,B+,68.02,198,37,663.57,15784,8
24,13.63,125.98,42.63,25.0,0.622,2,C+,57.75,0.4321,43.21,0.4662,46.62,0.3909,39.09,Weekend Learner,0.5,50.0,58.28,0,78,1023,B,63.75,243,44,599.75,15785,10
30,14.16,156.23,34.03,20.41,0.501,2,D,48.98,0.3408,34.08,0.4,40.0,0.3145,31.45,Deep Focus Learner,0.35,35.0,45.99,0,90,1024,C,54.82,179,38,537.98,15786,12
16,8.54,80.45,69.58,37.14,0.691,2,B+,67.24,0.5833,58.33,0.5714,57.14,0.7143,71.43,Weekend Learner,0.7,70.0,61.16,6,24,1025,B+,67.05,168,33,281.67,15787,3
28,10.12,86.99,68.97,50.0,0.8135,4,A-,74.62,0.6188,61.88,0.6242,62.42,0.5833,58.33,Deep Focus Learner,0.6,60.0,65.29,4,54,1026,A-,72.23,181,32,323.93,15788,2
19,10.22,96.98,43.94,25.81,0.668,2,B,61.83,0.3958,39.58,0.4359,43.59,0.2222,22.22,Weekend Learner,0.35,35.0,43.5,2,52,1027,D,48.81,144,28,286.07,15789,8
25,10.56,113.04,60.3,44.44,0.7538,3,B+,69.69,0.55,55.0,0.5395,53.95,0.5625,56.25,Flexible Learner,0.5,50.0,70.48,1,42,1028,A-,72.89,140,30,316.83,15790,2
19,12.56,137.46,35.24,21.43,0.597,2,C,54.48,0.3261,32.61,0.3387,33.87,0.3158,31.58,Weekend Learner,0.35,35.0,47.19,0,64,1029,C,52.0,138,30,376.9,15791,8
9,9.87,101.58,21.8,0.0,0.3818,2,G,26.34,0.186,18.6,0.2308,23.08,0.1176,11.76,Fresh Starter,0.15,15.0,25.92,0,41,1030,G,27.75,43,9,88.87,15792,6
49,10.51,94.07,61.72,48.0,0.7481,5,A-,77.13,0.5886,58.86,0.6184,61.84,0.4,40.0,Consistent Climber,0.3,30.0,62.37,3,54,1031,B+,67.12,440,80,840.92,15793,4
34,12.77,131.3,57.33,28.26,0.6368,5,B,62.99,0.4293,42.93,0.4272,42.72,0.4316,43.16,Flexible Learner,0.55,55.0,55.58,4,66,1032,B,64.89,198,40,510.87,15794,8
30,10.28,89.68,58.1,57.69,0.7356,3,A-,70.13,0.5879,58.79,0.6089,60.89,0.4,40.0,Deep Focus Learner,0.6,60.0,61.54,2,94,1033,A-,73.49,199,35,359.73,15795,4
40,12.51,131.48,59.04,45.45,0.7138,4,A-,71.44,0.5331,53.31,0.5515,55.15,0.5094,50.94,Consistent Climber,0.55,55.0,63.86,4,82,1034,A-,71.95,242,50,625.7,15796,6
23,10.36,89.79,63.38,56.52,0.716,3,B+,68.94,0.5938,59.38,0.5827,58.27,0.6667,66.67,Flexible Learner,0.6,60.0,65.0,2,54,1035,A-,72.15,160,28,290.1,15797,3
20,13.02,143.35,49.57,27.03,0.7313,2,B+,67.43,0.4563,45.63,0.5283,52.83,0.38,38.0,Deep Focus Learner,0.65,65.0,57.58,1,42,1036,C+,58.8,103,22,286.43,15798,5
22,8.83,91.16,18.68,5.0,0.3259,3,G,25,0.1373,13.73,0.1375,13.75,0.1364,13.64,Fresh Starter,0.3,30.0,17.36,0,42,1037,G,24.72,102,22,194.27,15799,10
25,9.38,86.44,45.04,10.34,0.623,3,C+,55.12,0.3435,34.35,0.3445,34.45,0.3333,33.33,Deep Focus Learner,0.35,35.0,37.92,0,66,1038,C,50.17,131,25,234.55,15800,8
19,9.78,92.74,61.15,71.43,0.6968,3,B+,66.86,0.578,57.8,0.557,55.7,0.6333,63.33,Deep Focus Learner,0.45,45.0,66.2,1,64,1039,A-,71.79,109,21,205.48,15801,2
52,10.31,113.49,43.02,21.25,0.6532,5,B,64.61,0.4257,42.57,0.4693,46.93,0.3443,34.43,Consistent Climber,0.4,40.0,48.88,1,78,1040,C+,57.29,350,78,803.82,15802,9
18,13.98,139.33,39.6,32.5,0.6342,2,C+,57.34,0.3731,37.31,0.4203,42.03,0.3231,32.31,Weekend Learner,0.45,45.0,44.87,1,75,1041,C,53.23,134,26,363.52,15803,9
13,9.71,76.91,16.1,0.0,0.3124,2,G,25,0.1711,17.11,0.1739,17.39,0.1429,14.29,Fresh Starter,0.1,10.0,18.84,0,55,1042,G,25.71,76,13,126.28,15804,9
57,14.15,140.71,73.29,60.84,0.9265,6,A+,96.91,0.7175,71.75,0.7489,74.89,0.6825,68.25,High Achiever,0.85,85.0,83.68,7,90,1043,A+,92.46,446,85,1202.55,15805,1
20,11.44,100.71,56.24,44.44,0.7333,2,A-,70.78,0.563,56.3,0.5833,58.33,0.4783,47.83,Deep Focus Learner,0.6,60.0,59.04,1,42,1044,B,60.37,119,21,240.18,15806,4
23,15.6,143.75,34.64,13.7,0.528,2,D,48.28,0.305,30.5,0.3453,34.53,0.2583,25.83,Weekend Learner,0.45,45.0,40.65,1,90,1045,C,52.07,259,45,702.07,15807,12
12,17.71,195.29,13.37,8.33,0.3815,1,G,25,0.1525,15.25,0.0588,5.88,0.1905,19.05,Fresh Starter,0.1,10.0,28.64,0,18,1046,G,23.62,59,12,212.47,15808,7
11,10.35,106.81,34.96,30.0,0.5165,1,G,36.73,0.3462,34.62,0.36,36.0,0.3333,33.33,Fresh Starter,0.25,25.0,39.37,0,16,1047,G,37.7,52,11,113.83,15809,6
48,11.61,106.04,51.28,28.97,0.6828,5,A-,70.81,0.4877,48.77,0.5175,51.75,0.3846,38.46,Consistent Climber,0.55,55.0,54.18,0,74,1048,B,64.98,406,74,858.87,15810,6
13,10.59,122.55,13.33,0.0,0.3767,2,G,25.09,0.1455,14.55,0.1702,17.02,0.0,0.0,Fresh Starter,0.1,10.0,15.93,0,35,1049,G,20,55,13,137.72,15811,8
46,13.09,126.04,54.43,31.3,0.7294,5,A-,75.26,0.4909,49.09,0.5347,53.47,0.413,41.3,Consistent Climber,0.45,45.0,61.11,0,90,1050,A-,71.93,383,72,942.2,15812,5
44,17.12,175.95,46.53,26.95,0.7009,5,A-,75.42,0.4521,45.21,0.5933,59.33,0.3696,36.96,Consistent Climber,0.5,50.0,63.44,0,86,1051,B+,66.79,407,78,1335.02,15813,10
40,11.1,101.37,56.41,34.88,0.7483,4,A-,75.55,0.5233,52.33,0.5443,54.43,0.4444,44.44,Consistent Climber,0.45,45.0,58.6,1,54,1052,B,64.86,300,54,599.6,15814,6
44,10.02,92.41,74.66,66.67,0.8882,5,A,89.82,0.7246,72.46,0.7261,72.61,0.7097,70.97,High Achiever,0.8,80.0,76.63,8,54,1053,A,80.77,334,63,631.27,15815,2
44,16.34,176.51,48.59,25.89,0.6836,4,B+,69.98,0.4104,41.04,0.549,54.9,0.3525,35.25,Consistent Climber,0.55,55.0,54.97,1,94,1054,B+,67.97,346,70,1143.88,15816,8
44,10.91,112.33,66.07,46.88,0.8147,5,A,85.93,0.6216,62.16,0.6393,63.93,0.573,57.3,Consistent Climber,0.45,45.0,71.38,5,94,1055,A,83.26,333,68,741.72,15817,5
35,19.15,177.42,72.9,57.35,0.9263,3,A+,92.24,0.6849,68.49,0.7615,76.15,0.6393,63.93,High Achiever,0.8,80.0,82.08,5,42,1056,A,85.83,292,50,957.27,15818,2
46,14.14,146.87,64.64,47.95,0.8527,5,A+,91.0,0.641,64.1,0.7209,72.09,0.5642,56.42,High Achiever,0.6,60.0,79.69,4,90,1057,A,88.14,351,70,989.58,15819,2
38,14.61,147.77,51.4,39.53,0.705,4,B+,66.4,0.4783,47.83,0.5122,51.22,0.4393,43.93,Flexible Learner,0.45,45.0,63.32,2,94,1058,A-,72.0,230,44,643.02,15820,7
25,13.24,150.39,52.81,22.58,0.5501,2,D,49.86,0.3868,38.68,0.4828,48.28,0.32,32.0,Weekend Learner,0.6,60.0,48.45,3,78,1059,B,62.45,212,47,622.2,15821,7
52,10.07,92.18,72.53,50.85,0.8327,5,A,81.55,0.6511,65.11,0.6638,66.38,0.566,56.6,Consistent Climber,0.55,55.0,69.7,5,90,1060,A,82.64,407,75,755.48,15822,2
23,14.76,164.38,31.63,13.04,0.4466,3,G,32.92,0.2613,26.13,0.2308,23.08,0.2706,27.06,Fresh Starter,0.4,40.0,35.07,0,66,1061,E,43.38,111,23,339.57,15823,10
29,10.84,96.55,51.83,28.21,0.6356,4,B,61.0,0.4462,44.62,0.4452,44.52,0.4516,45.16,Flexible Learner,0.6,60.0,47.4,1,78,1062,B,62.81,186,34,368.53,15824,7
40,15.36,148.39,51.86,26.32,0.6516,4,B+,65.88,0.4339,43.39,0.5026,50.26,0.3522,35.22,Consistent Climber,0.7,70.0,53.59,0,98,1063,B,64.53,348,64,983.35,15825,4
24,9.64,89.25,42.53,16.67,0.6199,3,D,48.41,0.3984,39.84,0.434,43.4,0.1765,17.65,Fresh Starter,0.4,40.0,44.31,0,42,1064,D,47.77,123,24,231.42,15826,9
24,14.9,155.75,45.17,26.09,0.7159,2,B+,67.77,0.414,41.4,0.4958,49.58,0.3125,31.25,Weekend Learner,0.1,10.0,53.57,1,90,1065,B,60.79,215,43,640.62,15827,8
38,17.9,188.35,52.9,23.02,0.6331,5,B+,67.28,0.4327,43.27,0.4667,46.67,0.4208,42.08,Consistent Climber,0.3,30.0,59.8,1,94,1066,A-,72.25,349,68,1217.25,15828,7
31,9.06,97.87,30.87,6.45,0.4645,5,E,44.85,0.2434,24.34,0.2213,22.13,0.3333,33.33,Flexible Learner,0.25,25.0,31.18,0,54,1067,E,41.16,152,35,317.15,15829,10
11,8.28,78.6,31.2,14.29,0.3472,3,G,25,0.2453,24.53,0.2128,21.28,0.5,50.0,Fresh Starter,0.2,20.0,27.5,0,16,1068,G,29.39,53,11,91.1,15830,6
38,13.89,144.61,46.94,25.71,0.6238,5,B,63.41,0.381,38.1,0.4112,41.12,0.3548,35.48,Consistent Climber,0.3,30.0,50.78,2,98,1069,B,64.42,231,46,639.07,15831,9
49,9.46,86.1,55.16,25.33,0.6539,5,B+,66.94,0.4904,49.04,0.4862,48.62,0.5278,52.78,Consistent Climber,0.5,50.0,53.02,2,98,1070,B+,69.8,363,68,643.5,15832,7
19,14.22,148.73,42.29,23.4,0.5978,3,C,54.96,0.3374,33.74,0.4342,43.42,0.2529,25.29,Weekend Learner,0.35,35.0,45.83,0,64,1071,C,51.68,163,33,469.18,15833,7
42,10.79,97.02,47.52,25.37,0.6622,5,B+,65.24,0.4339,43.39,0.4158,41.58,0.5072,50.72,Consistent Climber,0.6,60.0,51.01,2,94,1072,B,63.3,348,63,679.68,15834,11
26,10.48,106.12,60.23,52.0,0.7357,5,A-,71.05,0.5987,59.87,0.6172,61.72,0.5,50.0,Deep Focus Learner,0.55,55.0,66.14,1,66,1073,A-,73.57,152,31,324.78,15835,2
11,9.83,94.94,37.08,21.43,0.6051,1,D,48.4,0.3519,35.19,0.3878,38.78,0.0,0.0,Fresh Starter,0.35,35.0,35.8,0,16,1074,G,38.99,54,11,108.13,15836,6
40,9.23,90.55,54.33,41.38,0.6439,5,B+,68.42,0.5282,52.82,0.5314,53.14,0.5111,51.11,Consistent Climber,0.7,70.0,60.38,1,54,1075,B,63.19,284,58,535.08,15837,5
41,11.22,100.66,57.41,37.72,0.7277,5,A-,74.46,0.5267,52.67,0.5209,52.09,0.5556,55.56,Consistent Climber,0.7,70.0,57.66,1,98,1076,A-,72.31,374,67,751.58,15838,6
10,9.9,77.54,20.55,25.0,0.5047,2,G,39.68,0.2623,26.23,0.2712,27.12,0.0,0.0,Fresh Starter,0.25,25.0,25.4,0,15,1077,G,24.34,61,10,99.02,15839,7
23,9.89,109.55,19.16,12.5,0.3804,3,G,25,0.22,22.0,0.2121,21.21,0.2353,23.53,Fresh Starter,0.2,20.0,29.13,0,42,1078,G,30.63,100,23,227.43,15840,12
11,16.88,157.58,24.93,15.79,0.5542,2,E,42.35,0.25,25.0,0.2273,22.73,0.2619,26.19,Fresh Starter,0.25,25.0,41.95,0,28,1079,G,39.0,64,11,185.63,15841,9
39,9.32,84.31,44.95,19.15,0.6354,4,B,60.27,0.4348,43.48,0.4459,44.59,0.3548,35.48,Flexible Learner,0.5,50.0,47.59,1,78,1080,C+,55.41,253,47,438.15,15842,10
23,14.29,142.5,40.47,21.62,0.584,3,C+,57.62,0.3172,31.72,0.3896,38.96,0.2353,23.53,Flexible Learner,0.4,40.0,43.72,1,54,1081,D,48.87,145,28,400.18,15843,7
39,12.61,114.22,57.73,43.24,0.7649,6,A-,72.1,0.5752,57.52,0.6611,66.11,0.3953,39.53,Flexible Learner,0.6,60.0,65.22,1,94,1082,A-,74.6,266,47,592.7,15844,5
40,12.01,127.49,70.43,50.54,0.8405,4,A,87.51,0.6601,66.01,0.7251,72.51,0.5758,57.58,Consistent Climber,0.85,85.0,77.87,4,98,1083,A,89.81,303,64,768.82,15845,2
20,11.21,107.73,41.5,15.62,0.5677,3,C,50.53,0.3913,39.13,0.4186,41.86,0.3103,31.03,Weekend Learner,0.5,50.0,44.72,0,42,1084,D,49.96,115,22,246.67,15846,8
8,14.64,120.78,45.63,13.33,0.5438,1,E,43.4,0.3529,35.29,0.4062,40.62,0.2632,26.32,Fresh Starter,0.1,10.0,45.07,1,12,1085,E,44.66,51,8,117.12,15847,3
21,9.1,77.41,50.19,53.33,0.6873,3,B+,68.17,0.5369,53.69,0.5455,54.55,0.3333,33.33,Flexible Learner,0.5,50.0,54.47,1,78,1086,B,64.85,149,28,254.83,15848,5
20,13.1,154.79,56.2,8.33,0.5652,3,C+,55.36,0.3776,37.76,0.375,37.5,0.3788,37.88,Deep Focus Learner,0.4,40.0,48.86,3,58,1087,C+,59.32,98,23,301.38,15849,4
23,9.27,88.4,60.95,28.95,0.5783,3,C+,57.83,0.5258,52.58,0.5283,52.83,0.5143,51.43,Weekend Learner,0.45,45.0,54.94,1,42,1088,B,63.51,194,39,361.68,15850,4
17,9.07,85.59,50.96,39.13,0.6817,2,B,64.1,0.4956,49.56,0.505,50.5,0.4167,41.67,Weekend Learner,0.3,30.0,54.63,2,49,1089,C+,57.6,113,22,199.48,15851,8
19,11.6,97.29,45.28,26.67,0.6445,4,C+,57.95,0.4143,41.43,0.3879,38.79,0.5417,54.17,Deep Focus Learner,0.3,30.0,44.3,1,40,1090,C,52.0,140,23,266.77,15852,5
11,9.23,74.67,32.59,33.33,0.4334,2,G,30.53,0.2812,28.12,0.2586,25.86,0.5,50.0,Fresh Starter,0.15,15.0,29.04,0,16,1091,G,32.23,64,11,101.57,15853,6
29,15.96,153.11,44.93,27.69,0.696,4,B,64.13,0.4104,41.04,0.4944,49.44,0.3496,34.96,Deep Focus Learner,0.4,40.0,49.63,0,42,1092,C,52.66,212,38,606.43,15854,7
30,9.54,84.67,37.26,12.82,0.49,4,D,45.32,0.3465,34.65,0.3526,35.26,0.3103,31.03,Flexible Learner,0.25,25.0,38.71,0,42,1093,E,42.88,202,37,352.92,15855,9
21,11.51,105.62,28.68,10.26,0.4619,3,G,39.26,0.2079,20.79,0.2365,23.65,0.0667,6.67,Weekend Learner,0.1,10.0,23.2,1,54,1094,G,33.73,178,32,368.27,15856,13
44,12.44,115.14,55.54,39.78,0.6757,5,A-,70.73,0.5237,52.37,0.5368,53.68,0.5,50.0,Consistent Climber,0.6,60.0,63.21,1,78,1095,A-,70.92,359,66,820.78,15857,3
30,12.43,116.32,65.77,48.08,0.7616,3,A-,75.28,0.6264,62.64,0.6486,64.86,0.5873,58.73,Flexible Learner,0.65,65.0,74.67,3,30,1096,A-,72.65,174,32,397.92,15858,2
30,11.32,110.03,58.99,48.21,0.7683,3,A-,71.11,0.5897,58.97,0.6207,62.07,0.5,50.0,Deep Focus Learner,0.25,25.0,69.35,3,54,1097,B+,69.53,195,38,430.18,15859,6
16,10.59,115.27,17.05,10.0,0.4477,2,G,38.99,0.1905,19.05,0.186,18.6,0.2,20.0,Weekend Learner,0.15,15.0,26.96,0,48,1098,G,31.21,126,28,296.4,15860,11
47,10.27,86.16,60.49,39.29,0.6719,5,A-,71.07,0.5466,54.66,0.5614,56.14,0.4318,43.18,Consistent Climber,0.35,35.0,59.3,2,86,1099,A-,71.41,386,67,687.92,15861,4
35,11.13,101.52,65.61,50.72,0.8032,4,A,83.5,0.6336,63.36,0.6505,65.05,0.5714,57.14,Consistent Climber,0.6,60.0,71.06,3,42,1100,A-,72.21,262,48,534.28,15862,1
17,11.68,123.26,38.65,28.57,0.6513,2,B,60.26,0.4091,40.91,0.48,48.0,0.35,35.0,Weekend Learner,0.4,40.0,51.57,2,61,1101,C,54.86,110,23,268.65,15863,9
38,9.67,83.83,37.39,29.55,0.5527,4,D,49.96,0.2955,29.55,0.2895,28.95,0.3684,36.84,Flexible Learner,0.3,30.0,33.09,0,90,1102,D,48.64,247,45,435.03,15864,9
24,17.6,159.07,57.09,39.06,0.7561,4,A-,75.11,0.4936,49.36,0.5495,54.95,0.4154,41.54,Deep Focus Learner,0.6,60.0,63.81,3,78,1103,A-,71.32,156,26,457.62,15865,6
51,10.03,89.83,53.97,34.15,0.6695,5,A-,70.86,0.5545,55.45,0.5804,58.04,0.4265,42.65,Consistent Climber,0.15,15.0,59.67,0,98,1104,A-,76.04,404,74,742.12,15866,5
34,9.95,98.28,61.32,45.0,0.7188,4,A-,72.75,0.6063,60.63,0.6503,65.03,0.3947,39.47,Flexible Learner,0.6,60.0,65.57,2,66,1105,A-,72.62,221,45,447.67,15867,4
43,10.81,95.26,62.01,39.22,0.7663,5,A-,78.84,0.5795,57.95,0.61,61.0,0.4778,47.78,Consistent Climber,0.7,70.0,64.75,3,42,1106,B+,67.21,390,69,745.77,15868,3
27,11.52,109.4,51.08,40.0,0.6185,3,C+,58.51,0.4459,44.59,0.4425,44.25,0.4545,45.45,Flexible Learner,0.4,40.0,51.31,2,74,1107,C+,59.88,157,30,345.5,15869,7
23,11.63,104.13,42.13,20.37,0.5734,2,C,52.52,0.3653,36.53,0.3922,39.22,0.2836,28.36,Weekend Learner,0.25,25.0,42.35,0,90,1108,C,52.78,271,48,558.05,15870,9
25,10.84,102.91,42.84,14.71,0.5825,3,C,51.96,0.3571,35.71,0.375,37.5,0.2857,28.57,Deep Focus Learner,0.6,60.0,38.33,1,54,1109,D,47.16,140,27,292.72,15871,9
19,11.05,96.04,65.04,52.0,0.816,2,A-,74.18,0.6364,63.64,0.5955,59.55,0.75,75.0,Deep Focus Learner,0.5,50.0,72.76,2,40,1110,A-,74.14,121,22,243.12,15872,2
23,13.16,140.7,43.08,25.93,0.5429,3,E,43.93,0.3964,39.64,0.3469,34.69,0.4355,43.55,Fresh Starter,0.45,45.0,53.63,2,42,1111,C,54.55,111,23,302.78,15873,8
20,11.0,109.65,61.12,30.77,0.7561,2,A-,72.34,0.495,49.5,0.4444,44.44,0.6207,62.07,Deep Focus Learner,0.4,40.0,61.2,2,42,1112,B+,67.66,101,20,220.07,15874,4
15,11.9,96.75,64.45,44.83,0.7487,3,A-,70.56,0.6316,63.16,0.6593,65.93,0.5217,52.17,Deep Focus Learner,0.75,75.0,69.51,3,22,1113,B+,68.98,114,19,226.03,15875,3
26,12.31,138.9,29.84,31.25,0.4703,4,D,48.61,0.3309,33.09,0.2857,28.57,0.3625,36.25,Flexible Learner,0.4,40.0,43.07,1,42,1114,E,43.15,136,30,369.25,15876,14
30,11.55,132.09,32.41,30.3,0.5002,2,C,50.37,0.3117,31.17,0.3448,34.48,0.2687,26.87,Deep Focus Learner,0.3,30.0,38.92,0,46,1115,E,42.44,154,35,404.42,15877,11
12,14.3,132.82,15.58,0.0,0.3841,2,G,25,0.1493,14.93,0.1667,16.67,0.12,12.0,Fresh Starter,0.1,10.0,19.36,0,30,1116,G,23.71,67,12,171.62,15878,7
8,15.92,170.45,13.98,6.67,0.412,1,G,28.75,0.15,15.0,0.2,20.0,0.12,12.0,Fresh Starter,0.1,10.0,22.0,0,12,1117,G,20.41,40,8,127.35,15879,6
28,12.01,124.71,39.4,20.51,0.5236,3,C,51.14,0.3648,36.48,0.4038,40.38,0.2909,29.09,Flexible Learner,0.45,45.0,42.18,1,42,1118,D,45.96,159,33,396.17,15880,11
26,13.74,141.95,40.47,26.83,0.516,3,D,48.18,0.3836,38.36,0.4615,46.15,0.2941,29.41,Deep Focus Learner,0.45,45.0,47.18,0,58,1119,C,50.6,146,29,398.45,15881,8
39,15.94,147.39,64.64,46.4,0.8385,5,A,87.06,0.6242,62.42,0.6957,69.57,0.549,54.9,Consistent Climber,0.4,40.0,78.54,3,82,1120,A,83.83,314,54,860.93,15882,2
34,17.93,172.79,58.65,32.22,0.7558,5,A-,72.72,0.5327,53.27,0.6067,60.67,0.48,48.0,Flexible Learner,0.55,55.0,69.94,4,90,1121,A-,77.66,214,39,699.37,15883,5
25,14.69,137.47,37.75,21.43,0.577,2,C,51.92,0.347,34.7,0.4333,43.33,0.2373,23.73,Weekend Learner,0.2,20.0,45.76,0,90,1122,C+,59.16,268,48,705.12,15884,13
20,15.5,168.31,47.89,16.0,0.7183,3,B+,65.84,0.3969,39.69,0.48,48.0,0.3457,34.57,Weekend Learner,0.4,40.0,51.21,1,30,1123,C,50.22,131,27,418.48,15885,6
21,15.44,135.78,43.37,10.53,0.547,3,D,48.88,0.3182,31.82,0.4214,42.14,0.069,6.9,Weekend Learner,0.55,55.0,32.83,1,90,1124,C,54.32,198,33,509.55,15886,7
29,16.11,148.03,42.42,24.19,0.6612,4,B,61.85,0.3744,37.44,0.3762,37.62,0.3723,37.23,Deep Focus Learner,0.45,45.0,46.3,1,100,1125,C+,59.78,195,34,547.88,15887,8
18,10.82,92.69,32.7,6.9,0.5449,2,D,47.15,0.3205,32.05,0.3357,33.57,0.1875,18.75,Weekend Learner,0.4,40.0,34.11,0,51,1126,E,40.89,156,27,292.08,15888,9
42,10.68,108.58,47.7,30.36,0.6395,5,A-,70.09,0.4712,47.12,0.4886,48.86,0.4412,44.12,Consistent Climber,0.15,15.0,57.04,1,54,1127,C+,58.91,278,57,609.03,15889,8
34,11.66,102.99,36.76,22.92,0.5173,3,C,51.15,0.3473,34.73,0.3871,38.71,0.2075,20.75,Flexible Learner,0.45,45.0,39.56,0,46,1128,E,43.34,239,43,501.2,15890,14
46,11.82,111.49,50.61,26.17,0.7019,5,B+,69.77,0.4571,45.71,0.4762,47.62,0.3919,39.19,Consistent Climber,0.55,55.0,53.38,1,78,1129,B,62.34,326,61,720.82,15891,7
35,13.47,127.25,45.35,24.14,0.6353,4,B+,65.23,0.3553,35.53,0.372,37.2,0.3303,33.03,Consistent Climber,0.3,30.0,45.28,1,62,1130,C,54.69,273,50,673.7,15892,9
25,10.68,113.04,29.01,24.14,0.6128,2,C,54.99,0.2837,28.37,0.2727,27.27,0.3226,32.26,Deep Focus Learner,0.2,20.0,37.15,0,42,1131,G,35.76,141,30,320.28,15893,11
37,11.06,96.46,45.16,30.26,0.6341,5,B,62.44,0.4524,45.24,0.4842,48.42,0.3065,30.65,Consistent Climber,0.4,40.0,51.16,0,66,1132,C+,58.34,347,61,674.52,15894,11
34,10.37,87.04,63.5,39.13,0.7777,3,A-,77.46,0.5817,58.17,0.6025,60.25,0.375,37.5,Consistent Climber,0.65,65.0,59.91,3,74,1133,A-,71.06,263,45,466.52,15895,5
24,12.89,123.79,32.96,18.18,0.4676,5,E,44.43,0.3108,31.08,0.3478,34.78,0.25,25.0,Flexible Learner,0.55,55.0,35.32,1,42,1134,G,38.59,148,28,361.0,15896,10
44,10.11,99.08,64.11,46.58,0.778,8,A-,74.53,0.6491,64.91,0.6465,64.65,0.6567,65.67,Flexible Learner,0.35,35.0,71.67,5,94,1135,A,86.13,265,53,535.98,15897,3
10,12.09,121.06,4.17,9.09,0.3341,2,G,25,0.04,4.0,0.0333,3.33,0.05,5.0,Fresh Starter,0.05,5.0,17.01,0,27,1136,G,20,50,10,120.9,15898,6
36,13.03,134.36,44.34,30.3,0.5967,3,C,54.48,0.4081,40.81,0.4532,45.32,0.3333,33.33,Flexible Learner,0.4,40.0,51.57,1,94,1137,B,62.92,223,44,573.32,15899,11
47,13.32,125.57,60.29,35.2,0.7756,5,A-,78.39,0.5503,55.03,0.5754,57.54,0.5068,50.68,Consistent Climber,0.5,50.0,67.38,3,94,1138,A,80.63,398,73,972.42,15900,4
45,9.82,86.28,55.45,32.88,0.6531,4,B,64.64,0.4402,44.02,0.4565,45.65,0.2857,28.57,Consistent Climber,0.6,60.0,46.06,3,78,1139,B,62.48,368,67,658.17,15901,6
52,11.3,100.07,71.38,57.26,0.8385,6,A,89.06,0.6878,68.78,0.724,72.4,0.5506,55.06,High Achiever,0.75,75.0,75.93,3,86,1140,A,88.43,426,76,858.95,15902,1
31,16.31,156.03,42.8,14.47,0.5441,4,C,51.62,0.343,34.3,0.4505,45.05,0.2188,21.88,Flexible Learner,0.25,25.0,39.79,1,70,1141,C,50.25,207,37,603.62,15903,10
33,13.03,137.18,50.38,32.0,0.6516,4,B+,65.03,0.4752,47.52,0.5333,53.33,0.4286,42.86,Flexible Learner,0.45,45.0,62.72,1,70,1142,B+,68.24,202,41,534.08,15904,9
20,11.76,107.64,43.72,27.59,0.6235,2,C+,57.09,0.4453,44.53,0.4787,47.87,0.3529,35.29,Deep Focus Learner,0.3,30.0,53.76,0,42,1143,C,52.81,128,23,270.4,15905,8
39,12.22,112.65,53.06,37.04,0.6829,4,B+,68.65,0.4984,49.84,0.5417,54.17,0.3433,34.33,Consistent Climber,0.25,25.0,57.09,0,66,1144,B+,65.24,307,55,672.2,15906,6
21,14.33,138.16,67.95,47.73,0.8167,3,A,81.43,0.6094,60.94,0.7333,73.33,0.434,43.4,Deep Focus Learner,0.65,65.0,72.25,5,82,1145,A,81.64,128,24,343.95,15907,2
23,12.73,120.21,35.99,17.54,0.5041,3,D,48.23,0.3604,36.04,0.4388,43.88,0.2289,22.89,Weekend Learner,0.25,25.0,41.07,1,54,1146,E,44.12,222,41,521.97,15908,12
50,10.87,98.17,70.8,59.5,0.8323,6,A,87.0,0.6739,67.39,0.6989,69.89,0.5842,58.42,High Achiever,0.7,70.0,74.82,6,90,1147,A,89.17,463,86,935.07,15909,1
34,11.21,102.82,56.25,35.62,0.7196,5,A-,71.89,0.51,51.0,0.5226,52.26,0.4615,46.15,Flexible Learner,0.35,35.0,57.22,1,54,1148,B+,65.09,251,46,515.45,15910,4
30,10.18,108.34,52.67,55.0,0.644,2,C+,57.7,0.4581,45.81,0.4521,45.21,0.4634,46.34,Deep Focus Learner,0.5,50.0,57.15,2,86,1149,B+,68.04,155,34,346.08,15911,8
50,11.37,97.19,60.41,38.02,0.791,5,A,80.93,0.5749,57.49,0.6032,60.32,0.4324,43.24,Consistent Climber,0.75,75.0,65.41,3,98,1150,A-,77.98,447,77,875.57,15912,5
24,9.77,88.12,54.57,22.22,0.6757,4,B+,67.42,0.5172,51.72,0.5403,54.03,0.381,38.1,Deep Focus Learner,0.6,60.0,54.03,2,42,1151,B,60.71,145,27,263.78,15913,5
54,9.32,81.96,84.22,71.05,0.9435,6,A+,98,0.7907,79.07,0.7952,79.52,0.7547,75.47,High Achiever,0.9,90.0,81.94,10,94,1152,A+,97.27,473,87,810.77,15914,0
12,10.34,99.33,42.44,23.08,0.5626,1,G,39.91,0.377,37.7,0.4054,40.54,0.3333,33.33,Fresh Starter,0.35,35.0,47.47,0,30,1153,D,48.84,61,12,124.03,15915,4
55,13.71,123.07,63.75,42.37,0.7937,6,A,81.38,0.5615,56.15,0.5854,58.54,0.4962,49.62,High Achiever,0.55,55.0,66.55,4,98,1154,A-,78.58,488,84,1151.3,15916,4
31,17.32,181.18,52.79,32.73,0.7426,3,A-,73.53,0.4861,48.61,0.5306,53.06,0.4575,45.75,Consistent Climber,0.5,50.0,68.46,1,54,1155,A-,70.08,251,49,848.55,15917,8
42,16.08,148.36,62.45,52.63,0.8286,6,A,86.91,0.633,63.3,0.6534,65.34,0.6033,60.33,High Achiever,0.75,75.0,77.87,3,78,1156,A,83.24,297,52,836.25,15918,3
39,12.93,130.75,61.62,44.44,0.8494,4,A,86.2,0.6246,62.46,0.672,67.2,0.5478,54.78,Consistent Climber,0.6,60.0,73.13,5,98,1157,A,83.45,301,60,775.83,15919,4
9,11.49,108.66,26.77,12.5,0.565,1,E,40.35,0.3191,31.91,0.4062,40.62,0.1333,13.33,Fresh Starter,0.45,45.0,40.52,0,13,1158,G,34.26,47,9,103.38,15920,5
26,9.95,86.52,62.77,38.46,0.6433,3,B,61.81,0.5906,59.06,0.5902,59.02,0.5926,59.26,Deep Focus Learner,0.65,65.0,62.61,3,66,1159,A-,72.65,149,27,268.75,15921,4
16,7.75,79.38,41.36,30.0,0.4445,1,G,33.87,0.375,37.5,0.377,37.7,0.3636,36.36,Fresh Starter,0.4,40.0,41.18,0,36,1160,D,46.23,72,16,124.03,15922,5
47,14.03,135.34,70.22,49.21,0.8707,5,A,87.18,0.6537,65.37,0.7286,72.86,0.565,56.5,High Achiever,0.7,70.0,79.81,5,94,1161,A,89.65,387,72,1010.37,15923,1
34,14.42,160.32,45.29,29.82,0.639,6,B,61.47,0.3883,38.83,0.4884,48.84,0.3039,30.39,Flexible Learner,0.3,30.0,51.33,0,78,1162,B,61.08,188,40,576.75,15924,7
39,10.09,85.82,48.17,23.38,0.6409,5,B,64.58,0.4349,43.49,0.4508,45.08,0.2174,21.74,Consistent Climber,0.5,50.0,43.98,2,54,1163,C,53.21,338,59,595.22,15925,11
33,12.01,116.52,44.21,24.62,0.6158,4,B,62.2,0.4257,42.57,0.4498,44.98,0.3678,36.78,Consistent Climber,0.3,30.0,53.64,0,94,1164,B,61.17,296,56,672.45,15926,9
26,9.67,99.34,68.03,42.11,0.7759,3,A-,76.37,0.6045,60.45,0.5859,58.59,0.6571,65.71,Deep Focus Learner,0.75,75.0,67.94,5,42,1165,A-,73.89,134,28,270.85,15927,3
16,17.81,204.53,40.53,23.91,0.5857,2,C+,55.44,0.3786,37.86,0.2778,27.78,0.4,40.0,Deep Focus Learner,0.3,30.0,59.87,1,24,1166,C,52.14,103,22,391.72,15928,8
20,9.15,80.12,62.37,42.31,0.8009,2,A-,75.27,0.5963,59.63,0.6,60.0,0.5714,57.14,Deep Focus Learner,0.65,65.0,63.63,2,42,1167,B+,67.51,109,20,183.05,15929,1
18,12.2,136.89,13.39,15.79,0.3245,3,G,25,0.1707,17.07,0.186,18.6,0.1538,15.38,Fresh Starter,0.1,10.0,23.06,0,39,1168,G,21.65,82,18,219.67,15930,10
21,12.78,129.86,28.82,16.0,0.4735,3,G,36.08,0.3301,33.01,0.4655,46.55,0.1556,15.56,Fresh Starter,0.3,30.0,36.47,0,54,1169,E,41.0,103,21,268.33,15931,9
23,12.49,117.76,28.15,13.79,0.5174,3,E,40.12,0.2602,26.02,0.3258,32.58,0.0882,8.82,Fresh Starter,0.15,15.0,28.69,0,58,1170,G,36.65,123,23,287.28,15932,10
19,9.61,82.85,49.28,34.62,0.7419,3,A-,70.71,0.5,50.0,0.4747,47.47,0.619,61.9,Deep Focus Learner,0.6,60.0,54.7,0,40,1171,C+,57.68,120,21,201.72,15933,7
41,13.33,122.86,69.76,44.07,0.8489,5,A,88.69,0.6522,65.22,0.7036,70.36,0.5109,51.09,High Achiever,0.7,70.0,73.58,4,78,1172,A,83.23,345,62,826.6,15934,2
30,14.95,143.74,56.93,42.25,0.7809,4,A-,74.92,0.5185,51.85,0.5648,56.48,0.4568,45.68,Deep Focus Learner,0.5,50.0,69.45,2,42,1173,A-,70.3,189,35,523.08,15935,3
14,14.2,134.65,27.16,12.5,0.455,2,G,31.86,0.2078,20.78,0.2667,26.67,0.125,12.5,Fresh Starter,0.15,15.0,27.06,0,33,1174,G,30.57,77,14,198.87,15936,6
29,15.48,142.1,55.48,32.88,0.7107,4,B+,67.72,0.4643,46.43,0.4821,48.21,0.4405,44.05,Flexible Learner,0.5,50.0,59.61,1,70,1175,B+,68.97,196,34,526.38,15937,4
22,10.07,97.99,39.39,22.0,0.543,2,D,49.25,0.3478,34.78,0.3779,37.79,0.2,20.0,Weekend Learner,0.6,60.0,37.07,1,66,1176,D,47.95,207,41,412.97,15938,10
19,10.17,90.67,43.16,22.5,0.5598,2,C+,55.35,0.4263,42.63,0.4286,42.86,0.4138,41.38,Weekend Learner,0.5,50.0,47.01,1,28,1177,D,49.9,190,35,355.92,15939,11
37,13.46,134.47,30.76,8.06,0.4539,7,E,41.32,0.25,25.0,0.2905,29.05,0.1848,18.48,Flexible Learner,0.3,30.0,31.78,1,42,1178,G,38.61,240,46,619.33,15940,13
22,22.76,197.29,60.97,41.03,0.7266,3,A-,70.32,0.5102,51.02,0.6441,64.41,0.4205,42.05,Deep Focus Learner,0.65,65.0,66.98,2,46,1179,B+,69.48,147,23,523.38,15941,3
19,10.13,90.94,37.39,28.57,0.5688,3,C,54.26,0.3932,39.32,0.4118,41.18,0.2667,26.67,Weekend Learner,0.2,20.0,42.4,0,28,1180,E,44.45,117,22,222.77,15942,6
24,16.54,176.02,38.89,23.4,0.7244,2,B+,66.49,0.352,35.2,0.5366,53.66,0.2619,26.19,Deep Focus Learner,0.45,45.0,49.85,0,42,1181,C,52.54,125,25,413.42,15943,7
25,12.09,102.44,45.96,14.71,0.573,3,C,53.2,0.3626,36.26,0.3689,36.89,0.3469,34.69,Deep Focus Learner,0.45,45.0,45.0,1,30,1182,D,48.09,171,29,350.52,15944,7
44,13.55,117.89,62.01,44.12,0.771,7,A-,71.65,0.5892,58.92,0.5966,59.66,0.5679,56.79,Flexible Learner,0.8,80.0,68.06,2,90,1183,A-,75.81,314,53,718.25,15945,3
32,15.12,140.48,53.46,27.91,0.7348,4,B+,69.42,0.4378,43.78,0.5235,52.35,0.25,25.0,Flexible Learner,0.4,40.0,53.26,3,78,1184,B,64.42,217,39,589.73,15946,5
42,11.05,96.47,73.44,58.14,0.9061,4,A+,92.43,0.7178,71.78,0.7262,72.62,0.6825,68.25,High Achiever,0.7,70.0,77.89,7,54,1185,A,80.7,326,57,629.75,15947,1
31,12.66,122.33,48.35,29.63,0.5989,2,C,54.3,0.4054,40.54,0.4328,43.28,0.3333,33.33,Deep Focus Learner,0.4,40.0,46.0,0,78,1186,C+,56.82,185,35,443.2,15948,6
21,13.66,145.58,48.31,12.9,0.6857,2,B,61.42,0.3691,36.91,0.5082,50.82,0.2727,27.27,Weekend Learner,0.25,25.0,49.68,3,66,1187,C+,59.42,149,31,423.42,15949,8
42,16.25,172.47,55.71,35.09,0.8027,5,A-,79.98,0.4898,48.98,0.5333,53.33,0.4656,46.56,Consistent Climber,0.35,35.0,67.25,3,82,1188,A-,73.07,294,59,958.73,15950,6
9,9.39,79.48,27.43,25.0,0.4719,2,G,36.65,0.34,34.0,0.3023,30.23,0.5714,57.14,Fresh Starter,0.35,35.0,39.14,0,25,1189,G,38.45,50,9,84.52,15951,6
39,12.09,130.89,51.73,35.59,0.688,5,B,62.33,0.4955,49.55,0.5583,55.83,0.4216,42.16,Flexible Learner,0.45,45.0,56.86,2,54,1190,B,61.44,222,47,568.33,15952,5
47,10.33,94.04,67.46,51.75,0.8133,6,A,84.83,0.6437,64.37,0.6528,65.28,0.6,60.0,High Achiever,0.75,75.0,70.82,2,54,1191,A-,77.69,435,81,836.97,15953,2
27,12.27,134.87,49.84,41.86,0.6954,3,B+,69.49,0.4843,48.43,0.5128,51.28,0.4568,45.68,Flexible Learner,0.35,35.0,60.79,0,54,1192,B,62.34,159,34,417.05,15954,6
47,10.02,88.93,57.79,40.0,0.6922,5,B+,69.63,0.5679,56.79,0.592,59.2,0.4328,43.28,Consistent Climber,0.5,50.0,58.63,1,66,1193,A-,70.83,442,80,801.68,15955,5
38,14.01,126.7,68.21,47.41,0.8107,5,A,84.39,0.5974,59.74,0.6167,61.67,0.5432,54.32,Consistent Climber,0.4,40.0,70.08,3,98,1194,A,84.54,308,53,742.73,15956,3
19,10.2,108.99,56.77,50.0,0.7163,2,A-,70.62,0.5333,53.33,0.551,55.1,0.4865,48.65,Weekend Learner,0.6,60.0,62.65,2,52,1195,B,64.97,135,29,295.72,15957,5
46,14.96,167.19,46.59,26.67,0.6265,5,B+,66.24,0.3988,39.88,0.4688,46.88,0.3689,36.89,Consistent Climber,0.45,45.0,57.23,2,98,1196,B+,65.81,321,68,1017.45,15958,9
38,10.08,98.77,42.78,25.53,0.5195,3,D,48.54,0.3952,39.52,0.4146,41.46,0.3261,32.61,Flexible Learner,0.5,50.0,43.31,1,58,1197,C,53.07,210,43,433.55,15959,11
49,18.19,177.36,52.42,37.37,0.7383,5,A-,75.35,0.5082,50.82,0.6051,60.51,0.4519,45.19,Consistent Climber,0.35,35.0,68.47,0,98,1198,A-,75.2,427,77,1400.58,15960,6
16,7.95,72.32,46.84,57.89,0.5938,2,C+,55.23,0.4468,44.68,0.4516,45.16,0.0,0.0,Deep Focus Learner,0.45,45.0,45.62,2,40,1199,D,48.33,94,18,143.17,15961,5
23,10.57,94.42,26.09,9.09,0.4041,2,G,28.02,0.186,18.6,0.1927,19.27,0.15,15.0,Fresh Starter,0.2,20.0,20.57,0,58,1200,G,34.3,129,23,243.1,15962,9
22,10.06,91.03,38.47,19.15,0.5209,2,D,47.5,0.3562,35.62,0.3776,37.76,0.1739,17.39,Weekend Learner,0.35,35.0,36.0,0,70,1201,D,48.12,219,40,402.52,15963,9
29,10.83,93.84,44.08,28.89,0.5388,3,C,50.63,0.382,38.2,0.4,40.0,0.2222,22.22,Flexible Learner,0.4,40.0,39.49,1,86,1202,C+,56.69,178,31,335.7,15964,7
21,11.74,131.24,34.41,16.67,0.5673,3,C,51.68,0.3529,35.29,0.3788,37.88,0.3056,30.56,Deep Focus Learner,0.25,25.0,47.3,1,46,1203,D,45.9,102,23,270.12,15965,11
49,11.32,99.29,73.64,54.25,0.9194,5,A+,98,0.7134,71.34,0.7573,75.73,0.4394,43.94,High Achiever,0.7,70.0,76.56,6,66,1204,A,84.58,478,83,939.3,15966,0
19,10.6,111.28,29.91,20.0,0.4886,3,D,45.55,0.2921,29.21,0.3019,30.19,0.2778,27.78,Deep Focus Learner,0.25,25.0,38.5,0,64,1205,E,44.64,89,19,201.33,15967,11
23,13.44,141.06,27.92,7.41,0.4528,3,G,37.89,0.235,23.5,0.233,23.3,0.2371,23.71,Weekend Learner,0.3,30.0,37.43,0,54,1206,E,42.13,200,41,551.05,15968,11
41,10.82,103.25,36.27,9.62,0.5016,4,E,44.68,0.2727,27.27,0.3066,30.66,0.1587,15.87,Flexible Learner,0.1,10.0,30.8,0,90,1207,D,48.72,275,53,573.48,15969,11
30,14.04,161.67,53.96,38.18,0.793,3,A-,73.82,0.5065,50.65,0.64,64.0,0.3797,37.97,Deep Focus Learner,0.45,45.0,64.84,1,54,1208,B+,65.01,154,34,477.27,15970,5
21,14.35,128.9,45.47,32.31,0.6513,2,C+,58.85,0.4219,42.19,0.4367,43.67,0.398,39.8,Weekend Learner,0.4,40.0,58.56,1,78,1209,B+,65.25,256,44,631.55,15971,9
36,14.87,144.88,38.7,36.23,0.6332,4,B,63.51,0.4089,40.89,0.5267,52.67,0.2759,27.59,Consistent Climber,0.35,35.0,52.9,0,82,1210,C+,58.71,247,46,684.02,15972,11
10,10.74,84.05,23.62,7.14,0.4111,2,G,29.76,0.2812,28.12,0.3,30.0,0.0,0.0,Fresh Starter,0.3,30.0,27.94,0,15,1211,G,29.54,64,10,107.4,15973,5
51,11.16,111.47,65.16,50.98,0.7693,5,A-,76.85,0.5816,58.16,0.6029,60.29,0.5333,53.33,Consistent Climber,0.4,40.0,68.89,4,98,1212,A,83.8,392,79,881.97,15974,3
22,9.82,87.87,36.44,20.83,0.562,3,D,49.3,0.3242,32.42,0.3057,30.57,0.4615,46.15,Weekend Learner,0.35,35.0,38.01,0,90,1213,C,51.78,219,40,392.93,15975,12
44,10.21,109.49,39.19,24.39,0.5445,6,C,52.47,0.3719,37.19,0.4052,40.52,0.3146,31.46,Flexible Learner,0.35,35.0,45.6,0,90,1214,C+,56.62,242,54,551.43,15976,11
48,14.08,140.83,47.4,16.98,0.6635,5,B+,66.15,0.3947,39.47,0.4834,48.34,0.2805,28.05,Consistent Climber,0.45,45.0,46.83,0,54,1215,C,54.58,375,72,1014.0,15977,8
36,11.09,101.25,35.76,19.15,0.5021,3,D,46.25,0.3527,35.27,0.3841,38.41,0.2326,23.26,Flexible Learner,0.5,50.0,39.68,0,78,1216,D,47.49,207,38,421.42,15978,10
50,12.39,113.89,64.13,46.97,0.7389,5,A-,77.11,0.5667,56.67,0.5858,58.58,0.5135,51.35,Consistent Climber,0.4,40.0,63.8,4,98,1217,A-,78.34,420,77,954.15,15979,4
18,17.48,176.28,42.02,15.15,0.5169,2,D,47.76,0.3529,35.29,0.4706,47.06,0.2941,29.41,Deep Focus Learner,0.35,35.0,39.34,1,39,1218,D,45.39,102,19,332.1,15980,5
25,15.4,147.54,48.49,27.59,0.62,2,C+,59.83,0.4233,42.33,0.5361,53.61,0.2576,25.76,Deep Focus Learner,0.35,35.0,50.81,1,54,1219,C+,58.16,163,30,462.12,15981,5
21,13.54,131.36,41.07,9.68,0.5636,2,C,51.27,0.3333,33.33,0.3974,39.74,0.2222,22.22,Deep Focus Learner,0.45,45.0,35.95,1,42,1220,E,44.2,123,23,311.33,15982,6
22,13.96,116.95,38.94,21.21,0.644,3,B,61.08,0.4211,42.11,0.41,41.0,0.4423,44.23,Deep Focus Learner,0.45,45.0,53.11,0,42,1221,C,52.85,152,25,348.95,15983,7
40,15.81,160.12,66.94,40.0,0.8913,3,A+,90.37,0.5946,59.46,0.6881,68.81,0.5401,54.01,High Achiever,0.65,65.0,76.77,3,82,1222,A,84.5,296,57,901.45,15984,3
41,13.06,116.14,74.61,55.46,0.8469,5,A,88.27,0.6704,67.04,0.7148,71.48,0.5556,55.56,High Achiever,0.85,85.0,73.11,8,66,1223,A,83.18,355,62,809.95,15985,0
46,13.18,124.03,79.0,60.0,0.8775,5,A+,92.84,0.7333,73.33,0.781,78.1,0.6667,66.67,High Achiever,0.8,80.0,84.21,10,58,1224,A,87.79,360,66,870.07,15986,1
24,19.41,187.84,38.3,18.07,0.5507,3,D,47.15,0.324,32.4,0.3382,33.82,0.3187,31.87,Weekend Learner,0.3,30.0,49.28,0,42,1225,D,49.18,250,45,873.23,15987,11
17,11.7,109.33,50.39,37.5,0.6397,4,C+,59.31,0.49,49.0,0.4756,47.56,0.5556,55.56,Deep Focus Learner,0.45,45.0,56.13,0,25,1226,C+,55.8,100,18,210.55,15988,4
34,10.8,98.21,50.81,30.3,0.6613,4,A-,70.44,0.4613,46.13,0.4882,48.82,0.3023,30.23,Consistent Climber,0.5,50.0,48.09,1,98,1227,B,63.52,297,55,594.05,15989,6
39,10.3,92.51,59.63,38.1,0.7255,4,A-,77.26,0.5625,56.25,0.5725,57.25,0.5,50.0,Consistent Climber,0.7,70.0,62.36,2,46,1228,B+,66.6,320,59,607.87,15990,5
23,11.33,109.38,37.05,24.14,0.6114,3,C+,56.52,0.3582,35.82,0.4423,44.23,0.0667,6.67,Deep Focus Learner,0.35,35.0,38.33,1,54,1229,D,45.17,134,26,294.58,15991,12
36,17.16,170.35,62.53,40.87,0.7842,4,A,81.59,0.5368,53.68,0.5851,58.51,0.5131,51.31,Consistent Climber,0.6,60.0,73.12,3,98,1230,A,82.07,285,53,909.47,15992,5
38,17.82,178.61,37.92,20.0,0.5835,3,C+,57.37,0.3166,31.66,0.4156,41.56,0.2747,27.47,Consistent Climber,0.5,50.0,47.32,1,98,1231,C+,58.0,259,48,855.6,15993,10
22,12.77,117.71,41.95,20.97,0.628,3,C+,59.94,0.4008,40.08,0.4208,42.08,0.339,33.9,Weekend Learner,0.35,35.0,52.72,0,66,1232,C+,56.71,242,44,561.8,15994,11
34,10.96,100.25,51.66,31.82,0.6753,3,B,64.62,0.4808,48.08,0.5257,52.57,0.2424,24.24,Deep Focus Learner,0.65,65.0,52.3,2,42,1233,C+,57.16,208,38,416.47,15995,5
19,10.17,99.13,41.98,41.18,0.6021,2,C,53.42,0.44,44.0,0.5455,54.55,0.2353,23.53,Deep Focus Learner,0.55,55.0,46.05,1,52,1234,C,52.02,100,20,203.4,15996,6
42,15.31,154.77,32.0,10.71,0.5165,4,D,48.37,0.2801,28.01,0.3692,36.92,0.2039,20.39,Flexible Learner,0.45,45.0,35.6,0,98,1235,C,50.29,282,54,826.58,15997,12
41,11.36,102.88,58.19,39.62,0.7163,5,A-,72.01,0.5222,52.22,0.56,56.0,0.3333,33.33,Consistent Climber,0.45,45.0,55.81,1,98,1236,B+,66.38,360,65,738.33,15998,4
24,15.52,160.37,35.27,11.27,0.5341,2,D,48.98,0.2965,29.65,0.3365,33.65,0.2623,26.23,Weekend Learner,0.25,25.0,37.92,0,94,1237,C,52.37,226,44,682.7,15999,9
23,18.25,172.65,49.06,32.26,0.7672,3,A-,71.42,0.3944,39.44,0.4464,44.64,0.3605,36.05,Deep Focus Learner,0.45,45.0,59.94,1,78,1238,B+,67.2,142,25,456.3,16000,6
21,10.39,96.37,53.82,31.25,0.7122,2,B+,68.05,0.5167,51.67,0.5196,51.96,0.5,50.0,Deep Focus Learner,0.7,70.0,52.04,0,42,1239,C+,58.84,120,23,239.03,16001,4
19,12.89,110.47,53.1,28.89,0.6199,2,C+,59.44,0.5031,50.31,0.5042,50.42,0.5,50.0,Weekend Learner,0.7,70.0,59.41,1,40,1240,B,62.52,161,27,347.95,16002,5
17,9.36,88.76,55.25,28.57,0.658,2,B,63.22,0.5424,54.24,0.5524,55.24,0.4615,46.15,Weekend Learner,0.35,35.0,53.46,3,61,1241,B,63.05,118,23,215.27,16003,5
43,11.38,105.27,40.08,17.39,0.6063,5,C+,57.31,0.3959,39.59,0.4153,41.53,0.3158,31.58,Flexible Learner,0.4,40.0,47.6,0,100,1242,C+,56.81,293,54,614.6,16004,10
35,19.36,189.58,58.23,37.84,0.7575,4,A-,71.26,0.521,52.1,0.6912,69.12,0.4529,45.29,Flexible Learner,0.6,60.0,71.6,3,42,1243,A-,70.31,238,43,832.42,16005,5
35,14.48,150.31,49.38,35.23,0.7214,7,B+,66.72,0.4562,45.62,0.5227,52.27,0.3529,35.29,Flexible Learner,0.55,55.0,58.32,2,54,1244,B,62.42,217,43,622.72,16006,8
37,15.51,155.16,57.87,35.0,0.668,3,B+,69.25,0.4854,48.54,0.5385,53.85,0.4585,45.85,Consistent Climber,0.45,45.0,59.44,3,98,1245,A-,72.77,309,58,899.63,16007,7
13,11.36,94.83,39.29,23.53,0.4421,2,G,33.14,0.3553,35.53,0.3438,34.38,0.4167,41.67,Fresh Starter,0.35,35.0,43.91,1,31,1246,D,48.06,76,13,147.65,16008,7
14,13.45,160.37,20.88,7.14,0.573,1,E,44.23,0.2167,21.67,0.2174,21.74,0.2162,21.62,Fresh Starter,0.15,15.0,48.07,0,37,1247,E,43.18,60,14,188.33,16009,9
34,9.34,85.1,60.82,42.86,0.7763,3,A-,76.26,0.5915,59.15,0.6122,61.22,0.3529,35.29,Flexible Learner,0.55,55.0,61.78,1,54,1248,B+,67.0,213,40,373.5,16010,3
45,11.06,104.14,51.04,30.21,0.6349,4,B+,65.56,0.4526,45.26,0.5016,50.16,0.2533,25.33,Consistent Climber,0.15,15.0,51.08,1,54,1249,C+,59.04,380,72,796.48,16011,7
46,10.33,99.09,58.62,44.76,0.7315,5,A-,76.65,0.5718,57.18,0.6025,60.25,0.4265,42.65,Consistent Climber,0.6,60.0,62.58,1,90,1250,A-,74.19,390,77,795.73,16012,3
46,11.81,115.93,53.43,43.43,0.673,5,A-,71.96,0.5086,50.86,0.5269,52.69,0.4759,47.59,Consistent Climber,0.55,55.0,63.12,0,82,1251,A-,70.37,405,78,920.82,16013,5
35,11.39,97.5,71.7,43.9,0.8488,3,A,83.79,0.6132,61.32,0.6194,61.94,0.575,57.5,Consistent Climber,0.8,80.0,65.93,6,74,1252,A,80.41,287,49,558.3,16014,3
46,12.76,130.46,45.08,23.53,0.5976,5,B,62.41,0.4372,43.72,0.4852,48.52,0.3665,36.65,Consistent Climber,0.55,55.0,52.29,2,94,1253,B,61.62,398,80,1020.48,16015,11
30,12.65,119.27,58.46,47.83,0.7814,3,A-,73.65,0.5707,57.07,0.6212,62.12,0.4576,45.76,Deep Focus Learner,0.55,55.0,71.12,2,42,1254,B+,69.66,191,35,442.72,16016,3
17,12.18,108.09,46.1,22.58,0.6096,3,C+,58.65,0.3981,39.81,0.4375,43.75,0.2609,26.09,Deep Focus Learner,0.5,50.0,50.81,1,37,1255,C+,55.29,103,18,219.2,16017,6
45,19.94,188.72,70.92,49.3,0.9232,4,A+,94.54,0.6472,64.72,0.7692,76.92,0.5772,57.72,High Achiever,0.65,65.0,81.49,6,78,1256,A,89.67,428,74,1475.32,16018,0
43,14.89,143.68,59.16,31.54,0.7591,5,A-,78.03,0.5246,52.46,0.5874,58.74,0.4317,43.17,Consistent Climber,0.3,30.0,65.8,3,66,1257,A-,73.69,345,64,952.65,16019,6
30,10.1,113.34,34.3,34.62,0.468,3,D,47.23,0.3586,35.86,0.4079,40.79,0.3043,30.43,Flexible Learner,0.3,30.0,41.01,0,78,1258,D,49.9,145,33,333.17,16020,10
33,18.71,194.49,49.49,21.21,0.7112,3,B+,66.53,0.4278,42.78,0.5915,59.15,0.3333,33.33,Deep Focus Learner,0.35,35.0,59.1,1,42,1259,B,60.14,194,37,692.35,16021,6
24,9.37,87.74,42.82,33.33,0.6467,2,C+,58.6,0.3946,39.46,0.3984,39.84,0.3684,36.84,Deep Focus Learner,0.2,20.0,43.97,1,90,1260,C+,59.54,147,29,271.68,16022,7
24,10.61,101.55,33.3,26.47,0.5202,2,G,35.52,0.3058,30.58,0.29,29.0,0.381,38.1,Fresh Starter,0.15,15.0,36.62,1,62,1261,E,43.5,121,24,254.73,16023,7
16,13.17,130.11,13.49,0.0,0.4013,3,G,25,0.122,12.2,0.1273,12.73,0.1111,11.11,Fresh Starter,0.15,15.0,15.58,0,40,1262,G,20,82,16,210.78,16024,10
44,12.05,116.68,60.1,38.46,0.7273,5,A-,71.21,0.5485,54.85,0.5917,59.17,0.4472,44.72,Consistent Climber,0.55,55.0,61.99,2,90,1263,A-,74.14,412,79,952.32,16025,5
33,11.04,97.06,69.1,46.75,0.8106,3,A,80.45,0.6258,62.58,0.639,63.9,0.5738,57.38,Consistent Climber,0.55,55.0,70.04,6,98,1264,A,85.61,302,53,585.1,16026,3
36,11.99,105.76,37.29,22.22,0.5416,6,C,52.78,0.3404,34.04,0.3544,35.44,0.2708,27.08,Flexible Learner,0.25,25.0,39.07,0,100,1265,C+,55.25,285,50,599.25,16027,13
21,17.27,171.39,45.48,24.39,0.7002,2,B,62.25,0.4031,40.31,0.5281,52.81,0.2991,29.91,Weekend Learner,0.5,50.0,50.85,2,58,1266,C+,56.27,196,36,621.55,16028,8
36,11.3,115.82,45.27,36.84,0.6564,5,B,63.25,0.4473,44.73,0.4865,48.65,0.382,38.2,Flexible Learner,0.5,50.0,55.9,0,94,1267,B+,65.72,237,49,553.6,16029,8
62,15.0,146.33,75.8,55.28,0.9586,6,A+,98,0.725,72.5,0.8022,80.22,0.6274,62.74,High Achiever,0.75,75.0,83.97,8,94,1268,A+,95.15,480,89,1335.42,16030,0
30,13.09,128.78,56.81,36.21,0.6866,2,B+,66.86,0.5026,50.26,0.5417,54.17,0.44,44.0,Flexible Learner,0.6,60.0,56.79,1,54,1269,B,64.42,195,37,484.27,16031,4
21,12.3,118.05,45.99,6.67,0.5123,3,D,45.86,0.3448,34.48,0.381,38.1,0.25,25.0,Deep Focus Learner,0.3,30.0,38.98,2,78,1270,C,50.9,116,22,270.58,16032,6
37,16.37,158.09,46.67,18.87,0.6437,4,B+,66.5,0.3656,36.56,0.4586,45.86,0.2816,28.16,Consistent Climber,0.4,40.0,47.51,1,54,1271,C,53.77,331,60,981.92,16033,8
23,12.6,125.38,42.51,24.62,0.6163,2,C+,56.55,0.3922,39.22,0.4405,44.05,0.2656,26.56,Weekend Learner,0.5,50.0,46.13,0,54,1272,C,52.71,232,45,567.05,16034,9
48,11.78,112.68,62.27,52.1,0.7817,5,A,81.82,0.5936,59.36,0.6066,60.66,0.5588,55.88,High Achiever,0.65,65.0,69.03,2,42,1273,A-,70.85,374,71,836.52,16035,2
43,15.05,156.11,38.23,16.88,0.6673,6,B,61.0,0.3164,31.64,0.3884,38.84,0.2597,25.97,Flexible Learner,0.2,20.0,41.96,0,54,1274,D,47.61,275,54,812.95,16036,9
18,10.72,106.69,21.02,4.0,0.358,3,G,25,0.2111,21.11,0.25,25.0,0.0,0.0,Fresh Starter,0.25,25.0,24.41,0,51,1275,G,29.03,90,18,192.97,16037,9
17,12.87,121.39,34.71,15.38,0.5509,2,D,49.52,0.3273,32.73,0.3509,35.09,0.2745,27.45,Weekend Learner,0.6,60.0,40.22,0,25,1276,G,38.35,165,31,399.1,16038,9
34,14.3,135.12,40.19,15.15,0.537,4,D,47.67,0.3303,33.03,0.3358,33.58,0.3218,32.18,Flexible Learner,0.3,30.0,43.51,1,100,1277,C+,59.75,221,40,571.95,16039,9
18,14.31,150.13,27.02,18.52,0.5774,2,C,50.48,0.266,26.6,0.3571,35.71,0.1923,19.23,Deep Focus Learner,0.25,25.0,41.14,0,51,1278,E,43.31,94,19,271.83,16040,10
24,12.64,128.46,30.8,6.45,0.4069,2,G,26.28,0.1736,17.36,0.2286,22.86,0.098,9.8,Fresh Starter,0.35,35.0,26.1,2,58,1279,G,35.0,121,24,303.32,16041,9
27,13.22,125.77,47.54,34.29,0.5592,3,C,54.24,0.4136,41.36,0.4316,43.16,0.3881,38.81,Deep Focus Learner,0.35,35.0,53.83,2,42,1280,C+,56.32,162,30,396.65,16042,7
44,9.32,84.13,71.13,59.41,0.8391,6,A,85.53,0.6618,66.18,0.6694,66.94,0.6078,60.78,High Achiever,0.65,65.0,70.37,6,42,1281,A-,75.41,411,77,718.0,16043,0
25,11.06,107.97,43.69,34.15,0.6601,2,B,64.76,0.4522,45.22,0.5,50.0,0.3077,30.77,Flexible Learner,0.45,45.0,51.21,0,30,1282,C,50.58,157,31,342.9,16044,8
43,17.46,176.89,69.75,51.91,0.8586,5,A,89.4,0.6688,66.88,0.819,81.9,0.5922,59.22,Consistent Climber,0.6,60.0,83.93,4,82,1283,A,87.69,311,59,1030.22,16045,1
17,14.94,172.45,55.94,34.21,0.7275,2,A-,71.06,0.4854,48.54,0.6071,60.71,0.44,44.0,Weekend Learner,0.35,35.0,64.71,2,61,1284,B+,68.42,103,23,343.63,16046,4
19,13.23,132.92,38.59,6.9,0.497,2,E,40.99,0.3258,32.58,0.3333,33.33,0.32,32.0,Weekend Learner,0.5,50.0,42.42,1,40,1285,E,44.9,132,26,344.05,16047,8
22,14.2,128.47,51.89,25.0,0.6236,2,C+,59.88,0.4123,41.23,0.4528,45.28,0.2885,28.85,Weekend Learner,0.2,20.0,47.41,1,54,1286,C+,57.52,211,37,525.5,16048,7
41,14.83,146.42,72.38,53.23,0.9379,6,A+,94.05,0.6498,64.98,0.6995,69.95,0.5821,58.21,High Achiever,0.75,75.0,77.84,6,94,1287,A+,91.58,317,60,889.88,16049,2
35,14.39,157.55,67.21,51.35,0.7756,3,A-,77.04,0.6302,63.02,0.7051,70.51,0.5789,57.89,Flexible Learner,0.6,60.0,80.34,3,54,1288,A,81.77,192,40,575.63,16050,0
19,18.52,179.27,30.48,17.39,0.5044,2,D,48.84,0.2713,27.13,0.3725,37.25,0.2051,20.51,Weekend Learner,0.4,40.0,39.98,0,40,1289,G,37.16,129,23,425.88,16051,9
25,12.96,134.51,52.99,35.29,0.7356,4,B+,69.24,0.519,51.9,0.6267,62.67,0.4217,42.17,Deep Focus Learner,0.65,65.0,64.25,2,54,1290,B,64.4,158,31,401.67,16052,6
54,13.32,126.88,73.18,57.56,0.8524,5,A+,90.64,0.6879,68.79,0.7241,72.41,0.619,61.9,High Achiever,0.75,75.0,79.68,5,98,1291,A,88.32,487,90,1198.83,16053,0
30,8.68,83.84,46.44,31.03,0.6267,5,C+,56.64,0.4348,43.48,0.4643,46.43,0.2381,23.81,Deep Focus Learner,0.4,40.0,43.67,0,46,1292,C,50.69,161,33,286.32,16054,6
42,17.27,168.44,61.45,46.72,0.793,4,A-,77.56,0.5859,58.59,0.619,61.9,0.5614,56.14,Consistent Climber,0.8,80.0,74.48,0,98,1293,A,81.01,297,54,932.4,16055,3
17,16.02,140.64,24.42,5.88,0.5098,3,G,36.12,0.2308,23.08,0.2895,28.95,0.0714,7.14,Fresh Starter,0.4,40.0,26.24,0,37,1294,G,29.3,104,17,272.32,16056,8
10,9.42,96.31,12.34,8.33,0.3368,2,G,25,0.1333,13.33,0.1429,14.29,0.1,10.0,Fresh Starter,0.1,10.0,19.8,0,27,1295,G,20,45,10,94.18,16057,8
32,10.84,104.82,49.87,40.0,0.7058,3,B+,67.64,0.4837,48.37,0.4599,45.99,0.5532,55.32,Flexible Learner,0.25,25.0,56.6,3,54,1296,B,62.44,184,36,390.28,16058,8
48,11.09,101.9,72.89,53.23,0.897,5,A+,92.57,0.7193,71.93,0.7463,74.63,0.625,62.5,High Achiever,0.55,55.0,78.6,4,94,1297,A+,91.31,431,80,887.1,16059,0
48,10.35,99.63,46.31,28.99,0.6254,5,B+,68.02,0.4476,44.76,0.4675,46.75,0.4019,40.19,Consistent Climber,0.2,20.0,54.01,0,66,1298,B,61.08,353,70,724.8,16060,10
43,9.86,90.21,41.96,29.63,0.549,3,C,52.0,0.3804,38.04,0.3803,38.03,0.381,38.1,Flexible Learner,0.4,40.0,42.74,1,78,1299,C+,56.34,255,48,473.07,16061,7
37,9.66,98.21,72.48,55.26,0.861,5,A+,91.83,0.7004,70.04,0.724,72.4,0.6182,61.82,High Achiever,0.65,65.0,75.88,7,54,1300,A,81.92,247,52,502.57,16062,2
46,17.02,176.06,54.64,43.09,0.7105,5,A-,70.43,0.5088,50.88,0.5185,51.85,0.5029,50.29,Flexible Learner,0.75,75.0,68.5,3,100,1301,A-,77.21,283,55,936.2,16063,7
22,14.71,135.79,41.36,23.33,0.5727,2,C,51.17,0.3483,34.83,0.3923,39.23,0.2676,26.76,Weekend Learner,0.15,15.0,44.57,2,42,1302,D,48.01,201,35,514.78,16064,10
24,12.04,109.92,28.76,5.26,0.4723,3,E,43.71,0.2532,25.32,0.2818,28.18,0.1818,18.18,Flexible Learner,0.4,40.0,30.92,0,54,1303,G,37.41,154,28,336.98,16065,12
16,9.8,80.67,24.42,21.05,0.4268,1,G,31.27,0.2556,25.56,0.2738,27.38,0.0,0.0,Fresh Starter,0.25,25.0,26.21,0,64,1304,G,35.61,90,16,156.78,16066,9
43,12.0,127.95,54.86,41.25,0.6737,4,A-,72.58,0.5168,51.68,0.5515,55.15,0.4737,47.37,Consistent Climber,0.65,65.0,63.89,1,78,1305,A-,70.45,298,63,756.1,16067,5
19,9.12,93.72,41.6,45.0,0.5348,2,E,42.27,0.4111,41.11,0.4286,42.86,0.3077,30.77,Fresh Starter,0.5,50.0,44.37,0,52,1306,C,51.34,90,19,173.22,16068,5
43,8.61,79.39,48.98,30.61,0.659,5,B,61.88,0.4771,47.71,0.4696,46.96,0.5312,53.12,Flexible Learner,0.45,45.0,55.02,2,82,1307,B,63.26,262,51,439.08,16069,9
47,11.52,103.84,58.37,39.22,0.6577,5,B+,68.88,0.5569,55.69,0.5873,58.73,0.4444,44.44,Consistent Climber,0.75,75.0,61.82,0,94,1308,A-,74.14,422,76,875.85,16070,5
41,14.42,150.01,46.83,15.7,0.5944,5,B,62.19,0.3778,37.78,0.4286,42.86,0.3216,32.16,Consistent Climber,0.4,40.0,48.73,0,94,1309,B,61.74,360,72,1038.28,16071,7
19,10.53,88.64,37.36,19.05,0.467,2,E,43.53,0.3591,35.91,0.3608,36.08,0.3462,34.62,Weekend Learner,0.5,50.0,40.11,0,76,1310,C,51.83,220,38,400.03,16072,9
26,11.14,106.76,49.2,29.03,0.5046,2,D,47.05,0.3725,37.25,0.4272,42.72,0.26,26.0,Deep Focus Learner,0.45,45.0,45.79,2,42,1311,C,54.04,153,30,334.1,16073,7
39,11.09,110.94,49.5,28.77,0.6379,4,B+,65.9,0.4558,45.58,0.4977,49.77,0.3288,32.88,Consistent Climber,0.5,50.0,54.32,2,90,1312,B+,67.58,294,59,654.57,16074,8
14,8.3,76.61,33.27,11.11,0.5984,4,D,46.83,0.3429,34.29,0.3594,35.94,0.1667,16.67,Fresh Starter,0.35,35.0,33.51,0,21,1313,G,35.14,70,14,116.2,16075,7
47,12.23,112.53,72.09,57.94,0.845,4,A,87.47,0.6659,66.59,0.6743,67.43,0.6452,64.52,Consistent Climber,0.85,85.0,75.66,5,98,1314,A,89.39,428,78,953.78,16076,2
19,17.13,158.7,43.38,26.56,0.6451,2,B,61.8,0.4203,42.03,0.5227,52.27,0.3445,34.45,Weekend Learner,0.5,50.0,56.82,1,76,1315,B,61.09,207,36,616.8,16077,10
35,12.31,123.59,36.09,13.64,0.4803,3,E,44.56,0.2922,29.22,0.3333,33.33,0.2051,20.51,Flexible Learner,0.4,40.0,32.6,0,66,1316,E,41.49,243,48,590.75,16078,8
24,12.01,116.48,49.81,25.68,0.7028,2,B+,65.13,0.44,44.0,0.486,48.6,0.3239,32.39,Weekend Learner,0.3,30.0,51.92,1,78,1317,B,61.3,250,48,576.27,16079,8
29,9.84,89.11,44.56,14.29,0.6082,4,C+,55.43,0.4216,42.16,0.4371,43.71,0.2778,27.78,Flexible Learner,0.35,35.0,42.29,1,94,1318,C+,57.0,185,35,344.4,16080,9
39,12.69,108.6,60.69,46.88,0.7355,3,A-,72.73,0.5704,57.04,0.5796,57.96,0.5345,53.45,Flexible Learner,0.75,75.0,66.35,0,90,1319,A-,76.77,284,48,609.08,16081,3
18,11.48,126.84,30.7,5.0,0.4862,1,D,45.91,0.2647,26.47,0.1887,18.87,0.3469,34.69,Deep Focus Learner,0.1,10.0,36.79,1,55,1320,E,41.42,102,22,252.67,16082,9
15,11.69,108.38,19.91,0.0,0.3543,1,G,25,0.125,12.5,0.0612,6.12,0.2258,22.58,Fresh Starter,0.05,5.0,25.13,1,34,1321,G,28.52,80,15,175.3,16083,9
45,16.31,167.28,43.12,15.56,0.5838,5,B,60.58,0.3216,32.16,0.4474,44.74,0.2339,23.39,Consistent Climber,0.55,55.0,41.65,0,98,1322,C+,57.8,370,71,1158.23,16084,9
39,16.97,164.66,39.78,8.64,0.574,5,C,53.48,0.2688,26.88,0.3158,31.58,0.2302,23.02,Flexible Learner,0.25,25.0,40.82,2,54,1323,D,48.54,253,46,780.83,16085,11
32,13.97,157.05,48.45,23.08,0.5929,3,C,54.42,0.3966,39.66,0.5205,52.05,0.3069,30.69,Flexible Learner,0.5,50.0,51.62,2,58,1324,C+,57.45,174,38,530.72,16086,7
41,14.51,139.45,45.17,29.63,0.6293,5,B,62.79,0.4353,43.53,0.5033,50.33,0.3543,35.43,Flexible Learner,0.5,50.0,58.46,0,78,1325,B,61.76,278,52,754.68,16087,7
44,11.25,102.01,49.07,44.74,0.5946,5,B+,65.76,0.4502,45.02,0.4689,46.89,0.3621,36.21,Consistent Climber,0.4,40.0,49.88,1,54,1326,C+,55.53,331,60,675.12,16088,7
44,11.4,102.82,65.9,46.49,0.7886,5,A-,79.74,0.5812,58.12,0.6148,61.48,0.4412,44.12,High Achiever,0.5,50.0,64.52,4,70,1327,A-,76.22,351,63,718.3,16089,4
14,14.69,145.96,23.25,19.05,0.4672,3,G,32.89,0.2055,20.55,0.175,17.5,0.2424,24.24,Fresh Starter,0.1,10.0,26.02,1,57,1328,G,33.25,73,14,205.72,16090,10
14,9.34,89.85,10.28,26.32,0.3741,3,G,25,0.169,16.9,0.1967,19.67,0.0,0.0,Fresh Starter,0.2,20.0,20.34,0,21,1329,G,20,71,14,130.82,16091,9
24,14.69,137.93,32.17,8.7,0.5345,3,G,39.33,0.2444,24.44,0.3021,30.21,0.1026,10.26,Fresh Starter,0.25,25.0,27.85,1,42,1330,G,33.51,135,24,352.47,16092,10
21,9.85,91.39,51.59,28.0,0.6587,4,B,62.98,0.5118,51.18,0.534,53.4,0.4167,41.67,Deep Focus Learner,0.5,50.0,56.94,0,54,1331,B,60.97,127,24,236.42,16093,5
34,17.74,182.36,42.84,27.54,0.6871,4,B,63.69,0.4404,44.04,0.5942,59.42,0.3548,35.48,Flexible Learner,0.3,30.0,57.79,0,78,1332,B+,65.02,193,37,656.3,16094,10
39,16.14,156.6,53.72,32.67,0.7373,3,A-,75.79,0.4815,48.15,0.5907,59.07,0.3481,34.81,Consistent Climber,0.35,35.0,58.18,1,70,1333,B+,69.33,351,64,1032.85,16095,7
30,9.91,86.04,63.46,46.51,0.6956,4,B+,66.26,0.6318,63.18,0.631,63.1,0.6364,63.64,Deep Focus Learner,0.5,50.0,69.1,2,58,1334,A-,74.52,201,36,356.58,16096,2
27,13.15,122.86,52.14,23.53,0.7495,3,B+,69.39,0.454,45.4,0.5238,52.38,0.3276,32.76,Flexible Learner,0.55,55.0,56.43,2,54,1335,B,60.45,163,30,394.42,16097,6
43,10.75,100.26,68.03,49.43,0.8371,5,A,87.52,0.6414,64.14,0.6838,68.38,0.4314,43.14,Consistent Climber,0.7,70.0,70.73,3,62,1336,A-,77.47,304,57,612.77,16098,3
29,12.54,110.11,62.62,51.02,0.7761,3,A-,70.34,0.5303,53.03,0.5724,57.24,0.3913,39.13,Deep Focus Learner,0.75,75.0,61.51,3,70,1337,A-,71.13,198,34,426.35,16099,3
27,17.13,175.78,52.24,27.4,0.7545,3,A-,71.87,0.4192,41.92,0.5588,55.88,0.3232,32.32,Flexible Learner,0.3,30.0,63.58,2,42,1338,B,60.83,167,32,548.18,16100,7
11,10.72,106.0,17.1,10.0,0.4408,2,G,33.5,0.2,20.0,0.15,15.0,0.3333,33.33,Fresh Starter,0.25,25.0,29.2,0,16,1339,G,23.24,55,11,117.92,16101,6
18,10.59,96.2,52.77,28.57,0.6561,2,B,63.81,0.5398,53.98,0.5442,54.42,0.5172,51.72,Weekend Learner,0.6,60.0,60.05,0,87,1340,B+,69.86,176,32,338.97,16102,3
38,9.67,87.92,51.47,34.78,0.672,5,B+,68.42,0.47,47.0,0.4812,48.12,0.4091,40.91,Consistent Climber,0.35,35.0,51.48,0,70,1341,B,60.52,283,54,522.17,16103,5
49,17.5,175.79,66.08,47.55,0.8249,4,A+,90.68,0.6106,61.06,0.7075,70.75,0.5697,56.97,High Achiever,0.4,40.0,78.68,3,82,1342,A,82.55,357,67,1172.75,16104,3
22,9.5,82.73,51.25,26.32,0.5957,2,C+,55.33,0.458,45.8,0.4865,48.65,0.3,30.0,Deep Focus Learner,0.65,65.0,49.01,1,42,1343,C+,55.16,131,24,228.03,16105,4
22,8.71,81.96,20.54,5.26,0.4369,2,G,29.96,0.2037,20.37,0.1959,19.59,0.2727,27.27,Fresh Starter,0.1,10.0,25.5,0,66,1344,G,33.46,108,22,191.57,16106,9
18,9.86,79.83,33.45,20.0,0.5428,3,E,40.45,0.2991,29.91,0.28,28.0,0.5714,57.14,Fresh Starter,0.15,15.0,31.68,1,27,1345,G,35.28,107,18,177.42,16107,9
22,12.44,109.38,61.94,44.16,0.753,2,A-,72.23,0.6066,60.66,0.6791,67.91,0.3684,36.84,Weekend Learner,0.55,55.0,67.74,2,78,1346,A-,75.87,244,42,522.42,16108,4
47,11.61,109.15,49.48,25.49,0.6581,4,B+,66.14,0.4513,45.13,0.4759,47.59,0.38,38.0,Consistent Climber,0.25,25.0,51.06,0,98,1347,B+,66.39,390,73,847.3,16109,8
47,12.87,113.05,68.22,50.34,0.8191,4,A,80.82,0.6044,60.44,0.6563,65.63,0.4157,41.57,High Achiever,0.55,55.0,69.43,6,94,1348,A,83.35,412,71,913.83,16110,4
34,15.53,160.13,33.68,18.0,0.5201,3,E,43.87,0.3081,30.81,0.3478,34.78,0.2845,28.45,Deep Focus Learner,0.4,40.0,43.39,0,100,1349,C,54.21,185,36,558.95,16111,9
20,13.72,112.3,50.53,25.58,0.6894,3,B+,67.02,0.3688,36.88,0.4,40.0,0.2581,25.81,Deep Focus Learner,0.5,50.0,37.22,1,58,1350,C,51.02,141,22,301.87,16112,4
18,19.03,203.16,34.02,28.07,0.7086,2,B+,65.72,0.373,37.3,0.4,40.0,0.3646,36.46,Weekend Learner,0.55,55.0,60.67,1,39,1351,C,53.63,126,25,475.68,16113,9
23,8.89,74.36,65.03,56.25,0.8146,2,A-,74.55,0.6225,62.25,0.6111,61.11,0.8571,85.71,Deep Focus Learner,0.6,60.0,64.03,3,54,1352,A-,72.27,151,27,240.08,16114,3
41,12.2,107.04,48.12,34.78,0.6193,5,B,61.19,0.4493,44.93,0.4449,44.49,0.4667,46.67,Flexible Learner,0.4,40.0,53.8,1,78,1353,B,60.3,296,51,621.97,16115,9
36,15.51,140.39,58.54,32.22,0.7668,4,A-,73.0,0.5512,55.12,0.6174,61.74,0.4571,45.71,Flexible Learner,0.7,70.0,63.91,3,54,1354,B+,67.89,254,44,682.48,16116,5
43,12.43,112.57,45.58,32.04,0.6485,4,B,64.68,0.4545,45.45,0.5127,51.27,0.2745,27.45,Consistent Climber,0.5,50.0,51.43,0,94,1355,B,61.13,418,74,920.12,16117,8
45,8.86,87.93,71.71,51.19,0.8468,5,A,86.26,0.6348,63.48,0.6535,65.35,0.5283,52.83,Consistent Climber,0.65,65.0,68.23,6,78,1356,A,80.41,356,74,655.35,16118,2
12,10.24,103.85,12.69,0.0,0.327,2,G,25,0.1356,13.56,0.1304,13.04,0.1538,15.38,Fresh Starter,0.2,20.0,19.93,0,18,1357,G,21.17,59,12,122.87,16119,10
22,12.34,135.71,49.14,33.33,0.637,2,C+,58.69,0.4509,45.09,0.4875,48.75,0.4194,41.94,Weekend Learner,0.45,45.0,56.26,1,94,1358,B+,65.35,173,37,456.53,16120,8
23,18.83,160.9,31.29,20.69,0.5713,3,E,42.53,0.3034,30.34,0.3882,38.82,0.1833,18.33,Fresh Starter,0.4,40.0,45.45,1,42,1359,E,43.93,145,23,433.02,16121,12
23,10.23,94.54,66.19,55.26,0.7241,2,B+,69.88,0.6184,61.84,0.623,62.3,0.6,60.0,Flexible Learner,0.7,70.0,68.31,3,30,1360,B+,67.9,152,29,296.55,16122,2
24,10.74,123.86,51.91,28.57,0.7486,2,B+,69.03,0.4244,42.44,0.4538,45.38,0.3733,37.33,Weekend Learner,0.5,50.0,57.2,3,78,1361,B,63.52,205,47,504.77,16123,7
40,10.56,92.81,56.47,41.56,0.695,4,A-,73.45,0.554,55.4,0.5586,55.86,0.5323,53.23,Consistent Climber,0.5,50.0,61.91,1,82,1362,B+,69.77,352,62,655.02,16124,3
24,12.04,124.62,44.48,32.14,0.5808,3,C+,55.41,0.3684,36.84,0.3731,37.31,0.3636,36.36,Deep Focus Learner,0.45,45.0,46.75,2,42,1363,D,49.74,133,27,325.13,16125,8
36,15.22,160.22,34.46,7.14,0.5208,6,D,46.63,0.2648,26.48,0.2841,28.41,0.2519,25.19,Flexible Learner,0.35,35.0,35.28,1,66,1364,E,43.14,219,44,669.72,16126,12
37,10.56,112.43,37.65,25.0,0.4893,4,E,43.95,0.3409,34.09,0.363,36.3,0.2973,29.73,Flexible Learner,0.3,30.0,39.75,0,78,1365,D,49.53,220,47,496.3,16127,11
9,18.41,203.3,34.82,13.33,0.5912,2,D,49.39,0.2791,27.91,0.4444,44.44,0.2353,23.53,Fresh Starter,0.15,15.0,51.63,1,49,1366,C,50.13,43,9,165.67,16128,5
16,18.5,162.03,36.04,12.2,0.5365,2,D,49.92,0.3333,33.33,0.3824,38.24,0.2653,26.53,Deep Focus Learner,0.2,20.0,37.53,1,48,1367,E,43.8,117,19,351.48,16129,9
38,14.65,146.16,58.33,41.07,0.7465,3,A-,75.31,0.5209,52.09,0.5818,58.18,0.4521,45.21,Consistent Climber,0.55,55.0,62.86,2,90,1368,A-,74.14,311,60,878.87,16130,5
35,10.89,100.14,57.77,38.0,0.6604,3,B+,66.57,0.5,50.0,0.5098,50.98,0.4565,45.65,Consistent Climber,0.55,55.0,56.44,1,58,1369,B+,65.27,250,47,511.98,16131,3
21,14.98,149.51,37.47,23.73,0.5442,2,D,49.91,0.34,34.0,0.3426,34.26,0.337,33.7,Weekend Learner,0.3,30.0,44.32,0,90,1370,C+,57.21,200,38,569.35,16132,10
8,9.02,87.32,24.17,18.18,0.3446,1,G,25,0.1351,13.51,0.1515,15.15,0.0,0.0,Fresh Starter,0.15,15.0,11.36,0,12,1371,G,20,37,8,72.17,16133,4
47,11.67,108.0,73.17,51.91,0.8531,5,A+,90.75,0.7012,70.12,0.7508,75.08,0.5116,51.16,High Achiever,0.65,65.0,77.4,6,94,1372,A+,92.4,415,76,886.6,16134,1
42,10.55,100.25,52.44,33.33,0.6412,5,B,64.89,0.4696,46.96,0.5043,50.43,0.3485,34.85,Consistent Climber,0.3,30.0,54.22,2,78,1373,B,63.8,296,55,580.07,16135,7
22,17.47,185.29,31.89,18.37,0.6004,2,C+,55.37,0.3057,30.57,0.3438,34.38,0.296,29.6,Weekend Learner,0.15,15.0,49.82,1,42,1374,C,50.27,157,31,541.52,16136,10
27,13.08,149.64,54.23,29.82,0.7144,4,B+,68.22,0.5035,50.35,0.6349,63.49,0.4,40.0,Deep Focus Learner,0.35,35.0,60.27,2,42,1375,B+,65.29,143,32,418.72,16137,5
19,10.8,118.13,26.05,22.22,0.4632,2,E,43.09,0.2672,26.72,0.3333,33.33,0.2206,22.06,Weekend Learner,0.3,30.0,38.0,0,76,1376,D,45.4,116,26,280.83,16138,9
16,10.1,108.97,26.04,0.0,0.3976,3,G,27.54,0.1781,17.81,0.1698,16.98,0.2,20.0,Fresh Starter,0.15,15.0,25.75,1,36,1377,G,31.53,73,16,161.63,16139,8
15,15.78,167.47,52.62,12.5,0.6201,2,C+,55.67,0.3846,38.46,0.5526,55.26,0.2642,26.42,Deep Focus Learner,0.55,55.0,53.79,4,78,1378,B,64.23,91,18,283.98,16140,5
22,13.36,125.5,31.27,28.26,0.5808,4,C+,58.34,0.3716,37.16,0.4112,41.12,0.2683,26.83,Deep Focus Learner,0.4,40.0,49.56,0,54,1379,D,49.41,148,27,360.72,16141,10
19,13.88,125.62,51.88,44.68,0.7573,2,A-,71.54,0.4737,47.37,0.5,50.0,0.4103,41.03,Deep Focus Learner,0.45,45.0,59.4,3,40,1380,C+,58.89,133,23,319.2,16142,7
23,9.39,85.19,51.55,26.67,0.5404,2,C,51.2,0.4473,44.73,0.4478,44.78,0.4444,44.44,Weekend Learner,0.45,45.0,47.53,3,90,1381,B,63.07,237,45,422.63,16143,10
43,10.32,96.73,49.31,29.67,0.5877,4,C+,59.91,0.4457,44.57,0.4635,46.35,0.3396,33.96,Consistent Climber,0.3,30.0,47.98,0,90,1382,B,60.2,368,70,722.75,16144,10
42,10.08,92.93,46.69,36.36,0.5837,5,B,64.09,0.4884,48.84,0.5139,51.39,0.3621,36.21,Consistent Climber,0.6,60.0,55.99,1,42,1383,C,54.85,346,64,645.27,16145,8
16,15.74,143.66,16.09,3.45,0.4286,2,G,28.93,0.1413,14.13,0.1356,13.56,0.1515,15.15,Fresh Starter,0.15,15.0,23.71,0,36,1384,G,25.11,92,16,251.92,16146,7
34,9.86,87.4,60.85,49.21,0.7019,4,A-,73.95,0.5646,56.46,0.5733,57.33,0.5128,51.28,Consistent Climber,0.7,70.0,58.14,2,66,1385,B+,68.87,271,49,483.1,16147,3
19,9.52,102.25,36.18,20.0,0.5419,3,E,40.19,0.3864,38.64,0.3947,39.47,0.3333,33.33,Fresh Starter,0.55,55.0,44.48,0,28,1386,D,45.89,88,19,180.93,16148,8
28,13.61,121.62,65.55,52.94,0.8189,3,A-,79.36,0.6667,66.67,0.7014,70.14,0.5741,57.41,Deep Focus Learner,0.6,60.0,75.77,5,54,1387,A,80.83,198,34,462.82,16149,4
36,10.42,93.95,43.11,23.19,0.5501,5,D,48.74,0.3543,35.43,0.345,34.5,0.4091,40.91,Flexible Learner,0.55,55.0,39.76,0,70,1388,D,48.4,302,55,573.13,16150,9
38,10.51,92.81,41.56,24.59,0.5714,4,C,51.66,0.3826,38.26,0.3974,39.74,0.2667,26.67,Flexible Learner,0.45,45.0,40.17,1,30,1389,E,43.08,264,47,494.15,16151,12
52,18.1,183.4,58.6,34.54,0.7284,5,A-,75.28,0.4914,49.14,0.5924,59.24,0.4286,42.86,Consistent Climber,0.75,75.0,65.07,5,86,1390,A-,73.89,409,77,1393.5,16152,8
30,16.0,146.82,59.01,48.84,0.7542,3,A-,71.51,0.5459,54.59,0.5049,50.49,0.5914,59.14,Deep Focus Learner,0.6,60.0,69.16,3,66,1391,A-,73.26,196,34,544.07,16153,5
35,18.69,184.86,43.32,27.61,0.7397,4,A-,76.02,0.424,42.4,0.5268,52.68,0.3567,35.67,Consistent Climber,0.65,65.0,60.34,0,66,1392,B,62.08,283,52,971.83,16154,7
26,9.26,79.68,66.31,51.16,0.8158,4,A-,75.22,0.6591,65.91,0.6707,67.07,0.4444,44.44,Deep Focus Learner,0.65,65.0,67.04,4,42,1393,A-,72.87,176,32,296.42,16155,2
18,17.34,175.84,36.51,32.35,0.6517,2,B,63.59,0.3737,37.37,0.48,48.0,0.3378,33.78,Deep Focus Learner,0.4,40.0,56.37,1,63,1394,C,54.08,99,19,329.47,16156,10
16,12.74,134.82,25.4,17.65,0.5308,2,E,40.16,0.2949,29.49,0.3469,34.69,0.2069,20.69,Fresh Starter,0.4,40.0,39.27,0,24,1395,G,33.24,78,16,203.77,16157,6
27,9.82,83.14,46.19,21.74,0.6628,2,B,60.37,0.4491,44.91,0.4553,45.53,0.4,40.0,Weekend Learner,0.55,55.0,50.0,0,78,1396,B,60.64,265,46,451.85,16158,9
48,12.43,113.89,38.98,20.27,0.5438,4,D,46.28,0.3115,31.15,0.3462,34.62,0.1972,19.72,Flexible Learner,0.4,40.0,37.04,1,94,1397,C,50.68,305,55,683.4,16159,12
32,9.82,98.69,60.06,47.06,0.6637,2,B,64.29,0.5549,55.49,0.576,57.6,0.5088,50.88,Deep Focus Learner,0.65,65.0,65.14,2,90,1398,A-,76.04,182,37,363.37,16160,3
29,13.54,135.89,52.16,34.43,0.7385,2,B+,68.5,0.4422,44.22,0.4818,48.18,0.3933,39.33,Flexible Learner,0.2,20.0,58.73,1,74,1399,B+,65.01,199,39,528.2,16161,6
45,10.87,99.42,64.67,44.09,0.7589,5,A-,79.09,0.5576,55.76,0.583,58.3,0.4043,40.43,Consistent Climber,0.4,40.0,59.09,3,66,1400,B+,69.33,330,61,663.1,16162,4
35,10.29,95.34,65.09,55.41,0.8422,3,A,85.87,0.6298,62.98,0.6468,64.68,0.5455,54.55,Consistent Climber,0.85,85.0,70.99,2,42,1401,A-,72.99,262,49,504.22,16163,3
23,14.23,138.47,31.49,8.7,0.4525,2,E,43.29,0.2656,26.56,0.2736,27.36,0.2558,25.58,Weekend Learner,0.25,25.0,32.17,0,66,1402,G,39.95,192,36,512.43,16164,14
30,13.42,141.13,27.01,14.0,0.5628,3,D,48.78,0.2701,27.01,0.3148,31.48,0.197,19.7,Flexible Learner,0.4,40.0,38.68,0,54,1403,G,39.53,174,35,469.73,16165,12
40,10.59,93.48,24.43,10.71,0.4989,5,D,47.12,0.2089,20.89,0.2367,23.67,0.0638,6.38,Flexible Learner,0.4,40.0,22.0,0,58,1404,G,31.18,292,53,561.08,16166,15
20,12.55,112.43,59.85,26.83,0.7603,2,A-,70.75,0.512,51.2,0.57,57.0,0.28,28.0,Deep Focus Learner,0.6,60.0,54.97,3,66,1405,B+,66.49,125,22,276.05,16167,4
39,16.14,151.23,68.42,50.36,0.8656,4,A,88.53,0.6471,64.71,0.712,71.2,0.5492,54.92,High Achiever,0.7,70.0,76.49,3,86,1406,A,86.41,306,54,871.47,16168,1
48,10.3,95.96,59.07,33.33,0.6952,5,A-,73.71,0.5477,54.77,0.5575,55.75,0.5125,51.25,Consistent Climber,0.45,45.0,59.96,1,78,1407,B+,69.7,367,70,720.67,16169,5
29,13.01,127.91,45.66,33.33,0.6591,2,C+,57.74,0.4535,45.35,0.4951,49.51,0.3913,39.13,Deep Focus Learner,0.25,25.0,51.57,1,42,1408,C+,55.67,172,33,429.33,16170,9
50,9.79,93.38,68.76,52.94,0.8114,5,A,81.09,0.6848,68.48,0.7019,70.19,0.6,60.0,Consistent Climber,0.7,70.0,73.21,2,86,1409,A,83.8,387,77,754.2,16171,1
14,19.2,209.09,23.02,7.69,0.4834,1,G,33.12,0.1857,18.57,0.2941,29.41,0.1509,15.09,Fresh Starter,0.15,15.0,30.22,0,49,1410,G,32.12,70,14,268.8,16172,6
48,16.39,170.48,49.56,23.88,0.6751,5,B+,68.67,0.4352,43.52,0.5108,51.08,0.3927,39.27,Consistent Climber,0.3,30.0,56.45,1,90,1411,B+,66.67,386,76,1245.32,16173,7
27,13.35,127.24,51.08,40.62,0.7097,3,B+,65.12,0.5158,51.58,0.5528,55.28,0.4478,44.78,Deep Focus Learner,0.5,50.0,62.4,0,82,1412,A-,71.31,190,35,467.2,16174,4
12,10.38,99.58,40.07,63.64,0.5865,2,D,48.29,0.45,45.0,0.45,45.0,0.45,45.0,Fresh Starter,0.45,45.0,50.13,0,30,1413,D,48.97,60,12,124.52,16175,4
43,15.38,165.22,66.72,49.33,0.8575,5,A+,90.27,0.6246,62.46,0.6966,69.66,0.5755,57.55,Consistent Climber,0.5,50.0,81.85,4,94,1414,A,86.57,357,73,1122.47,16176,2
46,16.53,168.91,62.1,39.86,0.842,5,A,85.8,0.5418,54.18,0.6884,68.84,0.4549,45.49,Consistent Climber,0.35,35.0,71.14,3,82,1415,A,82.91,371,71,1173.83,16177,3
16,11.18,97.3,41.07,33.33,0.6136,2,D,49.13,0.3846,38.46,0.3944,39.44,0.35,35.0,Fresh Starter,0.25,25.0,44.72,1,48,1416,D,47.05,91,16,178.87,16178,5
33,11.8,118.26,58.15,48.39,0.7173,5,A-,71.03,0.5522,55.22,0.5772,57.72,0.4808,48.08,Flexible Learner,0.6,60.0,65.75,1,78,1417,A-,72.09,201,40,471.85,16179,4
51,12.83,129.74,49.82,33.33,0.6287,5,B+,65.97,0.4513,45.13,0.4733,47.33,0.415,41.5,Consistent Climber,0.5,50.0,56.58,0,98,1418,B,64.16,390,77,987.8,16180,8
39,14.55,136.87,48.4,30.68,0.7005,4,B+,67.23,0.4364,43.64,0.5229,52.29,0.2771,27.71,Flexible Learner,0.2,20.0,55.15,1,42,1419,C+,58.06,236,43,625.77,16181,7
20,11.88,122.21,56.17,42.42,0.7856,3,A-,75.97,0.6063,60.63,0.6111,61.11,0.6,60.0,Deep Focus Learner,0.7,70.0,75.33,1,30,1420,A-,72.15,127,26,308.98,16182,2
19,14.89,138.0,15.11,6.45,0.3377,2,G,25,0.1204,12.04,0.1304,13.04,0.1026,10.26,Fresh Starter,0.05,5.0,21.75,0,68,1421,G,29.11,108,19,282.92,16183,9
31,16.63,159.6,39.49,26.98,0.6011,3,C+,58.64,0.3925,39.25,0.425,42.5,0.3731,37.31,Flexible Learner,0.5,50.0,50.04,0,70,1422,C+,57.38,214,39,648.45,16184,10
30,12.35,112.08,43.84,22.0,0.571,3,C,52.8,0.408,40.8,0.42,42.0,0.3725,37.25,Deep Focus Learner,0.4,40.0,49.08,1,54,1423,C,52.82,201,35,432.12,16185,7
17,19.9,208.18,11.85,2.56,0.4164,3,G,30.71,0.1136,11.36,0.1905,19.05,0.0896,8.96,Fresh Starter,0.1,10.0,20.33,0,37,1424,G,20,88,17,338.37,16186,9
22,14.54,161.06,35.33,18.87,0.5703,2,C,52.91,0.2931,29.31,0.3676,36.76,0.2453,24.53,Weekend Learner,0.25,25.0,41.76,0,78,1425,D,49.08,174,37,538.15,16187,11
24,11.49,111.41,47.58,27.14,0.7153,3,B+,66.24,0.4386,43.86,0.4607,46.07,0.36,36.0,Weekend Learner,0.55,55.0,51.07,0,66,1426,B,60.17,228,44,505.47,16188,8
38,12.48,131.52,42.04,19.48,0.5218,3,D,48.78,0.3571,35.71,0.4306,43.06,0.2705,27.05,Flexible Learner,0.35,35.0,43.45,2,42,1427,D,49.8,266,55,686.48,16189,12
38,13.01,130.09,63.45,45.05,0.8007,3,A,86.5,0.583,58.3,0.6322,63.22,0.4658,46.58,Consistent Climber,0.5,50.0,70.77,5,54,1428,A-,75.01,247,48,624.4,16190,3
36,9.15,82.59,39.65,48.65,0.5896,5,C+,58.21,0.3871,38.71,0.3982,39.82,0.2963,29.63,Consistent Climber,0.45,45.0,40.58,0,58,1429,C,51.19,248,47,429.83,16191,9
34,12.19,117.24,54.77,29.51,0.6787,4,B+,69.08,0.4721,47.21,0.5119,51.19,0.3692,36.92,Consistent Climber,0.45,45.0,54.56,0,94,1430,B+,67.46,233,45,548.35,16192,6
16,12.07,128.58,28.89,33.33,0.5776,2,E,42.89,0.3718,37.18,0.4848,48.48,0.2889,28.89,Fresh Starter,0.4,40.0,50.28,0,56,1431,D,48.97,78,16,193.18,16193,7
26,15.89,157.7,60.15,32.79,0.7344,3,A-,72.06,0.4889,48.89,0.5484,54.84,0.4576,45.76,Deep Focus Learner,0.45,45.0,64.57,3,82,1432,A-,75.05,180,34,540.27,16194,5
17,8.77,84.72,58.04,26.67,0.627,2,C+,58.18,0.4957,49.57,0.4902,49.02,0.5333,53.33,Weekend Learner,0.55,55.0,55.69,3,49,1433,B,61.53,117,25,219.13,16195,4
23,11.01,115.33,19.53,16.67,0.3623,2,G,25,0.1875,18.75,0.2027,20.27,0.1579,15.79,Fresh Starter,0.15,15.0,25.53,0,42,1434,G,28.5,112,23,253.17,16196,11
40,10.71,106.77,79.84,68.37,0.9053,6,A+,95.32,0.7603,76.03,0.7913,79.13,0.6452,64.52,High Achiever,0.6,60.0,80.38,8,90,1435,A+,91.16,292,59,632.08,16197,0
40,13.07,139.05,56.63,38.89,0.765,6,A-,73.74,0.5923,59.23,0.6633,66.33,0.5407,54.07,Flexible Learner,0.5,50.0,73.92,3,54,1436,A-,73.2,233,48,627.4,16198,5
39,10.62,93.07,25.44,18.52,0.4512,4,G,39.76,0.2388,23.88,0.2338,23.38,0.2703,27.03,Flexible Learner,0.3,30.0,27.23,0,94,1437,E,40.3,268,47,499.05,16199,13
25,10.86,98.46,59.32,47.3,0.7157,3,B,64.55,0.5517,55.17,0.568,56.8,0.4909,49.09,Weekend Learner,0.2,20.0,63.05,1,66,1438,A-,71.09,261,48,521.18,16200,3
45,15.24,158.4,69.38,51.37,0.8593,5,A,88.61,0.6391,63.91,0.7317,73.17,0.5628,56.28,Consistent Climber,0.7,70.0,77.7,6,98,1439,A,84.11,363,71,1081.87,16201,1
16,13.25,122.13,50.39,17.14,0.7236,3,B+,68.44,0.4752,47.52,0.5278,52.78,0.3448,34.48,Deep Focus Learner,0.5,50.0,55.45,1,60,1440,B,60.96,101,18,238.45,16202,4
39,13.48,129.12,41.3,17.5,0.5985,5,B,62.92,0.3801,38.01,0.4242,42.42,0.3089,30.89,Consistent Climber,0.6,60.0,47.25,1,98,1441,C+,59.6,321,60,808.73,16203,10
51,10.82,101.43,55.63,37.25,0.7008,5,A-,74.98,0.5553,55.53,0.582,58.2,0.4598,45.98,Consistent Climber,0.7,70.0,61.27,0,78,1442,A-,70.61,398,75,811.27,16204,2
33,9.95,89.76,40.45,17.78,0.5211,3,D,46.23,0.3368,33.68,0.3526,35.26,0.2,20.0,Deep Focus Learner,0.45,45.0,35.36,2,54,1443,E,44.13,193,36,358.37,16205,8
17,16.42,163.69,43.79,13.64,0.5724,2,C,54.73,0.3711,37.11,0.381,38.1,0.3636,36.36,Deep Focus Learner,0.3,30.0,51.72,2,49,1444,C+,56.02,97,18,295.48,16206,5
44,15.62,161.91,44.73,22.12,0.6462,5,B,61.47,0.3769,37.69,0.4348,43.48,0.3447,34.47,Consistent Climber,0.3,30.0,51.31,2,94,1445,B,64.46,321,63,984.3,16207,10
43,15.45,158.69,37.78,16.46,0.5185,5,C,51.22,0.2826,28.26,0.3962,39.62,0.2118,21.18,Flexible Learner,0.45,45.0,35.61,0,66,1446,E,43.67,276,54,834.2,16208,10
36,14.74,147.44,67.96,37.14,0.8113,3,A,85.06,0.5654,56.54,0.6824,68.24,0.4107,41.07,Consistent Climber,0.5,50.0,70.97,6,98,1447,A,85.23,260,50,736.93,16209,3
21,11.82,106.93,33.88,5.88,0.5214,3,E,40.45,0.2991,29.91,0.3333,33.33,0.1111,11.11,Fresh Starter,0.2,20.0,31.69,0,66,1448,E,40.53,117,21,248.27,16210,8
8,11.86,101.27,9.57,0.0,0.3767,1,G,25.19,0.0833,8.33,0.1053,10.53,0.0,0.0,Fresh Starter,0.15,15.0,11.48,0,28,1449,G,20,48,8,94.85,16211,5
20,10.95,95.98,52.8,26.67,0.6902,2,B+,68.32,0.5159,51.59,0.5943,59.43,0.1,10.0,Deep Focus Learner,0.75,75.0,51.81,1,30,1450,C,52.82,126,22,240.82,16212,6
16,9.04,117.0,68.94,57.89,0.8128,3,A-,79.75,0.6216,62.16,0.6216,62.16,0.6216,62.16,Deep Focus Learner,0.6,60.0,75.09,4,36,1451,A-,75.6,74,20,180.9,16213,1
50,11.1,101.14,63.47,43.44,0.7846,4,A-,79.73,0.6187,61.87,0.6246,62.46,0.5977,59.77,High Achiever,0.6,60.0,70.06,1,86,1452,A,80.89,396,72,799.28,16214,3
38,13.31,128.77,45.97,25.64,0.6388,4,B,63.98,0.4255,42.55,0.5227,52.27,0.2642,26.42,Consistent Climber,0.5,50.0,51.45,1,42,1453,C,54.03,282,53,705.35,16215,9
20,14.01,123.92,34.58,11.43,0.5398,2,D,48.25,0.274,27.4,0.3043,30.43,0.2222,22.22,Weekend Learner,0.4,40.0,37.35,0,66,1454,D,46.74,146,25,350.25,16216,8
20,17.11,150.29,32.88,4.35,0.4894,4,D,49.15,0.2705,27.05,0.3247,32.47,0.1778,17.78,Deep Focus Learner,0.25,25.0,32.29,0,42,1455,G,36.46,122,20,342.27,16217,11
30,9.47,93.19,27.79,9.38,0.5277,4,C,50.08,0.2486,24.86,0.2778,27.78,0.1351,13.51,Flexible Learner,0.2,20.0,28.66,0,66,1456,G,36.44,181,37,350.42,16218,10
36,10.45,98.21,34.29,14.58,0.5527,4,D,48.04,0.3071,30.71,0.2919,29.19,0.3621,36.21,Flexible Learner,0.4,40.0,36.51,0,66,1457,E,43.74,267,52,543.28,16219,11
20,11.14,121.78,33.37,20.0,0.5469,2,D,47.21,0.3081,30.81,0.3333,33.33,0.2716,27.16,Weekend Learner,0.5,50.0,40.37,0,78,1458,C,51.94,198,43,479.07,16220,12
42,14.85,134.07,73.14,62.5,0.8958,5,A+,92.56,0.7227,72.27,0.7577,75.77,0.6759,67.59,High Achiever,0.65,65.0,82.71,4,66,1459,A,87.04,339,58,861.27,16221,0
43,12.83,122.71,58.87,34.91,0.7491,5,A-,76.3,0.4775,47.75,0.5068,50.68,0.4211,42.11,Consistent Climber,0.4,40.0,57.19,2,78,1460,B+,69.98,333,63,808.0,16222,6
38,11.65,101.6,52.59,30.16,0.6548,4,B,64.73,0.4562,45.62,0.4758,47.58,0.3617,36.17,Consistent Climber,0.45,45.0,50.14,1,74,1461,C+,58.98,274,48,559.08,16223,7
51,16.32,170.36,72.45,52.02,0.928,4,A+,98,0.7053,70.53,0.7887,78.87,0.6644,66.44,High Achiever,0.45,45.0,85.07,7,94,1462,A+,91.2,431,85,1386.78,16224,1
50,11.65,123.34,65.37,42.28,0.7948,5,A,80.03,0.5755,57.55,0.5926,59.26,0.5461,54.61,Consistent Climber,0.4,40.0,69.51,5,86,1463,A,81.95,384,80,932.3,16225,3
37,11.79,114.97,38.3,36.92,0.5904,3,C+,59.43,0.3766,37.66,0.3609,36.09,0.4143,41.43,Flexible Learner,0.2,20.0,50.54,0,42,1464,C,52.59,239,46,542.35,16226,7
18,9.33,90.18,42.91,18.92,0.487,2,E,44.86,0.3964,39.64,0.4371,43.71,0.0556,5.56,Weekend Learner,0.45,45.0,39.67,0,63,1465,C,52.92,169,35,326.58,16227,6
48,15.3,163.66,58.25,36.05,0.8231,5,A,81.48,0.554,55.4,0.5878,58.78,0.5339,53.39,Consistent Climber,0.4,40.0,75.14,3,66,1466,A-,79.11,352,71,1086.48,16228,6
33,14.47,152.72,57.18,31.58,0.6596,4,B,63.79,0.5287,52.87,0.5938,59.38,0.4909,49.09,Deep Focus Learner,0.6,60.0,70.2,3,54,1467,A-,73.33,174,35,506.58,16229,5
36,9.55,89.34,61.61,61.4,0.7721,5,A,80.96,0.6043,60.43,0.6522,65.22,0.4314,43.14,Consistent Climber,0.65,65.0,67.55,2,46,1468,A-,72.5,235,46,439.1,16230,2
47,10.49,98.21,60.93,41.96,0.7126,5,A-,72.72,0.5872,58.72,0.6037,60.37,0.5075,50.75,Consistent Climber,0.65,65.0,63.71,1,98,1469,A-,79.39,390,75,786.78,16231,2
12,14.92,129.71,35.43,5.56,0.4002,2,G,26.08,0.2361,23.61,0.2432,24.32,0.2286,22.86,Fresh Starter,0.3,30.0,34.96,1,18,1470,G,36.36,72,12,179.07,16232,6
23,10.96,110.9,38.01,26.09,0.5148,2,G,39.63,0.3274,32.74,0.3784,37.84,0.2308,23.08,Fresh Starter,0.2,20.0,40.03,1,66,1471,D,45.92,113,23,251.97,16233,9
31,10.79,112.12,41.42,14.81,0.5306,3,D,46.77,0.3333,33.33,0.3905,39.05,0.2667,26.67,Flexible Learner,0.35,35.0,41.88,1,78,1472,C,51.1,195,41,442.42,16234,10
10,10.53,94.46,32.05,0.0,0.4808,2,G,33.36,0.1852,18.52,0.2083,20.83,0.0,0.0,Fresh Starter,0.15,15.0,21.09,1,27,1473,G,31.98,54,10,105.28,16235,4
37,12.04,120.22,41.53,31.34,0.6219,4,B+,66.56,0.4142,41.42,0.4171,41.71,0.4062,40.62,Consistent Climber,0.45,45.0,51.34,0,94,1474,B,61.97,239,47,565.67,16236,11
14,20.52,186.47,29.16,10.0,0.4728,1,G,33.99,0.253,25.3,0.2353,23.53,0.2576,25.76,Fresh Starter,0.25,25.0,37.87,0,45,1475,G,38.68,83,14,287.3,16237,8
24,14.19,134.09,10.97,6.45,0.3499,6,G,25,0.1111,11.11,0.1235,12.35,0.0926,9.26,Fresh Starter,0.15,15.0,19.93,0,66,1476,G,25.95,135,24,340.63,16238,13
37,13.51,123.61,63.63,42.17,0.8053,4,A,81.98,0.6288,62.88,0.7198,71.98,0.4268,42.68,Consistent Climber,0.65,65.0,71.3,4,42,1477,A-,74.11,264,47,634.95,16239,4
45,10.44,97.58,67.7,45.95,0.8398,5,A,83.59,0.6308,63.08,0.639,63.9,0.597,59.7,Consistent Climber,0.75,75.0,70.73,4,82,1478,A,82.74,344,65,678.28,16240,2
23,8.81,87.53,19.43,9.09,0.3238,4,G,25,0.177,17.7,0.1863,18.63,0.0909,9.09,Fresh Starter,0.15,15.0,20.63,0,82,1479,G,33.03,113,23,202.7,16241,12
26,9.84,85.45,64.15,45.45,0.759,4,B+,68.77,0.5849,58.49,0.5648,56.48,0.7895,78.95,Deep Focus Learner,0.8,80.0,62.99,4,54,1480,A-,70.15,212,38,373.95,16242,4
15,9.11,78.45,48.76,45.0,0.5787,2,C,53.18,0.458,45.8,0.4661,46.61,0.3846,38.46,Weekend Learner,0.4,40.0,51.37,1,82,1481,B,63.42,131,24,218.75,16243,8
20,10.18,102.52,36.74,20.0,0.3939,2,G,28.6,0.2727,27.27,0.2667,26.67,0.2917,29.17,Fresh Starter,0.2,20.0,29.12,1,54,1482,G,38.49,99,20,203.52,16244,8
18,9.58,83.59,43.43,24.0,0.6475,3,C+,58.72,0.4309,43.09,0.4336,43.36,0.4,40.0,Deep Focus Learner,0.6,60.0,45.85,0,27,1483,D,48.11,123,22,210.78,16245,6
30,13.3,137.31,44.05,15.22,0.6045,4,C+,56.02,0.3588,35.88,0.4587,45.87,0.1803,18.03,Deep Focus Learner,0.25,25.0,44.33,1,54,1484,C,50.15,170,34,452.32,16246,9
30,11.48,101.99,26.32,11.63,0.526,3,C,51.03,0.264,26.4,0.2839,28.39,0.1905,19.05,Flexible Learner,0.1,10.0,30.73,0,66,1485,G,37.27,197,35,401.92,16247,13
20,14.93,151.09,53.64,42.86,0.7125,2,B+,65.53,0.4679,46.79,0.4717,47.17,0.4643,46.43,Deep Focus Learner,0.55,55.0,60.2,3,42,1486,B,62.01,109,21,313.47,16248,8
36,11.14,127.79,46.79,31.11,0.6684,3,B,63.03,0.4635,46.35,0.5165,51.65,0.4158,41.58,Flexible Learner,0.4,40.0,56.83,1,66,1487,B,61.1,192,44,490.13,16249,9
19,12.98,132.31,25.77,0.0,0.4448,2,G,34.9,0.2581,25.81,0.3492,34.92,0.0667,6.67,Fresh Starter,0.2,20.0,24.92,0,40,1488,G,30.34,93,19,246.53,16250,7
20,9.88,103.24,35.66,4.17,0.4228,2,E,42.31,0.2944,29.44,0.3028,30.28,0.2817,28.17,Weekend Learner,0.25,25.0,35.6,0,54,1489,E,40.89,180,38,375.25,16251,10
23,9.58,81.17,41.88,33.33,0.5604,3,C,51.05,0.3734,37.34,0.3878,38.78,0.1818,18.18,Flexible Learner,0.2,20.0,38.81,2,30,1490,E,44.08,158,28,268.18,16252,7
8,12.11,151.06,28.57,33.33,0.4216,1,G,27.79,0.3226,32.26,0.8889,88.89,0.0909,9.09,Fresh Starter,0.2,20.0,37.61,1,12,1491,G,36.44,31,8,96.87,16253,5
24,11.12,102.53,31.81,6.45,0.4672,2,G,34.53,0.2992,29.92,0.3529,35.29,0.08,8.0,Fresh Starter,0.2,20.0,33.43,0,74,1492,E,42.24,127,24,266.92,16254,10
41,11.46,100.67,84.93,69.17,0.9521,5,A+,98,0.8231,82.31,0.837,83.7,0.7606,76.06,High Achiever,0.95,95.0,86.23,13,82,1493,A+,97.66,390,68,779.58,16255,1
33,15.16,146.98,42.94,22.39,0.6107,5,C+,59.48,0.393,39.3,0.5093,50.93,0.2893,28.93,Flexible Learner,0.6,60.0,50.54,0,94,1494,C+,59.57,229,42,636.65,16256,10
30,12.19,104.47,45.72,22.64,0.5811,3,C+,55.15,0.3886,38.86,0.4205,42.05,0.2286,22.86,Flexible Learner,0.55,55.0,43.31,0,74,1495,C,53.3,211,36,438.92,16257,7
22,15.03,148.45,21.13,7.89,0.4225,2,G,28.85,0.2155,21.55,0.2778,27.78,0.1136,11.36,Fresh Starter,0.35,35.0,25.75,0,42,1496,G,27.23,116,22,330.7,16258,10
31,15.21,147.65,48.97,35.59,0.6943,5,B+,65.34,0.5024,50.24,0.5248,52.48,0.4808,48.08,Flexible Learner,0.5,50.0,63.36,0,54,1497,B,63.81,205,38,578.1,16259,5
17,13.15,130.78,55.7,31.82,0.7266,2,B+,69.72,0.4885,48.85,0.5542,55.42,0.375,37.5,Weekend Learner,0.3,30.0,54.71,2,61,1498,B+,65.14,131,25,328.72,16260,4
46,10.22,97.86,59.18,42.72,0.7803,5,A-,79.58,0.5822,58.22,0.6057,60.57,0.5,50.0,Consistent Climber,0.35,35.0,65.26,2,98,1499,A-,76.65,359,71,725.37,16261,4
10,8.75,112.54,11.3,0.0,0.3376,1,G,25,0.1026,10.26,0.087,8.7,0.125,12.5,Fresh Starter,0.1,10.0,25.43,0,27,1500,G,20.93,39,10,87.53,16262,9
23,13.56,138.68,49.44,27.27,0.5966,3,C+,59.2,0.4909,49.09,0.5229,52.29,0.4595,45.95,Weekend Learner,0.6,60.0,62.25,0,78,1501,B+,66.71,220,43,582.95,16263,9
27,14.67,141.75,45.39,28.77,0.6475,3,B,62.08,0.4268,42.68,0.4825,48.25,0.3438,34.38,Weekend Learner,0.65,65.0,51.58,0,78,1502,C+,59.49,239,44,645.52,16264,9
33,9.87,88.55,40.71,20.59,0.6553,4,B,61.71,0.3807,38.07,0.3977,39.77,0.2692,26.92,Flexible Learner,0.25,25.0,39.37,0,30,1503,E,42.61,197,37,365.2,16265,8
22,16.92,160.77,30.85,12.68,0.5146,2,E,44.16,0.275,27.5,0.28,28.0,0.2714,27.14,Weekend Learner,0.15,15.0,40.34,0,54,1504,E,42.99,240,43,727.53,16266,11
43,13.84,127.15,70.07,56.69,0.9246,3,A+,97.04,0.6787,67.87,0.7029,70.29,0.617,61.7,High Achiever,0.8,80.0,76.54,4,54,1505,A-,79.17,333,59,816.72,16267,1
51,10.29,93.75,60.02,47.06,0.7241,5,A-,75.64,0.552,55.2,0.5697,56.97,0.4627,46.27,Consistent Climber,0.5,50.0,58.32,1,78,1506,B+,69.43,404,75,771.75,16268,3
40,11.32,102.98,57.56,46.27,0.696,4,A-,71.79,0.5421,54.21,0.5678,56.78,0.4706,47.06,Consistent Climber,0.55,55.0,60.47,3,66,1507,A-,70.78,321,58,656.82,16269,4
18,10.88,97.69,39.84,33.33,0.5191,2,D,48.73,0.3302,33.02,0.3571,35.71,0.2273,22.73,Deep Focus Learner,0.15,15.0,37.73,2,27,1508,E,40.66,106,19,206.65,16270,6
26,15.44,150.64,56.37,34.38,0.7947,2,A-,75.52,0.546,54.6,0.6277,62.77,0.4348,43.48,Deep Focus Learner,0.5,50.0,70.79,2,46,1509,A-,70.23,163,30,463.3,16271,4
21,12.37,110.73,56.46,40.48,0.7546,3,A-,70.79,0.5522,55.22,0.599,59.9,0.3934,39.34,Weekend Learner,0.75,75.0,63.68,0,90,1510,A-,76.06,268,47,581.4,16272,4
51,14.68,137.91,40.62,19.71,0.5841,5,C+,58.03,0.303,30.3,0.3659,36.59,0.1963,19.63,Consistent Climber,0.45,45.0,38.47,1,94,1511,C,52.42,439,79,1159.68,16273,13
38,13.98,139.67,57.32,37.74,0.8404,3,A,88.85,0.6,60.0,0.6187,61.87,0.5802,58.02,High Achiever,0.65,65.0,76.08,3,42,1512,A-,72.88,270,52,726.77,16274,5
38,12.29,131.99,25.97,8.47,0.4927,3,E,43.4,0.232,23.2,0.2171,21.71,0.2479,24.79,Flexible Learner,0.4,40.0,32.47,0,70,1513,G,37.96,250,53,651.52,16275,11
51,11.63,109.14,79.87,66.36,0.9386,6,A+,92.4,0.7521,75.21,0.7829,78.29,0.641,64.1,High Achiever,0.55,55.0,80.48,8,82,1514,A+,91.76,359,67,779.13,16276,0
54,15.57,156.78,68.99,54.6,0.8732,6,A+,92.48,0.6908,69.08,0.75,75.0,0.6355,63.55,High Achiever,0.55,55.0,81.94,5,86,1515,A,89.51,414,79,1229.83,16277,2
22,10.4,101.35,34.86,20.0,0.5452,2,D,46.39,0.3226,32.26,0.3434,34.34,0.2549,25.49,Weekend Learner,0.45,45.0,37.09,0,66,1516,D,48.04,217,43,447.12,16278,11
48,11.39,112.76,55.91,37.27,0.721,5,A-,75.27,0.5484,54.84,0.5754,57.54,0.4917,49.17,Consistent Climber,0.55,55.0,65.54,0,94,1517,A-,74.0,372,74,843.07,16279,3
23,9.65,94.34,48.86,34.29,0.6442,2,C+,59.0,0.4327,43.27,0.471,47.1,0.2727,27.27,Weekend Learner,0.45,45.0,47.8,0,66,1518,C+,55.29,171,35,337.63,16280,6
41,13.29,126.97,26.89,13.64,0.5119,5,D,45.75,0.2241,22.41,0.269,26.9,0.1373,13.73,Flexible Learner,0.25,25.0,29.05,0,100,1519,E,44.61,299,55,731.1,16281,13
19,12.2,128.4,44.78,30.77,0.5995,2,C,54.35,0.3988,39.88,0.4,40.0,0.3966,39.66,Weekend Learner,0.5,50.0,46.37,1,28,1520,D,47.39,173,36,439.33,16282,8
48,9.94,99.47,75.25,59.78,0.8464,5,A,86.45,0.7019,70.19,0.716,71.6,0.6696,66.96,Consistent Climber,0.75,75.0,77.66,8,98,1521,A,89.98,369,77,765.02,16283,1
19,10.69,107.47,38.95,26.09,0.5666,3,C+,55.75,0.3667,36.67,0.3913,39.13,0.2857,28.57,Weekend Learner,0.35,35.0,42.75,1,52,1522,D,49.48,120,25,267.27,16284,9
29,13.45,149.13,42.35,44.44,0.6311,4,B,62.11,0.4196,41.96,0.3889,38.89,0.4382,43.82,Flexible Learner,0.35,35.0,58.45,0,30,1523,C+,56.31,143,31,417.02,16285,6
31,11.08,104.77,39.82,18.18,0.5963,3,C+,56.0,0.3488,34.88,0.3778,37.78,0.2,20.0,Flexible Learner,0.15,15.0,37.94,1,66,1524,D,49.25,215,41,454.43,16286,9
27,10.93,96.73,74.28,54.9,0.7725,3,A-,76.24,0.6299,62.99,0.6515,65.15,0.5,50.0,Deep Focus Learner,0.7,70.0,66.69,4,54,1525,A-,76.01,154,28,306.15,16287,1
26,10.02,96.15,58.61,47.06,0.7444,3,A-,71.66,0.5541,55.41,0.5667,56.67,0.5135,51.35,Deep Focus Learner,0.6,60.0,64.43,2,78,1526,A-,72.86,157,31,310.58,16288,3
58,16.0,150.19,75.0,57.65,0.9541,5,A+,96.16,0.7036,70.36,0.7594,75.94,0.6305,63.05,High Achiever,0.85,85.0,82.53,6,66,1527,A,88.4,469,83,1327.87,16289,1
28,12.52,129.15,46.63,28.57,0.5772,3,C,51.38,0.4153,41.53,0.5114,51.14,0.3263,32.63,Deep Focus Learner,0.45,45.0,52.37,3,66,1528,C+,59.51,183,37,463.23,16290,9
29,13.34,118.46,63.03,40.98,0.7995,3,A-,73.74,0.5674,56.74,0.6187,61.87,0.3846,38.46,Deep Focus Learner,0.45,45.0,61.36,4,78,1529,A-,73.25,178,31,413.4,16291,4
39,12.47,109.02,42.93,27.78,0.6166,6,C+,56.99,0.3869,38.69,0.4009,40.09,0.3269,32.69,Flexible Learner,0.45,45.0,44.96,0,66,1530,C,54.01,274,47,586.32,16292,9
9,10.01,106.6,36.45,40.0,0.5788,2,D,45.26,0.381,38.1,0.45,45.0,0.3182,31.82,Fresh Starter,0.35,35.0,45.08,1,37,1531,E,44.52,42,9,90.12,16293,4
12,9.76,80.79,48.3,36.36,0.563,1,E,40.64,0.4,40.0,0.4098,40.98,0.3333,33.33,Fresh Starter,0.2,20.0,42.41,3,42,1532,C,51.48,70,12,117.08,16294,6
32,11.47,118.77,40.56,18.18,0.5836,4,C,54.9,0.3687,36.87,0.4135,41.35,0.3067,30.67,Deep Focus Learner,0.3,30.0,52.19,1,30,1533,C,51.56,179,37,424.3,16295,10
21,8.25,79.7,31.54,0.0,0.6101,3,C,51.65,0.3069,30.69,0.2989,29.89,0.3571,35.71,Fresh Starter,0.25,25.0,36.6,0,42,1534,G,39.14,101,21,173.25,16296,9
13,21.41,192.94,23.31,6.25,0.4706,1,G,33.41,0.2436,24.36,0.3571,35.71,0.18,18.0,Fresh Starter,0.25,25.0,32.41,0,31,1535,G,34.81,78,13,278.38,16297,10
29,12.61,140.43,61.83,30.77,0.7766,5,A-,76.32,0.5333,53.33,0.6329,63.29,0.4225,42.25,Flexible Learner,0.45,45.0,67.09,5,54,1536,A-,71.45,150,33,416.12,16298,5
22,14.85,145.3,57.72,48.98,0.7178,4,A-,70.02,0.6048,60.48,0.6267,62.67,0.5714,57.14,Deep Focus Learner,0.65,65.0,72.44,2,46,1537,A-,70.35,124,24,356.42,16299,4
50,11.81,106.71,57.64,28.71,0.6888,5,B+,67.17,0.4902,49.02,0.535,53.5,0.3038,30.38,Consistent Climber,0.5,50.0,50.85,2,82,1538,B+,67.36,408,74,874.12,16300,6
14,13.63,143.44,50.27,26.32,0.721,2,B+,67.12,0.4037,40.37,0.3636,36.36,0.4444,44.44,Weekend Learner,0.5,50.0,55.0,2,21,1539,C+,55.22,109,22,299.95,16301,5
23,9.63,85.11,31.92,17.14,0.4446,2,E,43.1,0.3396,33.96,0.3439,34.39,0.3043,30.43,Weekend Learner,0.55,55.0,35.69,0,78,1540,E,44.64,212,39,375.62,16302,13
27,13.26,147.89,24.95,21.95,0.5902,3,C,53.93,0.2361,23.61,0.24,24.0,0.2319,23.19,Flexible Learner,0.2,20.0,41.69,0,90,1541,D,48.33,144,31,411.12,16303,10
41,12.59,106.07,61.56,39.53,0.7725,4,A-,73.09,0.5767,57.67,0.6134,61.34,0.4355,43.55,Flexible Learner,0.7,70.0,67.01,2,66,1542,A-,71.41,300,50,629.58,16304,4
25,10.55,103.31,41.56,26.83,0.5736,3,C,54.94,0.3951,39.51,0.4252,42.52,0.2857,28.57,Deep Focus Learner,0.5,50.0,43.99,1,86,1543,C+,57.1,162,32,337.73,16305,9
18,9.96,84.33,51.44,33.33,0.6009,2,D,46.96,0.4257,42.57,0.4205,42.05,0.4615,46.15,Fresh Starter,0.45,45.0,41.43,2,39,1544,C,50.38,101,18,179.33,16306,5
55,10.38,98.95,78.88,64.75,0.9011,6,A+,95.06,0.7646,76.46,0.7872,78.72,0.6667,66.67,High Achiever,0.55,55.0,81.47,7,90,1545,A+,91.6,463,89,924.12,16307,0
15,10.15,101.86,28.82,23.53,0.4898,3,G,37.29,0.3194,31.94,0.3696,36.96,0.2308,23.08,Fresh Starter,0.2,20.0,37.57,0,34,1546,G,36.63,72,15,152.23,16308,8
20,11.49,118.07,30.69,7.41,0.428,2,E,40.22,0.2519,25.19,0.2469,24.69,0.26,26.0,Weekend Learner,0.25,25.0,37.7,1,54,1547,E,40.59,131,27,310.15,16309,10
24,10.97,111.71,42.68,21.74,0.5518,4,C,50.17,0.3026,30.26,0.3217,32.17,0.25,25.0,Weekend Learner,0.3,30.0,36.97,1,54,1548,D,46.33,195,39,427.68,16310,9
18,13.7,141.69,65.34,33.33,0.7258,2,B+,68.22,0.5752,57.52,0.623,62.3,0.5192,51.92,Weekend Learner,0.75,75.0,72.57,5,39,1549,A-,73.05,113,23,315.0,16311,4
27,11.37,110.51,33.32,17.07,0.5479,3,D,46.13,0.3158,31.58,0.3333,33.33,0.25,25.0,Deep Focus Learner,0.45,45.0,41.07,0,54,1550,E,44.95,171,33,375.1,16312,11
29,9.55,85.77,32.61,28.0,0.5823,2,C,52.68,0.3605,36.05,0.3767,37.67,0.2692,26.92,Deep Focus Learner,0.15,15.0,38.76,0,70,1551,D,46.42,172,32,305.7,16313,10
21,12.46,133.81,27.74,17.95,0.4314,3,G,37.09,0.2652,26.52,0.3333,33.33,0.1882,18.82,Weekend Learner,0.35,35.0,30.94,0,54,1552,G,37.51,181,38,473.32,16314,14
35,10.8,99.73,66.86,46.99,0.7988,5,A,83.16,0.5993,59.93,0.6339,63.39,0.4375,43.75,High Achiever,0.45,45.0,67.21,3,66,1553,A-,76.04,272,51,550.8,16315,2
24,12.26,112.18,69.99,55.0,0.7663,3,A-,74.39,0.6596,65.96,0.6701,67.01,0.6364,63.64,Deep Focus Learner,0.75,75.0,74.55,4,42,1554,A-,77.22,141,25,306.6,16316,0
43,16.62,171.29,57.34,28.57,0.7529,6,A-,70.35,0.458,45.8,0.4767,47.67,0.45,45.0,Flexible Learner,0.5,50.0,62.11,3,54,1555,B+,66.12,286,55,914.15,16317,6
38,13.18,145.85,33.89,22.45,0.6045,4,C+,56.04,0.3049,30.49,0.3956,39.56,0.2424,24.24,Flexible Learner,0.35,35.0,44.52,0,74,1556,C,51.2,223,47,619.3,16318,12
44,13.15,140.82,65.16,50.46,0.8492,5,A,85.34,0.5805,58.05,0.6488,64.88,0.5167,51.67,Consistent Climber,0.8,80.0,72.54,3,78,1557,A,80.7,348,72,947.05,16319,3
38,14.08,140.68,50.39,40.0,0.5985,4,B,64.49,0.4944,49.44,0.5278,52.78,0.456,45.6,Consistent Climber,0.4,40.0,59.22,1,42,1558,B,62.6,269,52,732.12,16320,7
22,13.05,117.13,28.92,14.06,0.5024,3,D,46.64,0.2347,23.47,0.2543,25.43,0.15,15.0,Weekend Learner,0.15,15.0,25.82,1,78,1559,G,36.25,213,37,482.7,16321,11
21,12.2,111.36,46.2,33.33,0.6021,2,C+,57.04,0.4533,45.33,0.4727,47.27,0.4,40.0,Deep Focus Learner,0.6,60.0,57.7,0,30,1560,C,53.78,150,27,329.28,16322,5
35,15.46,165.29,29.09,20.27,0.5178,4,D,47.0,0.3041,30.41,0.3298,32.98,0.2846,28.46,Flexible Learner,0.4,40.0,46.21,0,42,1561,D,47.43,217,44,680.17,16323,13
32,13.53,135.76,51.88,31.18,0.7535,5,A-,75.06,0.4322,43.22,0.4681,46.81,0.3789,37.89,Consistent Climber,0.5,50.0,57.62,2,30,1562,C+,58.13,236,46,622.23,16324,7
38,11.88,109.4,71.79,57.89,0.8837,6,A+,94.7,0.7118,71.18,0.7471,74.71,0.6047,60.47,High Achiever,0.8,80.0,77.53,6,54,1563,A,82.58,347,63,748.48,16325,1
46,10.83,106.74,54.24,34.67,0.7734,6,A-,75.95,0.5429,54.29,0.5816,58.16,0.4524,45.24,Flexible Learner,0.5,50.0,66.26,1,78,1564,A-,73.18,280,55,595.68,16326,5
21,12.79,129.29,36.8,3.7,0.4979,2,E,43.04,0.2966,29.66,0.3443,34.43,0.2456,24.56,Deep Focus Learner,0.25,25.0,38.81,1,42,1565,E,42.61,118,23,294.23,16327,8
19,10.27,134.43,32.26,30.0,0.5525,2,E,41.56,0.375,37.5,0.3125,31.25,0.425,42.5,Fresh Starter,0.3,30.0,52.11,0,28,1566,D,46.16,72,19,195.13,16328,7
22,13.79,132.39,35.3,6.67,0.5101,3,E,43.6,0.2652,26.52,0.3026,30.26,0.2143,21.43,Deep Focus Learner,0.4,40.0,31.97,1,42,1567,G,38.61,132,24,330.97,16329,9
29,13.47,118.44,31.2,11.67,0.4982,3,E,43.42,0.2463,24.63,0.2905,29.05,0.1273,12.73,Flexible Learner,0.25,25.0,28.9,0,42,1568,G,34.58,203,34,458.12,16330,12
59,13.97,136.72,77.3,61.24,0.9597,6,A+,98,0.7516,75.16,0.7891,78.91,0.7,70.0,High Achiever,0.75,75.0,84.29,6,98,1569,A+,94.72,475,89,1243.6,16331,0
52,17.33,173.06,76.74,59.51,0.9501,6,A+,98,0.7218,72.18,0.8603,86.03,0.6388,63.88,High Achiever,0.9,90.0,86.39,4,98,1570,A+,95.32,363,68,1178.3,16332,0
16,9.98,87.91,53.2,48.28,0.6856,2,B,63.63,0.5366,53.66,0.5615,56.15,0.4412,44.12,Weekend Learner,0.4,40.0,56.08,3,36,1571,C+,58.27,164,29,289.43,16333,7
45,12.17,113.22,52.66,32.98,0.6793,5,B+,68.74,0.4723,47.23,0.4724,47.24,0.472,47.2,Consistent Climber,0.6,60.0,58.92,2,86,1572,B+,66.71,379,70,851.82,16334,7
35,10.46,104.16,44.66,27.08,0.5839,4,C,54.1,0.4,40.0,0.4286,42.86,0.2889,28.89,Flexible Learner,0.45,45.0,46.39,2,54,1573,C,53.63,220,44,460.33,16335,8
31,9.56,88.5,59.46,46.43,0.6876,4,B+,65.53,0.5414,54.14,0.5541,55.41,0.4848,48.48,Flexible Learner,0.4,40.0,53.54,2,94,1574,B+,69.57,181,35,334.65,16336,3
25,18.3,160.83,38.86,20.0,0.5888,3,C,54.43,0.3346,33.46,0.4016,40.16,0.2766,27.66,Weekend Learner,0.05,5.0,40.93,2,30,1575,E,44.15,263,43,786.75,16337,10
43,12.52,120.48,69.01,47.83,0.8369,5,A,87.79,0.6494,64.94,0.6848,68.48,0.5495,54.95,Consistent Climber,0.8,80.0,73.77,2,94,1576,A,85.03,348,66,826.48,16338,0
21,13.4,154.21,37.64,28.26,0.6716,3,B,63.69,0.3867,38.67,0.4474,44.74,0.3243,32.43,Weekend Learner,0.35,35.0,54.54,0,54,1577,C,54.04,150,33,442.2,16339,9
44,14.34,149.22,45.88,33.33,0.688,5,A-,70.18,0.4046,40.46,0.4464,44.64,0.3802,38.02,Consistent Climber,0.65,65.0,54.28,1,98,1578,B,64.38,304,60,860.67,16340,9
40,13.39,142.29,42.34,19.72,0.6173,4,B,60.83,0.3204,32.04,0.3984,39.84,0.2564,25.64,Consistent Climber,0.3,30.0,43.61,1,90,1579,C+,55.76,284,58,776.35,16341,8
38,10.86,113.02,69.61,42.62,0.8032,4,A,82.66,0.6278,62.78,0.6716,67.16,0.5618,56.18,Consistent Climber,0.85,85.0,73.82,6,98,1580,A,85.28,223,46,499.6,16342,2
41,12.04,119.98,65.2,43.97,0.7728,4,A-,78.45,0.5794,57.94,0.6379,63.79,0.4569,45.69,Consistent Climber,0.6,60.0,69.26,5,98,1581,A,81.35,359,71,854.5,16343,5
43,10.43,88.76,68.04,52.13,0.7988,5,A,81.12,0.6476,64.76,0.6633,66.33,0.551,55.1,Consistent Climber,0.7,70.0,70.21,3,70,1582,A,80.71,349,62,646.48,16344,0
23,19.43,215.14,22.54,2.0,0.3642,2,G,26.55,0.1429,14.29,0.2692,26.92,0.1047,10.47,Fresh Starter,0.05,5.0,23.67,1,42,1583,G,29.38,112,23,446.98,16345,9
46,12.1,109.23,54.95,35.11,0.7305,4,B+,68.55,0.5286,52.86,0.5667,56.67,0.3684,36.84,Flexible Learner,0.5,50.0,59.66,1,58,1584,B+,66.67,297,53,641.38,16346,6
35,14.98,150.6,41.79,22.34,0.6466,5,B,61.5,0.3718,37.18,0.4759,47.59,0.2576,25.76,Consistent Climber,0.65,65.0,52.65,0,74,1585,C+,59.34,277,53,794.0,16347,11
24,10.4,110.77,28.35,10.34,0.4702,2,E,42.9,0.2422,24.22,0.2178,21.78,0.2833,28.33,Weekend Learner,0.35,35.0,31.1,0,78,1586,E,41.56,161,35,364.13,16348,10
39,12.36,120.65,46.13,23.46,0.5879,3,B+,66.17,0.4369,43.69,0.4667,46.67,0.3776,37.76,Consistent Climber,0.45,45.0,53.02,0,94,1587,B,62.07,293,56,691.93,16349,9
43,11.69,99.83,68.39,51.04,0.8907,3,A+,91.77,0.6562,65.62,0.6616,66.16,0.6316,63.16,High Achiever,0.55,55.0,72.16,3,78,1588,A-,79.73,320,55,642.95,16350,0
16,12.71,139.53,52.32,41.46,0.6922,2,B+,66.73,0.5,50.0,0.5846,58.46,0.4353,43.53,Weekend Learner,0.7,70.0,61.2,2,48,1589,B,61.41,150,32,406.73,16351,7
16,14.03,129.2,16.68,4.55,0.3763,2,G,25,0.1648,16.48,0.1884,18.84,0.0909,9.09,Fresh Starter,0.15,15.0,18.67,0,24,1590,G,20.48,91,16,224.53,16352,11
33,15.22,167.24,54.82,36.14,0.7305,6,A-,73.14,0.507,50.7,0.5439,54.39,0.4937,49.37,Flexible Learner,0.35,35.0,70.12,2,70,1591,A-,73.61,215,45,684.78,16353,7
26,12.55,113.77,67.59,49.12,0.779,3,A-,73.34,0.6056,60.56,0.6378,63.78,0.5283,52.83,Flexible Learner,0.65,65.0,69.44,4,54,1592,A-,76.14,180,33,414.23,16354,1
35,12.22,120.03,66.02,45.76,0.8288,3,A,85.97,0.6154,61.54,0.6835,68.35,0.5158,51.58,Consistent Climber,0.75,75.0,76.72,1,98,1593,A,86.66,234,45,549.75,16355,2
20,17.78,154.31,48.89,23.21,0.7153,2,B+,66.19,0.4444,44.44,0.561,56.1,0.2642,26.42,Deep Focus Learner,0.45,45.0,53.66,2,54,1594,C+,58.92,135,22,391.27,16356,5
20,7.75,72.14,54.51,34.38,0.6906,2,B+,65.33,0.5111,51.11,0.5088,50.88,0.5556,55.56,Weekend Learner,0.4,40.0,52.46,0,54,1595,B,60.97,180,36,279.0,16357,6
34,13.78,137.32,57.03,37.04,0.7316,5,A-,70.8,0.5135,51.35,0.558,55.8,0.4405,44.05,Flexible Learner,0.4,40.0,63.9,2,54,1596,B+,67.59,222,42,578.97,16358,5
21,13.37,132.43,53.85,35.56,0.7338,3,A-,71.25,0.4959,49.59,0.5333,53.33,0.4348,43.48,Deep Focus Learner,0.6,60.0,62.18,1,46,1597,B+,66.54,121,23,307.48,16359,4
46,11.76,128.54,69.52,50.0,0.7974,6,A,81.07,0.6221,62.21,0.6347,63.47,0.6071,60.71,High Achiever,0.8,80.0,77.5,6,90,1598,A,89.82,307,66,776.25,16360,4
27,11.55,101.96,63.12,41.94,0.7611,2,A-,72.99,0.601,60.1,0.6178,61.78,0.5366,53.66,Deep Focus Learner,0.6,60.0,67.07,2,42,1599,A-,70.33,198,35,404.22,16361,2
33,12.91,111.32,61.67,41.86,0.786,4,A-,78.92,0.5404,54.04,0.5701,57.01,0.4375,43.75,Consistent Climber,0.35,35.0,63.96,3,58,1600,A-,70.3,285,48,619.75,16362,4
17,9.71,82.62,42.37,24.0,0.5108,3,D,49.31,0.3867,38.67,0.3865,38.65,0.3889,38.89,Weekend Learner,0.25,25.0,39.4,1,61,1601,D,48.69,181,32,310.72,16363,10
43,15.05,138.98,53.2,45.45,0.7248,5,A-,73.53,0.5114,51.14,0.5347,53.47,0.487,48.7,Consistent Climber,0.65,65.0,65.83,0,70,1602,B+,68.95,395,69,1038.72,16364,6
43,10.58,90.23,53.13,39.08,0.6866,5,B+,68.05,0.5129,51.29,0.5162,51.62,0.4898,48.98,Consistent Climber,0.5,50.0,56.49,1,98,1603,B+,68.11,388,67,708.87,16365,8
47,18.23,178.84,57.75,39.1,0.7901,6,A,82.9,0.5291,52.91,0.6027,60.27,0.4747,47.47,High Achiever,0.45,45.0,70.6,2,98,1604,A-,78.5,344,63,1148.43,16366,4
16,8.32,71.61,59.99,54.17,0.7265,2,B+,69.54,0.5688,56.88,0.5347,53.47,1.0,100.0,Deep Focus Learner,0.6,60.0,59.13,4,24,1605,B,61.54,109,20,166.48,16367,4
37,12.56,133.78,32.06,11.11,0.4905,5,D,47.37,0.2965,29.65,0.4118,41.18,0.2105,21.05,Flexible Learner,0.15,15.0,35.47,0,54,1606,G,39.95,199,42,527.6,16368,11
41,12.68,123.99,39.67,16.92,0.5764,4,C,51.69,0.3571,35.71,0.3706,37.06,0.3333,33.33,Flexible Learner,0.25,25.0,45.16,0,86,1607,C,52.77,266,51,646.8,16369,12
21,9.05,81.46,19.07,16.67,0.3386,4,G,25,0.2162,21.62,0.2178,21.78,0.2,20.0,Fresh Starter,0.15,15.0,20.69,0,66,1608,G,31.97,111,21,190.03,16370,12
24,10.41,104.95,43.85,36.36,0.5582,3,C,54.31,0.4526,45.26,0.4804,48.04,0.3714,37.14,Deep Focus Learner,0.5,50.0,50.38,0,30,1609,D,49.72,137,28,291.58,16371,8
22,8.28,86.3,43.61,13.33,0.6417,4,B,63.64,0.4865,48.65,0.4684,46.84,0.5312,53.12,Deep Focus Learner,0.45,45.0,58.84,1,74,1610,B+,65.01,111,25,206.9,16372,7
44,12.93,121.97,73.23,56.59,0.8315,3,A,88.58,0.6948,69.48,0.7231,72.31,0.6262,62.62,Consistent Climber,0.7,70.0,78.51,5,98,1611,A,89.52,367,68,879.43,16373,0
30,11.82,104.25,43.97,20.0,0.6576,2,C+,60.0,0.4372,43.72,0.4294,42.94,0.4667,46.67,Deep Focus Learner,0.3,30.0,53.37,0,54,1612,C+,55.52,215,38,449.03,16374,7
51,13.29,121.19,56.49,39.29,0.7954,5,A-,78.35,0.5514,55.14,0.5859,58.59,0.4733,47.33,Consistent Climber,0.75,75.0,66.97,1,94,1613,A-,77.52,428,76,1009.85,16375,6
42,12.38,106.67,61.91,48.25,0.7312,4,A-,75.46,0.5876,58.76,0.6241,62.41,0.4219,42.19,Consistent Climber,0.5,50.0,61.65,3,82,1614,A-,72.65,354,60,742.72,16376,5
50,10.62,98.73,49.61,42.86,0.6579,5,B+,66.22,0.4921,49.21,0.5083,50.83,0.4304,43.04,Consistent Climber,0.65,65.0,54.47,0,82,1615,B,63.48,382,72,764.53,16377,6
19,14.64,143.4,36.13,15.38,0.658,2,B,60.16,0.3125,31.25,0.4211,42.11,0.102,10.2,Weekend Learner,0.25,25.0,36.55,0,52,1616,D,45.18,144,27,395.4,16378,7
38,10.56,97.27,50.84,33.73,0.7095,5,A-,74.04,0.5186,51.86,0.5431,54.31,0.4,40.0,Consistent Climber,0.75,75.0,57.35,0,82,1617,B,64.16,322,59,622.98,16379,7
38,13.48,122.05,45.95,34.41,0.6302,4,B,62.42,0.4006,40.06,0.4309,43.09,0.3267,32.67,Consistent Climber,0.45,45.0,49.18,1,98,1618,B,63.02,347,61,822.5,16380,8
44,9.83,93.53,52.13,27.88,0.7429,5,A-,74.55,0.5113,51.13,0.5312,53.12,0.4,40.0,Consistent Climber,0.75,75.0,57.7,0,98,1619,A-,70.3,397,78,766.73,16381,8
32,12.12,121.0,64.08,40.0,0.7442,4,A-,76.02,0.568,56.8,0.6536,65.36,0.433,43.3,Consistent Climber,0.35,35.0,67.67,5,46,1620,A-,70.97,250,49,593.73,16382,3
20,16.6,164.4,36.84,21.28,0.5244,2,D,46.98,0.321,32.1,0.3279,32.79,0.3168,31.68,Weekend Learner,0.35,35.0,43.24,1,30,1621,E,43.06,162,30,498.02,16383,11
22,10.26,92.18,44.12,21.21,0.4958,2,D,46.17,0.3911,39.11,0.4295,42.95,0.2609,26.09,Weekend Learner,0.4,40.0,41.73,2,54,1622,C,51.64,202,38,389.73,16384,10
31,10.43,92.8,33.11,4.55,0.4802,5,E,44.56,0.3025,30.25,0.3281,32.81,0.1957,19.57,Flexible Learner,0.3,30.0,33.85,0,100,1623,C,50.17,238,43,448.33,16385,14
32,11.75,122.96,36.72,24.0,0.5007,5,D,45.42,0.3048,30.48,0.2689,26.89,0.3676,36.76,Deep Focus Learner,0.35,35.0,39.23,0,82,1624,C,50.32,187,38,446.63,16386,11
44,13.52,136.66,38.36,24.74,0.6303,4,B,63.58,0.3984,39.84,0.4195,41.95,0.372,37.2,Consistent Climber,0.55,55.0,51.61,0,70,1625,C,54.46,369,72,973.68,16387,11
9,24.13,194.85,24.72,15.62,0.568,1,E,44.92,0.2097,20.97,0.4,40.0,0.119,11.9,Fresh Starter,0.15,15.0,29.45,0,25,1626,G,30.31,62,9,217.15,16388,5
21,13.28,128.82,12.9,2.94,0.3094,4,G,25,0.1455,14.55,0.1429,14.29,0.15,15.0,Fresh Starter,0.15,15.0,21.71,0,42,1627,G,24.21,110,21,278.85,16389,12
23,9.14,80.9,71.5,48.65,0.7698,3,A-,76.2,0.6667,66.67,0.6818,68.18,0.5333,53.33,Deep Focus Learner,0.7,70.0,71.13,7,82,1628,A,84.79,147,27,246.73,16390,3
15,9.9,98.22,33.05,14.29,0.5534,2,D,48.47,0.3146,31.46,0.3099,30.99,0.3333,33.33,Deep Focus Learner,0.4,40.0,34.91,0,22,1629,G,34.15,89,18,178.2,16391,9
17,11.26,118.92,31.75,25.0,0.506,3,E,44.63,0.236,23.6,0.2807,28.07,0.1562,15.62,Deep Focus Learner,0.1,10.0,33.17,1,41,1630,G,36.11,89,19,214.03,16392,7
43,12.36,110.82,73.04,54.55,0.8843,5,A+,91.23,0.713,71.3,0.7481,74.81,0.589,58.9,High Achiever,0.55,55.0,79.12,5,54,1631,A,82.75,331,59,729.42,16393,0
25,9.68,102.73,34.66,34.48,0.5318,2,C,50.07,0.3692,36.92,0.3226,32.26,0.4865,48.65,Deep Focus Learner,0.35,35.0,41.5,0,30,1632,E,41.14,130,28,270.93,16394,11
18,12.44,114.65,58.63,35.56,0.7503,2,A-,70.34,0.522,52.2,0.4865,48.65,0.5775,57.75,Weekend Learner,0.5,50.0,64.74,1,87,1633,A-,74.25,182,33,410.53,16395,3
22,11.45,96.14,43.68,32.26,0.574,2,D,47.51,0.3609,36.09,0.3866,38.66,0.1429,14.29,Fresh Starter,0.1,10.0,40.88,2,42,1634,D,49.15,133,22,251.88,16396,8
14,14.84,162.92,59.32,40.0,0.6862,2,B,64.98,0.5393,53.93,0.6,60.0,0.4773,47.73,Deep Focus Learner,0.4,40.0,65.25,1,21,1635,B,63.55,89,19,281.88,16397,3
34,11.11,101.28,44.71,30.16,0.6123,5,C,54.0,0.443,44.3,0.4634,46.34,0.3125,31.25,Flexible Learner,0.45,45.0,49.7,1,78,1636,C+,58.85,237,43,477.93,16398,10
19,10.46,87.4,20.29,5.26,0.4191,3,G,31.85,0.2054,20.54,0.2233,22.33,0.0,0.0,Fresh Starter,0.0,0.0,21.61,0,40,1637,G,27.67,112,19,198.65,16399,9
41,11.5,101.08,46.41,32.14,0.7295,3,B+,68.88,0.464,46.4,0.4916,49.16,0.3,30.0,Flexible Learner,0.25,25.0,53.15,0,66,1638,C+,59.14,278,49,563.72,16400,8
29,13.45,126.42,42.87,16.67,0.6109,4,C+,58.36,0.3879,38.79,0.4444,44.44,0.25,25.0,Deep Focus Learner,0.3,30.0,47.94,1,54,1639,C,50.66,165,30,403.38,16401,9
13,9.81,114.19,20.68,12.5,0.3812,2,G,25.42,0.1923,19.23,0.3214,32.14,0.0417,4.17,Fresh Starter,0.25,25.0,18.64,0,19,1640,G,21.53,52,13,127.47,16402,6
20,10.85,113.82,45.62,31.58,0.5778,3,D,46.23,0.4787,47.87,0.45,45.0,0.5294,52.94,Fresh Starter,0.55,55.0,56.96,1,46,1641,C+,56.07,94,20,216.92,16403,7
39,13.67,134.39,46.47,30.16,0.6856,6,B,61.74,0.4344,43.44,0.5242,52.42,0.3196,31.96,Flexible Learner,0.6,60.0,48.79,2,66,1642,C+,55.97,221,42,574.32,16404,8
39,9.74,88.11,34.98,26.23,0.5117,6,C,52.19,0.3506,35.06,0.3378,33.78,0.4483,44.83,Flexible Learner,0.25,25.0,38.67,0,66,1643,D,46.92,251,47,457.77,16405,12
25,16.54,178.47,51.76,27.85,0.749,3,A-,72.46,0.4899,48.99,0.6557,65.57,0.4161,41.61,Weekend Learner,0.3,30.0,61.68,2,90,1644,B+,68.2,198,40,661.4,16406,5
52,13.67,134.02,63.48,38.81,0.7587,5,A,80.01,0.5416,54.16,0.5892,58.92,0.4679,46.79,Consistent Climber,0.75,75.0,66.15,4,98,1645,A-,77.04,397,75,1025.45,16407,6
19,12.54,128.1,34.58,20.69,0.4957,3,E,42.81,0.336,33.6,0.3824,38.24,0.2807,28.07,Weekend Learner,0.15,15.0,37.42,0,40,1646,E,42.11,125,25,313.47,16408,9
25,12.63,111.75,56.28,51.92,0.7825,2,A-,74.0,0.548,54.8,0.5659,56.59,0.5,50.0,Deep Focus Learner,0.55,55.0,65.12,2,30,1647,B,63.12,177,31,391.63,16409,4
24,12.75,152.57,47.84,42.31,0.6405,3,B,63.64,0.5294,52.94,0.6053,60.53,0.4938,49.38,Flexible Learner,0.45,45.0,67.31,1,54,1648,B+,67.09,119,28,356.93,16410,7
33,17.57,178.23,39.18,13.16,0.5908,3,C,54.49,0.3066,30.66,0.3846,38.46,0.2612,26.12,Flexible Learner,0.3,30.0,46.74,1,100,1649,C+,57.64,212,40,702.83,16411,11
31,10.87,97.76,43.55,32.65,0.6164,4,C+,55.44,0.4,40.0,0.4078,40.78,0.3548,35.48,Flexible Learner,0.4,40.0,45.93,1,86,1650,C+,57.81,210,38,413.18,16412,6
26,10.17,94.59,65.52,59.18,0.7762,4,A-,75.87,0.6879,68.79,0.6917,69.17,0.6667,66.67,Deep Focus Learner,0.7,70.0,74.36,2,54,1651,A-,78.74,157,30,305.12,16413,3
41,11.83,120.02,61.5,39.22,0.7823,5,A-,78.27,0.5697,56.97,0.6268,62.68,0.4649,46.49,Consistent Climber,0.65,65.0,65.98,3,54,1652,A-,72.36,323,65,768.73,16414,4
42,14.29,151.03,46.4,27.38,0.6841,5,B+,69.59,0.4307,43.07,0.4775,47.75,0.3988,39.88,Consistent Climber,0.5,50.0,58.93,0,86,1653,B+,66.34,274,55,785.7,16415,9
29,10.83,100.73,47.44,36.11,0.6746,3,B+,65.2,0.492,49.2,0.4963,49.63,0.4808,48.08,Deep Focus Learner,0.3,30.0,55.53,0,66,1654,B,62.91,187,35,379.07,16416,6
31,12.51,130.31,62.8,53.33,0.7654,3,A-,72.3,0.5954,59.54,0.625,62.5,0.5507,55.07,Deep Focus Learner,0.65,65.0,72.51,3,42,1655,A-,75.85,173,35,437.7,16417,5
36,12.09,105.01,56.75,38.03,0.7345,4,A-,70.92,0.5261,52.61,0.5342,53.42,0.5,50.0,Flexible Learner,0.75,75.0,61.53,2,58,1656,B+,67.85,287,49,592.32,16418,5
36,13.33,128.6,45.13,23.53,0.6086,4,B,60.05,0.4408,44.08,0.4922,49.22,0.3614,36.14,Flexible Learner,0.6,60.0,59.37,1,42,1657,C+,57.34,211,40,533.18,16419,8
22,10.37,91.94,56.11,27.27,0.7336,2,A-,71.3,0.5255,52.55,0.5529,55.29,0.3462,34.62,Weekend Learner,0.3,30.0,56.56,2,66,1658,B+,66.58,196,35,363.05,16420,5
19,14.18,151.55,30.46,23.33,0.5066,3,D,47.09,0.3196,31.96,0.3673,36.73,0.2708,27.08,Deep Focus Learner,0.25,25.0,34.76,0,52,1659,E,42.55,97,20,283.57,16421,9
46,11.89,115.05,58.38,35.94,0.7636,5,A-,76.79,0.5544,55.44,0.5994,59.94,0.3855,38.55,Consistent Climber,0.5,50.0,63.14,2,94,1660,A-,72.31,395,76,904.02,16422,5
18,12.72,122.84,35.89,33.33,0.5913,3,D,46.41,0.4211,42.11,0.5094,50.94,0.3095,30.95,Fresh Starter,0.4,40.0,54.39,0,39,1661,C,51.2,95,18,229.0,16423,9
18,12.88,129.68,22.5,11.36,0.506,2,D,45.12,0.2237,22.37,0.2857,28.57,0.1311,13.11,Weekend Learner,0.2,20.0,28.6,0,39,1662,G,29.73,152,30,386.4,16424,13
42,12.46,109.19,59.24,36.89,0.7366,5,A-,76.68,0.5229,52.29,0.5521,55.21,0.4118,41.18,Consistent Climber,0.5,50.0,62.43,1,54,1663,B+,67.46,327,56,697.55,16425,3
32,8.76,81.73,42.66,29.41,0.636,4,C+,57.84,0.3886,38.86,0.3911,39.11,0.3571,35.71,Deep Focus Learner,0.5,50.0,43.39,0,42,1664,D,46.99,193,38,333.03,16426,8
27,11.02,98.41,45.48,27.91,0.7532,2,B+,69.29,0.411,41.1,0.4196,41.96,0.35,35.0,Flexible Learner,0.45,45.0,49.47,0,74,1665,C+,59.19,163,29,319.48,16427,7
37,11.62,109.78,69.42,53.85,0.8414,5,A,85.68,0.6783,67.83,0.7228,72.28,0.5714,57.14,Consistent Climber,0.75,75.0,77.22,3,54,1666,A-,77.28,286,53,615.95,16428,2
27,12.01,119.13,45.54,25.0,0.6495,3,B,62.17,0.4529,45.29,0.4955,49.55,0.3729,37.29,Flexible Learner,0.55,55.0,60.02,0,54,1667,B,63.62,170,33,396.27,16429,9
24,16.01,172.38,31.01,12.77,0.5701,4,C,51.27,0.2587,25.87,0.2955,29.55,0.2424,24.24,Flexible Learner,0.2,20.0,39.0,0,78,1668,D,48.52,143,29,464.33,16430,8
34,11.56,102.46,60.55,39.19,0.8058,4,A-,79.42,0.5513,55.13,0.5753,57.53,0.4318,43.18,Consistent Climber,0.65,65.0,62.51,2,94,1669,A-,74.39,263,47,543.48,16431,4
32,10.75,108.2,44.92,22.45,0.6349,3,B,64.43,0.4389,43.89,0.479,47.9,0.3148,31.48,Consistent Climber,0.45,45.0,52.27,0,82,1670,B,63.88,221,45,483.68,16432,8
34,12.17,120.84,60.96,27.85,0.7363,4,A-,75.56,0.4857,48.57,0.5146,51.46,0.4189,41.89,Consistent Climber,0.4,40.0,55.23,4,70,1671,B+,66.42,245,48,584.18,16433,4
29,13.62,139.5,55.96,37.1,0.7685,2,A-,75.26,0.5205,52.05,0.5158,51.58,0.5263,52.63,Flexible Learner,0.6,60.0,69.11,2,62,1672,A-,72.54,171,34,463.18,16434,6
32,11.78,114.71,67.77,56.0,0.78,4,A,80.81,0.6782,67.82,0.7186,71.86,0.6064,60.64,Consistent Climber,0.65,65.0,76.62,5,78,1673,A,87.0,261,50,589.05,16435,1
41,11.97,100.18,48.95,32.56,0.63,5,B,62.69,0.4642,46.42,0.4938,49.38,0.2909,29.09,Consistent Climber,0.6,60.0,50.98,1,82,1674,B,61.83,377,62,742.42,16436,6
37,10.29,92.33,70.54,50.0,0.7969,5,A,82.02,0.6548,65.48,0.6529,65.29,0.6618,66.18,Consistent Climber,0.5,50.0,73.69,6,42,1675,A-,76.92,310,58,596.85,16437,3
30,9.88,102.95,46.72,30.0,0.6756,5,B,63.66,0.4451,44.51,0.4912,49.12,0.3559,35.59,Flexible Learner,0.45,45.0,50.82,2,82,1676,C+,58.28,173,37,365.72,16438,8
25,10.0,106.85,50.53,29.41,0.6741,3,B,64.5,0.5211,52.11,0.4805,48.05,0.5692,56.92,Flexible Learner,0.65,65.0,66.0,1,42,1677,B,64.52,142,31,309.9,16439,5
16,15.9,150.94,39.14,31.82,0.693,2,B,64.52,0.447,44.7,0.4805,48.05,0.4,40.0,Weekend Learner,0.25,25.0,61.56,1,60,1678,C+,57.31,132,24,381.53,16440,10
39,14.03,160.95,31.33,17.14,0.5202,3,D,46.64,0.2917,29.17,0.3553,35.53,0.2571,25.71,Flexible Learner,0.3,30.0,43.02,0,54,1679,D,45.64,216,48,673.48,16441,13
20,14.62,134.1,34.91,17.5,0.6018,2,C+,55.38,0.3147,31.47,0.3696,36.96,0.2157,21.57,Deep Focus Learner,0.3,30.0,35.45,0,54,1680,E,41.15,143,25,365.4,16442,9
16,11.96,103.07,37.6,33.33,0.6079,2,C+,59.49,0.4641,46.41,0.504,50.4,0.2857,28.57,Weekend Learner,0.65,65.0,50.82,0,48,1681,C,51.84,153,26,311.03,16443,6
32,15.34,154.35,47.53,23.53,0.7757,3,A-,71.35,0.405,40.5,0.4,40.0,0.4118,41.18,Deep Focus Learner,0.55,55.0,59.8,1,54,1682,B,62.63,200,38,583.07,16444,8
30,11.27,118.78,49.73,20.0,0.5652,3,C+,56.48,0.4315,43.15,0.4661,46.61,0.3797,37.97,Flexible Learner,0.25,25.0,53.77,2,30,1683,C,53.05,197,41,462.17,16445,8
53,17.54,173.21,77.85,61.14,0.9216,5,A+,96.76,0.7471,74.71,0.8167,81.67,0.698,69.8,High Achiever,0.7,70.0,88.06,7,78,1684,A+,94.45,435,80,1403.52,16446,1
13,9.04,94.23,46.33,25.0,0.6149,2,D,48.9,0.4754,47.54,0.4894,48.94,0.4286,42.86,Fresh Starter,0.5,50.0,50.23,1,31,1685,C,52.79,61,13,117.57,16447,5
10,9.71,77.9,25.9,20.0,0.4598,2,G,31.28,0.2373,23.73,0.2321,23.21,0.3333,33.33,Fresh Starter,0.2,20.0,26.54,0,27,1686,G,27.55,59,10,97.15,16448,7
37,12.23,118.14,56.0,44.44,0.7619,9,B+,69.92,0.4929,49.29,0.5238,52.38,0.4219,42.19,Flexible Learner,0.3,30.0,60.75,4,42,1687,B,63.53,211,40,489.03,16449,7
54,17.71,176.92,72.54,51.4,0.9339,5,A+,94.81,0.6715,67.15,0.7778,77.78,0.6124,61.24,High Achiever,0.45,45.0,82.4,6,66,1688,A,88.75,478,89,1575.77,16450,2
28,12.19,125.42,44.63,31.43,0.6914,4,B+,65.43,0.4362,43.62,0.4835,48.35,0.3621,36.21,Deep Focus Learner,0.35,35.0,53.3,3,42,1689,C,53.03,149,30,365.6,16451,9
37,12.82,138.52,53.71,44.44,0.6828,5,B+,66.1,0.457,45.7,0.4474,44.74,0.4621,46.21,Flexible Learner,0.4,40.0,56.52,3,100,1690,B+,67.1,221,47,602.58,16452,8
56,16.21,168.13,74.31,58.64,0.9228,4,A+,97.47,0.7146,71.46,0.8,80.0,0.6575,65.75,High Achiever,0.75,75.0,86.09,5,98,1691,A+,97.33,424,83,1345.67,16453,0
35,12.18,110.94,50.35,28.57,0.6638,2,B,62.19,0.4758,47.58,0.5163,51.63,0.3023,30.23,Flexible Learner,0.5,50.0,52.39,0,70,1692,B,61.03,227,41,499.25,16454,7
25,12.31,124.72,43.69,33.33,0.6078,4,B,60.25,0.415,41.5,0.4706,47.06,0.3671,36.71,Flexible Learner,0.3,30.0,55.27,2,42,1693,C,54.36,147,29,356.85,16455,8
22,9.92,91.07,38.03,32.0,0.5605,3,C,53.5,0.4074,40.74,0.4123,41.23,0.381,38.1,Deep Focus Learner,0.45,45.0,46.9,0,54,1694,D,49.7,135,26,258.0,16456,9
21,9.89,95.31,40.85,31.25,0.6051,2,C+,57.4,0.3784,37.84,0.3913,39.13,0.3158,31.58,Weekend Learner,0.45,45.0,45.45,0,42,1695,D,48.88,222,43,425.37,16457,11
21,10.21,90.64,72.96,64.29,0.7974,2,A-,79.19,0.6594,65.94,0.6387,63.87,0.7895,78.95,Deep Focus Learner,0.8,80.0,72.89,4,30,1696,A-,77.3,138,25,255.3,16458,2
30,12.62,122.21,53.83,36.0,0.6902,4,B+,67.68,0.489,48.9,0.5083,50.83,0.4516,45.16,Flexible Learner,0.55,55.0,61.13,1,90,1697,B+,69.46,182,35,441.87,16459,7
48,11.65,101.74,71.17,50.78,0.8463,5,A,88.75,0.6634,66.34,0.6943,69.43,0.4833,48.33,Consistent Climber,0.75,75.0,70.99,5,66,1698,A,81.25,410,71,827.43,16460,1
25,10.9,97.46,63.81,57.41,0.7519,2,A-,73.58,0.6171,61.71,0.6242,62.42,0.5769,57.69,Deep Focus Learner,0.6,60.0,66.79,2,54,1699,A-,72.67,175,31,337.98,16461,0
30,13.06,123.12,32.09,8.0,0.4878,5,E,43.72,0.2752,27.52,0.2886,28.86,0.2464,24.64,Flexible Learner,0.35,35.0,33.74,0,90,1700,D,45.73,218,40,522.22,16462,10
43,9.65,87.16,64.49,47.17,0.7794,4,A,81.47,0.602,60.2,0.6057,60.57,0.5714,57.14,Consistent Climber,0.65,65.0,64.15,2,94,1701,A-,78.4,392,73,704.58,16463,2
11,16.85,166.78,12.13,5.0,0.3278,3,G,25,0.1186,11.86,0.1739,17.39,0.0833,8.33,Fresh Starter,0.0,0.0,23.43,0,44,1702,G,23.18,59,11,185.38,16464,8
35,9.72,84.35,42.56,18.42,0.576,5,C,52.53,0.4076,40.76,0.4149,41.49,0.3478,34.78,Flexible Learner,0.45,45.0,45.36,0,54,1703,C,52.89,211,38,369.53,16465,9
22,12.6,109.85,64.57,38.71,0.74,2,B+,68.96,0.5551,55.51,0.5988,59.88,0.4182,41.82,Weekend Learner,0.6,60.0,61.58,3,54,1704,A-,70.03,227,39,491.42,16466,2
8,21.5,198.0,14.76,0.0,0.5049,3,G,34.09,0.125,12.5,0.2381,23.81,0.037,3.7,Fresh Starter,0.1,10.0,20.68,0,12,1705,G,20,48,8,172.02,16467,7
28,9.79,89.66,39.59,27.5,0.619,3,C+,56.07,0.3855,38.55,0.411,41.1,0.125,12.5,Flexible Learner,0.2,20.0,38.32,0,70,1706,D,48.2,179,33,323.05,16468,11
49,14.4,156.53,66.03,44.8,0.8464,5,A,85.9,0.6233,62.33,0.7197,71.97,0.5519,55.19,Consistent Climber,0.55,55.0,78.6,3,94,1707,A+,91.14,369,77,1109.17,16469,0
35,10.15,108.94,44.34,30.3,0.5768,6,C+,56.89,0.4222,42.22,0.5377,53.77,0.2568,25.68,Flexible Learner,0.35,35.0,53.18,2,100,1708,B,63.85,180,39,395.77,16470,9
51,16.46,152.22,73.23,56.22,0.9125,6,A+,94.28,0.6632,66.32,0.6931,69.31,0.6212,62.12,High Achiever,0.75,75.0,76.96,8,94,1709,A,86.79,475,83,1366.15,16471,1
35,11.66,104.95,30.34,15.79,0.4821,5,D,48.29,0.3089,30.89,0.3365,33.65,0.1875,18.75,Flexible Learner,0.35,35.0,34.08,0,94,1710,D,48.37,259,46,536.15,16472,15
28,15.36,146.46,53.26,23.53,0.63,4,C+,56.83,0.4294,42.94,0.5385,53.85,0.314,31.4,Deep Focus Learner,0.35,35.0,51.24,3,54,1711,C+,57.29,177,32,491.63,16473,8
14,15.2,181.84,17.08,0.0,0.4772,1,G,35.12,0.082,8.2,0.1333,13.33,0.0652,6.52,Fresh Starter,0.1,10.0,14.57,0,21,1712,G,20,61,14,212.77,16474,7
25,17.57,174.46,42.62,22.45,0.6028,3,C+,55.73,0.4,40.0,0.5172,51.72,0.3117,31.17,Deep Focus Learner,0.6,60.0,56.26,1,54,1713,C+,56.1,135,25,439.25,16475,7
39,10.92,100.41,72.24,54.55,0.8447,4,A,85.79,0.6617,66.17,0.6854,68.54,0.5714,57.14,High Achiever,0.55,55.0,73.36,8,70,1714,A,82.13,269,50,545.8,16476,2
39,13.25,128.41,69.9,51.43,0.8418,4,A,88.38,0.6575,65.75,0.6859,68.59,0.6176,61.76,Consistent Climber,0.5,50.0,79.39,4,82,1715,A,85.84,327,61,807.98,16477,1
21,14.46,133.52,54.85,38.71,0.7259,2,B+,69.24,0.5233,52.33,0.531,53.1,0.5125,51.25,Weekend Learner,0.45,45.0,65.85,0,54,1716,B+,66.03,193,34,491.62,16478,3
37,15.02,154.63,71.2,52.81,0.8367,5,A,87.27,0.662,66.2,0.7396,73.96,0.623,62.3,Consistent Climber,0.55,55.0,79.84,6,42,1717,A,80.5,287,57,856.22,16479,1
24,17.27,142.85,44.67,25.0,0.6277,2,C+,57.63,0.3693,36.93,0.4455,44.55,0.2667,26.67,Deep Focus Learner,0.2,20.0,44.96,1,54,1718,C,52.79,176,27,466.42,16480,9
42,10.84,95.57,43.8,31.34,0.55,5,C,53.69,0.3646,36.46,0.3852,38.52,0.2121,21.21,Flexible Learner,0.25,25.0,39.82,1,90,1719,C+,55.85,277,48,520.18,16481,9
38,11.93,133.93,47.56,39.36,0.7009,4,A-,70.19,0.4624,46.24,0.4533,45.33,0.4729,47.29,Consistent Climber,0.4,40.0,57.84,0,86,1720,B+,65.1,279,62,739.72,16482,7
17,13.27,150.92,49.11,33.33,0.7205,2,B+,67.37,0.4624,46.24,0.4615,46.15,0.463,46.3,Deep Focus Learner,0.6,60.0,62.76,2,41,1721,B,63.3,93,21,278.7,16483,7
22,12.75,132.23,32.76,22.22,0.4889,2,D,46.7,0.3108,31.08,0.4,40.0,0.1905,19.05,Weekend Learner,0.3,30.0,38.56,0,42,1722,E,44.43,148,30,382.62,16484,12
48,12.32,123.04,68.79,49.56,0.8763,4,A,85.94,0.6105,61.05,0.6825,68.25,0.4962,49.62,High Achiever,0.75,75.0,72.38,5,94,1723,A,84.32,344,68,837.77,16485,2
50,12.93,126.59,57.49,41.79,0.7866,5,A-,79.28,0.5411,54.11,0.5784,57.84,0.4726,47.26,Consistent Climber,0.65,65.0,64.66,2,94,1724,A-,73.59,414,79,1021.18,16486,6
21,14.83,145.16,40.74,9.09,0.5651,3,C,54.21,0.4034,40.34,0.4835,48.35,0.3176,31.76,Weekend Learner,0.45,45.0,48.92,1,78,1725,C+,56.33,176,33,489.33,16487,11
21,12.88,130.91,29.19,10.91,0.4631,2,E,43.64,0.2933,29.33,0.3566,35.66,0.1899,18.99,Weekend Learner,0.05,5.0,33.06,0,42,1726,G,34.58,208,41,527.88,16488,13
29,10.87,92.42,35.65,19.44,0.6846,3,B+,65.37,0.3785,37.85,0.3922,39.22,0.2917,29.17,Flexible Learner,0.3,30.0,42.71,0,58,1727,D,46.52,177,31,337.08,16489,10
21,9.33,86.54,29.55,17.24,0.4383,2,G,38.45,0.2486,24.86,0.2581,25.81,0.2,20.0,Weekend Learner,0.15,15.0,28.79,0,90,1728,E,41.65,185,36,335.75,16490,14
31,11.68,121.78,45.11,13.51,0.4878,4,E,44.7,0.3438,34.38,0.3571,35.71,0.3226,32.26,Deep Focus Learner,0.25,25.0,43.83,2,94,1729,C+,58.28,160,33,385.45,16491,8
44,13.29,129.24,54.99,37.84,0.6932,4,B+,68.6,0.5265,52.65,0.6105,61.05,0.3964,39.64,Flexible Learner,0.55,55.0,60.8,0,54,1730,B+,65.67,283,54,717.65,16492,7
28,10.97,104.51,55.3,34.78,0.7317,3,B+,69.12,0.5156,51.56,0.5205,52.05,0.5,50.0,Deep Focus Learner,0.55,55.0,58.14,1,82,1731,B+,68.97,192,36,394.83,16493,5
31,12.34,106.98,42.65,24.19,0.6402,5,B,62.45,0.4145,41.45,0.4677,46.77,0.0909,9.09,Flexible Learner,0.55,55.0,43.27,0,54,1732,C,51.41,234,40,493.43,16494,9
28,15.79,180.02,34.7,16.13,0.5394,3,D,49.14,0.2658,26.58,0.3182,31.82,0.2456,24.56,Flexible Learner,0.35,35.0,42.56,1,42,1733,E,42.71,158,34,536.85,16495,11
21,12.3,99.6,54.65,34.48,0.7027,2,B+,67.39,0.5198,51.98,0.5517,55.17,0.3214,32.14,Weekend Learner,0.3,30.0,55.28,0,54,1734,B,62.85,202,32,393.58,16496,4
8,11.64,141.73,29.29,0.0,0.3669,2,G,25,0.1818,18.18,0.2727,27.27,0.1364,13.64,Fresh Starter,0.3,30.0,28.14,1,12,1735,G,28.86,33,8,93.15,16497,5
44,13.31,113.14,47.66,18.49,0.5837,4,B,63.2,0.4282,42.82,0.4832,48.32,0.1071,10.71,Consistent Climber,0.7,70.0,47.05,1,58,1736,C+,55.8,383,64,851.8,16498,8
14,13.48,158.3,52.26,22.58,0.658,2,B,63.86,0.4434,44.34,0.439,43.9,0.4462,44.62,Weekend Learner,0.25,25.0,56.36,3,57,1737,B,60.3,106,24,323.5,16499,6
20,12.08,106.1,35.67,13.04,0.4902,2,E,42.73,0.3026,30.26,0.3141,31.41,0.2564,25.64,Weekend Learner,0.45,45.0,34.57,0,42,1738,E,41.13,195,34,410.57,16500,11
20,10.53,97.64,51.92,37.5,0.7583,2,A-,74.0,0.5586,55.86,0.5938,59.38,0.3333,33.33,Deep Focus Learner,0.8,80.0,61.06,2,62,1739,B+,66.89,111,21,221.2,16501,5
49,13.64,132.81,43.01,21.37,0.6436,5,B,63.5,0.357,35.7,0.3911,39.11,0.2899,28.99,Consistent Climber,0.4,40.0,46.92,0,98,1740,C+,59.56,409,77,1049.93,16502,10
59,13.37,141.08,72.2,53.06,0.8589,6,A,89.02,0.6803,68.03,0.7475,74.75,0.6193,61.93,High Achiever,0.9,90.0,80.63,7,90,1741,A+,91.54,416,85,1136.05,16503,1
36,12.99,131.31,44.16,26.67,0.6133,3,C+,58.86,0.4336,43.36,0.4701,47.01,0.3804,38.04,Flexible Learner,0.35,35.0,57.46,1,66,1742,B,63.31,226,45,584.38,16504,7
29,12.74,126.77,61.45,54.29,0.7724,3,A-,72.22,0.6122,61.22,0.6667,66.67,0.4918,49.18,Deep Focus Learner,0.65,65.0,71.95,3,54,1743,A-,74.35,196,38,483.98,16505,3
50,12.04,112.59,66.12,50.76,0.8853,4,A,88.92,0.6501,65.01,0.6809,68.09,0.5556,55.56,High Achiever,0.6,60.0,73.01,4,90,1744,A,82.86,403,75,903.0,16506,3
8,13.79,110.0,36.22,21.43,0.5698,1,D,46.51,0.3922,39.22,0.4146,41.46,0.3,30.0,Fresh Starter,0.35,35.0,49.66,0,12,1745,D,45.05,51,8,110.35,16507,5
46,11.46,101.62,69.42,56.44,0.8478,5,A,88.69,0.6611,66.11,0.7063,70.63,0.4865,48.65,High Achiever,0.4,40.0,73.34,6,94,1746,A,85.96,360,63,722.15,16508,2
24,13.28,129.81,33.81,16.36,0.4888,2,E,43.64,0.25,25.0,0.2653,26.53,0.2154,21.54,Weekend Learner,0.15,15.0,31.17,1,66,1747,E,41.04,212,40,531.27,16509,11
25,15.52,172.0,46.6,25.0,0.6343,2,B,61.04,0.3982,39.82,0.569,56.9,0.3393,33.93,Weekend Learner,0.35,35.0,54.56,0,78,1748,B,62.59,226,48,744.75,16510,10
30,12.71,129.06,33.57,14.29,0.5383,5,C,52.77,0.3135,31.35,0.3577,35.77,0.1875,18.75,Flexible Learner,0.45,45.0,35.7,0,66,1749,D,47.24,185,37,470.1,16511,10
21,20.41,204.28,58.91,37.1,0.8017,2,A-,76.95,0.4912,49.12,0.6111,61.11,0.4688,46.88,Deep Focus Learner,0.5,50.0,72.38,3,54,1750,A-,71.48,114,21,428.53,16512,4
45,17.7,172.6,68.84,57.93,0.9319,4,A+,93.2,0.6761,67.61,0.7197,71.97,0.6502,65.02,High Achiever,0.5,50.0,83.68,2,70,1751,A,85.53,355,64,1132.85,16513,1
39,10.07,93.8,67.02,50.0,0.8073,5,A,86.35,0.6574,65.74,0.6765,67.65,0.5686,56.86,Consistent Climber,0.65,65.0,73.05,2,66,1752,A,80.15,289,55,553.77,16514,2
39,17.62,165.43,50.27,39.2,0.7619,4,A-,76.25,0.5052,50.52,0.595,59.5,0.4405,44.05,Consistent Climber,0.3,30.0,70.81,1,66,1753,B+,68.65,289,51,898.82,16515,8
46,15.47,142.9,71.43,50.31,0.8564,5,A,89.25,0.6741,67.41,0.7436,74.36,0.5789,57.89,Consistent Climber,0.5,50.0,81.1,5,82,1754,A+,90.74,405,72,1114.02,16516,0
31,10.58,107.3,35.8,15.62,0.5288,3,C,50.78,0.3254,32.54,0.319,31.9,0.3396,33.96,Deep Focus Learner,0.25,25.0,37.41,0,42,1755,E,42.24,169,35,370.32,16517,10
19,12.99,114.78,38.17,16.67,0.5835,2,C,53.85,0.3354,33.54,0.4113,41.13,0.0811,8.11,Weekend Learner,0.25,25.0,34.7,0,52,1756,E,44.24,161,28,363.82,16518,9
10,6.95,70.45,21.7,20.0,0.3895,2,G,25.3,0.25,25.0,0.2439,24.39,0.3333,33.33,Fresh Starter,0.3,30.0,25.49,0,39,1757,G,31.32,44,10,69.52,16519,7
30,12.01,116.56,38.96,4.88,0.5044,3,E,44.69,0.2965,29.65,0.3162,31.62,0.2545,25.45,Deep Focus Learner,0.4,40.0,35.59,1,42,1758,E,42.57,172,33,396.38,16520,9
32,11.02,102.92,64.62,47.27,0.7442,4,A-,72.64,0.5735,57.35,0.6081,60.81,0.4921,49.21,Flexible Learner,0.6,60.0,67.67,5,66,1759,A-,75.24,211,39,429.9,16521,4
45,15.51,136.81,69.26,58.67,0.8598,5,A,87.54,0.6607,66.07,0.6987,69.87,0.6074,60.74,Consistent Climber,0.75,75.0,78.83,4,30,1760,A-,75.89,392,66,1023.73,16522,1
49,10.11,85.87,46.93,25.53,0.6001,5,B,63.97,0.3938,39.38,0.4152,41.52,0.2,20.0,Consistent Climber,0.45,45.0,41.71,1,98,1761,B,60.49,452,79,799.0,16523,8
37,9.9,90.66,40.53,20.34,0.5966,5,C+,58.24,0.4036,40.36,0.4268,42.68,0.2069,20.69,Consistent Climber,0.25,25.0,43.03,0,94,1762,C+,56.51,275,52,514.55,16524,10
38,15.19,162.55,56.12,35.64,0.7526,3,A-,77.23,0.484,48.4,0.5278,52.78,0.4507,45.07,Consistent Climber,0.45,45.0,67.22,1,78,1763,A-,75.21,250,51,774.65,16525,4
17,12.34,122.72,45.31,38.46,0.6986,2,B+,69.15,0.5,50.0,0.5455,54.55,0.3704,37.04,Deep Focus Learner,0.65,65.0,58.8,1,25,1764,C+,55.52,104,20,246.7,16526,7
61,15.99,138.51,69.66,52.85,0.8625,5,A+,92.34,0.6745,67.45,0.7625,76.25,0.5498,54.98,High Achiever,0.55,55.0,79.96,4,86,1765,A,85.57,510,84,1343.42,16527,1
15,11.33,108.81,57.83,37.84,0.7044,2,B+,65.46,0.5385,53.85,0.5816,58.16,0.3158,31.58,Weekend Learner,0.35,35.0,59.12,1,22,1766,C+,59.36,117,23,260.5,16528,4
27,13.35,130.73,50.16,28.0,0.7211,3,B+,66.36,0.487,48.7,0.4848,48.48,0.4909,49.09,Deep Focus Learner,0.5,50.0,63.59,0,74,1767,B+,68.86,154,29,387.17,16529,5
50,15.56,152.38,72.96,49.34,0.9413,6,A+,95.15,0.6607,66.07,0.71,71.0,0.6094,60.94,High Achiever,0.3,30.0,80.62,8,98,1768,A+,90.27,392,72,1120.6,16530,3
49,12.36,107.39,63.25,43.22,0.7738,5,A-,78.53,0.5276,52.76,0.5405,54.05,0.4831,48.31,Consistent Climber,0.4,40.0,61.46,4,90,1769,A-,73.98,398,68,840.68,16531,3
11,11.87,142.35,22.58,7.69,0.3262,2,G,25,0.1739,17.39,0.1765,17.65,0.1724,17.24,Fresh Starter,0.05,5.0,24.34,1,16,1770,G,24.03,46,11,130.58,16532,9
38,14.95,153.43,56.31,46.25,0.7717,5,A-,78.42,0.563,56.3,0.6667,66.67,0.4576,45.76,Consistent Climber,0.5,50.0,73.54,2,86,1771,A-,79.88,238,46,687.65,16533,6
41,11.17,114.26,65.23,47.5,0.8726,4,A,87.55,0.6241,62.41,0.6489,64.89,0.5641,56.41,High Achiever,0.7,70.0,72.32,3,70,1772,A,81.63,266,55,614.3,16534,3
19,16.08,164.78,30.5,15.0,0.5352,2,C,50.18,0.2418,24.18,0.2653,26.53,0.226,22.6,Weekend Learner,0.4,40.0,35.33,0,64,1773,E,42.44,244,47,755.78,16535,11
21,11.26,118.34,48.54,14.29,0.6245,2,C+,59.22,0.3889,38.89,0.4032,40.32,0.3696,36.96,Deep Focus Learner,0.5,50.0,46.71,0,66,1774,C,54.3,108,23,258.87,16536,5
41,11.73,106.34,57.89,39.81,0.7746,4,A-,75.97,0.539,53.9,0.5969,59.69,0.24,24.0,Consistent Climber,0.55,55.0,61.44,3,94,1775,A-,73.73,308,55,644.93,16537,6
8,9.89,81.34,37.59,0.0,0.5733,1,E,43.36,0.3636,36.36,0.2895,28.95,0.8333,83.33,Fresh Starter,0.25,25.0,48.89,1,12,1776,E,42.04,44,8,79.13,16538,5
53,9.11,85.83,80.07,67.52,0.9385,6,A+,96.3,0.7903,79.03,0.8027,80.27,0.7119,71.19,High Achiever,0.9,90.0,83.07,8,90,1777,A+,95.34,434,86,783.77,16539,0
47,9.78,96.38,62.18,39.08,0.7837,5,A-,79.22,0.5958,59.58,0.6157,61.57,0.5152,51.52,Consistent Climber,0.5,50.0,66.14,1,90,1778,A-,76.01,334,68,665.3,16540,2
37,10.77,94.23,39.03,12.5,0.4836,4,E,43.17,0.3272,32.72,0.3364,33.64,0.2909,29.09,Flexible Learner,0.5,50.0,37.37,1,54,1779,E,43.58,272,49,527.72,16541,10
35,13.44,127.28,50.11,25.61,0.727,4,A-,72.97,0.4802,48.02,0.5424,54.24,0.3333,33.33,Consistent Climber,0.5,50.0,55.68,1,54,1780,B,61.22,252,46,618.4,16542,8
43,10.76,101.65,52.02,38.89,0.6622,5,B+,67.36,0.4639,46.39,0.4615,46.15,0.4722,47.22,Consistent Climber,0.35,35.0,52.9,0,54,1781,B,61.21,332,64,688.52,16543,6
42,13.71,139.83,70.64,52.13,0.7963,4,A,84.24,0.6216,62.16,0.6794,67.94,0.5625,56.25,High Achiever,0.7,70.0,76.39,5,98,1782,A,89.89,259,51,699.12,16544,1
16,18.44,183.25,22.63,8.11,0.5072,2,E,44.94,0.1942,19.42,0.2222,22.22,0.1791,17.91,Deep Focus Learner,0.1,10.0,33.95,0,24,1783,G,32.95,103,19,350.38,16545,9
16,11.99,111.26,25.61,5.26,0.3951,2,G,25,0.2184,21.84,0.2373,23.73,0.1786,17.86,Fresh Starter,0.2,20.0,25.38,0,24,1784,G,30.21,87,16,191.9,16546,9
19,12.88,127.88,54.56,30.43,0.7373,2,A-,70.84,0.4834,48.34,0.5566,55.66,0.3111,31.11,Weekend Learner,0.65,65.0,58.77,2,40,1785,B,63.26,151,29,373.4,16547,5
35,9.35,86.32,31.68,7.14,0.4604,3,E,44.09,0.2748,27.48,0.2798,27.98,0.2414,24.14,Flexible Learner,0.1,10.0,30.41,0,70,1786,D,45.46,222,42,392.52,16548,14
22,16.85,170.13,34.11,9.8,0.4805,2,E,43.32,0.2893,28.93,0.3934,39.34,0.1833,18.33,Deep Focus Learner,0.05,5.0,34.55,0,30,1787,G,36.06,121,23,387.55,16549,7
22,10.04,92.68,23.55,7.41,0.3763,2,G,25,0.1667,16.67,0.1545,15.45,0.3,30.0,Fresh Starter,0.2,20.0,23.7,1,42,1788,G,29.59,120,22,220.82,16550,9
32,13.03,107.78,46.87,38.1,0.6671,3,B+,65.24,0.4509,45.09,0.4607,46.07,0.3939,39.39,Flexible Learner,0.55,55.0,47.94,0,54,1789,C,53.99,224,36,469.17,16551,7
46,11.75,128.29,54.92,23.44,0.6495,5,B+,68.3,0.513,51.3,0.5741,57.41,0.4206,42.06,Consistent Climber,0.25,25.0,61.56,1,98,1790,A-,72.39,269,58,681.33,16552,5
44,9.18,86.49,46.98,40.0,0.6532,5,B,62.29,0.4333,43.33,0.4576,45.76,0.2647,26.47,Flexible Learner,0.6,60.0,47.78,1,42,1791,C,50.97,270,54,495.67,16553,9
25,15.41,170.54,35.91,7.89,0.513,3,E,44.02,0.2752,27.52,0.4054,40.54,0.2321,23.21,Deep Focus Learner,0.2,20.0,36.72,0,54,1792,G,39.75,149,31,477.63,16554,7
30,10.33,100.77,50.45,32.76,0.7226,3,B+,69.22,0.4946,49.46,0.5155,51.55,0.36,36.0,Flexible Learner,0.2,20.0,50.65,1,66,1793,C+,59.59,186,36,371.87,16555,8
43,13.45,143.84,69.13,52.73,0.8734,5,A,87.26,0.6715,67.15,0.7405,74.05,0.6096,60.96,High Achiever,0.45,45.0,78.69,4,66,1794,A,80.4,277,57,766.8,16556,1
27,11.32,113.69,40.26,16.22,0.5359,3,D,47.95,0.3052,30.52,0.3265,32.65,0.2679,26.79,Flexible Learner,0.3,30.0,38.5,2,54,1795,D,46.13,154,32,362.15,16557,10
41,15.49,172.6,42.71,21.74,0.6417,5,B+,66.5,0.3828,38.28,0.4643,46.43,0.3495,34.95,Consistent Climber,0.35,35.0,56.21,1,90,1796,B+,65.4,290,61,944.62,16558,10
25,11.88,101.41,41.0,33.33,0.6521,2,B,60.68,0.4192,41.92,0.4184,41.84,0.4231,42.31,Deep Focus Learner,0.55,55.0,50.92,0,42,1797,C,50.55,167,28,332.65,16559,8
26,11.84,108.02,41.11,8.57,0.5,3,E,43.53,0.3438,34.38,0.3607,36.07,0.2895,28.95,Deep Focus Learner,0.25,25.0,36.32,1,42,1798,E,43.81,160,29,343.48,16560,10
42,10.75,99.31,54.56,34.67,0.6933,5,A-,74.16,0.5216,52.16,0.5458,54.58,0.4262,42.62,Consistent Climber,0.35,35.0,60.15,1,86,1799,B+,69.98,301,56,602.22,16561,6
45,9.77,86.08,46.65,25.45,0.6362,6,C+,57.84,0.4056,40.56,0.404,40.4,0.4167,41.67,Flexible Learner,0.4,40.0,46.02,0,66,1800,C+,55.61,286,53,517.72,16562,9
39,11.05,97.9,57.69,31.88,0.6499,5,B,64.7,0.52,52.0,0.5586,55.86,0.2955,29.55,Consistent Climber,0.55,55.0,52.41,2,98,1801,B+,69.3,300,53,585.88,16563,4
37,10.09,94.42,49.05,26.53,0.6093,7,C+,59.73,0.4435,44.35,0.4585,45.85,0.3721,37.21,Flexible Learner,0.6,60.0,48.91,0,90,1802,B,64.7,248,48,484.33,16564,9
42,9.61,78.06,65.27,36.11,0.8447,5,A,82.45,0.6074,60.74,0.6013,60.13,0.68,68.0,High Achiever,0.75,75.0,63.74,3,98,1803,A,80.97,326,55,528.42,16565,3
19,8.66,81.53,57.31,30.77,0.6935,3,B+,66.05,0.53,53.0,0.5287,52.87,0.5385,53.85,Deep Focus Learner,0.35,35.0,59.27,1,52,1804,B,63.87,100,20,173.28,16566,3
41,10.84,92.76,45.91,32.43,0.5978,5,B,62.07,0.4302,43.02,0.4377,43.77,0.3778,37.78,Consistent Climber,0.2,20.0,47.89,0,98,1805,B,61.82,358,63,683.12,16567,8
24,19.41,175.65,29.09,19.61,0.5793,2,E,42.77,0.2361,23.61,0.2281,22.81,0.2414,24.14,Fresh Starter,0.25,25.0,38.92,0,46,1806,E,43.28,144,24,465.92,16568,9
37,15.69,152.52,44.29,20.41,0.612,5,B,63.73,0.3755,37.55,0.4203,42.03,0.3309,33.09,Consistent Climber,0.3,30.0,51.32,2,66,1807,C+,58.55,277,51,800.05,16569,9
24,8.95,77.91,22.05,4.76,0.3563,3,G,25,0.2348,23.48,0.2222,22.22,0.5,50.0,Fresh Starter,0.05,5.0,25.49,0,54,1808,G,29.71,132,24,214.82,16570,11
36,14.22,159.59,54.92,32.95,0.7156,3,A-,70.95,0.4713,47.13,0.5567,55.67,0.415,41.5,Flexible Learner,0.4,40.0,64.35,3,58,1809,B+,67.33,244,52,739.2,16571,7
41,11.8,113.35,54.39,36.51,0.7288,3,B+,68.98,0.5022,50.22,0.509,50.9,0.4844,48.44,Flexible Learner,0.55,55.0,58.96,2,42,1810,B,62.35,231,44,519.37,16572,7
26,15.4,152.82,28.43,9.52,0.5381,2,D,48.18,0.2703,27.03,0.3243,32.43,0.2162,21.62,Deep Focus Learner,0.3,30.0,36.43,0,54,1811,E,42.8,148,28,431.13,16573,10
25,12.58,118.36,34.67,16.67,0.4471,3,E,42.07,0.2541,25.41,0.2798,27.98,0.1974,19.74,Weekend Learner,0.25,25.0,31.62,0,78,1812,E,43.58,244,45,566.03,16574,13
39,14.96,138.02,62.76,33.91,0.7822,5,A-,77.91,0.5046,50.46,0.5365,53.65,0.4593,45.93,Consistent Climber,0.5,50.0,63.07,5,54,1813,A-,70.71,327,57,852.83,16575,6
20,12.27,125.81,59.74,38.78,0.7434,2,A-,72.36,0.5822,58.22,0.6604,66.04,0.375,37.5,Weekend Learner,0.35,35.0,69.29,3,54,1814,A-,74.64,146,29,355.93,16576,2
32,11.22,109.7,68.87,48.78,0.7623,3,A-,72.43,0.5978,59.78,0.614,61.4,0.5692,56.92,Flexible Learner,0.45,45.0,69.41,4,54,1815,A-,75.8,179,35,392.72,16577,2
20,12.55,153.01,41.91,21.43,0.5133,3,C,50.28,0.3679,36.79,0.5,50.0,0.2879,28.79,Weekend Learner,0.35,35.0,44.76,1,42,1816,D,47.32,106,26,326.35,16578,5
46,9.36,83.58,53.95,26.97,0.6309,5,B,64.84,0.4439,44.39,0.442,44.2,0.4615,46.15,Consistent Climber,0.65,65.0,48.93,2,82,1817,B,62.85,401,74,692.82,16579,6
16,12.33,102.77,48.56,34.48,0.7079,2,B,62.8,0.487,48.7,0.4945,49.45,0.4583,45.83,Deep Focus Learner,0.6,60.0,58.38,0,24,1818,C+,56.44,115,19,234.35,16580,6
33,10.28,92.29,49.17,31.25,0.7167,4,B+,67.68,0.4581,45.81,0.4737,47.37,0.2778,27.78,Flexible Learner,0.4,40.0,46.71,1,54,1819,C+,55.37,227,42,431.77,16581,9
40,15.75,163.03,44.94,26.73,0.7014,4,B+,66.26,0.4029,40.29,0.4404,44.04,0.3787,37.87,Flexible Learner,0.4,40.0,52.94,0,100,1820,B+,66.05,278,54,850.7,16582,9
34,12.63,117.78,54.09,33.8,0.6693,3,B,63.14,0.5,50.0,0.5575,55.75,0.3333,33.33,Flexible Learner,0.45,45.0,56.88,1,42,1821,B,61.6,234,43,542.9,16583,5
23,12.58,154.01,51.03,42.5,0.82,3,A-,74.67,0.578,57.8,0.6,60.0,0.5625,56.25,Deep Focus Learner,0.7,70.0,75.9,2,54,1822,A-,75.54,109,26,327.1,16584,5
18,10.75,101.28,45.81,36.84,0.6203,3,C+,57.99,0.4603,46.03,0.5287,52.87,0.3077,30.77,Weekend Learner,0.65,65.0,51.68,0,39,1823,C,53.27,126,24,257.97,16585,4
12,9.35,105.47,32.88,0.0,0.3481,2,G,25,0.2642,26.42,0.2,20.0,0.3214,32.14,Fresh Starter,0.3,30.0,28.91,1,18,1824,G,32.56,53,12,112.15,16586,6
33,9.48,85.16,59.75,46.51,0.6807,5,B,63.35,0.5695,56.95,0.567,56.7,0.5862,58.62,Flexible Learner,0.45,45.0,59.17,2,54,1825,B,63.4,223,41,388.6,16587,4
37,11.16,116.82,49.08,23.21,0.694,4,B+,68.73,0.4167,41.67,0.4684,46.84,0.3171,31.71,Consistent Climber,0.35,35.0,46.35,2,78,1826,C+,58.81,240,50,558.12,16588,8
31,16.15,169.48,47.46,31.25,0.6443,4,B,60.61,0.4222,42.22,0.5484,54.84,0.3559,35.59,Deep Focus Learner,0.5,50.0,60.45,3,42,1827,C+,59.63,180,36,581.42,16589,9
32,17.91,179.43,39.1,11.43,0.676,3,B,62.0,0.3583,35.83,0.4638,46.38,0.2966,29.66,Deep Focus Learner,0.05,5.0,51.96,0,66,1828,C+,56.47,187,35,626.78,16590,9
19,14.95,170.21,36.24,16.67,0.5806,2,E,43.82,0.3448,34.48,0.5,50.0,0.2712,27.12,Fresh Starter,0.35,35.0,46.89,0,40,1829,D,48.22,87,19,284.03,16591,8
29,18.23,172.48,40.69,11.29,0.5559,5,C+,56.4,0.2989,29.89,0.4483,44.83,0.1649,16.49,Flexible Learner,0.6,60.0,42.39,1,54,1830,D,48.17,184,33,601.5,16592,9
23,17.49,176.29,12.13,2.04,0.4871,3,G,36.0,0.1475,14.75,0.2182,21.82,0.0896,8.96,Fresh Starter,0.15,15.0,24.18,0,58,1831,G,25.81,122,23,402.32,16593,9
16,12.55,121.35,28.26,32.14,0.6194,3,C+,57.65,0.3617,36.17,0.3846,38.46,0.3333,33.33,Deep Focus Learner,0.4,40.0,55.56,0,36,1832,D,48.3,94,18,225.85,16594,10
34,11.04,105.99,40.84,21.57,0.6493,4,C+,59.88,0.4133,41.33,0.4323,43.23,0.3415,34.15,Flexible Learner,0.45,45.0,47.89,0,90,1833,C+,59.88,196,38,419.53,16595,9
27,9.58,97.15,41.92,13.33,0.5699,2,C,54.23,0.4,40.0,0.3937,39.37,0.4286,42.86,Flexible Learner,0.35,35.0,45.97,0,66,1834,C,54.95,155,32,306.72,16596,8
19,10.93,137.14,31.89,4.76,0.5783,2,C,53.18,0.3246,32.46,0.4286,42.86,0.2462,24.62,Weekend Learner,0.3,30.0,46.55,1,64,1835,C,52.79,114,29,317.1,16597,12
17,16.08,171.81,53.39,35.0,0.7775,2,A-,71.49,0.5104,51.04,0.6757,67.57,0.4068,40.68,Deep Focus Learner,0.45,45.0,72.47,1,65,1836,A-,71.82,96,19,305.58,16598,3
24,15.97,139.4,34.53,8.0,0.5047,3,D,49.57,0.3057,30.57,0.4468,44.68,0.0952,9.52,Deep Focus Learner,0.1,10.0,34.6,1,90,1837,D,46.29,157,26,415.27,16599,9
16,8.94,81.35,22.55,12.5,0.3268,1,G,25,0.1744,17.44,0.1852,18.52,0.0,0.0,Fresh Starter,0.05,5.0,18.11,1,64,1838,G,30.83,86,16,142.97,16600,8
14,15.17,179.16,24.35,13.64,0.5309,2,E,40.24,0.2097,20.97,0.2581,25.81,0.1613,16.13,Fresh Starter,0.15,15.0,25.33,0,33,1839,G,24.69,62,14,212.43,16601,7
16,13.38,117.58,62.44,38.1,0.7409,2,A-,73.77,0.4776,47.76,0.5227,52.27,0.3913,39.13,Weekend Learner,0.55,55.0,55.82,3,36,1840,B+,66.24,134,23,307.73,16602,4
22,13.02,119.55,45.82,34.21,0.6807,2,B,63.83,0.4372,43.72,0.4508,45.08,0.4098,40.98,Weekend Learner,0.35,35.0,51.58,0,90,1841,B,63.43,183,33,429.67,16603,8
24,11.85,105.25,64.65,33.78,0.7368,2,B+,68.78,0.5378,53.78,0.5659,56.59,0.413,41.3,Weekend Learner,0.5,50.0,60.13,5,78,1842,A-,75.97,251,45,533.43,16604,4
24,12.71,125.31,20.88,3.03,0.4083,5,G,27.97,0.1532,15.32,0.1687,16.87,0.122,12.2,Fresh Starter,0.2,20.0,24.11,0,42,1843,G,26.39,124,24,305.05,16605,12
41,13.62,118.88,72.39,55.56,0.8703,4,A+,91.71,0.6715,67.15,0.6827,68.27,0.6429,64.29,High Achiever,0.65,65.0,77.68,5,90,1844,A,88.18,347,58,789.78,16606,1
44,10.8,97.54,56.49,33.73,0.7013,6,B+,66.22,0.4934,49.34,0.5433,54.33,0.24,24.0,Flexible Learner,0.45,45.0,52.46,2,58,1845,B,64.23,304,55,594.2,16607,3
48,12.66,118.59,68.51,42.59,0.8321,4,A,84.74,0.6368,63.68,0.6411,64.11,0.6294,62.94,Consistent Climber,0.6,60.0,75.02,4,98,1846,A,85.24,391,72,911.43,16608,1
25,10.44,101.58,47.83,36.11,0.7827,3,A-,72.82,0.5156,51.56,0.5588,55.88,0.3462,34.62,Deep Focus Learner,0.5,50.0,56.29,1,30,1847,C+,58.58,128,25,261.12,16609,4
39,11.16,107.42,47.11,31.48,0.5953,4,C+,56.96,0.4722,47.22,0.5,50.0,0.4125,41.25,Flexible Learner,0.55,55.0,56.04,0,94,1848,B+,66.17,252,48,535.85,16610,7
35,11.39,106.2,59.75,37.29,0.7169,4,A-,70.69,0.5421,54.21,0.5689,56.89,0.4468,44.68,Flexible Learner,0.45,45.0,57.84,3,98,1849,A-,71.28,214,40,455.47,16611,4
45,11.73,107.38,46.09,28.21,0.6183,5,B,61.45,0.3848,38.48,0.3964,39.64,0.3457,34.57,Consistent Climber,0.25,25.0,44.37,2,58,1850,C+,56.37,356,65,762.53,16612,11
38,16.27,161.87,56.63,30.77,0.7572,4,B+,69.0,0.5282,52.82,0.6044,60.44,0.4841,48.41,Flexible Learner,0.55,55.0,67.33,3,90,1851,A-,73.46,248,47,764.68,16613,4
22,11.25,109.49,52.04,36.36,0.6445,3,C+,58.8,0.5267,52.67,0.6,60.0,0.3913,39.13,Deep Focus Learner,0.25,25.0,60.38,3,42,1852,B,61.97,131,25,281.15,16614,4
22,14.71,138.19,42.95,21.05,0.6226,2,C,54.77,0.369,36.9,0.4737,47.37,0.2055,20.55,Weekend Learner,0.3,30.0,42.84,1,78,1853,C,53.35,187,33,485.43,16615,9
25,15.86,168.86,53.15,30.34,0.7357,2,B+,69.56,0.4375,43.75,0.5658,56.58,0.3636,36.36,Weekend Learner,0.45,45.0,61.81,2,54,1854,B+,66.58,208,42,666.27,16616,8
41,13.03,131.39,67.73,50.0,0.8424,3,A,86.25,0.6312,63.12,0.6423,64.23,0.6226,62.26,High Achiever,0.5,50.0,77.68,3,66,1855,A,83.11,282,55,716.43,16617,1
26,15.93,155.83,48.73,17.24,0.6904,3,B+,66.2,0.3807,38.07,0.473,47.3,0.3137,31.37,Flexible Learner,0.35,35.0,49.63,0,100,1856,B,64.92,176,32,509.85,16618,6
21,13.26,129.95,23.63,4.17,0.331,2,G,25,0.2,20.0,0.2763,27.63,0.0294,2.94,Fresh Starter,0.1,10.0,24.38,0,54,1857,G,32.64,110,21,278.55,16619,9
18,16.55,171.89,50.08,35.9,0.7298,2,B+,68.29,0.4787,47.87,0.6,60.0,0.3673,36.73,Deep Focus Learner,0.35,35.0,59.51,0,39,1858,C+,59.47,94,18,297.87,16620,3
40,10.22,93.73,50.57,34.29,0.6044,3,B,61.72,0.4561,45.61,0.4637,46.37,0.4151,41.51,Consistent Climber,0.4,40.0,50.61,0,94,1859,B,63.01,342,64,654.12,16621,6
40,9.94,102.16,45.12,36.36,0.5849,3,C+,58.94,0.4173,41.73,0.4634,46.34,0.3333,33.33,Flexible Learner,0.5,50.0,48.71,0,98,1860,B,62.14,254,53,526.8,16622,8
24,19.42,184.8,19.19,5.17,0.3476,3,G,25,0.1314,13.14,0.2549,25.49,0.0581,5.81,Fresh Starter,0.15,15.0,24.81,1,42,1861,G,27.7,137,24,466.15,16623,11
33,13.77,134.2,54.83,48.84,0.7561,4,A-,77.16,0.5602,56.02,0.5839,58.39,0.5217,52.17,Consistent Climber,0.75,75.0,66.31,0,42,1862,B+,69.6,241,45,619.6,16624,4
55,15.81,141.54,66.94,50.0,0.922,6,A+,92.98,0.6673,66.73,0.7163,71.63,0.598,59.8,High Achiever,0.65,65.0,78.77,5,98,1863,A,88.62,493,84,1327.67,16625,2
14,9.83,97.83,29.51,18.18,0.4821,2,D,45.88,0.2626,26.26,0.2632,26.32,0.2609,26.09,Deep Focus Learner,0.45,45.0,35.74,0,21,1864,G,37.6,99,20,196.63,16626,9
33,10.18,93.83,48.72,27.27,0.6737,6,B,61.82,0.4115,41.15,0.4022,40.22,0.4667,46.67,Flexible Learner,0.3,30.0,47.19,1,54,1865,C,54.11,209,39,397.12,16627,7
17,8.56,79.01,12.85,0.0,0.3069,3,G,25,0.1494,14.94,0.1585,15.85,0.0,0.0,Fresh Starter,0.25,25.0,17.7,0,73,1866,G,26.09,87,17,145.45,16628,8
36,16.22,158.03,63.98,50.52,0.8494,4,A,85.25,0.6008,60.08,0.6316,63.16,0.5817,58.17,Consistent Climber,0.75,75.0,77.53,4,42,1867,A-,74.85,248,45,729.73,16629,3
42,11.61,99.26,41.54,21.88,0.5953,5,B,63.14,0.3741,37.41,0.3925,39.25,0.2623,26.23,Consistent Climber,0.35,35.0,42.76,0,98,1868,C+,59.37,433,74,859.02,16630,10
46,14.98,156.71,59.35,36.64,0.7813,5,A-,79.65,0.5282,52.82,0.6099,60.99,0.4784,47.84,Consistent Climber,0.45,45.0,70.51,0,78,1869,A-,78.39,373,75,1123.23,16631,3
21,13.38,149.04,15.19,3.57,0.3397,2,G,25,0.1579,15.79,0.2653,26.53,0.0435,4.35,Fresh Starter,0.05,5.0,22.72,0,46,1870,G,23.9,95,21,281.08,16632,13
20,10.9,99.61,41.81,25.0,0.5988,4,C+,58.19,0.4286,42.86,0.4608,46.08,0.2353,23.53,Deep Focus Learner,0.45,45.0,46.29,1,42,1871,C,51.38,119,22,239.8,16633,8
16,9.2,85.05,19.87,12.5,0.4068,2,G,25,0.1529,15.29,0.1429,14.29,0.2,20.0,Fresh Starter,0.05,5.0,23.6,0,36,1872,G,28.65,85,16,147.23,16634,7
43,17.56,169.19,36.05,14.74,0.4687,3,E,42.92,0.2525,25.25,0.3776,37.76,0.1932,19.32,Flexible Learner,0.3,30.0,37.82,2,78,1873,D,49.33,305,55,965.88,16635,12
21,16.0,127.9,32.23,18.0,0.5066,2,D,48.91,0.3067,30.67,0.375,37.5,0.0571,5.71,Deep Focus Learner,0.35,35.0,31.17,0,46,1874,G,38.09,163,25,400.0,16636,11
22,8.48,78.75,39.79,34.15,0.4578,2,E,40.88,0.3505,35.05,0.3568,35.68,0.2667,26.67,Weekend Learner,0.25,25.0,37.18,0,66,1875,D,49.49,214,42,356.3,16637,10
21,14.58,126.55,43.02,11.43,0.6151,3,D,45.95,0.315,31.5,0.3696,36.96,0.1714,17.14,Fresh Starter,0.2,20.0,33.89,0,30,1876,E,40.08,127,21,306.28,16638,6
52,10.0,88.42,61.01,33.01,0.6888,5,A-,72.92,0.5874,58.74,0.6108,61.08,0.3659,36.59,Consistent Climber,0.75,75.0,59.17,1,90,1877,A-,73.3,429,78,779.88,16639,3
32,16.11,168.91,44.96,15.87,0.6493,4,B,61.41,0.3791,37.91,0.527,52.7,0.2778,27.78,Deep Focus Learner,0.25,25.0,52.22,1,70,1878,C+,57.82,182,36,579.93,16640,9
19,9.24,81.63,21.7,5.26,0.4066,2,G,27.73,0.2019,20.19,0.1957,19.57,0.25,25.0,Fresh Starter,0.1,10.0,24.92,0,56,1879,G,30.56,104,19,175.57,16641,11
13,11.39,122.18,27.4,0.0,0.4382,2,G,29.71,0.2258,22.58,0.1613,16.13,0.2903,29.03,Fresh Starter,0.3,30.0,33.59,1,19,1880,G,33.23,62,13,148.03,16642,8
8,10.82,109.18,38.86,8.33,0.5307,1,G,39.94,0.2564,25.64,0.2727,27.27,0.1667,16.67,Fresh Starter,0.35,35.0,29.57,1,24,1881,G,36.17,39,8,86.57,16643,5
22,10.31,99.66,50.48,23.33,0.6035,3,D,48.8,0.4911,49.11,0.5426,54.26,0.2222,22.22,Fresh Starter,0.6,60.0,52.54,1,42,1882,C+,56.19,112,22,226.87,16644,3
41,11.24,115.62,63.41,40.4,0.7949,5,A-,79.61,0.5866,58.66,0.6579,65.79,0.4615,46.15,Consistent Climber,0.6,60.0,72.53,2,98,1883,A,84.25,358,74,831.73,16645,2
39,15.75,143.71,59.92,33.6,0.7174,5,A-,73.55,0.5292,52.92,0.644,64.4,0.3419,34.19,Consistent Climber,0.55,55.0,60.32,2,58,1884,A-,70.57,308,53,835.0,16646,4
30,17.23,196.72,60.65,38.55,0.7371,3,A-,71.12,0.56,56.0,0.7308,73.08,0.4878,48.78,Deep Focus Learner,0.55,55.0,70.96,3,54,1885,A-,73.08,175,37,637.58,16647,3
27,12.31,103.94,36.04,16.33,0.5819,3,C,51.12,0.3538,35.38,0.3855,38.55,0.1724,17.24,Deep Focus Learner,0.3,30.0,37.61,0,58,1886,D,45.19,195,32,393.9,16648,8
16,16.57,151.4,42.19,22.22,0.6092,2,C+,58.01,0.4364,43.64,0.5441,54.41,0.2619,26.19,Deep Focus Learner,0.4,40.0,51.44,1,36,1887,D,47.56,110,19,314.78,16649,8
19,14.57,167.16,60.77,38.71,0.6717,3,B+,65.52,0.5773,57.73,0.6923,69.23,0.5352,53.52,Deep Focus Learner,0.35,35.0,72.21,1,64,1888,A-,73.95,97,21,306.02,16650,2
49,16.24,158.82,61.14,41.35,0.8207,4,A,81.54,0.5372,53.72,0.5752,57.52,0.5112,51.12,Consistent Climber,0.45,45.0,69.49,3,58,1889,A-,72.77,376,70,1136.83,16651,6
44,11.08,94.92,51.12,39.24,0.6298,5,B+,65.85,0.4851,48.51,0.5145,51.45,0.3276,32.76,Consistent Climber,0.6,60.0,52.98,0,42,1890,C+,58.2,369,64,709.27,16652,5
39,12.78,128.29,38.46,14.75,0.5115,3,D,48.9,0.3562,35.62,0.3788,37.88,0.3267,32.67,Flexible Learner,0.2,20.0,43.8,1,54,1891,D,46.87,233,46,587.7,16653,11
45,14.78,164.35,65.56,41.61,0.8267,5,A,80.71,0.5794,57.94,0.6695,66.95,0.5315,53.15,Consistent Climber,0.7,70.0,77.37,5,86,1892,A,83.15,340,72,1063.82,16654,5
42,10.73,113.96,50.79,34.78,0.6386,5,C+,58.83,0.4257,42.57,0.4545,45.45,0.3789,37.89,Flexible Learner,0.65,65.0,49.83,2,66,1893,C+,59.07,249,53,568.45,16655,7
18,14.62,149.88,29.64,12.5,0.456,2,E,44.53,0.2879,28.79,0.2857,28.57,0.2899,28.99,Weekend Learner,0.3,30.0,33.53,0,63,1894,E,40.23,132,26,380.02,16656,10
37,14.19,139.35,63.77,47.22,0.7508,4,A,80.36,0.5775,57.75,0.6506,65.06,0.4746,47.46,Consistent Climber,0.4,40.0,68.28,2,82,1895,A-,77.7,284,53,752.3,16657,2
23,12.94,119.05,13.49,3.23,0.3167,2,G,25,0.1484,14.84,0.1702,17.02,0.0882,8.82,Fresh Starter,0.2,20.0,20.1,0,82,1896,G,29.65,128,23,297.67,16658,11
31,9.36,90.53,41.35,21.05,0.5646,5,C,50.18,0.3861,38.61,0.4091,40.91,0.2308,23.08,Flexible Learner,0.5,50.0,40.35,1,30,1897,E,44.07,202,41,383.7,16659,11
12,10.02,102.58,40.82,18.18,0.55,2,E,42.62,0.339,33.9,0.3704,37.04,0.0,0.0,Fresh Starter,0.45,45.0,35.77,0,34,1898,E,44.16,59,12,120.18,16660,4
47,10.77,96.1,65.32,45.1,0.8272,5,A,85.3,0.6277,62.77,0.6388,63.88,0.5789,57.89,Consistent Climber,0.9,90.0,71.17,2,98,1899,A,82.53,411,75,807.77,16661,3
28,8.24,80.68,50.28,9.52,0.6251,4,B,63.22,0.4591,45.91,0.4892,48.92,0.25,25.0,Flexible Learner,0.6,60.0,50.5,1,66,1900,C+,57.73,159,33,272.0,16662,6
48,10.98,102.42,70.3,44.44,0.84,5,A,85.19,0.6211,62.11,0.6326,63.26,0.5733,57.33,Consistent Climber,0.45,45.0,69.02,6,74,1901,A-,79.21,388,72,790.67,16663,2
31,11.73,107.29,48.83,31.11,0.6855,3,B,63.92,0.4608,46.08,0.4843,48.43,0.3778,37.78,Deep Focus Learner,0.5,50.0,52.63,1,98,1902,B+,66.64,204,37,433.9,16664,8
37,11.16,100.85,63.55,47.89,0.7161,3,A-,75.74,0.5571,55.71,0.5776,57.76,0.4737,47.37,Consistent Climber,0.6,60.0,60.16,4,54,1903,A-,70.42,289,52,580.57,16665,4
38,9.81,90.67,31.1,15.38,0.4786,4,E,44.47,0.2913,29.13,0.307,30.7,0.2051,20.51,Flexible Learner,0.45,45.0,34.34,0,70,1904,E,43.35,254,48,470.8,16666,13
22,9.23,79.59,10.47,6.25,0.3592,2,G,25,0.1057,10.57,0.1121,11.21,0.0,0.0,Fresh Starter,0.15,15.0,11.25,0,46,1905,G,20,123,22,203.15,16667,11
24,12.66,124.09,43.24,35.71,0.6439,3,C+,59.7,0.4786,47.86,0.5281,52.81,0.3922,39.22,Deep Focus Learner,0.65,65.0,57.63,1,42,1906,C+,59.79,140,27,341.92,16668,7
28,13.98,135.34,59.42,45.61,0.7845,3,A-,73.2,0.5771,57.71,0.66,66.0,0.4667,46.67,Deep Focus Learner,0.55,55.0,71.03,3,82,1907,A-,76.89,175,33,461.48,16669,4
37,11.27,114.93,63.08,57.14,0.8174,4,A,84.29,0.6045,60.45,0.6284,62.84,0.5529,55.29,Consistent Climber,0.5,50.0,70.66,2,66,1908,A-,74.67,268,55,619.62,16670,5
20,8.14,83.62,30.14,12.5,0.4432,2,G,29.36,0.2872,28.72,0.2727,27.27,0.3529,35.29,Fresh Starter,0.35,35.0,33.09,0,58,1909,E,41.04,94,20,162.73,16671,11
20,14.5,155.64,47.95,26.67,0.6782,2,B,63.97,0.3789,37.89,0.4026,40.26,0.3628,36.28,Weekend Learner,0.4,40.0,50.38,2,66,1910,B,61.07,190,39,565.65,16672,10
40,10.54,94.56,42.78,26.42,0.6821,4,B,62.21,0.4157,41.57,0.412,41.2,0.4314,43.14,Flexible Learner,0.35,35.0,48.29,1,70,1911,C,54.83,267,49,516.4,16673,8
19,12.28,115.8,40.61,16.0,0.5835,2,E,44.82,0.3786,37.86,0.4026,40.26,0.3077,30.77,Fresh Starter,0.35,35.0,47.09,1,40,1912,D,49.41,103,19,233.27,16674,7
43,9.76,89.32,70.6,49.4,0.8374,5,A,87.26,0.6667,66.67,0.6727,67.27,0.6346,63.46,Consistent Climber,0.5,50.0,72.66,3,42,1913,A-,76.81,330,61,595.63,16675,0
22,13.9,124.57,32.8,14.55,0.519,2,D,45.21,0.3011,30.11,0.3333,33.33,0.2222,22.22,Weekend Learner,0.35,35.0,35.86,1,94,1914,D,48.77,186,32,444.73,16676,11
35,10.48,105.45,37.36,8.33,0.4892,3,E,43.34,0.3066,30.66,0.3063,30.63,0.3077,30.77,Flexible Learner,0.3,30.0,39.0,0,90,1915,C,51.91,212,44,461.27,16677,8
16,15.13,151.13,59.13,51.52,0.784,3,A-,72.78,0.5684,56.84,0.6047,60.47,0.5385,53.85,Deep Focus Learner,0.5,50.0,72.66,2,36,1916,B+,69.52,95,18,272.33,16678,3
46,10.65,85.85,55.35,41.57,0.6803,5,B+,68.12,0.5059,50.59,0.5052,50.52,0.5152,51.52,Consistent Climber,0.55,55.0,53.05,2,90,1917,B+,68.01,421,68,724.28,16679,6
27,14.23,145.54,39.01,21.43,0.5493,5,D,49.62,0.2635,26.35,0.1786,17.86,0.3152,31.52,Flexible Learner,0.2,20.0,40.44,1,66,1918,C,51.66,148,29,412.73,16680,7
9,13.86,118.81,32.68,18.75,0.5441,1,E,42.21,0.3333,33.33,0.4186,41.86,0.0,0.0,Fresh Starter,0.45,45.0,30.51,0,25,1919,G,33.88,54,9,124.78,16681,5
15,9.58,81.14,35.94,23.53,0.4904,2,G,39.04,0.3452,34.52,0.3733,37.33,0.1111,11.11,Fresh Starter,0.4,40.0,32.55,0,34,1920,G,38.91,84,15,143.67,16682,7
41,13.98,147.68,42.07,17.07,0.6223,5,B,60.87,0.338,33.8,0.415,41.5,0.2571,25.71,Consistent Climber,0.15,15.0,43.99,1,30,1921,D,45.57,287,59,824.9,16683,11
16,10.66,98.88,42.12,26.09,0.5209,2,C,51.57,0.39,39.0,0.3896,38.96,0.3913,39.13,Deep Focus Learner,0.35,35.0,46.78,0,64,1922,C,54.81,100,19,202.55,16684,7
23,10.71,109.66,52.69,32.31,0.7412,3,A-,71.54,0.5185,51.85,0.617,61.7,0.3333,33.33,Weekend Learner,0.55,55.0,60.94,2,78,1923,B+,69.97,216,45,482.0,16685,5
29,11.35,117.86,41.95,25.0,0.5596,5,C,54.58,0.3704,37.04,0.386,38.6,0.3333,33.33,Flexible Learner,0.35,35.0,42.35,1,42,1924,D,48.1,162,33,374.65,16686,9
24,15.16,151.19,57.3,43.64,0.7985,4,A-,74.44,0.5472,54.72,0.5921,59.21,0.506,50.6,Deep Focus Learner,0.65,65.0,68.82,3,90,1925,A-,77.08,159,30,454.77,16687,5
25,13.88,159.56,52.28,47.37,0.8145,2,A-,78.57,0.5847,58.47,0.6512,65.12,0.5467,54.67,Deep Focus Learner,0.6,60.0,79.02,0,86,1926,A-,79.24,118,26,360.95,16688,3
25,13.68,120.5,46.67,27.27,0.6286,3,C+,56.52,0.4426,44.26,0.4646,46.46,0.3929,39.29,Flexible Learner,0.5,50.0,49.68,0,54,1927,C,54.77,183,31,424.08,16689,7
28,12.53,143.54,30.0,16.67,0.4993,4,D,49.21,0.2612,26.12,0.2667,26.67,0.2584,25.84,Deep Focus Learner,0.2,20.0,37.38,0,42,1928,G,39.85,134,30,375.98,16690,10
35,10.32,104.29,49.68,27.27,0.6517,3,B,61.74,0.4645,46.45,0.5061,50.61,0.3191,31.91,Flexible Learner,0.5,50.0,54.62,0,62,1929,C+,57.98,211,43,443.78,16691,7
31,11.61,99.48,38.7,23.53,0.5573,3,C,53.5,0.3622,36.22,0.3158,31.58,0.4808,48.08,Flexible Learner,0.35,35.0,45.63,0,94,1930,C+,58.29,185,32,371.43,16692,10
21,20.59,201.05,39.88,24.0,0.5766,3,D,48.42,0.3707,37.07,0.5833,58.33,0.3152,31.52,Fresh Starter,0.25,25.0,53.9,1,30,1931,C,51.1,116,21,432.42,16693,7
26,14.64,141.53,30.19,8.57,0.4946,2,E,43.39,0.2428,24.28,0.2431,24.31,0.2424,24.24,Weekend Learner,0.25,25.0,31.82,0,82,1932,E,43.79,243,45,658.77,16694,12
27,9.41,90.09,27.4,13.04,0.4705,2,E,40.84,0.2125,21.25,0.211,21.1,0.2273,22.73,Weekend Learner,0.2,20.0,23.68,1,42,1933,G,32.46,240,48,451.63,16695,13
23,12.1,110.99,55.27,50.0,0.6848,2,B,63.97,0.5133,51.33,0.5146,51.46,0.5106,51.06,Flexible Learner,0.55,55.0,58.49,2,42,1934,B,63.03,150,28,338.77,16696,7
24,12.09,119.3,43.66,21.21,0.6025,2,C+,57.78,0.4143,41.43,0.4074,40.74,0.4237,42.37,Deep Focus Learner,0.3,30.0,55.66,0,58,1935,C+,57.63,140,27,326.53,16697,7
45,13.99,147.88,51.24,33.96,0.7087,5,B+,68.44,0.4743,47.43,0.5714,57.14,0.3813,38.13,Flexible Learner,0.5,50.0,60.6,3,66,1936,B+,67.8,272,55,769.43,16698,7
44,11.71,109.76,38.85,27.62,0.5984,5,C+,59.56,0.3756,37.56,0.3982,39.82,0.2921,29.21,Consistent Climber,0.15,15.0,42.49,1,90,1937,C+,55.96,418,78,913.72,16699,11
25,15.61,153.7,52.02,39.8,0.7388,3,A-,70.08,0.5103,51.03,0.5662,56.62,0.4393,43.93,Weekend Learner,0.6,60.0,64.42,0,54,1938,B+,67.39,243,45,702.32,16700,7
24,12.86,107.85,49.17,22.39,0.5927,2,C+,56.17,0.4745,47.45,0.5,50.0,0.375,37.5,Weekend Learner,0.2,20.0,53.29,2,66,1939,B,61.68,274,45,578.82,16701,8
18,11.69,141.47,27.22,29.41,0.4929,3,G,32.49,0.28,28.0,0.3846,38.46,0.2245,22.45,Fresh Starter,0.25,25.0,39.9,0,27,1940,G,35.0,75,18,210.48,16702,9
22,16.51,160.53,38.0,20.0,0.5314,2,C,50.14,0.3004,30.04,0.3929,39.29,0.2544,25.44,Weekend Learner,0.35,35.0,42.12,1,90,1941,C,53.42,253,46,759.62,16703,12
19,12.23,119.89,33.92,13.79,0.5879,2,C,54.64,0.3172,31.72,0.3438,34.38,0.2653,26.53,Weekend Learner,0.3,30.0,40.02,1,64,1942,D,47.68,145,28,342.47,16704,10
23,14.5,161.39,43.09,17.91,0.5784,2,C,53.91,0.3478,34.78,0.4778,47.78,0.2479,24.79,Weekend Learner,0.55,55.0,50.38,2,90,1943,C+,59.22,207,44,637.87,16705,10
20,16.02,150.81,53.29,26.09,0.7352,3,B+,66.05,0.4074,40.74,0.4179,41.79,0.3971,39.71,Deep Focus Learner,0.15,15.0,59.16,3,66,1944,B+,67.02,135,24,384.53,16706,5
23,13.19,126.12,55.14,36.84,0.72,3,B+,68.8,0.4857,48.57,0.543,54.3,0.339,33.9,Weekend Learner,0.5,50.0,58.33,3,66,1945,B+,65.06,210,39,514.35,16707,6
18,9.76,79.34,51.38,35.14,0.5608,2,C+,55.12,0.4216,42.16,0.4142,41.42,0.5,50.0,Weekend Learner,0.3,30.0,47.2,3,63,1946,C+,56.18,185,31,302.57,16708,7
15,15.07,161.95,39.57,12.0,0.5358,2,E,41.36,0.3014,30.14,0.3235,32.35,0.2821,28.21,Fresh Starter,0.2,20.0,34.44,1,22,1947,G,38.91,73,15,226.08,16709,7
40,13.21,143.99,49.81,39.51,0.6618,5,B+,66.67,0.493,49.3,0.5276,52.76,0.4654,46.54,Consistent Climber,0.55,55.0,63.99,0,98,1948,A-,72.92,286,60,792.63,16710,7
21,14.98,132.27,39.91,18.37,0.5205,3,C,50.58,0.3356,33.56,0.381,38.1,0.2273,22.73,Deep Focus Learner,0.35,35.0,41.9,0,30,1949,E,44.86,149,25,374.52,16711,9
31,10.99,114.48,66.49,41.67,0.7588,4,A-,75.65,0.6209,62.09,0.6748,67.48,0.5085,50.85,Flexible Learner,0.75,75.0,72.94,5,94,1950,A,86.38,182,38,417.52,16712,3
44,9.16,81.15,54.17,39.22,0.669,4,B+,65.05,0.5088,50.88,0.5347,53.47,0.3421,34.21,Flexible Learner,0.75,75.0,51.56,1,42,1951,C+,55.59,283,53,485.57,16713,5
37,10.75,93.64,49.8,25.71,0.6471,4,B+,65.49,0.4393,43.93,0.4436,44.36,0.4167,41.67,Consistent Climber,0.45,45.0,49.45,1,66,1952,C+,58.99,305,53,569.65,16714,7
43,11.47,105.74,57.76,44.3,0.7421,5,A-,72.93,0.5522,55.22,0.5984,59.84,0.3396,33.96,Flexible Learner,0.4,40.0,63.51,1,98,1953,A-,73.89,297,54,619.28,16715,5
30,13.61,120.19,62.34,39.18,0.7626,3,A,81.84,0.5153,51.53,0.5539,55.39,0.3793,37.93,Consistent Climber,0.4,40.0,61.18,3,54,1954,B+,69.85,262,45,612.47,16716,3
24,13.41,138.28,57.14,26.42,0.7773,4,A-,73.34,0.4931,49.31,0.5455,54.55,0.4107,41.07,Deep Focus Learner,0.6,60.0,64.13,3,54,1955,B+,69.98,144,29,388.78,16717,4
39,11.63,114.88,60.6,51.02,0.7755,4,A,80.71,0.5955,59.55,0.5742,57.42,0.6381,63.81,Consistent Climber,0.7,70.0,72.97,1,98,1956,A,82.45,314,61,709.53,16718,2
23,12.34,117.44,47.23,31.67,0.615,3,C+,57.28,0.4518,45.18,0.5159,51.59,0.3099,30.99,Weekend Learner,0.3,30.0,52.13,0,42,1957,C+,55.08,228,42,518.45,16719,8
32,15.1,141.8,42.45,14.81,0.5239,5,D,48.65,0.3857,38.57,0.4396,43.96,0.3445,34.45,Deep Focus Learner,0.45,45.0,48.11,0,70,1958,C,54.65,210,38,573.93,16720,9
24,12.56,137.67,21.2,9.38,0.3969,3,G,25,0.1504,15.04,0.1833,18.33,0.1132,11.32,Fresh Starter,0.1,10.0,23.69,0,42,1959,G,30.05,113,24,301.45,16721,9
44,15.01,139.93,66.81,48.15,0.8257,4,A,82.52,0.6309,63.09,0.7277,72.77,0.5089,50.89,Consistent Climber,0.4,40.0,75.42,3,58,1960,A-,73.8,382,68,1020.68,16722,3
39,11.32,98.22,39.72,26.39,0.5356,4,C,51.37,0.4043,40.43,0.4027,40.27,0.4118,41.18,Flexible Learner,0.25,25.0,45.24,0,82,1961,C+,56.36,277,48,543.23,16723,10
53,14.52,143.98,70.57,38.61,0.8384,5,A,87.07,0.593,59.3,0.6332,63.32,0.5385,53.85,Consistent Climber,0.75,75.0,71.04,8,98,1962,A,83.69,398,75,1089.08,16724,4
22,9.9,100.18,44.78,24.32,0.6066,2,C+,55.12,0.3904,39.04,0.434,43.4,0.2899,28.99,Weekend Learner,0.25,25.0,45.58,0,42,1963,C,50.41,228,48,475.33,16725,9
15,10.97,122.96,58.51,20.0,0.6165,2,C+,57.6,0.4667,46.67,0.4844,48.44,0.4464,44.64,Weekend Learner,0.35,35.0,57.84,4,58,1964,B+,65.59,120,27,296.07,16726,6
21,11.24,116.84,43.99,21.82,0.619,2,C+,56.89,0.4444,44.44,0.4848,48.48,0.3478,34.78,Weekend Learner,0.3,30.0,53.75,1,66,1965,C+,57.69,234,48,539.38,16727,9
44,11.5,110.44,51.62,42.57,0.6352,5,B+,68.5,0.4918,49.18,0.5379,53.79,0.3516,35.16,Consistent Climber,0.4,40.0,57.15,0,98,1966,B+,68.71,368,70,805.05,16728,7
38,12.98,113.18,41.24,26.73,0.6667,3,B+,66.51,0.4016,40.16,0.4042,40.42,0.3929,39.29,Consistent Climber,0.4,40.0,47.42,0,42,1967,D,49.58,371,63,817.8,16729,10
22,11.2,94.37,35.27,25.64,0.5371,2,D,49.99,0.3081,30.81,0.2968,29.68,0.4118,41.18,Flexible Learner,0.5,50.0,34.58,0,66,1968,E,42.38,172,29,324.88,16730,9
19,13.82,150.64,62.42,37.7,0.7076,2,B+,65.13,0.5312,53.12,0.6061,60.61,0.4921,49.21,Weekend Learner,0.65,65.0,66.85,4,52,1969,A-,70.88,192,40,552.87,16731,4
25,16.01,163.93,46.84,27.91,0.6557,3,B,64.73,0.4476,44.76,0.5053,50.53,0.4118,41.18,Weekend Learner,0.6,60.0,62.01,0,66,1970,B+,67.41,248,48,768.28,16732,9
46,10.61,95.79,68.0,53.03,0.8231,5,A,84.44,0.6667,66.67,0.6893,68.93,0.5455,54.55,Consistent Climber,0.5,50.0,73.38,1,98,1971,A,85.52,420,76,806.6,16733,0
21,15.22,169.13,33.17,11.54,0.5279,3,G,38.38,0.2525,25.25,0.2857,28.57,0.2344,23.44,Fresh Starter,0.15,15.0,33.27,1,30,1972,G,36.78,99,21,319.52,16734,9
21,8.26,91.57,37.27,18.18,0.4909,3,G,38.57,0.3556,35.56,0.386,38.6,0.303,30.3,Fresh Starter,0.45,45.0,42.19,0,42,1973,E,44.41,90,21,173.4,16735,8
28,10.7,98.06,26.18,9.09,0.4855,2,E,43.0,0.25,25.0,0.25,25.0,0.25,25.0,Deep Focus Learner,0.35,35.0,31.6,0,42,1974,G,35.74,176,33,353.2,16736,12
23,10.78,97.94,59.71,46.34,0.736,3,A-,70.68,0.5833,58.33,0.6179,61.79,0.381,38.1,Deep Focus Learner,0.65,65.0,60.44,2,42,1975,B,64.7,144,27,290.95,16737,4
31,9.63,87.85,49.34,39.02,0.6089,4,B,61.45,0.4898,48.98,0.5,50.0,0.4231,42.31,Deep Focus Learner,0.5,50.0,53.69,0,90,1976,B+,66.68,196,37,356.28,16738,7
30,13.85,126.45,47.87,36.36,0.6555,3,B,61.88,0.4732,47.32,0.5259,52.59,0.3714,37.14,Deep Focus Learner,0.4,40.0,52.79,1,30,1977,C,52.82,205,36,498.58,16739,6
24,22.03,207.45,37.03,7.32,0.4978,2,E,42.64,0.2179,21.79,0.3929,39.29,0.1329,13.29,Weekend Learner,0.1,10.0,31.26,0,54,1978,E,41.71,257,44,969.32,16740,8
25,14.5,139.06,19.87,10.0,0.4514,6,E,40.97,0.1953,19.53,0.2267,22.67,0.1702,17.02,Flexible Learner,0.2,20.0,25.48,0,30,1979,G,26.28,169,31,449.42,16741,14
51,14.44,135.22,77.11,53.33,0.9478,6,A+,98,0.7282,72.82,0.7967,79.67,0.6082,60.82,High Achiever,0.8,80.0,82.47,10,94,1980,A+,94.48,471,85,1227.63,16742,2
20,18.39,193.22,47.45,35.94,0.738,2,A-,72.28,0.4867,48.67,0.6286,62.86,0.4231,42.31,Deep Focus Learner,0.55,55.0,66.17,1,42,1981,B,63.88,113,22,404.53,16743,4
48,15.54,159.91,46.3,25.98,0.6358,5,B,64.5,0.4108,41.08,0.5155,51.55,0.3301,33.01,Consistent Climber,0.35,35.0,52.32,0,70,1982,C+,59.27,370,72,1118.9,16744,8
17,13.48,127.57,34.13,9.68,0.5154,2,D,47.1,0.3212,32.12,0.3333,33.33,0.3,30.0,Weekend Learner,0.5,50.0,37.15,1,61,1983,E,42.74,137,25,337.07,16745,7
48,16.1,165.02,68.35,46.63,0.8474,5,A,85.26,0.5805,58.05,0.6519,65.19,0.5357,53.57,Consistent Climber,0.4,40.0,72.34,5,86,1984,A,82.2,410,80,1288.1,16746,3
25,16.4,164.5,35.32,15.19,0.5834,2,C,53.53,0.3543,35.43,0.475,47.5,0.2989,29.89,Weekend Learner,0.45,45.0,49.46,1,42,1985,D,48.69,254,48,787.12,16747,11
32,10.37,87.09,44.17,23.91,0.643,3,B,61.72,0.4157,41.57,0.4249,42.49,0.3529,35.29,Consistent Climber,0.35,35.0,44.41,0,54,1986,C,51.68,267,46,476.85,16748,8
20,10.93,102.91,54.17,34.38,0.7081,2,B+,67.31,0.5238,52.38,0.5882,58.82,0.25,25.0,Deep Focus Learner,0.65,65.0,57.61,1,46,1987,C+,59.97,105,20,218.63,16749,3
43,10.76,95.14,35.41,12.73,0.4956,9,E,43.7,0.2905,29.05,0.3156,31.56,0.1731,17.31,Flexible Learner,0.4,40.0,33.12,0,42,1988,E,41.95,296,53,570.37,16750,13
23,13.92,132.07,35.45,11.76,0.5398,2,D,49.45,0.3146,31.46,0.3953,39.53,0.1905,19.05,Weekend Learner,0.5,50.0,38.81,0,54,1989,E,42.0,213,39,542.87,16751,10
42,16.11,177.23,60.37,44.74,0.781,4,A-,79.08,0.5245,52.45,0.5682,56.82,0.5028,50.28,Consistent Climber,0.55,55.0,67.86,4,86,1990,A-,75.83,265,55,886.2,16752,4
40,11.54,113.93,48.68,25.0,0.6833,5,B,61.54,0.4576,45.76,0.4837,48.37,0.4023,40.23,Flexible Learner,0.6,60.0,51.61,1,100,1991,B+,65.28,271,53,611.77,16753,7
32,12.67,126.81,38.0,18.37,0.6076,4,C+,57.12,0.3552,35.52,0.3629,36.29,0.339,33.9,Deep Focus Learner,0.55,55.0,50.76,1,66,1992,C,53.92,183,36,455.97,16754,11
15,12.27,113.5,26.68,20.83,0.4959,2,D,47.09,0.2901,29.01,0.3059,30.59,0.2609,26.09,Weekend Learner,0.5,50.0,36.15,0,46,1993,G,39.06,131,24,294.5,16755,10
18,12.28,126.63,43.68,29.55,0.6312,2,B,60.93,0.4157,41.57,0.4667,46.67,0.3425,34.25,Weekend Learner,0.5,50.0,50.27,1,51,1994,C,52.2,178,36,442.17,16756,5
39,11.63,118.79,38.92,23.81,0.5136,3,D,49.06,0.4042,40.42,0.4323,43.23,0.3529,35.29,Flexible Learner,0.25,25.0,50.44,0,66,1995,C+,55.83,240,49,569.97,16757,10
16,16.28,161.45,16.55,5.88,0.3985,4,G,26.25,0.1628,16.28,0.2273,22.73,0.0952,9.52,Fresh Starter,0.3,30.0,23.33,0,36,1996,G,26.19,86,16,260.48,16758,9
32,22.32,234.11,54.59,29.7,0.773,3,A-,74.4,0.4302,43.02,0.3478,34.78,0.4423,44.23,Flexible Learner,0.35,35.0,66.53,1,54,1997,B+,67.4,179,34,758.87,16759,3
49,10.87,106.37,67.98,45.78,0.8914,5,A+,92.41,0.649,64.9,0.7059,70.59,0.5306,53.06,High Achiever,0.55,55.0,74.17,4,86,1998,A,83.83,302,59,641.27,16760,2
44,11.08,95.33,53.48,36.84,0.6521,7,B,64.42,0.5093,50.93,0.5277,52.77,0.4118,41.18,Flexible Learner,0.3,30.0,56.35,1,98,1999,A-,70.28,322,55,609.48,16761,6
24,9.54,91.31,51.83,39.58,0.6654,2,B,64.64,0.4978,49.78,0.5,50.0,0.4884,48.84,Weekend Learner,0.3,30.0,56.42,4,78,2000,B,62.72,227,45,429.18,16762,9
12,10.84,111.72,6.68,0.0,0.3794,1,G,25,0.0833,8.33,0.1143,11.43,0.04,4.0,Fresh Starter,0.1,10.0,19.8,0,46,2001,G,20,60,12,130.05,16763,9
36,13.69,131.69,68.32,54.4,0.8551,5,A,86.53,0.635,63.5,0.6734,67.34,0.5748,57.48,Consistent Climber,0.75,75.0,75.93,4,42,2002,A-,76.91,326,60,821.5,16764,1
19,11.76,112.7,17.87,9.52,0.309,2,G,25,0.1386,13.86,0.1646,16.46,0.0455,4.55,Fresh Starter,0.2,20.0,17.44,0,44,2003,G,24.98,101,19,223.43,16765,9
42,9.46,85.67,58.29,46.77,0.6632,5,A-,72.14,0.5407,54.07,0.5611,56.11,0.4222,42.22,Consistent Climber,0.7,70.0,58.43,1,46,2004,B+,65.44,307,58,548.57,16766,6
42,16.67,163.11,55.19,40.19,0.759,4,A-,72.5,0.5127,51.27,0.5806,58.06,0.457,45.7,Flexible Learner,0.45,45.0,67.29,2,54,2005,B+,67.46,275,51,850.32,16767,7
42,13.79,148.72,50.78,28.26,0.7449,9,B+,69.06,0.4525,45.25,0.5255,52.55,0.373,37.3,Flexible Learner,0.3,30.0,57.59,1,54,2006,B,60.85,263,55,758.22,16768,7
45,14.07,152.79,65.98,46.92,0.8275,6,A,85.66,0.5698,56.98,0.6612,66.12,0.4702,47.02,High Achiever,0.55,55.0,73.76,5,42,2007,A-,74.79,351,73,1027.23,16769,4
23,17.51,166.06,17.42,1.96,0.3094,3,G,25,0.1406,14.06,0.1818,18.18,0.0968,9.68,Fresh Starter,0.25,25.0,21.0,0,42,2008,G,24.08,128,23,402.65,16770,10
31,11.43,104.69,57.67,48.15,0.7167,4,B+,68.85,0.5351,53.51,0.5887,58.87,0.3636,36.36,Flexible Learner,0.6,60.0,55.7,2,54,2009,B,61.46,185,34,388.47,16771,5
39,11.06,91.03,68.44,48.65,0.8024,4,A,85.05,0.6116,61.16,0.64,64.0,0.4615,46.15,High Achiever,0.65,65.0,66.57,3,90,2010,A-,77.75,327,54,597.27,16772,3
46,10.07,99.41,46.15,36.99,0.5969,4,B,60.8,0.4293,42.93,0.4444,44.44,0.3838,38.38,Consistent Climber,0.45,45.0,51.64,0,98,2011,B+,68.34,396,79,795.63,16773,8
40,12.64,115.87,37.59,19.1,0.5852,4,B,60.14,0.3276,32.76,0.3643,36.43,0.2258,22.58,Consistent Climber,0.1,10.0,40.81,0,98,2012,C,53.95,351,63,796.37,16774,12
33,9.69,93.97,29.82,16.67,0.4819,3,E,42.15,0.2667,26.67,0.2857,28.57,0.1905,19.05,Flexible Learner,0.25,25.0,29.72,0,66,2013,G,37.42,210,41,397.38,16775,13
40,13.61,145.35,61.87,32.53,0.7899,5,A,83.98,0.5451,54.51,0.5537,55.37,0.5385,53.85,Consistent Climber,0.25,25.0,72.45,3,94,2014,A,80.99,277,57,775.77,16776,4
26,14.27,143.97,34.98,10.96,0.4678,2,D,45.65,0.2702,27.02,0.3534,35.34,0.1739,17.39,Weekend Learner,0.2,20.0,31.57,1,90,2015,D,47.72,248,48,684.9,16777,13
27,15.96,147.19,34.38,17.02,0.5405,3,D,46.26,0.2912,29.12,0.2903,29.03,0.2921,29.21,Flexible Learner,0.25,25.0,37.43,0,42,2016,E,40.2,182,32,510.6,16778,10
40,11.27,112.78,39.89,13.79,0.5063,3,D,49.56,0.3362,33.62,0.3476,34.76,0.3099,30.99,Flexible Learner,0.2,20.0,41.23,0,94,2017,C+,58.04,235,47,529.57,16779,10
35,11.73,111.87,39.79,16.42,0.5131,4,C,50.62,0.3132,31.32,0.33,33.0,0.2581,25.81,Flexible Learner,0.2,20.0,36.02,2,42,2018,E,43.81,265,50,586.28,16780,12
26,11.32,97.96,49.25,32.35,0.6249,3,C+,58.5,0.4154,41.54,0.4298,42.98,0.3409,34.09,Weekend Learner,0.35,35.0,47.04,0,78,2019,C+,59.88,272,47,532.22,16781,6
41,15.3,169.18,48.48,36.36,0.6867,7,B,63.86,0.4033,40.33,0.4348,43.48,0.3908,39.08,Flexible Learner,0.65,65.0,57.95,0,100,2020,A-,71.77,243,51,780.37,16782,7
16,11.16,101.73,53.4,52.94,0.7154,2,B+,68.4,0.5833,58.33,0.5657,56.57,0.6667,66.67,Weekend Learner,0.85,85.0,65.89,1,48,2021,B+,67.45,120,22,245.58,16783,5
44,13.5,129.97,57.95,31.71,0.7534,5,A-,76.08,0.547,54.7,0.6528,65.28,0.3904,39.04,Consistent Climber,0.65,65.0,65.17,3,98,2022,A-,77.36,362,67,904.7,16784,3
35,16.39,176.02,58.56,36.08,0.7952,4,A,80.42,0.5385,53.85,0.5357,53.57,0.5399,53.99,Consistent Climber,0.85,85.0,74.5,4,90,2023,A,80.15,247,50,819.4,16785,7
41,12.29,118.91,43.07,23.19,0.6005,6,C+,58.05,0.3971,39.71,0.4757,47.57,0.169,16.9,Flexible Learner,0.2,20.0,43.19,1,54,2024,C,50.3,277,52,638.92,16786,9
31,11.56,111.97,45.31,22.92,0.656,4,C+,59.77,0.4352,43.52,0.4718,47.18,0.3333,33.33,Flexible Learner,0.45,45.0,49.6,1,30,2025,D,48.58,193,37,427.87,16787,8
36,9.34,86.65,57.43,48.89,0.6632,4,B+,68.67,0.5609,56.09,0.5686,56.86,0.5,50.0,Consistent Climber,0.7,70.0,62.02,1,86,2026,A-,72.73,230,46,429.57,16788,5
38,14.08,134.48,71.32,46.81,0.8133,5,A,85.36,0.6531,65.31,0.7267,72.67,0.5492,54.92,Consistent Climber,0.8,80.0,73.02,6,54,2027,A-,79.19,294,54,760.07,16789,1
26,12.37,113.34,50.55,42.0,0.7466,3,A-,72.82,0.5148,51.48,0.5455,54.55,0.4054,40.54,Flexible Learner,0.55,55.0,61.9,1,30,2028,B,61.39,169,30,371.1,16790,5
28,10.26,94.02,52.21,38.64,0.7108,5,B+,66.84,0.5537,55.37,0.5772,57.72,0.4286,42.86,Deep Focus Learner,0.65,65.0,58.79,2,42,2029,C+,59.3,177,33,338.7,16791,5
46,15.5,160.29,54.89,35.61,0.7125,5,B+,69.71,0.4777,47.77,0.5634,56.34,0.4268,42.68,Consistent Climber,0.4,40.0,62.72,1,82,2030,A-,73.45,381,74,1147.07,16792,7
27,16.12,174.37,36.38,19.3,0.553,3,C,50.18,0.2925,29.25,0.3091,30.91,0.2826,28.26,Deep Focus Learner,0.2,20.0,41.59,1,54,2031,D,45.61,147,30,483.73,16793,9
25,12.23,139.48,33.23,24.14,0.4894,3,E,42.21,0.3423,34.23,0.44,44.0,0.2623,26.23,Deep Focus Learner,0.35,35.0,38.83,0,54,2032,D,46.78,111,25,305.72,16794,9
22,12.58,120.2,35.32,25.0,0.5976,2,E,43.58,0.3077,30.77,0.3297,32.97,0.2308,23.08,Fresh Starter,0.6,60.0,35.29,1,42,2033,G,39.79,117,22,276.77,16795,8
38,13.2,132.56,49.78,22.95,0.6387,3,B,61.6,0.4258,42.58,0.4662,46.62,0.3553,35.53,Flexible Learner,0.5,50.0,54.22,3,78,2034,B,63.78,209,40,528.02,16796,9
27,8.99,78.34,66.54,52.38,0.8025,2,A-,78.25,0.6557,65.57,0.6607,66.07,0.6,60.0,Deep Focus Learner,0.65,65.0,68.34,3,66,2035,A-,78.39,183,33,296.82,16797,0
60,9.97,94.58,71.48,63.7,0.8532,6,A,87.23,0.7121,71.21,0.7236,72.36,0.6406,64.06,High Achiever,0.7,70.0,75.94,6,98,2036,A,86.57,462,89,887.17,16798,1
56,15.14,152.72,60.1,42.37,0.7896,4,A,80.73,0.5573,55.73,0.6141,61.41,0.493,49.3,High Achiever,0.5,50.0,73.57,3,98,2037,A,82.87,454,87,1316.98,16799,4
38,14.22,141.69,48.7,40.24,0.6803,5,B+,68.26,0.4621,46.21,0.5154,51.54,0.415,41.5,Consistent Climber,0.6,60.0,60.34,1,42,2038,C+,58.89,277,53,753.67,16800,9
44,12.43,139.85,46.88,32.35,0.6835,5,A-,70.62,0.4476,44.76,0.5455,54.55,0.3696,36.96,Consistent Climber,0.15,15.0,59.93,0,98,2039,B+,68.03,248,54,671.03,16801,9
23,11.48,113.61,56.67,40.0,0.6303,3,C+,58.08,0.5,50.0,0.4855,48.55,0.5323,53.23,Weekend Learner,0.45,45.0,58.35,3,30,2040,C+,59.36,200,40,459.37,16802,7
36,13.41,123.72,31.32,15.38,0.5113,4,D,46.91,0.2682,26.82,0.328,32.8,0.12,12.0,Flexible Learner,0.2,20.0,30.78,1,100,2041,D,46.91,261,47,630.25,16803,12
40,13.49,148.25,49.34,30.93,0.6044,4,B+,66.89,0.4647,46.47,0.5455,54.55,0.4061,40.61,Consistent Climber,0.45,45.0,61.58,1,74,2042,B+,66.2,340,72,971.6,16804,8
43,12.56,120.09,69.11,49.14,0.8227,3,A,86.7,0.64,64.0,0.6867,68.67,0.547,54.7,High Achiever,0.6,60.0,75.17,4,98,2043,A,86.29,350,66,829.18,16805,3
17,9.67,95.54,24.89,4.55,0.4426,2,G,37.16,0.2393,23.93,0.2581,25.81,0.1667,16.67,Weekend Learner,0.3,30.0,24.06,0,37,2044,G,28.34,117,24,231.98,16806,11
40,15.99,170.17,38.68,17.65,0.6168,5,C+,58.26,0.3484,34.84,0.4694,46.94,0.2671,26.71,Flexible Learner,0.3,30.0,51.31,0,70,2045,C+,57.22,244,49,783.33,16807,11
46,10.57,98.12,63.67,40.21,0.7811,5,A,80.16,0.5745,57.45,0.5904,59.04,0.5132,51.32,Consistent Climber,0.5,50.0,64.12,3,98,2046,A-,79.45,369,69,729.57,16808,4
20,10.88,125.13,28.33,10.53,0.4121,3,G,27.64,0.2209,22.09,0.2564,25.64,0.1915,19.15,Fresh Starter,0.4,40.0,27.71,0,42,2047,G,32.28,86,20,217.7,16809,8
45,9.74,85.65,63.58,48.35,0.7818,5,A,80.75,0.6047,60.47,0.6163,61.63,0.5294,52.94,Consistent Climber,0.5,50.0,65.51,2,90,2048,A-,77.51,382,69,672.18,16810,4
30,13.45,127.54,35.51,27.08,0.5595,4,D,47.66,0.3782,37.82,0.434,43.4,0.3103,31.03,Deep Focus Learner,0.55,55.0,48.17,0,46,2049,C,50.37,193,36,484.3,16811,12
29,12.13,140.49,34.45,13.89,0.4926,3,D,47.08,0.2814,28.14,0.2241,22.41,0.3119,31.19,Flexible Learner,0.4,40.0,41.63,1,54,2050,D,47.97,167,38,460.9,16812,10
12,14.72,179.5,37.61,16.67,0.6066,2,E,43.45,0.2885,28.85,0.4,40.0,0.2432,24.32,Fresh Starter,0.2,20.0,45.5,1,18,2051,E,42.22,52,12,176.7,16813,7
27,10.2,90.23,46.39,25.0,0.6809,4,B+,65.82,0.4494,44.94,0.4462,44.62,0.4643,46.43,Deep Focus Learner,0.45,45.0,54.45,0,66,2052,B,62.55,158,29,295.9,16814,5
40,12.62,115.68,35.94,20.0,0.5043,6,D,47.48,0.296,29.6,0.3112,31.12,0.2407,24.07,Flexible Learner,0.4,40.0,34.53,1,74,2053,D,46.12,250,45,567.98,16815,13
22,9.12,86.38,36.45,26.09,0.6058,2,D,49.87,0.375,37.5,0.4,40.0,0.1667,16.67,Fresh Starter,0.1,10.0,42.2,0,58,2054,D,45.93,112,22,200.53,16816,7
50,13.84,139.34,74.63,57.86,0.9444,5,A+,96.98,0.6937,69.37,0.771,77.1,0.6022,60.22,High Achiever,0.65,65.0,79.62,8,90,2055,A+,90.66,395,77,1065.6,16817,0
46,9.91,93.06,50.73,28.57,0.6042,5,B,62.74,0.4555,45.55,0.4754,47.54,0.3864,38.64,Consistent Climber,0.55,55.0,50.71,0,98,2056,B+,66.56,393,76,753.47,16818,6
30,11.61,96.48,51.8,36.73,0.6888,2,B,62.58,0.4857,48.57,0.4888,48.88,0.4688,46.88,Flexible Learner,0.45,45.0,56.2,1,42,2057,C+,59.83,210,35,406.45,16819,6
26,12.16,131.15,50.48,28.0,0.6643,3,B,61.3,0.483,48.3,0.5303,53.03,0.4444,44.44,Flexible Learner,0.4,40.0,60.08,1,42,2058,B,61.45,147,31,377.03,16820,5
18,11.83,132.78,51.27,22.22,0.6526,2,B,63.57,0.451,45.1,0.4706,47.06,0.4314,43.14,Weekend Learner,0.35,35.0,57.18,3,51,2059,C+,59.8,102,23,272.0,16821,5
44,13.28,118.93,59.07,44.22,0.8154,5,A,81.24,0.6161,61.61,0.657,65.7,0.49,49.0,Consistent Climber,0.6,60.0,71.46,2,66,2060,A-,73.51,409,71,942.6,16822,2
12,10.06,81.33,21.89,10.0,0.3789,1,G,25,0.1667,16.67,0.1607,16.07,0.1875,18.75,Fresh Starter,0.1,10.0,25.77,0,34,2061,G,28.97,72,12,120.75,16823,7
56,11.07,93.61,74.21,52.24,0.8918,6,A+,93.12,0.6951,69.51,0.7471,74.71,0.4286,42.86,High Achiever,0.75,75.0,72.76,6,98,2062,A,88.88,515,87,962.73,16824,0
20,11.6,99.23,35.07,4.35,0.5887,2,D,45.79,0.3158,31.58,0.3298,32.98,0.25,25.0,Fresh Starter,0.4,40.0,36.9,0,42,2063,G,39.01,114,20,231.93,16825,9
24,16.4,156.17,30.91,11.54,0.5268,3,D,49.03,0.2778,27.78,0.4074,40.74,0.1481,14.81,Flexible Learner,0.4,40.0,34.06,0,42,2064,G,37.58,162,29,475.7,16826,12
18,13.12,121.38,53.55,42.22,0.7287,2,B+,69.73,0.4797,47.97,0.5165,51.65,0.375,37.5,Weekend Learner,0.5,50.0,57.21,0,51,2065,B,64.06,123,22,288.58,16827,3
9,9.56,85.04,22.3,0.0,0.3434,1,G,25,0.2245,22.45,0.2391,23.91,0.0,0.0,Fresh Starter,0.2,20.0,22.73,0,25,2066,G,27.91,49,9,86.02,16828,6
34,11.94,121.29,35.57,19.57,0.4918,3,E,43.58,0.3155,31.55,0.3333,33.33,0.2857,28.57,Flexible Learner,0.35,35.0,43.17,0,78,2067,C,50.99,206,42,501.63,16829,11
39,17.89,187.9,51.17,29.71,0.7586,5,A-,78.09,0.4615,46.15,0.5204,52.04,0.4346,43.46,Consistent Climber,0.5,50.0,67.81,0,42,2068,B,62.53,312,61,1091.18,16830,8
24,10.25,100.24,15.53,5.56,0.3269,3,G,25,0.1333,13.33,0.1556,15.56,0.0667,6.67,Fresh Starter,0.2,20.0,18.51,0,54,2069,G,25.61,120,24,246.03,16831,11
43,14.96,155.21,57.82,41.35,0.7656,5,A-,76.88,0.5165,51.65,0.5935,59.35,0.4593,45.93,Consistent Climber,0.5,50.0,69.47,2,94,2070,A-,78.62,364,72,1077.28,16832,6
18,16.72,172.96,13.49,6.06,0.3106,3,G,25,0.1196,11.96,0.1489,14.89,0.0889,8.89,Fresh Starter,0.05,5.0,24.88,0,55,2071,G,27.6,92,18,301.02,16833,10
9,12.3,127.59,35.0,9.09,0.4658,2,G,32.34,0.3182,31.82,0.28,28.0,0.3684,36.84,Fresh Starter,0.2,20.0,40.0,1,13,2072,G,38.2,44,9,110.73,16834,5
36,10.82,99.57,56.89,46.03,0.7174,4,B+,66.03,0.5806,58.06,0.6209,62.09,0.3714,37.14,Flexible Learner,0.6,60.0,62.74,2,42,2073,B+,68.61,217,41,443.48,16835,4
43,12.57,114.1,66.19,46.79,0.7887,5,A-,77.03,0.5767,57.67,0.6008,60.08,0.4932,49.32,Consistent Climber,0.45,45.0,65.36,4,90,2074,A-,79.17,326,58,728.85,16836,2
35,11.21,102.63,48.07,38.24,0.6413,3,B+,67.85,0.4747,47.47,0.4857,48.57,0.4255,42.55,Consistent Climber,0.5,50.0,55.48,0,78,2075,B,62.47,257,47,526.92,16837,6
42,13.7,154.46,31.14,12.5,0.4808,3,D,45.46,0.2823,28.23,0.33,33.0,0.25,25.0,Flexible Learner,0.2,20.0,40.65,0,90,2076,D,47.96,248,54,740.03,16838,15
46,13.91,129.23,59.09,35.97,0.7391,5,A-,75.92,0.5012,50.12,0.5651,56.51,0.3882,38.82,Consistent Climber,0.55,55.0,59.03,3,78,2077,B+,68.46,421,76,1057.35,16839,5
38,15.87,148.71,67.2,41.44,0.821,4,A,82.72,0.5857,58.57,0.6429,64.29,0.5159,51.59,Consistent Climber,0.65,65.0,73.57,5,98,2078,A,84.34,280,49,777.75,16840,3
28,8.59,86.25,56.02,41.3,0.7305,4,A-,70.14,0.5455,54.55,0.5436,54.36,0.5625,56.25,Deep Focus Learner,0.65,65.0,59.8,1,54,2079,B,64.55,165,34,292.07,16841,3
24,10.75,109.91,15.99,0.0,0.3093,3,G,25,0.0855,8.55,0.1169,11.69,0.025,2.5,Fresh Starter,0.15,15.0,16.64,0,42,2080,G,24.96,117,24,257.98,16842,11
41,9.38,89.49,45.13,46.88,0.6358,5,B+,66.88,0.4684,46.84,0.469,46.9,0.4655,46.55,Consistent Climber,0.5,50.0,53.35,0,66,2081,C+,59.25,348,70,656.62,16843,9
24,12.3,115.93,34.23,15.25,0.5006,2,D,46.86,0.3063,30.63,0.3197,31.97,0.28,28.0,Weekend Learner,0.4,40.0,37.82,0,90,2082,D,48.76,222,41,504.38,16844,10
42,15.73,146.96,55.15,33.61,0.7465,5,A-,70.34,0.4679,46.79,0.5309,53.09,0.3644,36.44,Flexible Learner,0.3,30.0,57.34,3,66,2083,B,63.15,312,55,865.32,16845,7
31,13.25,127.87,37.7,15.22,0.5348,5,D,48.32,0.3209,32.09,0.3558,35.58,0.2771,27.71,Flexible Learner,0.4,40.0,40.26,1,74,2084,C,50.91,187,35,463.58,16846,10
32,11.77,121.82,44.39,31.03,0.612,5,C+,59.3,0.4483,44.83,0.5165,51.65,0.3735,37.35,Deep Focus Learner,0.5,50.0,60.38,1,42,2085,C+,59.38,174,36,423.57,16847,8
21,9.57,93.15,45.16,37.04,0.6128,3,C,54.46,0.52,52.0,0.57,57.0,0.32,32.0,Deep Focus Learner,0.55,55.0,54.81,1,66,2086,B,61.03,125,25,239.32,16848,6
26,12.06,112.77,62.73,43.24,0.754,3,B+,67.96,0.55,55.0,0.5779,57.79,0.459,45.9,Weekend Learner,0.4,40.0,64.45,4,66,2087,A-,72.5,260,48,579.1,16849,5
9,13.57,169.89,30.83,0.0,0.4865,1,G,34.23,0.2162,21.62,0.375,37.5,0.1724,17.24,Fresh Starter,0.2,20.0,23.46,0,25,2088,G,29.92,37,9,122.15,16850,4
33,10.32,101.21,58.36,28.33,0.7136,4,B+,67.13,0.4831,48.31,0.5198,51.98,0.2667,26.67,Flexible Learner,0.5,50.0,51.78,2,54,2089,B,61.84,207,41,423.07,16851,4
43,12.05,112.41,76.22,60.0,0.9547,6,A+,97.73,0.7417,74.17,0.7796,77.96,0.6364,63.64,High Achiever,0.85,85.0,80.01,7,54,2090,A,83.8,333,61,734.98,16852,1
19,9.85,92.75,31.73,19.05,0.3911,2,G,26.49,0.2577,25.77,0.2683,26.83,0.2,20.0,Fresh Starter,0.35,35.0,29.33,1,44,2091,G,37.58,97,19,187.18,16853,8
18,9.88,86.96,51.5,40.0,0.6543,2,B+,65.68,0.533,53.3,0.5404,54.04,0.4762,47.62,Weekend Learner,0.6,60.0,56.94,1,39,2092,C+,57.1,182,33,326.13,16854,4
40,12.88,145.06,37.11,15.07,0.5988,4,C+,58.25,0.3647,36.47,0.4299,42.99,0.3208,32.08,Consistent Climber,0.65,65.0,51.74,1,94,2093,C+,59.72,266,58,746.85,16855,14
28,14.75,151.51,57.86,35.29,0.7774,5,A-,70.1,0.5123,51.23,0.5532,55.32,0.4559,45.59,Flexible Learner,0.45,45.0,64.39,2,30,2094,B,63.11,162,32,472.15,16856,4
40,11.96,105.11,56.32,35.14,0.6816,4,B+,68.28,0.5114,51.14,0.542,54.2,0.4058,40.58,Consistent Climber,0.35,35.0,55.92,1,54,2095,B,64.13,307,53,634.08,16857,6
48,14.18,138.03,70.12,32.73,0.7829,6,A,82.37,0.595,59.5,0.724,72.4,0.2975,29.75,High Achiever,0.6,60.0,66.81,6,66,2096,A-,78.85,400,74,1049.57,16858,4
14,13.29,143.32,38.69,0.0,0.4962,3,G,39.23,0.2576,25.76,0.3333,33.33,0.2222,22.22,Fresh Starter,0.2,20.0,36.36,0,57,2097,D,45.33,66,14,186.07,16859,3
48,13.76,135.2,59.7,38.69,0.7826,6,A,80.78,0.5497,54.97,0.6025,60.25,0.4615,46.15,High Achiever,0.45,45.0,68.43,1,94,2098,A-,77.75,382,73,1004.12,16860,4
8,11.1,88.56,55.69,37.5,0.5408,1,E,44.37,0.54,54.0,0.5641,56.41,0.4545,45.45,Fresh Starter,0.5,50.0,58.77,1,12,2099,B,61.18,50,8,88.78,16861,2
38,9.3,86.09,36.67,17.39,0.4643,4,E,44.32,0.364,36.4,0.378,37.8,0.2667,26.67,Flexible Learner,0.25,25.0,38.42,1,78,2100,C,50.25,239,46,427.8,16862,12
49,10.78,95.33,54.94,42.22,0.6985,5,A-,72.67,0.5631,56.31,0.5868,58.68,0.4308,43.08,Consistent Climber,0.6,60.0,60.1,1,90,2101,A-,71.06,428,76,819.37,16863,6
21,10.47,91.38,35.93,27.27,0.482,3,G,35.03,0.3529,35.29,0.3922,39.22,0.1176,11.76,Fresh Starter,0.1,10.0,35.56,0,58,2102,E,42.51,119,21,219.78,16864,5
18,15.0,145.82,50.57,28.57,0.6595,2,B,62.67,0.4623,46.23,0.4828,48.28,0.4375,43.75,Deep Focus Learner,0.5,50.0,64.53,2,67,2103,B+,65.82,106,20,300.08,16865,6
27,14.34,128.21,64.88,50.79,0.8126,3,A-,73.48,0.6045,60.45,0.6441,64.41,0.5254,52.54,Deep Focus Learner,0.4,40.0,70.96,5,54,2104,A-,74.74,177,30,430.08,16866,4
39,10.04,82.91,42.03,29.63,0.5908,5,B,60.72,0.404,40.4,0.4015,40.15,0.4286,42.86,Consistent Climber,0.55,55.0,45.41,0,54,2105,C,50.85,297,51,512.22,16867,10
39,11.35,106.96,54.76,42.53,0.6315,5,B+,67.76,0.5768,57.68,0.596,59.6,0.5072,50.72,Consistent Climber,0.4,40.0,63.35,0,66,2106,B+,67.56,319,60,680.95,16868,4
23,12.26,104.03,29.96,18.92,0.4858,2,D,45.73,0.2759,27.59,0.2609,26.09,0.3333,33.33,Flexible Learner,0.15,15.0,31.92,0,70,2107,E,41.94,174,29,355.58,16869,8
44,13.49,136.75,43.86,22.83,0.615,5,B+,66.01,0.3757,37.57,0.3969,39.69,0.3523,35.23,Consistent Climber,0.3,30.0,51.76,1,78,2108,B,61.64,370,73,984.77,16870,11
42,11.54,115.86,56.38,40.51,0.7602,4,A-,73.74,0.5408,54.08,0.5505,55.05,0.5208,52.08,Consistent Climber,0.6,60.0,65.25,1,98,2109,A-,76.88,294,59,680.78,16871,5
55,15.54,156.43,72.14,52.2,0.9558,6,A+,98,0.6674,66.74,0.7475,74.75,0.6008,60.08,High Achiever,0.65,65.0,81.34,5,78,2110,A,88.92,436,84,1305.77,16872,1
50,13.48,138.67,72.33,47.59,0.9187,6,A+,93.98,0.6766,67.66,0.7212,72.12,0.6056,60.56,High Achiever,0.6,60.0,76.88,7,90,2111,A,89.28,368,74,997.42,16873,1
43,9.92,93.53,65.99,49.38,0.834,5,A,86.33,0.6268,62.68,0.6592,65.92,0.5132,51.32,Consistent Climber,0.55,55.0,70.25,3,82,2112,A,80.95,343,65,644.73,16874,2
47,12.97,114.51,65.01,45.73,0.8266,5,A,82.45,0.5869,58.69,0.6459,64.59,0.3556,35.56,Consistent Climber,0.55,55.0,67.0,3,90,2113,A-,78.61,443,75,972.67,16875,3
22,11.14,109.55,46.49,36.36,0.7033,2,B+,68.13,0.4467,44.67,0.4497,44.97,0.4375,43.75,Weekend Learner,0.45,45.0,57.08,0,66,2114,C+,59.59,197,39,434.45,16876,6
20,9.61,88.11,36.9,23.08,0.6712,3,C+,59.39,0.3171,31.71,0.2947,29.47,0.3929,39.29,Deep Focus Learner,0.35,35.0,41.14,0,42,2115,E,44.34,123,23,220.97,16877,9
23,11.73,127.45,45.98,42.11,0.5909,3,C,53.97,0.4435,44.35,0.4444,44.44,0.443,44.3,Deep Focus Learner,0.45,45.0,53.63,1,58,2116,C+,59.15,124,27,316.68,16878,6
39,13.73,149.11,34.38,14.0,0.5979,6,C+,55.43,0.3519,35.19,0.4177,41.77,0.3139,31.39,Flexible Learner,0.3,30.0,50.82,0,94,2117,B,60.31,216,45,617.72,16879,11
45,12.04,133.87,40.62,22.39,0.5891,5,B,61.91,0.3986,39.86,0.4098,40.98,0.3902,39.02,Consistent Climber,0.25,25.0,53.39,0,98,2118,B,60.46,286,62,746.72,16880,12
28,14.33,143.84,36.83,14.29,0.6142,3,C+,55.71,0.3388,33.88,0.4353,43.53,0.2551,25.51,Flexible Learner,0.2,20.0,40.35,0,66,2119,D,48.25,183,35,501.55,16881,9
40,15.19,157.03,54.23,34.69,0.8165,5,A,81.82,0.5305,53.05,0.6696,66.96,0.4371,43.71,Consistent Climber,0.5,50.0,73.81,1,78,2120,A-,76.94,279,55,835.5,16882,9
33,8.67,84.01,47.83,18.52,0.597,3,C,53.02,0.4277,42.77,0.4167,41.67,0.4828,48.28,Deep Focus Learner,0.3,30.0,47.18,3,42,2121,C,50.64,173,36,312.0,16883,8
16,16.13,177.44,33.26,15.0,0.5213,2,D,46.23,0.283,28.3,0.4419,44.19,0.1746,17.46,Weekend Learner,0.05,5.0,37.81,2,72,2122,D,46.68,106,22,354.8,16884,10
22,13.66,144.1,43.6,11.32,0.6513,3,B,60.6,0.398,39.8,0.4615,46.15,0.3455,34.55,Weekend Learner,0.55,55.0,56.9,1,78,2123,B,63.48,201,41,560.25,16885,9
46,12.92,127.44,55.74,30.21,0.6894,5,A-,70.85,0.5116,51.16,0.5644,56.44,0.4383,43.83,Consistent Climber,0.35,35.0,60.85,1,94,2124,A-,70.08,387,74,956.32,16886,6
32,9.27,88.76,64.2,53.19,0.7865,3,A-,75.57,0.5926,59.26,0.6149,61.49,0.4643,46.43,Deep Focus Learner,0.75,75.0,66.93,3,78,2125,A-,79.02,189,38,352.15,16887,1
34,11.5,102.98,40.02,30.23,0.6142,4,C+,58.29,0.378,37.8,0.4072,40.72,0.2619,26.19,Flexible Learner,0.35,35.0,43.29,0,42,2126,D,48.3,209,38,436.88,16888,9
29,15.61,156.93,38.1,12.28,0.5846,2,C,53.08,0.3295,32.95,0.3804,38.04,0.2738,27.38,Deep Focus Learner,0.25,25.0,41.65,0,58,2127,E,44.5,176,34,530.8,16889,11
14,12.36,111.14,25.11,9.52,0.477,2,G,32.49,0.2025,20.25,0.2295,22.95,0.1111,11.11,Fresh Starter,0.35,35.0,22.75,1,21,2128,G,25.89,79,14,173.07,16890,6
22,15.88,165.48,56.51,60.56,0.7594,4,A-,77.37,0.5864,58.64,0.5254,52.54,0.6214,62.14,Flexible Learner,0.6,60.0,76.08,1,90,2129,A-,79.16,162,32,508.13,16891,3
22,12.72,132.12,28.53,10.0,0.4802,4,G,35.96,0.2593,25.93,0.3585,35.85,0.1636,16.36,Fresh Starter,0.15,15.0,31.15,0,54,2130,G,35.19,108,22,279.88,16892,9
39,13.98,146.18,46.66,32.89,0.6635,4,A-,71.86,0.4624,46.24,0.4839,48.39,0.4452,44.52,Consistent Climber,0.5,50.0,60.62,0,86,2131,B+,66.31,279,56,782.83,16893,8
15,10.08,97.31,52.95,40.91,0.6642,3,C+,59.97,0.5086,50.86,0.5484,54.84,0.3478,34.78,Weekend Learner,0.5,50.0,55.04,2,22,2132,C,54.57,116,23,231.82,16894,4
29,21.05,196.13,55.53,33.68,0.7785,3,A-,73.82,0.4894,48.94,0.5,50.0,0.4848,48.48,Flexible Learner,0.6,60.0,66.56,2,54,2133,B+,65.95,188,32,673.53,16895,4
17,15.09,156.67,38.76,12.12,0.5928,2,D,45.94,0.3571,35.71,0.4667,46.67,0.2308,23.08,Fresh Starter,0.35,35.0,53.33,0,53,2134,C,53.93,84,17,256.53,16896,8
51,16.04,148.02,65.22,38.24,0.8482,5,A,83.39,0.5511,55.11,0.624,62.4,0.4663,46.63,Consistent Climber,0.35,35.0,69.85,4,90,2135,A,82.01,450,78,1251.42,16897,4
23,13.75,145.17,55.15,38.71,0.7445,2,A-,70.77,0.4975,49.75,0.6118,61.18,0.4123,41.23,Weekend Learner,0.65,65.0,68.01,2,42,2136,B+,66.05,199,41,563.77,16898,5
43,14.08,134.93,53.78,28.28,0.7095,4,A-,70.95,0.5143,51.43,0.5337,53.37,0.4904,49.04,Consistent Climber,0.5,50.0,61.42,0,90,2137,B+,68.45,350,65,915.45,16899,5
27,12.39,134.73,45.6,31.71,0.5872,3,C+,56.78,0.4286,42.86,0.3836,38.36,0.4776,47.76,Flexible Learner,0.25,25.0,62.68,2,42,2138,C+,59.6,140,30,371.78,16900,9
12,16.06,155.14,34.29,25.0,0.5332,2,G,37.84,0.2879,28.79,0.4444,44.44,0.1795,17.95,Fresh Starter,0.4,40.0,38.15,0,30,2139,E,40.47,66,12,192.77,16901,4
34,14.38,144.95,46.08,30.86,0.7061,4,B+,65.52,0.4398,43.98,0.4833,48.33,0.3854,38.54,Flexible Learner,0.65,65.0,55.93,1,90,2140,B,63.83,216,42,604.17,16902,8
26,11.36,103.45,43.11,26.83,0.5814,3,C+,55.48,0.4294,42.94,0.4632,46.32,0.3171,31.71,Deep Focus Learner,0.3,30.0,51.62,1,78,2141,C+,57.54,177,32,363.67,16903,8
36,13.17,125.45,53.89,29.21,0.7375,4,A-,77.36,0.4877,48.77,0.5108,51.08,0.4444,44.44,Consistent Climber,0.5,50.0,59.28,0,86,2142,B+,68.13,285,53,698.1,16904,6
48,11.06,100.18,65.29,44.88,0.7901,5,A,80.17,0.6177,61.77,0.6538,65.38,0.4154,41.54,Consistent Climber,0.7,70.0,67.89,4,90,2143,A,80.44,429,78,862.88,16905,3
15,15.34,151.26,29.05,10.64,0.4708,2,E,41.33,0.256,25.6,0.2941,29.41,0.2105,21.05,Weekend Learner,0.25,25.0,35.58,0,58,2144,E,41.07,125,23,352.93,16906,9
18,12.82,114.45,48.88,32.5,0.6524,2,B,62.11,0.4595,45.95,0.4955,49.55,0.3514,35.14,Weekend Learner,0.5,50.0,51.21,1,75,2145,B,60.83,148,26,333.4,16907,6
20,12.55,140.0,33.86,17.07,0.4649,2,E,42.38,0.2941,29.41,0.3976,39.76,0.2231,22.31,Weekend Learner,0.1,10.0,39.43,0,90,2146,D,49.98,204,45,564.78,16908,11
16,8.5,91.81,52.81,55.56,0.6159,3,B,60.31,0.5443,54.43,0.5645,56.45,0.4706,47.06,Deep Focus Learner,0.6,60.0,62.38,0,24,2147,B,60.28,79,18,153.0,16909,2
41,12.07,138.89,64.18,48.05,0.7879,5,A,80.19,0.568,56.8,0.5926,59.26,0.5493,54.93,Consistent Climber,0.5,50.0,74.54,5,78,2148,A,82.41,250,57,687.85,16910,3
47,13.15,149.76,54.93,26.67,0.6656,5,A-,70.96,0.4569,45.69,0.4964,49.64,0.4313,43.13,Consistent Climber,0.5,50.0,56.5,0,42,2149,C+,59.27,348,77,1012.27,16911,4
32,14.06,143.07,43.89,25.0,0.5837,3,C+,59.17,0.3776,37.76,0.375,37.5,0.3805,38.05,Consistent Climber,0.25,25.0,51.32,1,98,2150,B,64.08,241,47,660.85,16912,9
16,14.19,148.51,25.68,10.34,0.4978,2,G,36.18,0.2625,26.25,0.3111,31.11,0.2,20.0,Fresh Starter,0.3,30.0,35.56,0,24,2151,G,33.21,80,16,227.12,16913,8
54,16.05,173.08,68.64,50.0,0.8814,5,A,85.56,0.6732,67.32,0.8029,80.29,0.5928,59.28,High Achiever,0.9,90.0,83.55,6,90,2152,A,89.71,358,73,1171.72,16914,2
40,13.72,135.0,55.56,37.33,0.6858,5,B+,68.58,0.5219,52.19,0.5286,52.86,0.5159,51.59,Consistent Climber,0.4,40.0,64.62,3,82,2153,A-,72.36,297,57,781.8,16915,7
10,16.16,134.98,18.69,0.0,0.5272,1,G,38.37,0.2031,20.31,0.26,26.0,0.0,0.0,Fresh Starter,0.15,15.0,24.6,0,27,2154,G,23.67,64,10,161.63,16916,7
25,14.13,131.64,53.72,9.76,0.6808,3,B,62.34,0.414,41.4,0.5208,52.08,0.2459,24.59,Flexible Learner,0.65,65.0,45.9,3,42,2155,C,53.62,157,28,395.57,16917,7
14,20.17,201.37,28.91,13.16,0.5846,1,E,44.56,0.25,25.0,0.3636,36.36,0.1628,16.28,Fresh Starter,0.25,25.0,41.36,0,33,2156,E,40.52,76,14,282.35,16918,7
30,12.43,113.01,51.9,28.89,0.5655,3,C,53.88,0.4868,48.68,0.5252,52.52,0.38,38.0,Deep Focus Learner,0.45,45.0,52.66,1,42,2157,C+,57.24,189,34,422.6,16919,6
54,14.38,155.09,70.9,48.12,0.8916,4,A+,93.18,0.6591,65.91,0.6815,68.15,0.6452,64.52,High Achiever,0.8,80.0,82.22,5,98,2158,A+,91.69,352,73,1049.87,16920,3
33,10.08,109.75,50.16,39.58,0.6489,4,B+,65.15,0.4878,48.78,0.5116,51.16,0.4474,44.74,Consistent Climber,0.4,40.0,58.04,0,66,2159,B+,65.45,205,46,463.85,16921,6
20,10.46,99.4,63.4,48.65,0.7401,3,B+,69.98,0.5845,58.45,0.602,60.2,0.5455,54.55,Weekend Learner,0.45,45.0,64.04,4,42,2160,B+,69.58,142,28,292.88,16922,2
53,10.17,95.75,67.44,49.07,0.8417,6,A,84.91,0.6475,64.75,0.6777,67.77,0.5,50.0,High Achiever,0.65,65.0,72.14,3,86,2161,A,82.98,400,77,783.22,16923,1
41,9.74,90.73,60.07,42.62,0.7232,5,A-,73.62,0.5368,53.68,0.556,55.6,0.4318,43.18,Consistent Climber,0.65,65.0,59.28,1,98,2162,A-,71.88,285,55,535.8,16924,3
36,9.51,91.34,34.21,15.38,0.4536,4,E,40.15,0.2863,28.63,0.2917,29.17,0.2571,25.71,Flexible Learner,0.2,20.0,32.05,0,42,2163,E,41.69,227,45,427.95,16925,14
12,13.03,122.48,7.19,0.0,0.3638,2,G,25,0.0625,6.25,0.0833,8.33,0.0,0.0,Fresh Starter,0.05,5.0,10.95,0,18,2164,G,20,64,12,156.37,16926,7
39,11.3,97.93,65.95,45.45,0.8277,5,A,81.79,0.593,59.3,0.6125,61.25,0.4706,47.06,Consistent Climber,0.7,70.0,66.02,4,42,2165,A-,73.98,371,64,723.28,16927,3
12,8.5,82.4,31.61,8.33,0.4358,2,G,30.12,0.2167,21.67,0.18,18.0,0.4,40.0,Fresh Starter,0.25,25.0,27.64,1,18,2166,G,32.34,60,12,102.02,16928,7
37,17.73,191.98,40.61,21.51,0.643,6,B,62.3,0.3636,36.36,0.5775,57.75,0.2688,26.88,Flexible Learner,0.35,35.0,50.27,2,42,2167,C,51.46,231,47,833.43,16929,11
9,13.42,145.23,37.61,27.27,0.5958,3,D,47.45,0.3256,32.56,0.3448,34.48,0.2857,28.57,Fresh Starter,0.2,20.0,47.46,1,13,2168,E,42.88,43,9,120.75,16930,6
14,12.41,133.21,14.77,5.56,0.3835,2,G,27.05,0.1343,13.43,0.1429,14.29,0.1282,12.82,Fresh Starter,0.15,15.0,19.5,0,45,2169,G,22.9,67,14,173.8,16931,8
27,12.34,119.72,45.5,35.71,0.6602,2,B,60.94,0.474,47.4,0.5,50.0,0.4405,44.05,Flexible Learner,0.45,45.0,58.19,1,78,2170,B+,65.96,192,36,444.13,16932,6
37,12.39,127.6,52.91,38.27,0.707,3,A-,70.66,0.4901,49.01,0.5294,52.94,0.43,43.0,Consistent Climber,0.55,55.0,58.53,1,90,2171,B+,65.5,253,51,631.75,16933,6
45,10.73,127.96,48.35,25.86,0.6164,5,B,64.01,0.4238,42.38,0.4194,41.94,0.4276,42.76,Consistent Climber,0.3,30.0,56.79,1,98,2172,B+,66.74,269,65,697.37,16934,7
35,14.86,151.18,66.76,42.17,0.7951,4,A-,79.52,0.5551,55.51,0.6832,68.32,0.4706,47.06,Consistent Climber,0.5,50.0,72.98,6,46,2173,A-,76.07,254,49,728.22,16935,4
19,12.85,116.54,45.49,10.53,0.5514,3,D,48.33,0.331,33.1,0.3564,35.64,0.2683,26.83,Weekend Learner,0.3,30.0,37.41,1,40,2174,E,41.83,142,25,321.35,16936,7
34,13.88,149.98,57.51,40.23,0.7869,5,A-,79.91,0.5685,56.85,0.5673,56.73,0.5693,56.93,Consistent Climber,0.7,70.0,73.7,2,78,2175,A-,76.0,241,50,693.83,16937,6
29,9.33,82.73,56.78,42.55,0.7417,3,B+,69.84,0.5272,52.72,0.5281,52.81,0.5,50.0,Flexible Learner,0.65,65.0,53.83,1,82,2176,B+,68.45,184,34,317.3,16938,4
32,10.49,118.95,35.98,25.0,0.5656,3,C,50.02,0.3866,38.66,0.4609,46.09,0.2785,27.85,Flexible Learner,0.4,40.0,42.41,1,78,2177,D,48.63,194,45,472.22,16939,11
24,13.95,131.47,38.94,29.31,0.5916,4,C,54.01,0.355,35.5,0.4138,41.38,0.2558,25.58,Weekend Learner,0.25,25.0,47.58,0,66,2178,C,54.6,231,42,585.8,16940,10
20,9.4,96.02,37.59,20.69,0.5207,2,C,51.15,0.3521,35.21,0.3689,36.89,0.25,25.0,Weekend Learner,0.35,35.0,37.06,1,42,2179,E,41.75,142,29,272.63,16941,10
17,12.39,123.33,25.24,13.64,0.4864,3,E,41.75,0.32,32.0,0.35,35.0,0.2923,29.23,Weekend Learner,0.35,35.0,39.83,0,49,2180,G,39.13,125,25,309.7,16942,11
29,14.95,146.84,63.89,46.34,0.8152,3,A-,79.09,0.6091,60.91,0.687,68.7,0.5,50.0,Deep Focus Learner,0.7,70.0,76.72,4,30,2181,A-,73.22,197,37,552.97,16943,4
14,17.2,164.56,12.29,3.7,0.3492,3,G,25,0.1282,12.82,0.1714,17.14,0.093,9.3,Fresh Starter,0.1,10.0,21.33,0,45,2182,G,21.52,78,14,240.8,16944,11
46,9.86,95.01,62.08,36.11,0.8145,5,A,81.77,0.5879,58.79,0.6049,60.49,0.5135,51.35,Consistent Climber,0.55,55.0,66.29,3,54,2183,A-,70.01,398,79,778.6,16945,3
42,16.59,172.12,48.5,27.19,0.6588,5,B+,65.68,0.4272,42.72,0.4828,48.28,0.395,39.5,Consistent Climber,0.35,35.0,55.03,1,78,2184,B,64.69,316,62,1028.53,16946,9
10,13.88,132.44,16.06,10.0,0.3719,3,G,25,0.1852,18.52,0.1333,13.33,0.25,25.0,Fresh Starter,0.3,30.0,30.79,0,15,2185,G,24.09,54,10,138.75,16947,5
59,19.4,191.38,74.37,48.99,0.9266,6,A+,94.42,0.6527,65.27,0.7901,79.01,0.562,56.2,High Achiever,0.75,75.0,80.87,8,78,2186,A,87.4,455,83,1610.37,16948,3
52,12.18,114.24,52.99,41.23,0.6805,5,A-,70.83,0.5224,52.24,0.5309,53.09,0.5,50.0,Consistent Climber,0.35,35.0,60.43,1,98,2187,A-,72.11,425,78,949.98,16949,7
42,14.24,146.62,64.15,46.79,0.7665,5,A,80.26,0.5647,56.47,0.637,63.7,0.5171,51.71,Consistent Climber,0.5,50.0,76.47,3,30,2188,A-,74.81,340,67,954.08,16950,2
42,11.1,102.23,46.21,42.25,0.6974,4,B+,66.35,0.4626,46.26,0.4723,47.23,0.4237,42.37,Consistent Climber,0.5,50.0,54.3,0,42,2189,C+,55.95,294,54,599.63,16951,9
13,12.62,125.97,6.08,0.0,0.3159,1,G,25,0.0597,5.97,0.05,5.0,0.0741,7.41,Fresh Starter,0.05,5.0,14.37,0,31,2190,G,20,67,13,164.12,16952,10
43,16.78,172.95,44.53,22.22,0.6465,5,B+,68.6,0.4066,40.66,0.449,44.9,0.3889,38.89,Consistent Climber,0.55,55.0,62.17,0,78,2191,B+,66.76,332,65,1090.68,16953,9
44,12.2,118.31,53.85,29.47,0.7009,5,B+,68.81,0.4539,45.39,0.4931,49.31,0.3563,35.63,Consistent Climber,0.45,45.0,51.63,1,70,2192,B,62.25,304,58,707.75,16954,7
41,11.69,105.81,51.37,25.97,0.6471,5,B,62.06,0.4472,44.72,0.4894,48.94,0.2449,24.49,Flexible Learner,0.5,50.0,47.8,2,66,2193,C+,56.8,284,51,596.37,16955,8
38,17.73,172.62,54.37,29.92,0.7559,4,A-,77.05,0.4968,49.68,0.6555,65.55,0.4,40.0,Consistent Climber,0.4,40.0,65.79,1,54,2194,B+,67.13,314,57,1010.62,16956,5
25,10.3,99.58,33.95,8.57,0.4903,3,D,48.88,0.3092,30.92,0.3277,32.77,0.2424,24.24,Flexible Learner,0.35,35.0,32.99,0,94,2195,D,47.54,152,30,308.92,16957,9
26,12.06,102.15,41.97,22.64,0.6171,3,C+,58.14,0.4033,40.33,0.4194,41.94,0.3077,30.77,Deep Focus Learner,0.15,15.0,46.73,0,82,2196,C+,56.1,181,31,373.72,16958,6
23,13.73,157.49,11.39,2.94,0.3054,3,G,25,0.1154,11.54,0.1818,18.18,0.0667,6.67,Fresh Starter,0.15,15.0,20.98,0,58,2197,G,24.77,104,23,315.87,16959,14
46,12.1,114.28,57.4,34.09,0.647,5,B+,66.94,0.5199,51.99,0.5675,56.75,0.44,44.0,Consistent Climber,0.55,55.0,61.03,1,90,2198,A-,75.56,402,75,907.82,16960,5
44,14.17,135.51,58.63,29.2,0.7499,5,A-,74.13,0.5079,50.79,0.5802,58.02,0.3592,35.92,Consistent Climber,0.55,55.0,62.0,3,78,2199,A-,72.29,315,58,821.65,16961,5
41,14.4,151.26,61.98,40.57,0.792,3,A-,77.57,0.539,53.9,0.624,62.4,0.4809,48.09,Consistent Climber,0.6,60.0,69.61,3,54,2200,A-,75.51,308,62,892.72,16962,5
46,11.24,100.11,53.92,36.05,0.6686,5,B+,69.12,0.4909,49.09,0.5237,52.37,0.3382,33.82,Consistent Climber,0.5,50.0,53.19,0,78,2201,B+,65.05,385,70,786.62,16963,5
26,16.2,171.51,37.93,14.08,0.6159,3,C+,57.99,0.2851,28.51,0.2955,29.55,0.2789,27.89,Weekend Learner,0.45,45.0,42.18,0,42,2202,D,47.01,235,47,761.23,16964,9
27,10.78,117.71,32.35,13.33,0.4726,3,D,47.05,0.2966,29.66,0.3289,32.89,0.2609,26.09,Flexible Learner,0.4,40.0,37.38,0,30,2203,G,38.66,145,32,344.85,16965,11
22,11.9,109.74,30.44,11.36,0.4624,2,E,40.75,0.2174,21.74,0.2174,21.74,0.2174,21.74,Weekend Learner,0.15,15.0,28.51,0,66,2204,G,38.55,230,42,499.93,16966,12
42,17.26,185.95,39.11,25.0,0.5927,4,B,61.85,0.3713,37.13,0.4,40.0,0.3586,35.86,Consistent Climber,0.2,20.0,53.43,1,98,2205,B,60.62,342,69,1191.12,16967,12
50,13.15,131.06,62.13,33.57,0.8024,5,A-,79.81,0.536,53.6,0.6089,60.89,0.4125,41.25,High Achiever,0.6,60.0,66.0,4,90,2206,A-,78.57,431,83,1091.2,16968,5
44,12.27,139.58,55.84,33.33,0.6608,5,B+,65.04,0.4436,44.36,0.4719,47.19,0.4301,43.01,Consistent Climber,0.3,30.0,56.0,3,86,2207,B+,67.91,275,62,760.82,16969,8
50,15.74,166.38,50.21,31.54,0.6924,5,B+,68.32,0.4504,45.04,0.5085,50.85,0.4213,42.13,Consistent Climber,0.2,20.0,58.02,1,86,2208,B+,68.17,353,71,1117.87,16970,9
32,11.58,108.66,53.21,32.26,0.7575,4,B+,69.88,0.4976,49.76,0.5215,52.15,0.4048,40.48,Flexible Learner,0.6,60.0,58.56,1,42,2209,B,62.83,205,38,439.9,16971,5
33,16.84,193.9,41.64,9.86,0.6381,3,C+,57.98,0.3313,33.13,0.4821,48.21,0.2545,25.45,Flexible Learner,0.15,15.0,49.01,1,42,2210,D,49.92,166,36,606.33,16972,8
44,11.2,100.15,69.86,50.0,0.8535,5,A,86.24,0.6273,62.73,0.6508,65.08,0.5152,51.52,Consistent Climber,0.8,80.0,67.92,3,98,2211,A,83.0,381,69,772.62,16973,1
40,12.62,119.03,58.22,40.24,0.7538,6,A-,75.13,0.5699,56.99,0.5909,59.09,0.534,53.4,Flexible Learner,0.5,50.0,69.72,1,42,2212,A-,70.17,279,52,656.43,16974,4
22,13.43,128.51,31.3,15.09,0.5281,2,D,47.16,0.2264,22.64,0.2517,25.17,0.1692,16.92,Weekend Learner,0.2,20.0,28.52,1,66,2213,E,40.62,212,39,523.92,16975,10
18,14.41,165.09,36.84,16.67,0.6793,2,B,61.14,0.3333,33.33,0.4324,43.24,0.26,26.0,Deep Focus Learner,0.3,30.0,44.87,0,27,2214,D,45.09,87,19,273.88,16976,6
22,15.35,146.12,46.73,25.0,0.6742,3,B+,65.47,0.4621,46.21,0.5571,55.71,0.3548,35.48,Deep Focus Learner,0.4,40.0,56.79,1,54,2215,C+,59.81,132,24,368.32,16977,7
55,11.59,104.53,74.76,52.48,0.9108,6,A+,90.18,0.6949,69.49,0.7415,74.15,0.4944,49.44,High Achiever,0.6,60.0,75.46,4,94,2216,A,87.83,472,85,985.05,16978,1
30,16.5,168.04,45.66,34.21,0.6943,3,B+,67.7,0.449,44.9,0.4944,49.44,0.4112,41.12,Flexible Learner,0.45,45.0,65.59,0,42,2217,C+,59.16,196,37,610.6,16979,6
31,10.89,111.78,49.15,31.25,0.714,2,B+,65.29,0.5,50.0,0.5039,50.39,0.4912,49.12,Deep Focus Learner,0.8,80.0,56.83,1,70,2218,B,61.62,186,38,413.68,16980,6
21,11.23,132.39,63.98,41.38,0.752,2,A-,73.04,0.5872,58.72,0.6471,64.71,0.5345,53.45,Deep Focus Learner,0.5,50.0,71.5,4,54,2219,A-,75.9,109,25,280.77,16981,3
22,14.25,155.96,35.48,17.65,0.552,2,C,53.65,0.2982,29.82,0.3469,34.69,0.2615,26.15,Deep Focus Learner,0.35,35.0,49.1,1,58,2220,C,50.85,114,24,342.12,16982,10
45,15.86,155.12,40.15,19.33,0.5956,5,B,64.74,0.3342,33.42,0.4114,41.14,0.2778,27.78,Consistent Climber,0.25,25.0,48.72,0,66,2221,C+,55.18,374,69,1094.63,16983,11
31,10.03,95.14,38.68,22.95,0.6619,3,B+,66.17,0.412,41.2,0.4258,42.58,0.3415,34.15,Consistent Climber,0.45,45.0,46.52,1,54,2222,D,48.36,250,48,481.3,16984,11
40,10.86,101.53,48.03,28.12,0.6104,3,B,60.9,0.4452,44.52,0.4589,45.89,0.3934,39.34,Flexible Learner,0.45,45.0,51.22,1,78,2223,B,62.9,292,55,597.57,16985,9
34,11.68,105.0,42.1,13.79,0.6103,5,C+,56.78,0.3906,39.06,0.4406,44.06,0.2037,20.37,Flexible Learner,0.4,40.0,45.18,0,42,2224,D,47.23,256,46,537.35,16986,9
29,11.46,113.61,49.88,21.74,0.6118,3,C,54.68,0.4907,49.07,0.4867,48.67,0.5,50.0,Flexible Learner,0.35,35.0,56.17,1,66,2225,B,63.55,161,32,366.78,16987,9
21,12.61,106.17,45.12,32.43,0.6224,3,C+,58.38,0.4806,48.06,0.5421,54.21,0.1818,18.18,Deep Focus Learner,0.65,65.0,49.48,1,74,2226,C+,56.64,129,21,264.88,16988,7
43,14.38,157.82,57.89,28.68,0.7135,5,A-,70.5,0.4532,45.32,0.5562,55.62,0.3626,36.26,Consistent Climber,0.45,45.0,55.69,2,98,2227,A-,70.09,342,72,1035.23,16989,6
32,10.91,112.01,42.71,24.49,0.5897,4,C+,55.56,0.4136,41.36,0.4795,47.95,0.2838,28.38,Flexible Learner,0.3,30.0,46.59,0,78,2228,C+,57.12,220,46,501.83,16990,8
31,10.22,93.62,41.78,32.08,0.5018,3,D,47.41,0.393,39.3,0.3878,38.78,0.4242,42.42,Flexible Learner,0.45,45.0,44.64,1,30,2229,D,47.92,229,43,439.28,16991,12
35,17.37,164.99,54.25,32.67,0.738,4,A-,72.14,0.4978,49.78,0.6574,65.74,0.3478,34.78,Flexible Learner,0.45,45.0,62.42,1,90,2230,A-,73.36,223,39,677.42,16992,4
41,10.59,91.71,49.64,31.82,0.6632,5,B,62.19,0.4474,44.74,0.4644,46.44,0.3243,32.43,Flexible Learner,0.5,50.0,50.0,1,54,2231,C,54.27,304,53,561.27,16993,7
20,14.18,130.28,51.43,14.29,0.5822,3,D,47.95,0.4425,44.25,0.4783,47.83,0.3864,38.64,Fresh Starter,0.4,40.0,56.09,2,54,2232,B,60.82,113,20,283.63,16994,5
20,12.4,121.4,51.97,27.66,0.688,2,B+,65.26,0.4913,49.13,0.537,53.7,0.4154,41.54,Weekend Learner,0.4,40.0,61.74,1,42,2233,B,61.24,173,33,409.05,16995,5
25,9.55,95.79,43.24,17.24,0.6465,6,C+,58.18,0.3972,39.72,0.4,40.0,0.381,38.1,Deep Focus Learner,0.35,35.0,44.97,0,58,2234,C,52.78,141,29,277.0,16996,10
21,8.65,75.56,31.4,14.29,0.459,2,G,39.88,0.3299,32.99,0.3352,33.52,0.2667,26.67,Weekend Learner,0.2,20.0,34.35,0,66,2235,E,44.79,197,37,319.9,16997,11
19,10.4,112.54,35.99,22.22,0.5374,6,G,37.78,0.3448,34.48,0.4333,43.33,0.1481,14.81,Fresh Starter,0.3,30.0,38.56,0,40,2236,E,41.86,87,19,197.6,16998,8
40,16.25,169.09,48.44,32.59,0.7162,4,A-,74.7,0.4557,45.57,0.4961,49.61,0.4286,42.86,Consistent Climber,0.35,35.0,59.94,2,98,2237,B+,68.74,316,62,1007.68,16999,10
18,13.08,123.0,45.83,15.91,0.6909,2,B,63.88,0.3987,39.87,0.4348,43.48,0.2895,28.95,Weekend Learner,0.15,15.0,43.04,0,39,2238,D,47.36,153,28,366.32,17000,5
52,11.4,107.3,51.5,25.0,0.6885,5,B+,68.43,0.4539,45.39,0.4655,46.55,0.4262,42.62,Consistent Climber,0.45,45.0,53.11,2,98,2239,A-,70.3,412,77,877.95,17001,8
46,9.98,84.19,75.05,57.28,0.8641,6,A,88.95,0.6616,66.16,0.662,66.2,0.6579,65.79,High Achiever,0.6,60.0,69.22,9,42,2240,A-,75.19,396,69,688.47,17002,1
19,13.49,118.22,35.02,28.12,0.5231,2,G,37.11,0.4336,43.36,0.4535,45.35,0.3704,37.04,Fresh Starter,0.35,35.0,50.81,0,64,2241,C,54.4,113,19,256.25,17003,8
47,16.2,167.75,65.0,43.06,0.8225,5,A,81.96,0.5967,59.67,0.7431,74.31,0.5022,50.22,Consistent Climber,0.75,75.0,78.14,3,66,2242,A-,79.29,367,72,1166.7,17004,4
24,10.73,102.71,49.35,27.08,0.6113,2,C+,59.37,0.435,43.5,0.4457,44.57,0.4032,40.32,Weekend Learner,0.45,45.0,52.6,1,42,2243,C+,56.35,246,47,504.28,17005,9
48,12.69,122.67,58.5,34.35,0.768,5,A-,75.48,0.5341,53.41,0.5789,57.89,0.4514,45.14,Consistent Climber,0.65,65.0,63.64,1,54,2244,B+,68.01,410,78,989.48,17006,2
47,18.92,190.68,54.08,25.28,0.7472,5,A-,75.94,0.4476,44.76,0.6099,60.99,0.356,35.6,Consistent Climber,0.3,30.0,62.41,1,90,2245,A-,71.18,391,73,1380.95,17007,7
35,18.99,177.56,60.95,23.81,0.7275,4,B+,69.46,0.4789,47.89,0.6435,64.35,0.3493,34.93,Flexible Learner,0.6,60.0,58.89,5,42,2246,B+,65.65,261,46,873.7,17008,4
40,13.06,145.84,46.97,28.36,0.6575,5,B+,67.03,0.4,40.0,0.4587,45.87,0.3602,36.02,Consistent Climber,0.35,35.0,48.29,1,98,2247,B,61.4,270,59,770.28,17009,8
30,17.01,188.63,55.16,43.21,0.7249,4,A-,70.75,0.5082,50.82,0.5745,57.45,0.4853,48.53,Flexible Learner,0.5,50.0,73.76,2,66,2248,A-,74.92,183,38,646.48,17010,5
36,12.62,109.67,68.63,43.33,0.8477,5,A,89.11,0.6494,64.94,0.6948,69.48,0.4828,48.28,Consistent Climber,0.85,85.0,71.28,2,54,2249,A-,75.78,271,46,580.42,17011,1
20,11.27,97.08,39.8,22.86,0.6054,2,C+,56.42,0.3293,32.93,0.3282,32.82,0.3333,33.33,Weekend Learner,0.35,35.0,41.52,1,66,2250,C,51.64,167,29,326.78,17012,9
42,15.0,134.14,76.95,56.85,0.9297,6,A+,96.57,0.7265,72.65,0.7851,78.51,0.6179,61.79,High Achiever,0.65,65.0,80.73,10,94,2251,A+,91.22,351,59,885.23,17013,2
21,15.78,165.45,46.31,35.82,0.7398,2,A-,71.62,0.4706,47.06,0.5844,58.44,0.4016,40.16,Weekend Learner,0.45,45.0,67.27,0,54,2252,B+,65.27,204,40,631.0,17014,9
21,13.39,162.12,15.49,7.14,0.4303,3,G,28.21,0.1429,14.29,0.2286,22.86,0.0893,8.93,Fresh Starter,0.2,20.0,23.5,0,42,2253,G,24.27,91,21,281.17,17015,11
21,12.03,123.19,28.61,15.94,0.5314,2,D,47.98,0.3112,31.12,0.3865,38.65,0.1538,15.38,Weekend Learner,0.55,55.0,37.12,0,90,2254,D,47.78,241,48,577.42,17016,14
39,15.54,152.73,36.63,13.33,0.6201,4,B,63.25,0.3574,35.74,0.4344,43.44,0.3096,30.96,Consistent Climber,0.3,30.0,52.61,0,98,2255,C+,59.53,319,59,917.07,17017,10
36,14.83,138.53,25.87,14.63,0.5019,4,D,46.31,0.2375,23.75,0.256,25.6,0.2043,20.43,Flexible Learner,0.15,15.0,30.39,0,54,2256,G,35.36,261,46,681.98,17018,13
50,14.32,129.45,57.38,31.21,0.7596,5,A-,73.32,0.5057,50.57,0.5714,57.14,0.3387,33.87,Consistent Climber,0.55,55.0,58.13,2,82,2257,B+,68.4,439,76,1088.48,17019,5
38,17.68,187.61,58.69,38.57,0.8313,4,A,84.83,0.5597,55.97,0.6923,69.23,0.5116,51.16,High Achiever,0.55,55.0,76.43,3,90,2258,A-,78.38,293,58,1025.6,17020,3
22,8.86,85.75,31.66,5.26,0.4409,3,G,29.6,0.2909,29.09,0.3158,31.58,0.1333,13.33,Fresh Starter,0.3,30.0,31.37,0,54,2259,G,38.25,110,22,194.95,17021,8
20,10.8,101.57,31.93,29.17,0.5841,3,C,50.77,0.3033,30.33,0.2935,29.35,0.3333,33.33,Deep Focus Learner,0.35,35.0,39.43,0,42,2260,E,41.67,122,23,248.3,17022,10
21,14.81,142.73,29.66,12.12,0.5392,3,D,46.61,0.2773,27.73,0.2714,27.14,0.2857,28.57,Deep Focus Learner,0.25,25.0,38.25,0,42,2261,E,42.57,119,22,325.77,17023,12
39,13.85,162.82,57.92,37.23,0.7389,4,A-,76.38,0.4881,48.81,0.6404,64.04,0.4049,40.49,Consistent Climber,0.55,55.0,64.13,4,58,2262,B+,66.83,252,57,789.73,17024,6
43,12.32,119.21,42.23,21.21,0.5056,6,C,50.49,0.3395,33.95,0.3542,35.42,0.3038,30.38,Flexible Learner,0.3,30.0,37.76,2,94,2263,C,53.73,271,51,628.4,17025,12
25,12.73,122.24,48.57,34.15,0.6984,3,B,63.61,0.4898,48.98,0.4947,49.47,0.4808,48.08,Deep Focus Learner,0.3,30.0,62.11,0,30,2264,B,61.07,147,28,356.42,17026,7
44,10.85,95.73,51.83,33.73,0.6362,5,B+,66.18,0.4916,49.16,0.5115,51.15,0.3774,37.74,Consistent Climber,0.45,45.0,55.41,1,78,2265,B+,65.78,358,63,683.28,17027,7
37,10.61,93.14,53.3,37.68,0.7207,5,A-,76.46,0.5118,51.18,0.5185,51.85,0.4815,48.15,Consistent Climber,0.5,50.0,57.51,1,94,2266,A-,71.05,297,54,572.92,17028,6
41,11.99,107.46,78.06,51.82,0.9585,3,A+,96.89,0.7169,71.69,0.8038,80.38,0.3333,33.33,High Achiever,0.8,80.0,77.2,10,66,2267,A,87.84,325,58,695.43,17029,2
44,13.57,143.03,64.62,40.4,0.7867,5,A,81.59,0.5854,58.54,0.6645,66.45,0.5093,50.93,High Achiever,0.65,65.0,71.02,3,86,2268,A-,78.93,316,65,881.95,17030,2
26,11.1,93.28,38.75,21.95,0.5798,3,C,53.87,0.322,32.2,0.327,32.7,0.2778,27.78,Flexible Learner,0.3,30.0,36.0,1,98,2269,C,52.94,177,30,333.13,17031,7
27,11.48,99.6,53.52,31.11,0.7793,3,A-,70.24,0.506,50.6,0.4964,49.64,0.5517,55.17,Deep Focus Learner,0.65,65.0,57.81,1,42,2270,B,61.16,168,29,332.8,17032,6
18,12.98,124.39,35.84,12.5,0.6488,1,C+,59.15,0.2872,28.72,0.3636,36.36,0.1795,17.95,Deep Focus Learner,0.3,30.0,33.15,1,43,2271,E,41.45,94,18,233.68,17033,7
27,10.55,131.89,33.64,13.51,0.4884,2,D,45.99,0.3191,31.91,0.3692,36.92,0.2763,27.63,Flexible Learner,0.3,30.0,36.92,1,46,2272,G,39.37,141,36,379.77,17034,12
20,10.55,93.3,34.6,23.53,0.5806,2,C,52.42,0.3353,33.53,0.3586,35.86,0.2,20.0,Weekend Learner,0.3,30.0,36.6,0,66,2273,D,47.26,170,30,316.42,17035,9
18,9.97,89.52,48.94,33.33,0.5957,2,C+,55.75,0.4587,45.87,0.4688,46.88,0.3846,38.46,Deep Focus Learner,0.5,50.0,50.76,0,51,2274,C+,56.97,109,20,199.48,17036,4
17,11.09,119.53,36.76,25.0,0.5556,2,C,53.73,0.3486,34.86,0.3803,38.03,0.2895,28.95,Weekend Learner,0.2,20.0,41.69,1,49,2275,D,45.95,109,23,255.18,17037,10
42,11.98,102.15,49.5,21.18,0.6326,5,B+,66.6,0.4232,42.32,0.4412,44.12,0.3385,33.85,Consistent Climber,0.5,50.0,47.59,1,90,2276,B,60.58,371,63,754.7,17038,8
41,10.52,98.66,62.96,38.82,0.7733,4,A-,77.77,0.5789,57.89,0.6082,60.82,0.473,47.3,Consistent Climber,0.65,65.0,64.99,2,78,2277,A-,76.01,342,65,684.1,17039,4
36,15.19,165.88,38.96,19.05,0.6367,4,C+,59.62,0.3439,34.39,0.3906,39.06,0.32,32.0,Flexible Learner,0.2,20.0,51.72,1,66,2278,C+,56.2,189,39,592.45,17040,10
24,13.87,151.41,38.56,24.32,0.6179,3,C+,57.68,0.4274,42.74,0.5429,54.29,0.378,37.8,Deep Focus Learner,0.65,65.0,61.31,0,30,2279,C,53.31,117,25,346.73,17041,7
49,10.86,101.36,78.61,59.35,0.8962,6,A+,94.47,0.7538,75.38,0.7729,77.29,0.6712,67.12,High Achiever,0.7,70.0,80.95,9,78,2280,A,88.95,390,74,803.68,17042,0
13,8.16,81.9,36.66,45.45,0.4974,3,G,37.75,0.3934,39.34,0.4259,42.59,0.1429,14.29,Fresh Starter,0.45,45.0,36.46,0,19,2281,G,38.9,61,13,106.1,17043,5
24,12.14,112.43,64.28,48.08,0.7755,3,A-,75.14,0.625,62.5,0.6435,64.35,0.5676,56.76,Deep Focus Learner,0.65,65.0,69.95,3,62,2282,A-,75.13,152,28,339.88,17044,1
23,21.89,222.76,60.78,30.77,0.8015,3,A-,72.66,0.4779,47.79,0.6111,61.11,0.4576,45.76,Deep Focus Learner,0.4,40.0,69.93,3,70,2283,A-,74.97,136,25,547.35,17045,3
19,8.87,86.6,52.36,44.44,0.6602,3,B,62.54,0.4537,45.37,0.4505,45.05,0.4706,47.06,Deep Focus Learner,0.35,35.0,50.44,3,28,2284,C,54.78,108,22,195.03,17046,5
20,22.27,199.44,29.33,18.03,0.5698,3,D,45.69,0.2276,22.76,0.3721,37.21,0.15,15.0,Fresh Starter,0.25,25.0,38.73,0,66,2285,E,41.93,123,20,445.37,17047,9
27,16.84,167.42,36.72,9.33,0.5585,3,C,54.7,0.323,32.3,0.4,40.0,0.2881,28.81,Weekend Learner,0.4,40.0,44.88,0,66,2286,D,49.27,257,48,808.25,17048,11
28,10.58,93.32,49.15,34.09,0.6001,2,C,53.93,0.4491,44.91,0.4452,44.52,0.4762,47.62,Flexible Learner,0.45,45.0,47.59,1,78,2287,B,61.13,167,30,317.27,17049,7
19,15.51,173.69,35.04,13.24,0.5174,2,E,44.28,0.2787,27.87,0.3134,31.34,0.2586,25.86,Weekend Learner,0.25,25.0,37.59,2,40,2288,E,43.09,183,38,589.2,17050,10
37,10.34,98.32,34.44,24.07,0.5364,5,C,53.76,0.3385,33.85,0.3581,35.81,0.2444,24.44,Flexible Learner,0.4,40.0,37.17,0,90,2289,C,50.31,260,50,516.95,17051,12
19,10.79,91.37,27.91,16.0,0.4888,2,G,34.66,0.2636,26.36,0.2525,25.25,0.3636,36.36,Fresh Starter,0.2,20.0,26.49,1,52,2290,G,33.19,110,19,204.93,17052,10
20,8.96,85.11,50.19,36.11,0.6672,2,B,60.7,0.4942,49.42,0.5,50.0,0.4545,45.45,Weekend Learner,0.55,55.0,54.9,1,78,2291,B,63.59,172,35,313.62,17053,8
43,13.14,124.48,74.92,55.04,0.9289,5,A+,96.56,0.6943,69.43,0.7373,73.73,0.6053,60.53,High Achiever,0.75,75.0,80.17,6,94,2292,A+,92.8,350,65,854.28,17054,0
20,9.33,94.75,27.33,14.29,0.5112,2,G,35.02,0.2947,29.47,0.3151,31.51,0.2273,22.73,Fresh Starter,0.4,40.0,34.07,0,54,2293,G,36.42,95,20,186.55,17055,7
41,12.01,133.08,46.06,33.96,0.6077,5,B,63.57,0.4596,45.96,0.5185,51.85,0.4207,42.07,Consistent Climber,0.35,35.0,58.9,0,98,2294,B+,68.26,272,60,720.85,17056,8
35,11.4,105.36,52.5,36.36,0.6419,4,C+,59.35,0.5475,54.75,0.5515,55.15,0.5357,53.57,Flexible Learner,0.4,40.0,61.86,2,66,2295,B+,66.44,221,40,455.98,17057,9
20,12.56,117.6,62.36,40.58,0.7584,2,A-,70.55,0.5493,54.93,0.589,58.9,0.42,42.0,Weekend Learner,0.55,55.0,64.62,4,54,2296,A-,72.19,213,39,490.0,17058,5
27,13.09,131.93,53.41,37.78,0.7034,2,B+,66.47,0.4938,49.38,0.4898,48.98,0.5,50.0,Flexible Learner,0.2,20.0,62.89,1,66,2297,B+,66.11,160,31,405.77,17059,5
25,12.17,142.96,33.29,14.81,0.4297,2,E,41.8,0.2927,29.27,0.3723,37.23,0.2252,22.52,Weekend Learner,0.2,20.0,35.98,1,78,2298,D,47.33,205,48,584.1,17060,10
34,11.95,111.9,51.73,38.24,0.6191,3,B,62.78,0.4563,45.63,0.5161,51.61,0.2879,28.79,Consistent Climber,0.45,45.0,48.89,1,54,2299,C+,57.98,252,47,561.72,17061,6
30,12.31,112.52,67.38,52.46,0.8152,3,A,80.59,0.6339,63.39,0.6809,68.09,0.4762,47.62,Deep Focus Learner,0.6,60.0,73.66,4,42,2300,A-,76.4,183,33,406.32,17062,1
34,13.47,138.48,54.55,19.05,0.6617,5,B+,68.33,0.4675,46.75,0.4922,49.22,0.4407,44.07,Consistent Climber,0.25,25.0,57.08,2,74,2301,B+,68.31,246,49,660.13,17063,5
24,17.12,178.96,42.65,20.48,0.63,2,B,60.23,0.3333,33.33,0.4085,40.85,0.2994,29.94,Weekend Learner,0.35,35.0,48.08,1,90,2302,C+,57.64,228,44,753.4,17064,7
16,14.22,142.49,38.78,16.67,0.5888,2,C,51.54,0.3023,30.23,0.36,36.0,0.2222,22.22,Weekend Learner,0.15,15.0,38.23,1,36,2303,G,39.87,129,25,355.48,17065,8
11,10.85,108.76,28.98,8.33,0.4247,2,G,32.01,0.2909,29.09,0.2979,29.79,0.25,25.0,Fresh Starter,0.3,30.0,33.47,0,16,2304,G,31.38,55,11,119.33,17066,8
34,10.88,97.05,67.36,48.0,0.8224,2,A,84.09,0.6583,65.83,0.6723,67.23,0.5814,58.14,High Achiever,0.6,60.0,70.53,8,90,2305,A,82.11,278,50,544.17,17067,5
34,9.63,80.33,38.97,17.14,0.4821,5,E,44.76,0.3544,35.44,0.366,36.6,0.1667,16.67,Flexible Learner,0.25,25.0,33.74,1,58,2306,E,43.87,206,36,346.58,17068,9
20,16.57,155.63,35.38,12.24,0.5413,2,D,48.86,0.3397,33.97,0.4239,42.39,0.2188,21.88,Weekend Learner,0.25,25.0,38.91,0,54,2307,E,44.68,156,28,463.88,17069,8
15,15.91,133.58,38.72,23.08,0.5506,2,C,54.25,0.3654,36.54,0.39,39.0,0.3214,32.14,Weekend Learner,0.55,55.0,45.58,1,22,2308,E,42.63,156,25,397.82,17070,7
41,16.09,153.68,67.94,59.54,0.8681,4,A+,90.34,0.6911,69.11,0.7793,77.93,0.6209,62.09,High Achiever,0.7,70.0,84.23,3,98,2309,A,88.67,327,59,949.05,17071,2
21,14.27,150.35,63.12,47.06,0.7835,2,A-,76.96,0.5818,58.18,0.661,66.1,0.4902,49.02,Deep Focus Learner,0.75,75.0,73.44,4,54,2310,A-,75.6,110,22,313.97,17072,3
36,8.95,78.79,60.33,46.67,0.7214,5,A-,74.38,0.6133,61.33,0.6229,62.29,0.5,50.0,Consistent Climber,0.65,65.0,65.3,2,46,2311,B+,69.83,256,48,429.77,17073,3
50,13.47,142.56,40.9,28.12,0.6199,5,B,64.94,0.4032,40.32,0.4615,46.15,0.3558,35.58,Consistent Climber,0.55,55.0,54.92,0,86,2312,C+,58.75,377,77,1037.35,17074,10
35,12.35,108.98,28.16,7.81,0.4574,8,E,40.33,0.2131,21.31,0.2273,22.73,0.1522,15.22,Flexible Learner,0.35,35.0,26.81,0,100,2313,D,45.66,244,43,531.1,17075,13
34,13.94,157.57,35.01,13.85,0.4884,4,E,41.9,0.2781,27.81,0.3086,30.86,0.2547,25.47,Flexible Learner,0.3,30.0,38.08,1,42,2314,E,41.34,187,41,571.38,17076,12
46,11.76,111.24,44.41,31.03,0.5846,5,C+,59.16,0.3877,38.77,0.428,42.8,0.2816,28.16,Consistent Climber,0.5,50.0,46.42,0,54,2315,C,53.18,374,70,823.52,17077,9
39,18.23,178.25,57.87,45.03,0.7358,5,A-,77.7,0.5401,54.01,0.626,62.6,0.4876,48.76,Consistent Climber,0.55,55.0,69.54,2,78,2316,A-,76.47,324,59,1075.78,17078,5
20,9.49,84.91,37.41,13.95,0.4569,2,E,40.45,0.332,33.2,0.3445,34.45,0.2571,25.71,Weekend Learner,0.2,20.0,35.52,0,30,2317,E,40.9,244,46,436.73,17079,10
19,13.56,125.75,38.33,12.5,0.5018,3,D,46.22,0.3448,34.48,0.3433,34.33,0.3469,34.69,Deep Focus Learner,0.4,40.0,42.92,1,64,2318,D,49.26,116,21,284.7,17080,8
23,10.25,94.93,48.14,36.67,0.6181,2,B,60.76,0.4015,40.15,0.4336,43.36,0.25,25.0,Deep Focus Learner,0.2,20.0,42.59,2,30,2319,D,48.46,137,26,266.6,17081,7
35,9.91,88.19,48.87,36.73,0.6213,4,B+,67.54,0.5133,51.33,0.5392,53.92,0.3913,39.13,Consistent Climber,0.5,50.0,57.15,0,78,2320,B,64.91,263,48,475.58,17082,7
41,13.0,146.57,45.75,26.42,0.6448,4,B,63.94,0.4352,43.52,0.4,40.0,0.4521,45.21,Flexible Learner,0.5,50.0,60.26,2,70,2321,B,63.32,216,48,624.22,17083,9
19,9.94,91.44,38.53,19.23,0.4962,2,D,46.04,0.35,35.0,0.3359,33.59,0.4138,41.38,Weekend Learner,0.5,50.0,38.8,0,40,2322,E,43.72,160,30,298.17,17084,7
36,9.64,96.05,44.5,22.22,0.631,3,B,63.46,0.4174,41.74,0.4302,43.02,0.3725,37.25,Consistent Climber,0.5,50.0,47.11,0,42,2323,C,50.6,230,47,453.23,17085,9
18,11.99,124.17,51.44,35.29,0.7781,2,A-,77.79,0.5161,51.61,0.6182,61.82,0.3684,36.84,Deep Focus Learner,0.2,20.0,67.9,2,51,2324,B+,69.15,93,19,227.83,17086,4
24,10.45,94.08,36.04,13.79,0.5134,2,E,42.09,0.3022,30.22,0.2917,29.17,0.3684,36.84,Deep Focus Learner,0.2,20.0,34.13,2,90,2325,C,50.5,139,25,261.13,17087,10
38,11.36,105.67,70.55,48.75,0.8091,5,A,83.82,0.644,64.4,0.6979,69.79,0.473,47.3,Consistent Climber,0.65,65.0,72.86,3,58,2326,A-,78.89,309,57,647.58,17088,2
26,9.7,117.61,37.08,28.57,0.5597,3,C,52.12,0.3462,34.62,0.4068,40.68,0.2958,29.58,Deep Focus Learner,0.15,15.0,48.79,2,54,2327,C,50.33,130,33,320.13,17089,9
38,12.89,121.49,37.32,21.82,0.5372,4,D,47.49,0.2811,28.11,0.3145,31.45,0.2222,22.22,Flexible Learner,0.3,30.0,36.71,1,70,2328,D,47.45,249,46,592.87,17090,12
22,13.57,166.31,25.01,7.89,0.4363,2,G,36.49,0.2483,24.83,0.3684,36.84,0.2056,20.56,Weekend Learner,0.2,20.0,35.78,0,54,2329,G,37.38,145,34,461.38,17091,10
25,13.53,145.24,55.59,44.68,0.754,2,A-,70.4,0.5786,57.86,0.6721,67.21,0.5063,50.63,Deep Focus Learner,0.55,55.0,69.74,3,42,2330,B+,65.38,140,29,392.32,17092,4
41,14.07,142.36,52.59,28.57,0.7252,4,A-,71.66,0.4356,43.56,0.4802,48.02,0.3826,38.26,Consistent Climber,0.2,20.0,55.1,1,70,2331,B,63.98,326,63,886.25,17093,7
42,11.21,105.0,64.41,45.1,0.7672,3,A-,76.12,0.5798,57.98,0.5977,59.77,0.5077,50.77,Consistent Climber,0.7,70.0,64.21,3,78,2332,A-,75.88,326,61,683.58,17094,2
30,17.06,169.09,46.06,34.55,0.7253,4,B+,66.45,0.4066,40.66,0.5,50.0,0.3692,36.92,Flexible Learner,0.5,50.0,60.25,1,70,2333,B,61.97,182,34,580.08,17095,8
36,14.27,144.39,38.39,21.33,0.5366,11,C,53.38,0.3266,32.66,0.3684,36.84,0.2783,27.83,Flexible Learner,0.55,55.0,39.94,1,90,2334,C,53.6,248,48,685.13,17096,14
33,11.99,109.8,37.18,22.64,0.5487,4,C,52.66,0.3209,32.09,0.3082,30.82,0.3571,35.71,Flexible Learner,0.5,50.0,44.75,0,54,2335,D,47.97,215,39,467.42,17097,11
12,12.35,106.88,33.22,11.11,0.5488,1,E,41.22,0.3014,30.14,0.35,35.0,0.0769,7.69,Fresh Starter,0.55,55.0,33.64,0,18,2336,G,35.03,73,12,148.18,17098,6
19,14.33,156.28,24.89,12.5,0.5133,2,G,39.79,0.25,25.0,0.2195,21.95,0.2745,27.45,Fresh Starter,0.25,25.0,32.81,0,52,2337,G,33.36,92,19,272.28,17099,9
16,8.66,83.52,52.38,30.77,0.6835,2,B,62.94,0.4835,48.35,0.5068,50.68,0.3889,38.89,Deep Focus Learner,0.55,55.0,48.49,1,36,2338,C,54.24,91,18,155.97,17100,4
39,12.87,119.45,42.7,26.98,0.6135,4,B+,65.94,0.4362,43.62,0.4911,49.11,0.354,35.4,Consistent Climber,0.5,50.0,58.5,0,74,2339,C+,59.98,282,51,656.28,17101,11
41,17.26,175.32,57.34,36.44,0.7482,6,A-,71.45,0.5,50.0,0.4598,45.98,0.5193,51.93,Flexible Learner,0.3,30.0,71.11,4,54,2340,B+,69.97,268,51,880.25,17102,5
27,13.38,130.9,26.83,7.14,0.4599,3,E,42.28,0.2387,23.87,0.2976,29.76,0.169,16.9,Flexible Learner,0.3,30.0,27.97,0,90,2341,G,37.84,155,30,401.43,17103,11
44,10.95,104.48,64.73,50.48,0.7821,4,A,80.99,0.6193,61.93,0.657,65.7,0.5104,51.04,Consistent Climber,0.65,65.0,69.72,1,90,2342,A-,79.73,373,71,777.28,17104,1
45,10.0,99.41,67.34,60.49,0.8598,4,A,85.52,0.6276,62.76,0.6367,63.67,0.6042,60.42,Consistent Climber,0.75,75.0,71.04,4,54,2343,A-,77.23,341,69,689.92,17105,2
24,16.07,140.63,58.57,40.0,0.7966,4,A-,78.57,0.5595,55.95,0.619,61.9,0.4603,46.03,Deep Focus Learner,0.8,80.0,70.68,2,78,2344,A-,79.41,168,28,450.1,17106,4
44,10.49,94.17,74.16,57.14,0.8685,4,A+,90.52,0.7157,71.57,0.7217,72.17,0.6786,67.86,High Achiever,0.75,75.0,76.24,6,86,2345,A,88.32,401,74,776.2,17107,0
22,19.1,210.51,33.04,17.2,0.5451,2,C,51.75,0.2928,29.28,0.56,56.0,0.2151,21.51,Weekend Learner,0.35,35.0,41.69,1,66,2346,D,48.32,222,45,859.33,17108,9
27,11.53,102.12,49.84,33.33,0.5973,3,C,54.23,0.4522,45.22,0.4888,48.88,0.2857,28.57,Weekend Learner,0.55,55.0,50.66,1,78,2347,B,60.63,272,48,553.5,17109,7
42,15.26,150.87,30.88,15.31,0.5001,5,D,48.59,0.2552,25.52,0.3161,31.61,0.1638,16.38,Flexible Learner,0.25,25.0,30.87,0,66,2348,E,40.36,290,55,839.12,17110,12
15,11.17,95.23,32.26,22.22,0.4836,2,G,37.77,0.3333,33.33,0.3382,33.82,0.3158,31.58,Fresh Starter,0.4,40.0,38.61,0,50,2349,E,40.29,87,15,167.58,17111,10
20,11.76,121.06,45.85,26.67,0.5943,3,C,54.03,0.3732,37.32,0.3797,37.97,0.3651,36.51,Weekend Learner,0.45,45.0,45.55,1,30,2350,D,46.17,142,29,340.93,17112,7
23,11.68,108.95,61.1,28.57,0.6348,3,B,60.99,0.5882,58.82,0.6154,61.54,0.5,50.0,Deep Focus Learner,0.65,65.0,68.06,2,42,2351,B+,69.59,136,25,291.92,17113,3
38,9.39,83.53,71.36,55.22,0.8131,3,A,86.09,0.7063,70.63,0.7041,70.41,0.7222,72.22,Consistent Climber,0.7,70.0,74.27,4,54,2352,A,82.27,303,57,535.05,17114,1
18,10.42,94.28,40.93,35.0,0.5936,3,D,47.03,0.3918,39.18,0.3647,36.47,0.5833,58.33,Fresh Starter,0.25,25.0,43.7,2,39,2353,D,46.01,97,18,187.5,17115,10
15,11.57,104.21,54.08,34.88,0.7559,2,A-,70.74,0.5274,52.74,0.56,56.0,0.3333,33.33,Weekend Learner,0.45,45.0,59.89,2,34,2354,B,63.37,146,26,300.9,17116,6
39,15.96,159.97,77.02,64.15,0.8915,6,A+,93.74,0.7481,74.81,0.8333,83.33,0.7045,70.45,High Achiever,0.75,75.0,88.81,6,98,2355,A+,98,266,50,797.98,17117,0
15,14.48,149.91,24.31,10.53,0.4822,2,G,34.63,0.2533,25.33,0.3939,39.39,0.1429,14.29,Fresh Starter,0.15,15.0,31.61,0,22,2356,G,31.65,75,15,217.25,17118,7
48,11.82,103.12,63.13,45.19,0.8165,5,A,82.41,0.5669,56.69,0.6054,60.54,0.4368,43.68,Consistent Climber,0.55,55.0,66.83,4,82,2357,A-,76.72,381,66,779.87,17119,4
45,11.99,110.89,54.02,33.33,0.6831,5,B+,69.54,0.4516,45.16,0.4706,47.06,0.4,40.0,Consistent Climber,0.35,35.0,51.17,3,98,2358,B+,66.73,372,69,827.63,17120,8
40,11.33,93.53,69.52,53.85,0.8669,5,A,86.83,0.6636,66.36,0.6739,67.39,0.6111,61.11,High Achiever,0.6,60.0,73.28,5,62,2359,A,81.45,330,54,611.77,17121,1
24,10.33,93.78,32.3,17.07,0.5347,2,C,52.71,0.3146,31.46,0.3352,33.52,0.2059,20.59,Weekend Learner,0.2,20.0,33.65,0,78,2360,D,46.19,213,39,402.85,17122,14
37,9.94,91.23,58.99,43.68,0.7906,3,A-,79.66,0.5733,57.33,0.5978,59.78,0.3889,38.89,Consistent Climber,0.5,50.0,62.62,3,42,2361,B+,65.34,307,57,566.78,17123,4
18,9.95,104.05,37.97,18.75,0.5173,2,G,37.22,0.2907,29.07,0.3103,31.03,0.25,25.0,Fresh Starter,0.3,30.0,38.03,1,39,2362,E,41.42,86,18,179.17,17124,7
25,17.46,167.2,30.29,30.23,0.5674,3,C,52.9,0.3185,31.85,0.386,38.6,0.28,28.0,Flexible Learner,0.3,30.0,44.75,1,46,2363,E,43.99,157,28,488.87,17125,13
32,10.3,87.72,53.33,28.57,0.6889,3,B,62.02,0.4673,46.73,0.48,48.0,0.375,37.5,Flexible Learner,0.5,50.0,52.49,1,42,2364,C+,58.6,199,35,360.58,17126,5
43,14.86,147.37,48.91,31.11,0.6769,7,B,63.14,0.4542,45.42,0.5347,53.47,0.3714,37.14,Flexible Learner,0.4,40.0,58.98,2,54,2365,B,61.53,284,54,802.65,17127,11
31,12.9,121.29,61.84,44.83,0.8175,2,A-,77.95,0.5928,59.28,0.6393,63.93,0.5139,51.39,Deep Focus Learner,0.55,55.0,73.87,2,58,2366,A-,76.75,194,36,464.43,17128,2
51,13.18,131.91,53.38,31.68,0.6823,5,A-,70.4,0.4703,47.03,0.5299,52.99,0.3882,38.82,Consistent Climber,0.6,60.0,55.47,2,94,2367,B+,68.7,404,78,1028.25,17129,5
16,10.9,90.14,42.31,23.81,0.4811,2,E,42.27,0.4019,40.19,0.3871,38.71,0.5,50.0,Deep Focus Learner,0.3,30.0,43.24,1,24,2368,D,45.47,107,18,196.2,17130,8
22,11.9,96.79,38.89,20.69,0.5517,2,C,50.29,0.3429,34.29,0.3727,37.27,0.08,8.0,Weekend Learner,0.5,50.0,37.1,1,54,2369,D,47.01,245,40,476.03,17131,9
33,12.99,111.03,66.82,43.88,0.8026,3,A,82.56,0.6241,62.41,0.6681,66.81,0.4167,41.67,Consistent Climber,0.55,55.0,70.29,4,74,2370,A-,79.89,274,46,597.57,17132,3
40,9.91,89.11,65.6,54.43,0.8458,6,A,89.16,0.6667,66.67,0.6705,67.05,0.641,64.1,High Achiever,0.7,70.0,70.39,3,74,2371,A-,77.66,303,56,554.88,17133,2
39,15.7,162.15,59.24,36.28,0.758,5,A-,76.76,0.5321,53.21,0.5882,58.82,0.4863,48.63,Consistent Climber,0.65,65.0,69.8,2,94,2372,A-,79.02,265,52,816.2,17134,4
22,11.13,104.66,32.79,15.38,0.5795,2,C,51.23,0.3206,32.06,0.3684,36.84,0.193,19.3,Weekend Learner,0.5,50.0,38.84,0,66,2373,D,46.7,209,40,445.25,17135,14
31,12.78,137.96,41.86,27.91,0.58,2,C+,56.46,0.3831,38.31,0.3816,38.16,0.3846,38.46,Deep Focus Learner,0.55,55.0,55.29,2,82,2374,B+,65.14,154,33,421.8,17136,10
44,15.83,165.76,48.24,22.03,0.6647,5,B+,66.61,0.3861,38.61,0.3942,39.42,0.3812,38.12,Consistent Climber,0.6,60.0,57.07,1,70,2375,B+,66.98,360,71,1124.03,17137,8
11,9.37,78.6,37.42,14.29,0.5387,2,E,44.12,0.3651,36.51,0.3833,38.33,0.0,0.0,Fresh Starter,0.4,40.0,36.15,0,28,2376,G,38.41,63,11,103.08,17138,5
42,12.13,106.14,52.82,36.27,0.7246,3,A-,72.73,0.5029,50.29,0.5254,52.54,0.4143,41.43,Consistent Climber,0.55,55.0,56.5,2,70,2377,B+,65.24,346,59,715.73,17139,7
32,9.93,96.86,42.82,30.77,0.5704,3,D,49.52,0.4084,40.84,0.4621,46.21,0.2391,23.91,Deep Focus Learner,0.5,50.0,45.36,0,42,2378,D,48.34,191,37,367.33,17140,10
29,10.64,98.03,66.03,42.55,0.7596,4,A-,74.41,0.628,62.8,0.6429,64.29,0.5417,54.17,Flexible Learner,0.5,50.0,68.61,4,58,2379,A-,74.32,164,30,319.08,17141,3
33,18.41,190.14,29.07,6.17,0.4642,4,E,41.97,0.2157,21.57,0.3333,33.33,0.1667,16.67,Flexible Learner,0.3,30.0,28.43,0,54,2380,G,34.09,204,39,718.03,17142,10
48,16.85,154.1,76.97,47.26,0.9254,5,A+,95.63,0.6805,68.05,0.7673,76.73,0.5495,54.95,High Achiever,0.7,70.0,78.88,7,98,2381,A+,90.68,457,78,1314.68,17143,1
39,13.02,114.84,51.29,26.83,0.7116,4,A-,72.62,0.445,44.5,0.4788,47.88,0.3333,33.33,Consistent Climber,0.4,40.0,49.56,0,82,2382,B,63.08,400,69,898.5,17144,7
46,12.39,141.62,53.36,50.51,0.7051,5,B+,69.11,0.5108,51.08,0.5968,59.68,0.4577,45.77,Consistent Climber,0.35,35.0,64.55,2,86,2383,A-,72.27,325,74,917.03,17145,8
50,14.31,156.8,61.79,45.32,0.8199,5,A,87.77,0.615,61.5,0.6857,68.57,0.5701,57.01,Consistent Climber,0.6,60.0,78.99,1,98,2384,A,85.29,361,76,1087.45,17146,5
19,11.25,106.33,49.66,25.0,0.6792,2,B,62.47,0.4381,43.81,0.4545,45.45,0.3929,39.29,Deep Focus Learner,0.5,50.0,46.51,3,40,2385,C,52.15,105,20,225.03,17147,5
32,9.13,82.61,59.27,44.12,0.6797,4,B+,65.6,0.5663,56.63,0.5617,56.17,0.5882,58.82,Deep Focus Learner,0.6,60.0,62.75,4,42,2386,B+,66.41,196,38,346.88,17148,3
22,11.57,125.19,37.78,8.89,0.4963,2,E,43.61,0.2664,26.64,0.2193,21.93,0.32,32.0,Weekend Learner,0.25,25.0,37.74,1,66,2387,D,45.64,214,46,532.0,17149,12
35,10.53,105.17,50.81,26.67,0.6304,3,B,60.21,0.4541,45.41,0.5033,50.33,0.3214,32.14,Flexible Learner,0.45,45.0,52.94,1,66,2388,B,63.25,207,42,442.4,17150,6
47,10.81,102.95,63.71,44.14,0.7501,5,A-,79.19,0.5973,59.73,0.6386,63.86,0.4667,46.67,Consistent Climber,0.55,55.0,67.49,2,90,2389,A-,79.44,375,72,778.27,17151,3
18,9.3,82.64,43.4,22.73,0.679,2,B,60.56,0.3981,39.81,0.3838,38.38,0.75,75.0,Deep Focus Learner,0.35,35.0,42.91,0,55,2390,D,48.77,103,19,176.67,17152,4
21,10.41,96.95,53.8,25.0,0.6787,3,B,64.77,0.4599,45.99,0.4821,48.21,0.36,36.0,Deep Focus Learner,0.45,45.0,49.17,2,42,2391,C+,56.62,137,26,270.73,17153,5
24,8.95,83.12,34.88,31.58,0.4892,4,G,35.2,0.3884,38.84,0.4167,41.67,0.1538,15.38,Fresh Starter,0.3,30.0,37.85,0,42,2392,E,40.34,121,24,214.73,17154,8
22,12.47,127.05,34.24,15.25,0.5334,2,D,45.89,0.2744,27.44,0.2778,27.78,0.2697,26.97,Weekend Learner,0.45,45.0,36.1,0,78,2393,D,46.13,215,43,536.3,17155,8
10,18.73,182.33,12.36,10.53,0.3141,2,G,25,0.1455,14.55,0.0435,4.35,0.2188,21.88,Fresh Starter,0.2,20.0,30.37,0,15,2394,G,21.52,55,10,187.28,17156,8
24,10.3,98.78,46.2,26.32,0.5732,2,C,51.37,0.4392,43.92,0.45,45.0,0.3929,39.29,Deep Focus Learner,0.25,25.0,54.46,1,42,2395,C+,56.71,148,29,298.72,17157,7
42,9.87,88.93,42.8,24.49,0.5242,4,C,51.02,0.3759,37.59,0.3904,39.04,0.3043,30.43,Flexible Learner,0.75,75.0,42.79,0,66,2396,C,50.75,274,51,503.2,17158,9
32,10.45,94.61,58.75,57.69,0.7656,4,A-,74.88,0.6127,61.27,0.622,62.2,0.575,57.5,Flexible Learner,0.5,50.0,67.05,2,58,2397,A-,70.11,204,38,397.27,17159,3
53,10.71,96.03,53.81,34.48,0.6549,5,B+,69.73,0.5438,54.38,0.5405,54.05,0.5556,55.56,Consistent Climber,0.55,55.0,61.95,0,98,2398,A-,72.22,377,69,738.95,17160,4
19,14.04,138.09,28.04,15.15,0.5215,4,E,40.43,0.2745,27.45,0.3289,32.89,0.1154,11.54,Fresh Starter,0.2,20.0,31.79,0,40,2399,G,33.28,102,19,266.83,17161,7
18,10.35,88.32,60.9,40.74,0.6586,2,C+,58.92,0.5027,50.27,0.5395,53.95,0.3429,34.29,Weekend Learner,0.6,60.0,52.1,6,39,2400,C+,58.55,187,33,341.63,17162,4
16,10.28,107.96,30.49,31.25,0.5413,2,G,39.01,0.3151,31.51,0.4091,40.91,0.1724,17.24,Fresh Starter,0.4,40.0,33.4,0,52,2401,E,40.16,73,16,164.42,17163,6
9,9.61,131.35,33.57,0.0,0.4026,2,G,25,0.2258,22.58,0.2308,23.08,0.2222,22.22,Fresh Starter,0.2,20.0,34.67,1,37,2402,G,38.33,31,9,86.48,17164,4
47,13.06,129.9,50.42,36.0,0.7479,5,A-,75.69,0.4986,49.86,0.5274,52.74,0.447,44.7,Consistent Climber,0.45,45.0,63.65,1,98,2403,A-,73.21,369,72,940.03,17165,6
44,11.17,107.53,78.85,57.47,0.8575,5,A+,90.1,0.7368,73.68,0.7664,76.64,0.6667,66.67,Consistent Climber,0.75,75.0,81.19,9,70,2404,A+,91.04,304,58,647.93,17166,2
54,17.87,183.31,63.12,43.09,0.7958,6,A,82.24,0.5569,55.69,0.6803,68.03,0.4887,48.87,High Achiever,0.75,75.0,71.69,3,82,2405,A,80.04,413,79,1411.4,17167,3
21,12.56,118.09,50.1,27.27,0.5901,2,C+,55.84,0.4667,46.67,0.5194,51.94,0.3636,36.36,Weekend Learner,0.4,40.0,56.3,1,66,2406,B,62.34,195,36,452.08,17168,5
16,13.9,154.91,9.5,0.0,0.3449,2,G,25,0.0667,6.67,0.04,4.0,0.08,8.0,Fresh Starter,0.2,20.0,19.44,0,60,2407,G,25.87,75,16,222.38,17169,8
44,13.58,131.65,53.56,23.85,0.7345,5,A-,73.23,0.4548,45.48,0.5166,51.66,0.3364,33.64,Consistent Climber,0.4,40.0,54.99,1,54,2408,C+,59.83,321,60,815.03,17170,7
26,13.64,136.28,44.49,28.57,0.6523,3,B,63.26,0.4621,46.21,0.5,50.0,0.4304,43.04,Deep Focus Learner,0.4,40.0,62.62,0,66,2409,B+,65.7,145,29,395.53,17171,7
31,11.81,124.32,38.98,24.39,0.588,3,C+,57.75,0.3988,39.88,0.4382,43.82,0.3544,35.44,Flexible Learner,0.3,30.0,50.78,1,70,2410,C+,56.22,168,35,413.22,17172,10
9,19.45,147.68,29.75,28.0,0.5956,2,E,44.1,0.3016,30.16,0.2927,29.27,0.3182,31.82,Fresh Starter,0.35,35.0,43.88,0,13,2411,G,39.08,63,9,175.05,17173,8
14,8.36,70.61,24.81,0.0,0.4916,1,G,33.92,0.2338,23.38,0.24,24.0,0.0,0.0,Fresh Starter,0.2,20.0,22.5,0,33,2412,G,28.76,77,14,117.1,17174,8
22,12.58,127.74,13.78,3.7,0.3352,3,G,25,0.1327,13.27,0.1233,12.33,0.15,15.0,Fresh Starter,0.25,25.0,19.92,0,58,2413,G,26.58,113,22,276.83,17175,12
34,14.22,125.4,40.79,17.81,0.5454,3,C,54.39,0.3569,35.69,0.3681,36.81,0.3417,34.17,Flexible Learner,0.6,60.0,44.52,1,90,2414,C+,57.02,283,48,682.5,17176,12
8,9.26,78.77,46.19,42.86,0.6169,1,D,46.83,0.4318,43.18,0.4722,47.22,0.25,25.0,Fresh Starter,0.5,50.0,46.79,1,28,2415,D,48.73,44,8,74.08,17177,4
53,19.0,172.15,70.08,49.13,0.9555,6,A+,97.53,0.6542,65.42,0.7463,74.63,0.5878,58.78,High Achiever,0.7,70.0,81.2,5,58,2416,A,84.45,480,80,1519.88,17178,1
21,16.65,187.11,47.71,32.88,0.7546,2,A-,71.29,0.4438,44.38,0.5667,56.67,0.37,37.0,Weekend Learner,0.65,65.0,60.92,1,78,2417,B,63.9,160,34,566.23,17179,8
35,12.83,126.88,59.77,38.1,0.7664,4,A-,76.66,0.5333,53.33,0.6026,60.26,0.4048,40.48,Consistent Climber,0.5,50.0,66.58,3,66,2418,A-,71.18,240,47,603.13,17180,6
42,14.56,135.36,45.63,29.7,0.5961,5,C+,58.72,0.3922,39.22,0.4198,41.98,0.3443,34.43,Consistent Climber,0.5,50.0,49.08,1,74,2419,C+,58.01,334,60,873.9,17181,10
37,15.1,155.37,50.57,33.02,0.7773,9,A-,72.51,0.4613,46.13,0.5159,51.59,0.4138,41.38,Flexible Learner,0.55,55.0,60.92,0,70,2420,B,63.31,271,53,800.55,17182,6
49,11.92,103.09,64.79,42.74,0.842,5,A,82.54,0.5844,58.44,0.621,62.1,0.3939,39.39,Consistent Climber,0.55,55.0,65.11,5,98,2421,A-,79.59,409,71,846.07,17183,6
18,16.47,179.87,49.41,26.47,0.7487,2,A-,71.16,0.4828,48.28,0.6667,66.67,0.4,40.0,Deep Focus Learner,0.6,60.0,65.63,2,27,2422,C+,58.36,87,18,296.43,17184,6
49,15.75,156.98,67.03,41.38,0.8546,5,A,85.28,0.5806,58.06,0.663,66.3,0.5135,51.35,Consistent Climber,0.5,50.0,74.95,4,98,2423,A,86.64,403,76,1196.78,17185,2
26,11.62,112.33,39.06,9.09,0.4954,3,D,46.46,0.3704,37.04,0.4184,41.84,0.2969,29.69,Deep Focus Learner,0.25,25.0,39.01,1,42,2424,E,44.95,162,31,360.13,17186,10
36,14.5,149.39,69.64,48.51,0.8527,5,A,82.8,0.6382,63.82,0.6822,68.22,0.6037,60.37,Consistent Climber,0.8,80.0,78.08,4,90,2425,A,87.65,293,58,841.22,17187,1
34,12.22,117.25,40.14,16.67,0.6438,2,C+,58.78,0.342,34.2,0.4148,41.48,0.1724,17.24,Flexible Learner,0.55,55.0,38.12,1,82,2426,D,49.78,193,37,452.13,17188,9
26,12.16,124.76,49.9,20.45,0.6857,2,B,64.83,0.4306,43.06,0.4842,48.42,0.3265,32.65,Deep Focus Learner,0.25,25.0,48.11,2,42,2427,C,53.25,144,29,352.77,17189,7
26,13.02,141.57,42.96,20.51,0.6202,3,C+,55.29,0.3935,39.35,0.4267,42.67,0.3625,36.25,Deep Focus Learner,0.45,45.0,51.78,1,90,2428,B,61.46,155,33,429.52,17190,7
24,12.81,138.61,29.92,18.18,0.5765,3,C+,55.11,0.3139,31.39,0.4028,40.28,0.2154,21.54,Flexible Learner,0.35,35.0,44.27,0,54,2429,D,46.72,137,29,371.5,17191,10
19,14.97,129.93,53.76,39.34,0.7275,2,B+,66.3,0.467,46.7,0.4959,49.59,0.4068,40.68,Weekend Learner,0.35,35.0,59.76,2,64,2430,B+,65.0,182,30,449.08,17192,6
54,9.81,93.96,74.34,51.82,0.9046,5,A+,91.92,0.7186,71.86,0.7356,73.56,0.6463,64.63,High Achiever,0.7,70.0,77.77,5,98,2431,A+,90.39,430,85,833.45,17193,1
54,13.03,123.64,76.05,50.0,0.9148,5,A+,95.19,0.7021,70.21,0.7828,78.28,0.5385,53.85,High Achiever,0.75,75.0,78.92,8,98,2432,A+,93.41,433,80,1042.52,17194,0
15,12.08,142.53,38.97,10.0,0.4741,2,G,34.82,0.2879,28.79,0.4,40.0,0.1154,11.54,Fresh Starter,0.25,25.0,31.32,1,22,2433,G,34.87,66,15,181.15,17195,4
15,13.2,136.53,36.86,21.21,0.639,2,B,61.9,0.4264,42.64,0.5455,54.55,0.25,25.0,Weekend Learner,0.25,25.0,46.91,1,34,2434,D,47.36,129,26,343.1,17196,10
8,14.86,148.6,36.02,18.75,0.5062,1,G,38.5,0.3256,32.56,0.2857,28.57,0.3636,36.36,Fresh Starter,0.3,30.0,48.28,0,12,2435,E,42.93,43,8,118.85,17197,4
21,12.1,104.57,49.88,20.0,0.641,3,B,60.33,0.4604,46.04,0.5,50.0,0.3226,32.26,Deep Focus Learner,0.45,45.0,57.1,1,42,2436,C+,58.35,139,24,290.3,17198,5
24,17.4,164.8,48.24,36.0,0.7144,3,B+,68.16,0.4517,45.17,0.5648,56.48,0.3709,37.09,Weekend Learner,0.2,20.0,60.63,0,66,2437,B,64.05,259,46,800.28,17199,9
43,13.47,128.39,25.82,8.97,0.4907,5,E,40.98,0.2095,20.95,0.1958,19.58,0.2336,23.36,Flexible Learner,0.3,30.0,30.41,1,98,2438,E,43.51,296,55,741.0,17200,14
18,9.4,92.54,72.35,60.87,0.7552,2,A-,73.1,0.7333,73.33,0.7467,74.67,0.6667,66.67,Deep Focus Learner,0.85,85.0,78.36,6,27,2439,A-,77.24,90,19,178.65,17201,2
20,12.72,133.07,13.85,0.0,0.3506,2,G,25,0.1237,12.37,0.1346,13.46,0.1111,11.11,Fresh Starter,0.05,5.0,19.89,0,62,2440,G,27.91,97,20,254.4,17202,12
23,12.19,109.71,43.9,23.81,0.6402,3,C+,56.33,0.4074,40.74,0.4251,42.51,0.3492,34.92,Weekend Learner,0.2,20.0,48.74,0,90,2441,B,61.68,270,48,584.97,17203,9
28,9.84,95.07,70.66,48.0,0.766,3,A-,75.67,0.6647,66.47,0.6879,68.79,0.5517,55.17,Deep Focus Learner,0.75,75.0,72.35,6,30,2442,A-,73.73,170,33,324.72,17204,2
58,11.18,98.29,68.94,54.36,0.8643,6,A,87.41,0.654,65.4,0.6806,68.06,0.4925,49.25,High Achiever,0.65,65.0,70.99,3,98,2443,A,84.9,474,84,939.25,17205,1
38,17.6,176.98,54.39,37.19,0.7721,4,A-,77.61,0.4852,48.52,0.5843,58.43,0.4365,43.65,Consistent Climber,0.55,55.0,66.71,2,54,2444,B+,67.11,270,50,880.03,17206,7
33,11.1,119.64,39.13,11.36,0.5036,4,D,48.62,0.3158,31.58,0.3491,34.91,0.2615,26.15,Deep Focus Learner,0.3,30.0,35.24,1,54,2445,D,45.65,171,37,410.8,17207,8
46,12.42,109.32,57.32,49.48,0.7425,5,A-,76.18,0.566,56.6,0.5977,59.77,0.4909,49.09,Consistent Climber,0.7,70.0,65.91,0,66,2446,A-,70.96,371,64,794.68,17208,4
30,8.76,81.36,37.06,29.63,0.4538,4,E,41.42,0.2959,29.59,0.3,30.0,0.2632,26.32,Flexible Learner,0.3,30.0,32.15,1,54,2447,E,41.09,169,34,297.95,17209,10
26,13.86,146.99,51.89,42.86,0.7287,2,A-,70.42,0.5042,50.42,0.5259,52.59,0.4752,47.52,Weekend Learner,0.55,55.0,63.37,1,66,2448,B+,65.64,236,48,665.25,17210,5
14,10.67,89.22,37.75,17.86,0.5679,2,C,50.82,0.3846,38.46,0.3894,38.94,0.3529,35.29,Weekend Learner,0.35,35.0,45.11,0,33,2449,D,46.94,130,22,234.75,17211,8
55,11.59,103.97,65.62,45.31,0.8164,5,A,80.87,0.6118,61.18,0.6613,66.13,0.453,45.3,High Achiever,0.7,70.0,70.1,3,98,2450,A,82.56,492,89,1031.65,17212,3
39,9.96,95.91,23.2,15.22,0.4567,4,E,42.98,0.2133,21.33,0.2197,21.97,0.1842,18.42,Flexible Learner,0.15,15.0,26.62,0,54,2451,G,33.47,211,42,418.17,17213,13
24,12.82,112.4,41.62,21.62,0.6138,2,C+,56.81,0.3742,37.42,0.4087,40.87,0.2917,29.17,Deep Focus Learner,0.4,40.0,46.54,2,54,2452,C,50.73,163,28,358.98,17214,10
21,18.91,195.49,32.39,2.67,0.5695,2,D,48.29,0.2328,23.28,0.3,30.0,0.2086,20.86,Weekend Learner,0.4,40.0,37.13,0,54,2453,E,41.46,189,36,680.82,17215,11
43,11.67,109.32,76.39,52.73,0.8836,5,A,88.62,0.7054,70.54,0.7326,73.26,0.6316,63.16,High Achiever,0.65,65.0,78.83,8,90,2454,A,89.91,353,66,770.45,17216,0
33,14.02,151.32,53.83,21.82,0.6912,6,B+,66.29,0.4925,49.25,0.625,62.5,0.4296,42.96,Flexible Learner,0.3,30.0,65.85,2,42,2455,B+,68.39,199,42,588.78,17217,4
19,16.2,176.72,28.79,4.55,0.4539,2,E,40.35,0.2318,23.18,0.3077,30.77,0.2054,20.54,Weekend Learner,0.5,50.0,35.02,0,52,2456,G,37.48,151,31,502.23,17218,12
27,14.4,153.77,29.9,0.0,0.4638,4,D,45.24,0.2617,26.17,0.3261,32.61,0.233,23.3,Flexible Learner,0.15,15.0,36.06,0,62,2457,E,42.72,149,30,431.93,17219,11
48,17.02,181.36,69.48,51.05,0.8505,6,A,88.49,0.6656,66.56,0.6786,67.86,0.661,66.1,High Achiever,0.75,75.0,84.33,5,42,2458,A,82.69,320,64,1089.48,17220,2
22,10.91,99.27,39.42,26.92,0.5592,2,C,50.52,0.3502,35.02,0.3689,36.89,0.2745,27.45,Weekend Learner,0.3,30.0,40.67,0,90,2459,C,54.7,257,47,512.73,17221,11
55,16.78,165.27,64.46,47.24,0.7957,6,A,85.66,0.5859,58.59,0.6421,64.21,0.5455,54.55,High Achiever,0.75,75.0,75.17,4,98,2460,A,84.41,454,84,1409.37,17222,2
26,10.02,97.13,51.99,39.66,0.7104,2,B+,66.86,0.5307,53.07,0.5567,55.67,0.3824,38.24,Weekend Learner,0.4,40.0,55.69,2,90,2461,B+,66.81,228,46,460.87,17223,6
34,14.92,148.43,59.27,45.79,0.8335,5,A,82.16,0.5772,57.72,0.6148,61.48,0.5401,54.01,Consistent Climber,0.6,60.0,74.06,2,66,2462,A-,76.37,272,51,760.9,17224,4
15,9.44,98.68,50.83,35.29,0.613,3,D,46.73,0.4706,47.06,0.4727,47.27,0.4615,46.15,Fresh Starter,0.5,50.0,53.58,1,34,2463,C,51.64,68,15,141.53,17225,4
40,16.04,158.85,58.03,37.17,0.7659,8,A-,71.58,0.5188,51.88,0.5489,54.89,0.4887,48.87,Flexible Learner,0.7,70.0,67.35,3,42,2464,B+,66.74,266,50,802.05,17226,7
42,16.22,166.68,57.25,43.06,0.7777,5,A,80.79,0.5574,55.74,0.6716,67.16,0.4914,49.14,Consistent Climber,0.55,55.0,73.21,2,98,2465,A-,77.97,366,71,1151.52,17227,5
30,10.1,92.2,58.38,39.13,0.7947,4,A-,72.4,0.5989,59.89,0.6258,62.58,0.4091,40.91,Deep Focus Learner,0.3,30.0,65.89,1,54,2466,A-,71.6,177,33,333.3,17228,4
25,16.16,154.34,47.1,36.99,0.7226,3,B+,67.57,0.487,48.7,0.5663,56.63,0.3944,39.44,Deep Focus Learner,0.55,55.0,61.95,1,54,2467,B,60.81,154,28,452.55,17229,7
35,13.73,126.82,60.96,50.0,0.6972,5,A-,72.72,0.6111,61.11,0.6474,64.74,0.5521,55.21,Consistent Climber,0.65,65.0,69.53,3,66,2468,A-,74.32,252,45,617.67,17230,3
18,10.92,98.23,33.47,26.67,0.5366,3,D,48.11,0.3304,33.04,0.3469,34.69,0.2353,23.53,Deep Focus Learner,0.45,45.0,37.85,1,39,2469,G,38.8,115,20,218.43,17231,10
34,15.95,139.82,58.66,26.44,0.738,3,A-,70.93,0.5043,50.43,0.5705,57.05,0.3649,36.49,Flexible Learner,0.25,25.0,59.66,2,82,2470,B+,68.34,230,38,606.1,17232,5
23,12.23,121.65,22.16,13.79,0.4479,4,G,36.71,0.2564,25.64,0.2821,28.21,0.2051,20.51,Fresh Starter,0.1,10.0,31.44,0,30,2471,G,32.3,117,23,281.35,17233,12
22,9.43,83.99,59.63,39.29,0.6863,2,B,61.96,0.5274,52.74,0.5338,53.38,0.4615,46.15,Deep Focus Learner,0.45,45.0,54.94,3,58,2472,B+,65.28,146,26,245.15,17234,3
43,15.31,153.11,65.58,46.49,0.9041,5,A+,93.81,0.6386,63.86,0.6377,63.77,0.6392,63.92,High Achiever,0.9,90.0,81.07,4,78,2473,A,84.75,332,63,964.3,17235,3
38,9.38,97.88,56.12,36.54,0.7047,8,B+,68.36,0.5357,53.57,0.531,53.1,0.549,54.9,Flexible Learner,0.6,60.0,62.04,2,58,2474,B+,65.13,196,43,403.2,17236,4
8,10.22,133.03,31.43,0.0,0.4646,1,G,33.3,0.3667,36.67,0.3571,35.71,0.375,37.5,Fresh Starter,0.4,40.0,50.87,0,24,2475,D,46.71,30,8,81.77,17237,4
29,14.61,154.39,28.62,8.51,0.5041,3,D,46.95,0.2222,22.22,0.2703,27.03,0.1772,17.72,Deep Focus Learner,0.15,15.0,30.35,1,66,2476,E,41.02,153,31,452.77,17238,13
41,12.01,120.45,81.44,70.1,0.9302,6,A+,98,0.7948,79.48,0.8108,81.08,0.7705,77.05,High Achiever,0.85,85.0,87.4,8,90,2477,A+,97.85,307,60,720.88,17239,0
26,10.98,97.37,55.5,37.84,0.6691,3,B,61.92,0.4847,48.47,0.5188,51.88,0.3333,33.33,Flexible Learner,0.55,55.0,51.09,2,58,2478,B,60.13,163,29,318.45,17240,5
21,11.2,97.97,45.96,30.19,0.5886,3,C+,56.54,0.4361,43.61,0.4523,45.23,0.3214,32.14,Weekend Learner,0.5,50.0,47.4,1,42,2479,C,51.71,227,40,448.08,17241,7
32,13.26,126.17,46.02,24.24,0.6385,3,B+,65.47,0.3943,39.43,0.3949,39.49,0.3933,39.33,Consistent Climber,0.35,35.0,48.1,0,94,2480,C+,59.76,246,46,609.93,17242,8
31,12.12,115.73,43.45,15.56,0.4952,3,D,48.06,0.3822,38.22,0.4074,40.74,0.3214,32.14,Flexible Learner,0.45,45.0,45.04,1,78,2481,C+,55.48,191,36,436.27,17243,8
19,10.39,102.58,45.09,31.82,0.6477,2,C+,58.21,0.4336,43.36,0.5059,50.59,0.2143,21.43,Deep Focus Learner,0.55,55.0,49.25,1,64,2482,C+,55.33,113,23,238.98,17244,7
12,8.37,78.37,39.6,12.5,0.6042,1,D,47.19,0.4068,40.68,0.4314,43.14,0.25,25.0,Fresh Starter,0.45,45.0,44.51,0,42,2483,D,49.75,59,12,100.38,17245,6
37,12.3,123.1,61.19,51.35,0.7878,3,A-,79.45,0.58,58.0,0.5915,59.15,0.5648,56.48,Consistent Climber,0.5,50.0,73.59,3,54,2484,A-,73.95,250,50,614.8,17246,4
48,11.26,100.99,44.71,31.13,0.5968,5,B,60.31,0.4419,44.19,0.468,46.8,0.3099,30.99,Consistent Climber,0.6,60.0,47.51,0,66,2485,C+,57.79,430,77,867.07,17247,10
47,13.01,133.32,67.38,50.78,0.8481,5,A,86.25,0.633,63.3,0.6651,66.51,0.5915,59.15,Consistent Climber,0.65,65.0,76.94,3,90,2486,A,85.44,376,75,975.63,17248,3
25,9.74,88.4,36.13,11.11,0.4927,3,D,47.71,0.298,29.8,0.2791,27.91,0.4091,40.91,Deep Focus Learner,0.55,55.0,37.94,0,42,2487,E,42.91,151,28,272.73,17249,11
18,10.37,94.49,42.99,14.71,0.5717,2,C,51.56,0.3704,37.04,0.3741,37.41,0.3478,34.78,Weekend Learner,0.55,55.0,44.13,2,39,2488,D,48.13,162,30,310.97,17250,8
43,11.6,111.65,54.94,30.0,0.7029,4,A-,70.36,0.5015,50.15,0.5427,54.27,0.4,40.0,Consistent Climber,0.45,45.0,53.75,2,74,2489,B+,65.77,329,63,730.95,17251,6
16,16.72,158.71,24.07,0.0,0.5019,3,G,36.62,0.2418,24.18,0.25,25.0,0.2364,23.64,Fresh Starter,0.15,15.0,32.35,0,24,2490,G,30.17,91,16,267.57,17252,10
44,10.11,89.73,45.52,12.5,0.6557,6,B,60.52,0.4,40.0,0.407,40.7,0.3514,35.14,Flexible Learner,0.35,35.0,45.19,1,90,2491,C+,57.18,295,53,536.08,17253,11
28,10.36,91.23,58.69,21.95,0.7399,3,B+,69.78,0.5683,56.83,0.5753,57.53,0.5405,54.05,Deep Focus Learner,0.7,70.0,62.39,2,54,2492,B+,67.58,183,33,341.82,17254,4
22,13.44,134.67,27.16,6.98,0.4807,3,D,46.18,0.2796,27.96,0.3302,33.02,0.2125,21.25,Weekend Learner,0.2,20.0,35.76,0,78,2493,E,42.61,186,36,483.9,17255,14
25,9.89,106.07,48.52,39.13,0.5735,3,C,53.36,0.4472,44.72,0.4103,41.03,0.5111,51.11,Deep Focus Learner,0.6,60.0,57.44,1,54,2494,C+,59.98,123,27,266.93,17256,6
22,11.47,104.8,62.02,52.63,0.7568,2,A-,72.39,0.6463,64.63,0.6735,67.35,0.54,54.0,Weekend Learner,0.5,50.0,72.28,3,54,2495,A-,74.48,246,44,504.83,17257,3
34,10.65,93.06,55.97,43.86,0.7505,4,A-,70.64,0.5127,51.27,0.522,52.2,0.4516,45.16,Flexible Learner,0.5,50.0,57.42,2,42,2496,B,61.87,236,42,447.33,17258,5
22,9.84,95.3,49.84,35.0,0.6334,2,C+,59.37,0.4872,48.72,0.5,50.0,0.4324,43.24,Weekend Learner,0.55,55.0,53.44,2,78,2497,B,62.22,195,39,383.77,17259,7
40,18.88,194.91,38.92,17.44,0.5641,4,C,50.83,0.2894,28.94,0.3934,39.34,0.2529,25.29,Flexible Learner,0.15,15.0,44.3,1,78,2498,C,54.89,235,45,849.42,17260,10
18,13.91,156.52,39.09,26.32,0.6646,2,B,61.77,0.438,43.8,0.5439,54.39,0.3625,36.25,Weekend Learner,0.55,55.0,59.02,0,87,2499,B,64.05,137,30,417.23,17261,7
46,17.0,176.83,57.39,36.2,0.7307,5,A-,75.67,0.5316,53.16,0.5862,58.62,0.5,50.0,Consistent Climber,0.65,65.0,70.6,2,98,2500,A-,78.26,395,77,1308.63,17262,5
33,16.05,154.33,59.68,37.39,0.7172,4,A-,72.89,0.5354,53.54,0.6691,66.91,0.3739,37.39,Consistent Climber,0.7,70.0,64.77,3,70,2501,A-,72.08,254,46,738.28,17263,5
46,11.76,109.84,54.56,35.29,0.6738,5,A-,71.43,0.5118,51.18,0.5538,55.38,0.3737,37.37,Consistent Climber,0.4,40.0,58.7,1,94,2502,A-,72.81,424,79,929.33,17264,8
26,10.2,96.18,47.34,15.38,0.5948,3,C+,55.1,0.4035,40.35,0.4,40.0,0.4286,42.86,Deep Focus Learner,0.5,50.0,46.35,1,66,2503,C+,55.19,171,32,326.35,17265,7
48,15.33,154.98,69.85,42.95,0.8292,5,A,82.23,0.5923,59.23,0.6932,69.32,0.5187,51.87,Consistent Climber,0.55,55.0,72.32,6,98,2504,A,86.75,417,80,1226.37,17266,2
35,12.2,104.78,61.67,48.84,0.8074,3,A,83.1,0.6125,61.25,0.6174,61.74,0.5932,59.32,Consistent Climber,0.7,70.0,68.66,2,66,2505,A-,72.89,289,48,585.52,17267,4
45,14.56,167.6,47.17,32.84,0.725,4,A-,72.01,0.4774,47.74,0.6134,61.34,0.4085,40.85,Consistent Climber,0.55,55.0,61.67,0,70,2506,B,64.43,354,77,1121.12,17268,9
43,15.37,148.78,65.15,48.08,0.8234,4,A,81.53,0.5927,59.27,0.6045,60.45,0.5833,58.33,High Achiever,0.45,45.0,75.51,2,66,2507,A-,77.15,302,55,845.25,17269,2
33,14.86,151.6,52.07,26.58,0.7374,4,B+,69.41,0.4645,46.45,0.5586,55.86,0.36,36.0,Flexible Learner,0.25,25.0,59.24,0,66,2508,B+,66.05,211,41,609.43,17270,6
18,22.67,220.91,34.05,12.31,0.6449,2,C+,58.24,0.2786,27.86,0.64,64.0,0.2,20.0,Weekend Learner,0.3,30.0,40.25,1,51,2509,E,41.21,140,25,566.85,17271,8
24,18.15,171.09,33.42,9.38,0.5146,3,D,46.09,0.2956,29.56,0.3971,39.71,0.2198,21.98,Flexible Learner,0.2,20.0,37.5,0,54,2510,E,44.09,159,28,508.13,17272,10
17,14.99,143.06,35.95,17.65,0.5538,2,C,53.27,0.3636,36.36,0.4286,42.86,0.2857,28.57,Weekend Learner,0.45,45.0,42.35,0,85,2511,C,52.06,154,28,419.65,17273,11
40,11.1,109.82,68.88,56.63,0.8421,4,A,83.79,0.6567,65.67,0.6651,66.51,0.6364,63.64,Consistent Climber,0.65,65.0,74.23,5,98,2512,A,83.92,300,59,654.98,17274,3
49,11.9,109.58,77.15,57.24,0.9165,5,A+,98,0.7189,71.89,0.7485,74.85,0.62,62.0,High Achiever,0.8,80.0,79.1,8,78,2513,A,87.98,434,79,940.0,17275,0
22,12.5,119.82,53.8,45.28,0.7014,2,B+,68.28,0.4945,49.45,0.5323,53.23,0.4138,41.38,Weekend Learner,0.65,65.0,59.64,2,78,2514,B+,68.48,182,34,425.13,17276,6
31,12.32,120.99,63.4,57.41,0.7576,4,A-,74.25,0.5896,58.96,0.6071,60.71,0.5574,55.74,Flexible Learner,0.5,50.0,70.79,3,70,2515,A-,75.6,173,34,418.73,17277,3
20,11.84,101.23,54.59,50.0,0.7684,4,A-,70.8,0.554,55.4,0.5614,56.14,0.52,52.0,Deep Focus Learner,0.85,85.0,63.08,3,42,2516,B+,67.55,139,24,284.12,17278,5
19,10.24,94.77,62.96,41.18,0.7423,2,A-,70.15,0.6108,61.08,0.6194,61.94,0.5667,56.67,Weekend Learner,0.65,65.0,65.67,1,40,2517,B+,67.93,185,34,348.03,17279,2
13,11.01,95.32,29.39,17.65,0.4905,2,G,37.03,0.2639,26.39,0.3,30.0,0.0833,8.33,Fresh Starter,0.35,35.0,26.14,0,19,2518,G,31.22,72,13,143.12,17280,5
17,15.66,156.29,21.41,7.41,0.4698,2,G,36.55,0.1798,17.98,0.1562,15.62,0.193,19.3,Fresh Starter,0.15,15.0,32.42,0,49,2519,G,35.74,89,17,266.15,17281,10
18,11.96,122.66,50.89,25.58,0.6546,2,B,62.52,0.4239,42.39,0.4623,46.23,0.3718,37.18,Weekend Learner,0.5,50.0,54.89,1,39,2520,C+,57.07,184,37,442.68,17282,5
31,11.56,108.77,61.81,47.37,0.7273,3,B+,69.14,0.5476,54.76,0.5669,56.69,0.4878,48.78,Flexible Learner,0.5,50.0,59.79,2,66,2521,A-,72.06,168,32,369.8,17283,4
15,9.5,86.91,26.95,26.67,0.5276,2,G,37.7,0.3205,32.05,0.3288,32.88,0.2,20.0,Fresh Starter,0.4,40.0,33.05,0,34,2522,G,34.21,78,15,142.57,17284,7
14,14.33,123.1,37.64,11.11,0.5281,2,G,37.93,0.3214,32.14,0.375,37.5,0.15,15.0,Fresh Starter,0.3,30.0,37.5,0,21,2523,G,38.42,84,14,200.63,17285,7
9,23.18,209.56,39.66,13.04,0.6163,2,D,47.61,0.3519,35.19,0.3333,33.33,0.3571,35.71,Fresh Starter,0.4,40.0,58.4,0,13,2524,C,50.09,54,9,208.62,17286,3
17,14.95,151.97,28.46,13.79,0.5312,2,C,50.64,0.2857,28.57,0.4717,47.17,0.1186,11.86,Weekend Learner,0.3,30.0,38.56,1,37,2525,G,39.26,112,22,328.8,17287,12
18,19.43,172.38,47.33,14.63,0.6326,2,B,61.01,0.4016,40.16,0.4681,46.81,0.3625,36.25,Deep Focus Learner,0.6,60.0,54.92,1,39,2526,C+,57.21,127,21,408.12,17288,6
18,17.92,181.98,39.51,22.22,0.5828,2,C+,57.73,0.3618,36.18,0.46,46.0,0.3137,31.37,Weekend Learner,0.45,45.0,55.15,0,87,2527,B,62.85,152,29,519.72,17289,7
21,10.21,93.91,41.26,36.84,0.6069,2,E,43.77,0.4273,42.73,0.4545,45.45,0.3636,36.36,Fresh Starter,0.2,20.0,56.62,1,42,2528,C+,55.97,110,21,214.38,17290,4
18,14.62,146.38,15.31,5.71,0.3931,3,G,28.81,0.1579,15.79,0.1667,16.67,0.1429,14.29,Fresh Starter,0.05,5.0,26.86,0,27,2529,G,26.16,95,18,263.12,17291,11
20,15.32,151.78,40.45,17.07,0.6074,2,C,51.78,0.377,37.7,0.4355,43.55,0.3167,31.67,Deep Focus Learner,0.45,45.0,48.02,0,54,2530,C,50.61,122,23,352.27,17292,7
18,13.57,146.91,30.26,18.6,0.6026,2,C,53.99,0.2541,25.41,0.3056,30.56,0.18,18.0,Weekend Learner,0.35,35.0,34.65,0,27,2531,G,36.13,122,25,339.15,17293,9
16,13.9,134.57,28.28,5.41,0.5124,2,D,47.33,0.2886,28.86,0.378,37.8,0.1791,17.91,Weekend Learner,0.35,35.0,39.58,0,60,2532,E,44.18,149,28,389.07,17294,10
31,10.54,107.0,46.72,36.36,0.616,3,C+,55.3,0.3854,38.54,0.416,41.6,0.3284,32.84,Flexible Learner,0.45,45.0,48.04,1,54,2533,C,54.66,192,40,421.57,17295,8
23,13.93,144.29,29.45,11.36,0.4261,2,E,41.39,0.3,30.0,0.4098,40.98,0.2481,24.81,Weekend Learner,0.25,25.0,42.15,0,54,2534,D,46.03,190,38,529.35,17296,14
22,17.04,179.31,28.63,17.28,0.5382,2,C,52.78,0.281,28.1,0.3889,38.89,0.2353,23.53,Weekend Learner,0.35,35.0,43.79,0,90,2535,C,52.71,242,48,817.82,17297,13
26,10.49,89.39,57.79,42.42,0.7732,4,A-,74.07,0.5217,52.17,0.529,52.9,0.4783,47.83,Flexible Learner,0.5,50.0,59.8,3,42,2536,B,64.18,161,28,293.62,17298,4
45,14.98,146.81,66.39,44.83,0.8429,5,A+,90.05,0.5995,59.95,0.645,64.5,0.5556,55.56,Consistent Climber,0.6,60.0,76.27,4,66,2537,A-,79.19,407,76,1138.23,17299,2
20,11.44,102.99,34.21,16.67,0.5243,2,D,45.96,0.306,30.6,0.3302,33.02,0.2143,21.43,Deep Focus Learner,0.05,5.0,35.37,0,58,2538,E,43.51,134,24,274.5,17300,9
45,10.36,94.33,69.85,51.61,0.8004,5,A,85.94,0.6578,65.78,0.6808,68.08,0.5172,51.72,Consistent Climber,0.55,55.0,70.65,3,70,2539,A-,78.02,412,78,807.88,17301,1
42,13.17,129.23,46.91,32.0,0.6308,3,B,63.55,0.4345,43.45,0.5172,51.72,0.3103,31.03,Consistent Climber,0.75,75.0,50.8,2,82,2540,B,61.18,290,56,737.68,17302,9
28,14.38,141.39,31.56,25.42,0.5061,5,D,45.45,0.2967,29.67,0.3445,34.45,0.2333,23.33,Flexible Learner,0.4,40.0,33.45,0,66,2541,E,41.79,209,39,560.85,17303,11
23,14.06,163.21,22.02,8.57,0.4379,4,G,30.85,0.1942,19.42,0.1818,18.18,0.2034,20.34,Fresh Starter,0.25,25.0,33.15,0,54,2542,G,34.7,103,23,323.3,17304,11
38,16.77,144.42,35.7,22.81,0.6007,3,B,63.0,0.3642,36.42,0.4184,41.84,0.2812,28.12,Consistent Climber,0.3,30.0,48.23,0,74,2543,D,49.54,324,52,871.98,17305,12
11,9.96,92.9,29.94,35.71,0.4606,1,G,32.77,0.322,32.2,0.3673,36.73,0.1,10.0,Fresh Starter,0.25,25.0,32.29,0,28,2544,G,36.63,59,11,109.58,17306,6
26,17.93,169.43,49.84,18.18,0.7278,3,B+,67.22,0.4276,42.76,0.5513,55.13,0.2973,29.73,Deep Focus Learner,0.55,55.0,52.92,2,58,2545,C+,58.72,152,27,483.98,17307,6
9,10.91,97.23,29.79,0.0,0.361,1,G,25.31,0.2692,26.92,0.325,32.5,0.0833,8.33,Fresh Starter,0.3,30.0,27.58,0,13,2546,G,26.51,52,9,98.22,17308,6
46,16.71,163.45,45.94,32.46,0.671,5,B+,67.76,0.4329,43.29,0.5354,53.54,0.3782,37.82,Consistent Climber,0.25,25.0,56.75,1,54,2547,C+,57.69,365,67,1119.78,17309,7
27,10.78,108.83,48.91,27.59,0.671,2,B,64.82,0.4233,42.33,0.4196,41.96,0.4314,43.14,Deep Focus Learner,0.45,45.0,50.74,2,54,2548,C+,56.81,163,33,355.88,17310,6
30,10.12,94.91,67.9,54.84,0.7738,3,A-,75.51,0.6429,64.29,0.6667,66.67,0.5714,57.14,Deep Focus Learner,0.75,75.0,72.37,4,66,2549,A,80.67,168,32,323.78,17311,2
27,13.12,118.69,51.73,32.0,0.6266,3,C+,59.22,0.4693,46.93,0.5101,51.01,0.3671,36.71,Weekend Learner,0.4,40.0,55.07,0,78,2550,B,62.02,277,48,629.57,17312,7
19,13.33,134.55,38.49,11.54,0.5595,3,E,44.49,0.3404,34.04,0.4167,41.67,0.2059,20.59,Fresh Starter,0.35,35.0,37.23,0,52,2551,E,43.47,94,19,253.25,17313,4
44,13.9,122.7,50.2,23.38,0.7004,5,A-,72.11,0.4267,42.67,0.4662,46.62,0.3425,34.25,Consistent Climber,0.4,40.0,49.74,1,54,2552,C+,57.2,457,77,1070.45,17314,7
14,13.33,124.5,46.63,40.0,0.6521,2,B,61.95,0.4435,44.35,0.4433,44.33,0.4444,44.44,Weekend Learner,0.35,35.0,54.53,0,21,2553,D,49.42,124,22,293.33,17315,6
33,10.11,88.84,42.0,29.17,0.6346,3,C+,55.49,0.4,40.0,0.4263,42.63,0.0667,6.67,Deep Focus Learner,0.45,45.0,40.43,0,78,2554,C,52.52,205,37,373.97,17316,9
23,11.94,107.42,33.6,30.0,0.4983,3,D,47.43,0.3309,33.09,0.3524,35.24,0.2647,26.47,Deep Focus Learner,0.55,55.0,37.93,1,42,2555,G,38.15,139,25,298.45,17317,11
50,15.97,158.43,61.64,37.99,0.8053,5,A,81.93,0.5412,54.12,0.6089,60.89,0.4798,47.98,Consistent Climber,0.35,35.0,72.27,4,82,2556,A-,76.42,425,79,1261.57,17318,5
29,11.18,103.71,70.97,40.98,0.766,2,A-,73.64,0.6287,62.87,0.6845,68.45,0.3529,35.29,Deep Focus Learner,0.35,35.0,68.8,6,82,2557,A-,79.93,202,37,413.55,17319,2
46,14.28,149.5,50.87,23.66,0.6591,3,B+,68.97,0.4498,44.98,0.5227,52.27,0.401,40.1,Consistent Climber,0.3,30.0,59.76,1,98,2558,A-,71.46,329,66,942.47,17320,7
20,8.5,89.36,30.97,33.33,0.4463,3,G,32.59,0.2967,29.67,0.2817,28.17,0.35,35.0,Fresh Starter,0.25,25.0,30.85,1,54,2559,G,36.97,91,20,169.92,17321,10
54,16.08,164.08,59.67,39.24,0.7659,5,A-,79.88,0.5654,56.54,0.6259,62.59,0.531,53.1,Consistent Climber,0.65,65.0,75.45,0,90,2560,A,80.61,405,78,1253.87,17322,4
33,11.3,97.45,58.02,42.62,0.731,3,A-,70.64,0.5256,52.56,0.5276,52.76,0.5143,51.43,Flexible Learner,0.6,60.0,57.4,1,66,2561,B,64.49,234,40,452.17,17323,4
20,11.19,101.6,26.89,7.41,0.484,2,G,36.7,0.2364,23.64,0.2584,25.84,0.1429,14.29,Fresh Starter,0.2,20.0,26.68,0,42,2562,G,31.08,110,20,223.8,17324,10
36,16.48,161.15,37.2,19.35,0.558,5,C,51.03,0.3348,33.48,0.4103,41.03,0.2968,29.68,Flexible Learner,0.55,55.0,48.11,0,42,2563,D,47.7,233,43,708.65,17325,11
32,10.2,92.24,34.89,15.38,0.4614,4,E,44.93,0.3318,33.18,0.3424,34.24,0.2821,28.21,Flexible Learner,0.2,20.0,34.68,1,90,2564,D,47.84,223,41,418.3,17326,13
38,9.64,83.62,46.7,16.28,0.6127,5,C+,57.48,0.4615,46.15,0.4574,45.74,0.5,50.0,Flexible Learner,0.35,35.0,50.29,0,66,2565,C+,55.2,247,44,424.2,17327,7
26,11.42,89.64,53.43,37.78,0.6589,3,B,63.0,0.5192,51.92,0.5272,52.72,0.4583,45.83,Flexible Learner,0.6,60.0,56.7,1,58,2566,B,64.12,208,33,376.92,17328,5
15,10.18,97.66,19.54,20.0,0.3967,2,G,25,0.1818,18.18,0.1833,18.33,0.1765,17.65,Fresh Starter,0.35,35.0,20.85,1,38,2567,G,26.51,77,15,152.73,17329,9
28,10.38,93.61,42.09,23.33,0.5601,2,C,51.92,0.3829,38.29,0.3841,38.41,0.3784,37.84,Deep Focus Learner,0.5,50.0,45.09,2,66,2568,C,54.03,175,32,332.02,17330,11
41,10.74,91.62,62.63,45.74,0.7737,4,A,81.11,0.5722,57.22,0.5871,58.71,0.48,48.0,Consistent Climber,0.6,60.0,63.48,2,46,2569,B+,66.96,360,62,666.17,17331,2
10,8.1,76.92,14.44,10.0,0.3627,2,G,25,0.1429,14.29,0.1458,14.58,0.0,0.0,Fresh Starter,0.2,20.0,16.08,0,15,2570,G,20,49,10,80.95,17332,7
34,12.26,118.53,27.6,14.81,0.4524,3,E,42.96,0.2557,25.57,0.284,28.4,0.1754,17.54,Flexible Learner,0.2,20.0,30.05,0,90,2571,E,40.37,219,41,502.62,17333,12
22,15.64,166.78,35.4,25.58,0.5593,2,C,52.05,0.3052,30.52,0.3514,35.14,0.2906,29.06,Weekend Learner,0.25,25.0,42.77,0,66,2572,C,51.39,154,31,484.87,17334,10
43,12.35,111.58,41.31,22.22,0.592,5,B,60.3,0.3649,36.49,0.3708,37.08,0.3495,34.95,Consistent Climber,0.45,45.0,44.78,0,98,2573,C+,58.4,370,66,815.15,17335,10
37,13.99,127.61,40.46,29.58,0.6369,4,B,61.3,0.4462,44.62,0.4601,46.01,0.4205,42.05,Flexible Learner,0.4,40.0,54.44,0,58,2574,C+,56.46,251,44,615.62,17336,10
26,10.79,106.15,41.61,28.57,0.5724,3,C,51.42,0.3931,39.31,0.4,40.0,0.3714,37.14,Flexible Learner,0.7,70.0,48.17,0,74,2575,C+,58.33,145,28,301.98,17337,9
32,14.27,160.24,35.89,15.79,0.5702,3,D,49.34,0.3663,36.63,0.4493,44.93,0.3107,31.07,Deep Focus Learner,0.45,45.0,50.76,0,42,2576,C,50.49,172,37,528.05,17338,8
21,10.88,92.49,27.48,8.0,0.4643,2,G,37.58,0.2778,27.78,0.3058,30.58,0.1304,13.04,Weekend Learner,0.35,35.0,28.18,0,66,2577,G,37.93,144,25,271.9,17339,10
45,14.73,144.56,42.11,26.37,0.6569,4,B+,68.41,0.389,38.9,0.4606,46.06,0.3349,33.49,Consistent Climber,0.15,15.0,50.51,0,70,2578,C+,56.64,383,72,1060.7,17340,11
15,13.11,127.86,38.29,20.83,0.5906,2,C+,55.38,0.3511,35.11,0.371,37.1,0.3125,31.25,Deep Focus Learner,0.35,35.0,51.49,0,22,2579,D,47.9,94,18,235.97,17341,7
25,11.83,104.26,36.24,33.82,0.526,3,D,47.52,0.3704,37.04,0.401,40.1,0.2195,21.95,Weekend Learner,0.3,30.0,44.52,0,78,2580,C,54.51,243,42,496.92,17342,12
18,10.47,92.81,30.27,18.18,0.4894,2,G,37.51,0.3069,30.69,0.3171,31.71,0.2632,26.32,Fresh Starter,0.25,25.0,34.3,0,55,2581,E,41.31,101,18,188.55,17343,11
42,10.27,93.02,66.12,53.0,0.762,4,A,81.02,0.63,63.0,0.6209,62.09,0.6716,67.16,Consistent Climber,0.65,65.0,68.12,3,98,2582,A,83.17,373,69,708.55,17344,2
18,11.65,102.78,25.13,20.0,0.4808,2,D,45.79,0.2879,28.79,0.2772,27.72,0.3226,32.26,Weekend Learner,0.1,10.0,31.98,0,27,2583,G,30.36,132,23,267.97,17345,14
18,11.58,99.4,33.5,20.83,0.5263,2,G,39.13,0.2857,28.57,0.2967,29.67,0.2143,21.43,Fresh Starter,0.25,25.0,30.84,0,27,2584,G,37.22,105,18,208.42,17346,8
37,11.47,105.35,40.32,27.4,0.5872,5,B,61.57,0.3737,37.37,0.4025,40.25,0.2222,22.22,Consistent Climber,0.4,40.0,41.49,1,94,2585,C,53.98,281,52,596.52,17347,9
20,10.2,90.79,41.32,21.05,0.6086,2,C,53.35,0.3529,35.29,0.3288,32.88,0.5,50.0,Weekend Learner,0.5,50.0,40.98,0,90,2586,C,54.7,170,31,316.3,17348,8
27,10.06,94.48,34.65,23.08,0.492,3,D,46.2,0.3503,35.03,0.3475,34.75,0.359,35.9,Deep Focus Learner,0.2,20.0,43.23,0,94,2587,C,53.37,157,30,301.77,17349,11
19,10.08,93.12,63.05,44.44,0.8025,3,A-,72.82,0.6476,64.76,0.6882,68.82,0.3333,33.33,Deep Focus Learner,0.65,65.0,66.02,3,40,2588,B+,68.38,105,20,201.52,17350,1
18,13.2,121.89,18.23,2.94,0.422,2,G,38.12,0.1722,17.22,0.2056,20.56,0.0909,9.09,Weekend Learner,0.15,15.0,22.5,0,51,2589,G,29.48,151,27,356.3,17351,15
35,11.31,101.04,65.38,44.44,0.7662,3,A-,78.21,0.5806,58.06,0.628,62.8,0.3415,34.15,Consistent Climber,0.65,65.0,63.29,4,54,2590,A-,70.7,248,45,508.82,17352,2
22,9.65,82.53,19.55,0.0,0.3221,5,G,25,0.2016,20.16,0.2035,20.35,0.1818,18.18,Fresh Starter,0.2,20.0,22.34,0,54,2591,G,26.19,124,22,212.37,17353,12
27,14.37,133.9,32.17,21.57,0.5018,4,E,44.14,0.2406,24.06,0.3047,30.47,0.1017,10.17,Deep Focus Learner,0.3,30.0,30.88,1,54,2592,G,37.92,187,34,488.65,17354,10
51,11.63,107.29,73.59,55.56,0.8239,6,A,87.95,0.6882,68.82,0.7374,73.74,0.5426,54.26,High Achiever,0.7,70.0,77.42,5,74,2593,A,85.38,372,68,790.68,17355,2
9,8.33,72.1,16.12,0.0,0.3709,1,G,26.11,0.18,18.0,0.1837,18.37,0.0,0.0,Fresh Starter,0.15,15.0,17.65,0,13,2594,G,20,50,9,74.98,17356,6
24,10.5,97.54,42.35,24.14,0.5827,4,D,48.37,0.3906,39.06,0.4159,41.59,0.2,20.0,Fresh Starter,0.5,50.0,42.91,0,46,2595,D,48.65,128,24,251.93,17357,8
18,14.19,155.8,27.89,8.33,0.5645,2,E,41.73,0.3373,33.73,0.3704,37.04,0.3214,32.14,Fresh Starter,0.35,35.0,46.93,0,27,2596,E,42.14,83,18,255.5,17358,9
38,10.65,102.63,35.59,18.18,0.4871,7,E,43.48,0.3142,31.42,0.3224,32.24,0.2791,27.91,Flexible Learner,0.2,20.0,35.59,1,90,2597,C,52.3,226,44,468.82,17359,14
26,8.91,79.42,49.0,46.15,0.6373,2,B,63.82,0.4865,48.65,0.5,50.0,0.4091,40.91,Flexible Learner,0.55,55.0,56.17,0,54,2598,B,61.42,148,28,249.42,17360,5
19,10.66,109.23,14.94,8.33,0.3688,3,G,25,0.1739,17.39,0.1622,16.22,0.2222,22.22,Fresh Starter,0.2,20.0,21.69,0,28,2599,G,20,92,19,202.52,17361,10
23,10.61,93.07,52.02,27.5,0.713,3,B+,65.43,0.4752,47.52,0.5043,50.43,0.3462,34.62,Deep Focus Learner,0.65,65.0,53.23,3,70,2600,B,63.76,141,25,265.17,17362,5
19,10.34,121.16,29.79,12.5,0.6062,2,C+,55.44,0.266,26.6,0.3704,37.04,0.125,12.5,Deep Focus Learner,0.35,35.0,37.81,1,28,2601,G,38.1,94,22,227.47,17363,7
34,17.36,175.57,56.4,39.22,0.8369,5,A,85.23,0.5245,52.45,0.6133,61.33,0.4895,48.95,Consistent Climber,0.45,45.0,72.75,2,82,2602,A-,77.47,265,50,868.1,17364,5
33,13.59,154.94,42.04,31.48,0.6283,4,C+,59.8,0.3837,38.37,0.4024,40.24,0.3667,36.67,Deep Focus Learner,0.4,40.0,56.38,0,98,2603,B,64.01,172,38,516.3,17365,10
17,10.57,92.72,42.89,24.0,0.658,2,B,60.25,0.4315,43.15,0.448,44.8,0.3333,33.33,Weekend Learner,0.35,35.0,49.2,1,73,2604,C+,57.15,146,26,274.7,17366,8
52,17.33,175.2,70.62,38.2,0.9299,6,A+,95.23,0.6121,61.21,0.7246,72.46,0.5304,53.04,High Achiever,0.5,50.0,77.14,8,66,2605,A,81.32,397,75,1299.93,17367,4
48,17.03,169.61,59.04,46.04,0.8613,6,A,86.76,0.5807,58.07,0.6643,66.43,0.5258,52.58,High Achiever,0.65,65.0,74.82,3,90,2606,A-,79.13,353,66,1124.18,17368,5
27,13.95,144.28,33.46,11.43,0.5397,3,D,48.61,0.3037,30.37,0.3429,34.29,0.2615,26.15,Deep Focus Learner,0.3,30.0,36.48,0,42,2607,E,40.88,135,27,376.68,17369,8
33,10.03,95.44,39.14,25.0,0.4655,4,E,43.9,0.327,32.7,0.3354,33.54,0.2979,29.79,Flexible Learner,0.4,40.0,35.85,0,58,2608,D,46.03,211,40,401.13,17370,11
20,15.33,155.23,38.2,21.43,0.5134,2,C,50.61,0.2984,29.84,0.4857,48.57,0.2247,22.47,Weekend Learner,0.2,20.0,40.7,0,54,2609,D,45.63,124,24,367.85,17371,6
19,8.01,80.14,56.53,56.0,0.8115,4,A-,77.0,0.6413,64.13,0.6706,67.06,0.2857,28.57,Deep Focus Learner,0.85,85.0,68.82,3,28,2610,B+,66.78,92,20,160.12,17372,3
35,11.14,96.93,58.33,39.34,0.6738,4,B+,68.91,0.5231,52.31,0.5328,53.28,0.4595,45.95,Consistent Climber,0.25,25.0,57.12,2,58,2611,B,64.12,281,49,545.73,17373,4
40,13.24,123.21,37.59,15.25,0.5158,4,D,49.22,0.3306,33.06,0.3467,34.67,0.3043,30.43,Flexible Learner,0.4,40.0,42.64,0,78,2612,C,51.24,242,44,582.42,17374,9
23,14.11,138.05,36.44,22.5,0.6038,2,C,54.23,0.349,34.9,0.4096,40.96,0.2727,27.27,Flexible Learner,0.3,30.0,48.26,1,54,2613,C,51.11,149,28,394.97,17375,9
31,15.05,151.24,47.74,29.09,0.6366,2,C+,58.01,0.4425,44.25,0.5484,54.84,0.321,32.1,Flexible Learner,0.55,55.0,51.26,0,58,2614,C+,56.97,174,33,496.63,17376,5
23,9.21,78.11,59.22,51.16,0.7195,3,B,63.73,0.522,52.2,0.5279,52.79,0.375,37.5,Weekend Learner,0.6,60.0,52.42,3,78,2615,B+,67.41,205,36,331.4,17377,5
30,12.73,125.25,35.68,24.07,0.5122,6,D,46.68,0.299,29.9,0.3529,35.29,0.1724,17.24,Flexible Learner,0.25,25.0,30.68,0,94,2616,D,46.01,194,37,471.03,17378,10
24,10.74,97.91,45.07,35.42,0.6659,3,B,60.36,0.4405,44.05,0.4828,48.28,0.3019,30.19,Weekend Learner,0.4,40.0,50.59,0,90,2617,B,62.52,227,42,451.25,17379,6
43,14.59,130.71,51.41,26.53,0.7701,5,A-,75.03,0.4613,46.13,0.5236,52.36,0.3333,33.33,Flexible Learner,0.6,60.0,57.61,1,94,2618,B+,69.83,284,49,714.87,17380,7
20,11.38,110.82,37.93,19.23,0.4908,2,E,44.0,0.3868,38.68,0.45,45.0,0.1923,19.23,Deep Focus Learner,0.35,35.0,41.41,0,46,2619,D,46.89,106,20,227.52,17381,8
16,16.42,159.39,53.07,29.63,0.7238,2,B+,66.46,0.4692,46.92,0.5692,56.92,0.3692,36.92,Weekend Learner,0.8,80.0,57.72,3,36,2620,B,62.36,130,24,394.1,17382,5
32,14.14,129.85,63.05,52.43,0.8366,3,A,85.01,0.6176,61.76,0.6527,65.27,0.5619,56.19,Consistent Climber,0.7,70.0,76.56,4,66,2621,A,81.08,272,48,678.9,17383,4
42,16.49,148.29,65.66,45.52,0.8372,6,A,88.54,0.5925,59.25,0.6831,68.31,0.4706,47.06,High Achiever,0.4,40.0,72.53,4,90,2622,A,80.91,319,54,890.67,17384,2
22,10.09,123.09,42.51,30.77,0.5498,3,C,52.19,0.3533,35.33,0.3506,35.06,0.3562,35.62,Weekend Learner,0.35,35.0,46.54,0,54,2623,C,53.22,150,38,383.38,17385,9
45,11.27,104.67,45.91,32.65,0.6178,4,B,61.46,0.4388,43.88,0.4804,48.04,0.2907,29.07,Consistent Climber,0.6,60.0,48.68,0,98,2624,B,63.27,392,73,822.78,17386,9
56,13.3,132.2,67.27,51.02,0.7983,6,A,84.53,0.6399,63.99,0.6935,69.35,0.57,57.0,High Achiever,0.7,70.0,78.01,6,98,2625,A,85.95,461,89,1183.42,17387,3
40,9.69,88.61,29.53,17.39,0.4637,7,D,45.74,0.2613,26.13,0.2426,24.26,0.3462,34.62,Flexible Learner,0.25,25.0,32.4,0,82,2626,E,42.32,287,54,523.07,17388,15
11,17.01,186.07,40.84,10.53,0.4435,1,G,31.85,0.2963,29.63,0.3333,33.33,0.2889,28.89,Fresh Starter,0.2,20.0,43.94,1,16,2627,E,44.32,54,11,187.1,17389,4
18,10.72,140.8,38.54,14.81,0.4301,2,E,40.17,0.3645,36.45,0.3111,31.11,0.4032,40.32,Weekend Learner,0.65,65.0,52.12,1,75,2628,C+,58.71,107,28,300.05,17390,11
24,11.08,126.6,29.2,16.28,0.4642,2,G,39.53,0.2907,29.07,0.2644,26.44,0.3176,31.76,Weekend Learner,0.5,50.0,39.52,0,54,2629,E,44.02,172,39,431.98,17391,11
37,12.04,109.67,55.81,35.06,0.7204,5,A-,71.21,0.5036,50.36,0.5333,53.33,0.4118,41.18,Consistent Climber,0.5,50.0,58.99,2,70,2630,B+,66.49,278,50,602.22,17392,5
38,12.92,129.1,43.43,34.72,0.6252,3,C+,57.85,0.4327,43.27,0.539,53.9,0.2885,28.85,Flexible Learner,0.35,35.0,51.53,1,54,2631,C,53.95,245,48,620.37,17393,10
28,10.51,91.17,46.65,18.75,0.6149,2,C+,58.17,0.3911,39.11,0.4172,41.72,0.25,25.0,Flexible Learner,0.25,25.0,43.9,2,90,2632,C+,57.64,179,31,325.82,17394,8
20,13.33,152.54,37.37,26.19,0.6364,3,C+,59.08,0.3292,32.92,0.2353,23.53,0.3727,37.27,Weekend Learner,0.3,30.0,49.45,0,54,2633,C,50.54,161,36,479.87,17395,8
28,14.95,151.69,28.5,9.26,0.5278,3,C,50.91,0.2849,28.49,0.3187,31.87,0.2469,24.69,Flexible Learner,0.4,40.0,42.96,0,66,2634,D,45.89,172,33,493.2,17396,12
34,13.66,131.33,50.15,22.97,0.6138,3,B,63.84,0.4392,43.92,0.522,52.2,0.2329,23.29,Consistent Climber,0.7,70.0,46.19,1,66,2635,C+,58.95,255,48,655.92,17397,6
17,11.46,125.24,47.81,22.73,0.6178,2,C+,57.9,0.4737,47.37,0.5581,55.81,0.4038,40.38,Deep Focus Learner,0.6,60.0,57.62,0,37,2636,C+,59.48,95,21,240.75,17398,4
44,12.67,126.11,47.13,25.3,0.6037,5,C+,56.73,0.4167,41.67,0.4775,47.75,0.3061,30.61,Flexible Learner,0.6,60.0,50.93,1,70,2637,C+,58.95,276,54,684.12,17399,8
35,11.53,101.82,59.59,33.33,0.7431,5,A-,71.8,0.5356,53.56,0.5566,55.66,0.4545,45.45,Flexible Learner,0.45,45.0,59.67,2,42,2638,B,64.47,267,46,530.35,17400,4
24,13.74,138.92,34.28,14.29,0.432,2,E,40.14,0.2419,24.19,0.3162,31.62,0.1531,15.31,Weekend Learner,0.2,20.0,29.73,2,30,2639,G,37.03,215,42,577.27,17401,12
20,20.26,206.8,37.11,23.88,0.777,5,A-,71.03,0.3689,36.89,0.5806,58.06,0.2967,29.67,Deep Focus Learner,0.2,20.0,51.91,0,100,2640,C+,57.2,122,23,466.03,17402,5
49,12.62,115.3,77.69,65.44,0.8672,5,A+,90.82,0.7327,73.27,0.7761,77.61,0.6471,64.71,High Achiever,0.65,65.0,83.35,7,94,2641,A+,93.94,404,73,921.1,17403,0
17,9.76,119.2,36.8,35.71,0.59,2,C,52.58,0.3467,34.67,0.3488,34.88,0.3438,34.38,Deep Focus Learner,0.4,40.0,46.76,0,41,2642,D,48.44,75,19,185.45,17404,7
48,10.2,96.74,67.66,45.1,0.849,5,A,89.72,0.6541,65.41,0.6725,67.25,0.5904,59.04,Consistent Climber,0.6,60.0,71.51,2,78,2643,A,82.29,370,72,734.67,17405,2
26,8.6,83.15,31.6,25.0,0.5032,3,D,45.82,0.3315,33.15,0.34,34.0,0.2857,28.57,Flexible Learner,0.35,35.0,35.45,0,90,2644,D,47.18,178,36,309.48,17406,12
10,10.47,85.44,43.3,25.0,0.5281,2,G,39.43,0.4516,45.16,0.4643,46.43,0.3333,33.33,Fresh Starter,0.45,45.0,50.0,1,15,2645,D,49.16,62,10,104.75,17407,3
24,11.7,105.81,29.07,12.0,0.4264,2,G,37.06,0.2678,26.78,0.3056,30.56,0.1525,15.25,Weekend Learner,0.25,25.0,32.1,0,54,2646,E,40.9,239,43,503.25,17408,14
22,15.4,153.57,41.44,33.8,0.6353,2,B,63.08,0.4009,40.09,0.4211,42.11,0.3869,38.69,Weekend Learner,0.35,35.0,57.84,0,78,2647,B,61.56,232,44,677.38,17409,11
52,10.76,90.63,81.71,65.15,0.9221,5,A+,98,0.7774,77.74,0.7798,77.98,0.7647,76.47,High Achiever,0.85,85.0,82.36,10,94,2648,A+,96.24,521,89,957.43,17410,0
20,12.22,114.5,42.54,31.43,0.5932,2,C,52.54,0.3643,36.43,0.3982,39.82,0.2222,22.22,Weekend Learner,0.4,40.0,37.94,1,42,2649,D,47.12,140,26,317.73,17411,8
29,10.31,86.87,32.1,18.92,0.5141,4,D,49.39,0.2903,29.03,0.3069,30.69,0.1786,17.86,Flexible Learner,0.1,10.0,33.65,0,100,2650,D,47.92,217,38,391.87,17412,13
33,11.21,100.28,47.76,35.94,0.7273,5,B+,67.53,0.5,50.0,0.52,52.0,0.4054,40.54,Flexible Learner,0.3,30.0,55.53,0,100,2651,B+,67.18,212,38,426.12,17413,7
28,10.3,90.83,51.16,51.52,0.5666,3,C,54.49,0.4716,47.16,0.5099,50.99,0.24,24.0,Deep Focus Learner,0.4,40.0,52.27,2,54,2652,B,61.51,176,31,319.43,17414,7
25,10.41,100.77,44.06,29.03,0.6739,4,B,62.28,0.4437,44.37,0.5,50.0,0.2778,27.78,Flexible Learner,0.4,40.0,48.75,0,66,2653,C+,56.63,142,28,291.38,17415,7
29,10.92,95.82,33.26,15.15,0.4986,2,E,41.92,0.2984,29.84,0.2877,28.77,0.3333,33.33,Deep Focus Learner,0.35,35.0,37.96,0,54,2654,E,41.94,191,34,371.23,17416,8
26,10.35,101.44,57.82,39.53,0.783,3,A-,73.29,0.5342,53.42,0.5447,54.47,0.5,50.0,Deep Focus Learner,0.65,65.0,62.8,3,42,2655,B,64.29,161,32,331.13,17417,4
12,15.8,127.76,39.96,17.39,0.5974,1,E,44.04,0.3625,36.25,0.4237,42.37,0.1905,19.05,Fresh Starter,0.4,40.0,39.12,0,18,2656,E,42.61,80,12,189.55,17418,6
35,13.78,138.25,48.29,22.92,0.6354,4,B,60.41,0.4433,44.33,0.5155,51.55,0.3774,37.74,Flexible Learner,0.55,55.0,54.73,2,78,2657,B,63.11,203,40,551.32,17419,9
22,16.07,168.55,42.59,31.37,0.7217,2,B+,69.0,0.4009,40.09,0.4906,49.06,0.3113,31.13,Weekend Learner,0.4,40.0,55.0,1,66,2658,C+,57.93,212,42,675.02,17420,8
22,12.64,137.9,50.98,21.57,0.6747,2,B,63.9,0.4678,46.78,0.5294,52.94,0.3768,37.68,Weekend Learner,0.55,55.0,60.42,2,54,2659,B,64.75,171,36,454.98,17421,8
17,17.23,157.93,58.19,31.48,0.6436,2,C+,58.2,0.4557,45.57,0.5309,53.09,0.3766,37.66,Weekend Learner,0.75,75.0,58.1,3,49,2660,B+,65.04,158,27,465.25,17422,5
30,15.59,154.98,57.34,28.21,0.7252,3,B+,68.89,0.4703,47.03,0.5607,56.07,0.3684,36.84,Deep Focus Learner,0.5,50.0,59.64,2,100,2661,A-,75.04,202,38,592.47,17423,6
29,13.71,129.21,36.69,22.41,0.5849,3,C+,58.14,0.4205,42.05,0.4649,46.49,0.358,35.8,Deep Focus Learner,0.4,40.0,51.47,0,70,2662,C+,55.19,195,36,493.68,17424,10
22,10.26,97.48,37.11,27.5,0.4837,2,D,45.16,0.345,34.5,0.3605,36.05,0.2982,29.82,Weekend Learner,0.55,55.0,38.84,0,54,2663,E,44.78,229,45,461.55,17425,10
41,14.39,151.6,75.39,63.48,0.9524,3,A+,97.99,0.7483,74.83,0.7664,76.64,0.738,73.8,High Achiever,0.8,80.0,85.69,6,82,2664,A+,91.7,294,59,848.82,17426,0
47,13.48,136.23,48.67,33.7,0.6385,5,B,61.82,0.466,46.6,0.5307,53.07,0.4128,41.28,Consistent Climber,0.7,70.0,56.17,0,82,2665,B+,66.06,397,77,1038.22,17427,9
16,11.73,111.87,47.14,20.0,0.6478,2,B,61.35,0.4295,42.95,0.4771,47.71,0.3,30.0,Weekend Learner,0.4,40.0,47.7,1,24,2666,D,49.54,149,28,328.35,17428,6
34,12.04,108.05,55.49,43.59,0.7355,4,A-,72.61,0.5354,53.54,0.5396,53.96,0.5192,51.92,Consistent Climber,0.6,60.0,60.29,0,54,2667,B+,65.0,254,45,541.82,17429,4
46,12.33,128.22,52.17,42.22,0.7018,5,A-,71.55,0.5445,54.45,0.5934,59.34,0.4671,46.71,Consistent Climber,0.55,55.0,64.22,1,78,2668,A-,71.31,393,80,986.15,17430,7
18,13.39,126.53,60.98,48.94,0.7593,2,A-,74.75,0.6093,60.93,0.6552,65.52,0.5469,54.69,Weekend Learner,0.55,55.0,73.88,3,39,2669,A-,74.59,151,28,375.03,17431,4
21,14.68,134.26,57.21,39.62,0.759,3,B+,68.98,0.5223,52.23,0.5521,55.21,0.4754,47.54,Weekend Learner,0.65,65.0,65.87,4,66,2670,A-,70.87,157,27,396.27,17432,5
47,10.61,96.88,50.02,30.19,0.7436,5,A-,73.77,0.4667,46.67,0.4985,49.85,0.3194,31.94,Consistent Climber,0.55,55.0,51.72,1,98,2671,B+,66.27,405,75,795.62,17433,8
19,15.57,147.74,38.3,24.39,0.6161,3,C+,58.99,0.3269,32.69,0.4058,40.58,0.1714,17.14,Deep Focus Learner,0.15,15.0,39.47,2,28,2672,E,41.81,104,19,295.88,17434,7
50,14.13,148.06,62.8,38.28,0.7942,5,A-,76.93,0.5582,55.82,0.6024,60.24,0.5236,52.36,Consistent Climber,0.55,55.0,71.71,3,98,2673,A-,79.58,378,76,1073.7,17435,3
21,9.45,92.84,36.6,20.69,0.5123,3,D,45.63,0.3788,37.88,0.4018,40.18,0.25,25.0,Deep Focus Learner,0.45,45.0,37.64,0,46,2674,E,42.61,132,27,255.05,17436,10
33,11.83,110.18,55.12,34.21,0.7132,4,B+,69.98,0.5,50.0,0.5459,54.59,0.3333,33.33,Flexible Learner,0.75,75.0,55.13,1,30,2675,B,60.41,250,45,532.52,17437,5
42,15.16,139.57,58.92,39.26,0.7796,5,A-,73.23,0.5231,52.31,0.5853,58.53,0.4451,44.51,Consistent Climber,0.55,55.0,66.01,3,98,2676,A-,77.82,390,69,1046.2,17438,5
45,16.57,154.34,76.46,62.9,0.934,5,A+,97.12,0.7309,73.09,0.8213,82.13,0.6364,63.64,High Achiever,0.65,65.0,84.89,8,90,2677,A+,93.92,405,71,1176.18,17439,2
41,14.0,144.42,53.59,29.13,0.7044,5,A-,70.66,0.5152,51.52,0.5503,55.03,0.486,48.6,Consistent Climber,0.45,45.0,63.85,3,54,2678,B,63.95,328,65,910.25,17440,8
43,14.2,172.8,39.65,17.33,0.6014,5,B,63.36,0.3718,37.18,0.3968,39.68,0.3645,36.45,Consistent Climber,0.4,40.0,56.36,0,94,2679,B,63.89,277,65,922.95,17441,12
42,9.54,84.45,70.07,53.61,0.8554,5,A,86.53,0.6361,63.61,0.6414,64.14,0.5714,57.14,Consistent Climber,0.7,70.0,66.3,6,66,2680,A-,74.83,371,67,638.85,17442,1
19,10.08,93.32,47.12,18.18,0.5464,2,D,48.33,0.4343,43.43,0.4551,45.51,0.2632,26.32,Weekend Learner,0.5,50.0,44.5,1,64,2681,C+,55.98,175,33,332.73,17443,6
40,9.54,87.95,47.58,28.07,0.6345,5,B+,68.54,0.491,49.1,0.4957,49.57,0.4651,46.51,Consistent Climber,0.6,60.0,53.85,1,94,2682,B,63.59,277,53,505.42,17444,7
34,12.73,122.31,61.89,43.66,0.8053,3,A-,79.66,0.5887,58.87,0.6101,61.01,0.5566,55.66,Consistent Climber,0.65,65.0,70.86,3,66,2683,A-,78.85,265,50,636.58,17445,6
18,13.82,121.29,36.31,26.67,0.622,2,C+,56.15,0.3874,38.74,0.4026,40.26,0.3529,35.29,Deep Focus Learner,0.35,35.0,52.55,0,39,2684,D,46.4,111,19,262.58,17446,8
17,12.65,121.03,17.26,0.0,0.4091,4,G,31.06,0.1209,12.09,0.1029,10.29,0.1739,17.39,Fresh Starter,0.25,25.0,22.98,0,25,2685,G,24.47,91,17,214.98,17447,8
53,13.48,131.59,71.59,55.12,0.8533,5,A,89.21,0.6938,69.38,0.7456,74.56,0.6099,60.99,Consistent Climber,0.85,85.0,80.02,6,74,2686,A,86.73,369,70,943.32,17448,1
25,11.1,110.76,45.14,27.59,0.5224,2,E,44.38,0.4161,41.61,0.4796,47.96,0.2564,25.64,Flexible Learner,0.6,60.0,46.18,0,42,2687,C,52.31,137,28,310.88,17449,7
36,9.09,84.42,70.98,52.83,0.8306,5,A,81.77,0.6694,66.94,0.6763,67.63,0.6341,63.41,Consistent Climber,0.75,75.0,72.48,6,82,2688,A,83.84,248,49,445.6,17450,2
34,13.25,122.76,51.75,26.25,0.6276,4,B+,66.99,0.4741,47.41,0.5667,56.67,0.2889,28.89,Consistent Climber,0.25,25.0,54.7,2,78,2689,B,64.13,270,48,636.18,17451,6
34,11.92,121.25,56.52,36.92,0.7755,4,A-,78.88,0.5873,58.73,0.6336,63.36,0.5372,53.72,Consistent Climber,0.5,50.0,71.4,2,90,2690,A-,79.0,252,51,608.1,17452,5
31,14.83,151.66,39.49,13.11,0.6031,2,C,54.7,0.3089,30.89,0.3814,38.14,0.234,23.4,Deep Focus Learner,0.35,35.0,36.71,0,82,2691,C,50.41,191,37,548.53,17453,9
43,12.23,102.74,70.52,45.56,0.7845,3,A-,75.8,0.6454,64.54,0.705,70.5,0.3462,34.62,Consistent Climber,0.65,65.0,70.25,4,86,2692,A,82.42,313,52,636.18,17454,2
47,18.54,191.37,70.65,55.34,0.931,5,A+,97.93,0.6683,66.83,0.8115,81.15,0.6064,60.64,High Achiever,0.9,90.0,83.81,5,94,2693,A,88.91,404,78,1445.83,17455,2
37,13.85,143.25,29.02,12.7,0.4999,3,D,49.45,0.2934,29.34,0.2857,28.57,0.3017,30.17,Flexible Learner,0.45,45.0,38.13,1,90,2694,D,48.4,242,48,664.65,17456,14
32,12.63,112.6,46.74,32.26,0.5992,5,B,60.55,0.4586,45.86,0.4759,47.59,0.4177,41.77,Consistent Climber,0.75,75.0,53.89,1,42,2695,C+,55.92,266,46,580.8,17457,8
9,16.22,153.78,40.97,36.84,0.5925,1,D,47.6,0.3469,34.69,0.2963,29.63,0.4091,40.91,Fresh Starter,0.4,40.0,50.89,0,13,2696,D,45.41,49,9,145.95,17458,3
56,9.5,83.65,76.96,56.45,0.8366,5,A,87.3,0.6994,69.94,0.7081,70.81,0.6275,62.75,High Achiever,0.75,75.0,72.23,7,98,2697,A,88.33,469,86,816.9,17459,1
45,10.46,90.43,43.23,27.06,0.6279,4,B,63.3,0.3658,36.58,0.3646,36.46,0.375,37.5,Consistent Climber,0.35,35.0,41.1,1,98,2698,C+,59.53,421,74,773.7,17460,11
49,11.45,112.85,55.3,41.28,0.7316,5,A-,74.23,0.4972,49.72,0.498,49.8,0.4953,49.53,Consistent Climber,0.5,50.0,60.82,3,98,2699,A-,74.39,360,70,801.5,17461,7
30,9.1,81.15,69.74,53.49,0.8088,3,A-,79.02,0.6782,67.82,0.6768,67.68,0.7,70.0,Deep Focus Learner,0.75,75.0,69.89,4,54,2700,A-,77.82,174,32,291.08,17462,2
24,17.41,171.2,54.6,29.07,0.7525,2,A-,72.32,0.4852,48.52,0.5882,58.82,0.4276,42.76,Weekend Learner,0.5,50.0,65.16,2,42,2701,B,63.51,237,43,748.53,17463,7
36,9.65,96.4,42.62,29.17,0.6854,4,B,63.41,0.4,40.0,0.4114,41.14,0.3556,35.56,Flexible Learner,0.25,25.0,46.27,1,78,2702,C+,55.24,220,45,434.08,17464,9
35,10.58,91.14,58.16,39.13,0.746,4,A-,73.41,0.5535,55.35,0.5808,58.08,0.4048,40.48,Flexible Learner,0.45,45.0,59.44,2,94,2703,A-,72.54,271,48,507.78,17465,4
30,13.1,117.69,60.89,35.48,0.788,4,A-,75.88,0.5404,54.04,0.5833,58.33,0.4259,42.59,Deep Focus Learner,0.35,35.0,62.88,0,30,2704,B+,67.84,198,34,445.4,17466,3
17,9.58,80.9,38.61,27.78,0.5665,2,E,44.62,0.404,40.4,0.4239,42.39,0.1429,14.29,Fresh Starter,0.35,35.0,42.2,1,37,2705,E,44.12,99,17,162.82,17467,7
8,13.64,115.19,26.25,0.0,0.3005,2,G,25,0.1667,16.67,0.1667,16.67,0.1667,16.67,Fresh Starter,0.1,10.0,21.47,1,12,2706,G,22.69,48,8,109.08,17468,6
22,14.05,124.88,33.14,11.11,0.5225,4,G,36.96,0.3125,31.25,0.4023,40.23,0.122,12.2,Fresh Starter,0.25,25.0,38.44,0,42,2707,G,39.78,128,22,309.17,17469,9
39,11.48,104.9,75.09,52.56,0.8848,4,A+,91.29,0.6898,68.98,0.7569,75.69,0.4286,42.86,High Achiever,0.75,75.0,73.19,7,90,2708,A,85.61,274,50,574.23,17470,0
43,11.63,103.02,70.75,57.43,0.8011,5,A,83.2,0.6799,67.99,0.6782,67.82,0.6848,68.48,High Achiever,0.8,80.0,75.09,6,94,2709,A,88.71,353,62,720.95,17471,1
10,8.26,109.97,11.19,33.33,0.3762,1,G,25,0.1111,11.11,0.1,10.0,0.125,12.5,Fresh Starter,0.2,20.0,24.91,0,27,2710,G,24.47,36,10,82.6,17472,6
45,11.52,117.1,47.5,35.62,0.6519,4,B,64.92,0.4387,43.87,0.4913,49.13,0.3504,35.04,Consistent Climber,0.5,50.0,53.6,1,98,2711,B+,67.26,367,74,852.82,17473,11
24,14.61,135.14,45.38,24.07,0.7,2,B+,65.95,0.4204,42.04,0.4906,49.06,0.2745,27.45,Deep Focus Learner,0.4,40.0,44.76,0,30,2712,D,48.54,157,28,409.12,17474,5
49,14.69,151.24,68.42,52.07,0.8631,6,A+,92.04,0.6408,64.08,0.7097,70.97,0.5855,58.55,High Achiever,0.7,70.0,80.27,5,90,2713,A,86.62,348,68,999.03,17475,2
45,10.32,93.24,46.45,28.38,0.6493,5,B,63.37,0.4251,42.51,0.434,43.4,0.359,35.9,Consistent Climber,0.65,65.0,46.33,0,94,2714,C+,59.95,327,60,619.07,17476,9
35,13.73,134.03,58.06,30.77,0.7415,3,B+,69.61,0.5261,52.61,0.625,62.5,0.2462,24.62,Flexible Learner,0.55,55.0,60.17,2,90,2715,A-,71.7,249,47,645.1,17477,5
49,12.91,126.57,45.37,26.14,0.6659,4,B+,68.68,0.4017,40.17,0.4292,42.92,0.3611,36.11,Consistent Climber,0.45,45.0,52.97,0,54,2716,C+,56.93,356,68,878.15,17478,9
28,9.48,89.62,36.6,28.57,0.5457,4,D,46.28,0.3706,37.06,0.3427,34.27,0.5185,51.85,Deep Focus Learner,0.45,45.0,46.29,0,42,2717,D,49.4,170,34,322.27,17479,10
43,16.32,156.46,43.02,19.71,0.6503,5,B,64.83,0.3687,36.87,0.5047,50.47,0.212,21.2,Consistent Climber,0.55,55.0,42.33,1,74,2718,C+,55.05,396,72,1175.15,17480,11
41,16.98,178.61,35.38,13.68,0.5363,6,D,47.06,0.3309,33.09,0.4141,41.41,0.2841,28.41,Flexible Learner,0.15,15.0,42.97,1,70,2719,C,52.5,275,54,916.98,17481,13
29,13.08,131.41,53.73,30.16,0.7634,4,A-,71.83,0.494,49.4,0.5487,54.87,0.3818,38.18,Deep Focus Learner,0.55,55.0,61.66,1,78,2720,B+,67.53,168,33,431.67,17482,5
42,14.52,132.75,75.37,52.94,0.9073,5,A+,96.61,0.6991,69.91,0.7714,77.14,0.5714,57.14,High Achiever,0.5,50.0,79.81,6,90,2721,A+,90.62,329,58,842.07,17483,0
40,9.91,88.77,36.61,11.76,0.4873,4,E,43.82,0.2684,26.84,0.2735,27.35,0.2449,24.49,Flexible Learner,0.25,25.0,29.33,1,54,2722,E,41.72,272,51,505.2,17484,10
47,9.83,93.84,76.58,63.16,0.8842,4,A+,92.66,0.7254,72.54,0.7539,75.39,0.6125,61.25,High Achiever,0.75,75.0,77.88,8,82,2723,A,88.24,397,78,766.55,17485,1
39,13.93,145.66,72.03,46.51,0.8716,6,A+,92.79,0.6716,67.16,0.75,75.0,0.6042,60.42,High Achiever,1.0,100.0,79.94,5,54,2724,A,84.95,268,53,738.03,17486,2
37,14.31,133.0,59.68,37.8,0.7016,4,B+,69.82,0.5119,51.19,0.5629,56.29,0.4356,43.56,Consistent Climber,0.65,65.0,56.95,4,74,2725,B+,65.21,252,45,643.8,17487,5
46,12.99,158.07,56.12,42.53,0.7719,5,A-,75.45,0.52,52.0,0.5814,58.14,0.4921,49.21,Consistent Climber,0.35,35.0,69.0,1,98,2726,A-,76.67,275,65,844.45,17488,6
26,20.92,192.83,40.49,5.97,0.5578,3,C,54.23,0.2057,20.57,0.3684,36.84,0.1271,12.71,Flexible Learner,0.1,10.0,31.57,1,42,2727,G,39.85,175,30,627.57,17489,6
32,15.36,159.56,38.04,21.74,0.5783,6,C,51.14,0.3438,34.38,0.4205,42.05,0.2788,27.88,Flexible Learner,0.25,25.0,51.5,1,78,2728,C,53.21,192,38,583.77,17490,11
20,10.56,104.4,60.08,25.93,0.7065,2,B,64.72,0.5854,58.54,0.6133,61.33,0.5417,54.17,Weekend Learner,0.6,60.0,65.69,1,54,2729,B+,69.73,123,24,253.33,17491,4
20,11.48,108.03,29.17,12.5,0.4794,2,G,34.36,0.2264,22.64,0.225,22.5,0.2308,23.08,Fresh Starter,0.25,25.0,31.9,1,66,2730,E,40.7,106,20,229.58,17492,8
41,15.14,143.73,48.86,15.49,0.6558,4,C+,57.74,0.3542,35.42,0.4841,48.41,0.2531,25.31,Flexible Learner,0.05,5.0,43.5,2,54,2731,C,53.13,288,52,787.17,17493,8
40,14.65,151.62,72.4,59.43,0.8878,5,A+,92.61,0.678,67.8,0.7768,77.68,0.6053,60.53,High Achiever,0.65,65.0,80.77,8,98,2732,A,89.38,264,52,761.87,17494,2
38,15.64,166.22,51.16,44.44,0.7189,5,A-,73.59,0.4848,48.48,0.5565,55.65,0.4396,43.96,Consistent Climber,0.35,35.0,64.27,1,70,2733,B+,67.2,297,60,938.37,17495,7
25,16.1,165.48,23.76,9.52,0.5294,2,D,48.07,0.2,20.0,0.1481,14.81,0.2326,23.26,Deep Focus Learner,0.15,15.0,35.27,0,42,2734,G,37.21,140,27,434.82,17496,13
42,10.58,100.53,49.38,24.36,0.6119,5,B,61.01,0.4178,41.78,0.4227,42.27,0.3971,39.71,Consistent Climber,0.5,50.0,46.57,1,90,2735,C+,59.63,359,69,730.2,17497,8
42,11.98,121.9,54.03,35.0,0.6737,5,A-,72.32,0.4661,46.61,0.489,48.9,0.4419,44.19,Consistent Climber,0.5,50.0,58.61,0,90,2736,B+,66.01,354,71,850.43,17498,3
44,11.05,97.28,65.5,29.27,0.8181,5,A,87.94,0.562,56.2,0.5588,55.88,0.5775,57.75,Consistent Climber,0.55,55.0,63.31,2,98,2737,A-,78.49,411,74,818.03,17499,2
39,15.95,182.67,50.45,27.37,0.6966,5,A-,74.82,0.4348,43.48,0.541,54.1,0.401,40.1,Consistent Climber,0.45,45.0,63.77,1,74,2738,B+,68.53,253,55,877.0,17500,7
24,18.78,175.8,36.01,11.48,0.5644,2,D,48.71,0.2771,27.71,0.3803,38.03,0.2,20.0,Deep Focus Learner,0.55,55.0,36.44,1,66,2739,D,46.73,166,29,544.52,17501,10
38,16.73,168.96,45.86,12.16,0.5805,4,C,53.94,0.3455,34.55,0.4301,43.01,0.2835,28.35,Flexible Learner,0.45,45.0,44.83,1,94,2740,B,61.39,220,42,702.87,17502,7
40,17.42,190.64,44.25,28.57,0.7518,5,A-,75.43,0.4418,44.18,0.5977,59.77,0.3871,38.71,Consistent Climber,0.7,70.0,66.26,0,90,2741,B+,68.43,335,68,1184.57,17503,9
40,11.12,106.68,66.21,43.48,0.8567,3,A,87.23,0.6294,62.94,0.6682,66.82,0.4921,49.21,High Achiever,0.65,65.0,69.74,5,70,2742,A-,76.39,286,55,611.42,17504,4
40,12.25,115.26,39.24,11.9,0.6231,5,B,60.47,0.3594,35.94,0.4039,40.39,0.2333,23.33,Consistent Climber,0.3,30.0,40.79,1,98,2743,C,54.35,345,63,772.0,17505,12
27,14.86,141.39,57.35,35.38,0.8052,3,A-,74.47,0.55,55.0,0.5941,59.41,0.4746,47.46,Deep Focus Learner,0.7,70.0,69.47,2,58,2744,A-,70.35,160,29,430.9,17506,5
31,8.76,85.21,40.51,17.86,0.4663,3,E,44.54,0.3764,37.64,0.3958,39.58,0.2941,29.41,Flexible Learner,0.4,40.0,40.18,0,74,2745,C,52.36,178,36,315.4,17507,11
41,16.8,162.86,63.12,36.3,0.825,3,A,82.98,0.5673,56.73,0.669,66.9,0.5043,50.43,Consistent Climber,0.5,50.0,72.91,2,98,2746,A,80.84,379,69,1159.52,17508,4
22,10.78,87.85,25.61,4.55,0.4003,2,G,26.36,0.1923,19.23,0.2119,21.19,0.0,0.0,Fresh Starter,0.05,5.0,19.93,0,54,2747,G,29.7,130,22,237.13,17509,11
32,10.3,94.88,52.93,38.78,0.7416,4,A-,70.32,0.5288,52.88,0.5266,52.66,0.5385,53.85,Flexible Learner,0.5,50.0,58.77,1,82,2748,B+,68.14,208,39,401.87,17510,4
24,9.54,82.53,54.37,40.62,0.6643,4,B,64.71,0.5578,55.78,0.5652,56.52,0.4444,44.44,Deep Focus Learner,0.6,60.0,59.25,2,42,2749,B,63.55,147,27,257.7,17511,3
43,10.89,100.6,44.53,22.77,0.5959,5,C+,56.75,0.3772,37.72,0.4006,40.06,0.2576,25.76,Consistent Climber,0.5,50.0,40.84,0,90,2750,C+,55.83,403,75,816.82,17512,8
50,11.93,133.32,60.34,47.24,0.8225,5,A,85.67,0.5804,58.04,0.6103,61.03,0.5285,52.85,Consistent Climber,0.4,40.0,70.97,3,74,2751,A-,77.48,336,75,894.7,17513,5
25,12.75,111.06,58.13,37.5,0.7679,4,A-,75.95,0.547,54.7,0.562,56.2,0.5,50.0,Flexible Learner,0.5,50.0,67.14,0,54,2752,A-,72.08,181,31,395.18,17514,2
40,11.98,114.68,57.52,34.55,0.8092,4,A,82.9,0.5141,51.41,0.5615,56.15,0.36,36.0,Consistent Climber,0.55,55.0,60.68,1,98,2753,A-,73.37,319,60,719.02,17515,4
43,14.33,137.6,51.78,30.67,0.7071,5,A-,70.6,0.4768,47.68,0.5476,54.76,0.3631,36.31,Consistent Climber,0.7,70.0,57.81,1,98,2754,B+,68.12,409,75,1074.9,17516,6
47,11.25,101.79,46.53,24.42,0.6049,5,B+,65.62,0.4115,41.15,0.4316,43.16,0.3194,31.94,Consistent Climber,0.65,65.0,48.46,1,82,2755,C+,58.7,401,73,821.15,17517,8
16,8.98,78.51,17.15,7.69,0.3662,3,G,25,0.1707,17.07,0.1795,17.95,0.0,0.0,Fresh Starter,0.1,10.0,16.76,1,36,2756,G,23.18,82,16,143.72,17518,9
36,10.53,107.99,42.0,34.33,0.603,4,B,60.18,0.4099,40.99,0.4216,42.16,0.3797,37.97,Consistent Climber,0.35,35.0,51.17,0,66,2757,C+,55.42,283,59,621.18,17519,11
34,10.21,92.01,48.2,20.51,0.6351,5,C+,59.99,0.4097,40.97,0.4219,42.19,0.3429,34.29,Flexible Learner,0.5,50.0,46.7,1,82,2758,C+,58.69,227,41,418.67,17520,8
38,11.44,104.19,74.68,65.59,0.9087,5,A+,97.98,0.7358,73.58,0.7932,79.32,0.5161,51.61,High Achiever,0.5,50.0,79.09,8,46,2759,A,82.09,299,54,617.85,17521,1
17,13.31,144.4,59.9,53.57,0.7329,3,B+,68.15,0.5667,56.67,0.5122,51.22,0.6122,61.22,Deep Focus Learner,0.5,50.0,69.02,1,37,2760,A-,73.43,90,19,252.9,17522,3
17,8.68,82.31,68.02,58.82,0.8184,3,A-,75.03,0.6667,66.67,0.6974,69.74,0.5,50.0,Deep Focus Learner,0.5,50.0,73.37,4,37,2761,A-,78.3,90,18,156.23,17523,1
38,11.11,100.52,64.11,44.71,0.767,4,A,82.6,0.6226,62.26,0.6316,63.16,0.5915,59.15,Consistent Climber,0.55,55.0,70.8,4,94,2762,A,82.01,318,58,644.43,17524,5
31,11.49,102.09,50.72,32.65,0.7178,4,A-,71.65,0.5065,50.65,0.5331,53.31,0.3774,37.74,Consistent Climber,0.5,50.0,56.26,1,90,2763,B+,66.91,310,54,620.33,17525,9
46,9.72,85.77,51.35,31.48,0.6367,5,B+,65.25,0.466,46.6,0.4793,47.93,0.3529,35.29,Consistent Climber,0.35,35.0,47.52,0,78,2764,B,62.69,324,59,573.33,17526,6
10,12.63,110.16,27.62,16.67,0.4723,1,G,35.9,0.2586,25.86,0.2727,27.27,0.2143,21.43,Fresh Starter,0.1,10.0,31.57,0,27,2765,G,31.66,58,10,126.27,17527,4
39,16.26,169.59,54.68,30.3,0.7366,6,B+,68.68,0.4756,47.56,0.6,60.0,0.3904,39.04,Flexible Learner,0.5,50.0,60.48,1,66,2766,B+,66.26,246,48,780.43,17528,7
21,11.03,134.11,34.07,20.0,0.4985,3,E,44.41,0.3158,31.58,0.3585,35.85,0.2619,26.19,Deep Focus Learner,0.3,30.0,31.99,0,58,2767,E,41.88,95,23,253.62,17529,8
33,10.18,88.27,50.14,26.09,0.6163,3,C+,58.31,0.4706,47.06,0.5,50.0,0.3243,32.43,Flexible Learner,0.55,55.0,51.27,1,58,2768,C+,58.13,221,39,396.9,17530,8
18,9.44,77.83,43.03,30.0,0.5485,3,C,50.32,0.4094,40.94,0.4153,41.53,0.3333,33.33,Deep Focus Learner,0.5,50.0,43.44,0,63,2769,C,54.3,127,22,207.58,17531,8
16,9.47,85.72,55.26,12.5,0.6134,2,C+,55.22,0.4227,42.27,0.4,40.0,0.5294,52.94,Deep Focus Learner,0.5,50.0,49.42,3,36,2770,C+,56.43,97,18,170.42,17532,4
24,15.57,127.6,20.09,8.82,0.3901,3,G,26.58,0.1961,19.61,0.283,28.3,0.0,0.0,Fresh Starter,0.3,30.0,23.2,0,66,2771,G,31.04,153,24,373.72,17533,13
35,12.67,134.14,43.72,16.67,0.608,3,B,60.4,0.3991,39.91,0.4299,42.99,0.3679,36.79,Flexible Learner,0.4,40.0,48.52,0,42,2772,C,51.44,213,44,557.52,17534,11
22,8.7,83.29,52.09,33.33,0.6955,2,B+,66.12,0.5126,51.26,0.5521,55.21,0.3478,34.78,Deep Focus Learner,0.6,60.0,52.95,3,70,2773,B,61.56,119,25,217.55,17535,6
23,10.51,105.84,34.03,25.0,0.6815,2,C+,58.29,0.3481,34.81,0.3824,38.24,0.2424,24.24,Deep Focus Learner,0.3,30.0,40.3,0,54,2774,E,43.34,135,27,283.68,17536,10
22,11.58,114.95,35.3,19.23,0.5893,2,D,48.93,0.3636,36.36,0.4429,44.29,0.225,22.5,Fresh Starter,0.3,30.0,49.64,0,54,2775,C,52.42,110,22,254.83,17537,9
19,12.22,148.89,47.48,33.33,0.6453,3,B,60.92,0.4505,45.05,0.4583,45.83,0.4478,44.78,Deep Focus Learner,0.4,40.0,56.84,0,28,2776,C,53.52,91,22,268.88,17538,4
21,11.99,112.05,38.1,17.86,0.5728,4,C,52.82,0.368,36.8,0.4301,43.01,0.1875,18.75,Deep Focus Learner,0.4,40.0,38.7,0,54,2777,D,45.47,125,23,275.82,17539,8
24,9.97,87.07,28.21,4.76,0.4001,4,G,26.73,0.2826,28.26,0.2906,29.06,0.2381,23.81,Fresh Starter,0.25,25.0,31.46,0,42,2778,G,35.56,138,24,239.22,17540,12
44,11.03,97.75,50.35,26.67,0.603,5,B,63.2,0.408,40.8,0.4268,42.68,0.2766,27.66,Consistent Climber,0.4,40.0,42.69,1,86,2779,C+,59.42,375,67,739.17,17541,8
34,14.32,135.74,43.09,17.91,0.5598,3,C+,55.01,0.3816,38.16,0.4179,41.79,0.3298,32.98,Flexible Learner,0.25,25.0,49.76,1,42,2780,C,50.81,228,42,601.23,17542,9
45,12.73,121.28,67.76,52.73,0.8884,6,A,86.42,0.6517,65.17,0.6697,66.97,0.6161,61.61,High Achiever,0.45,45.0,74.78,4,70,2781,A-,79.53,333,62,789.45,17543,4
12,15.4,169.96,27.64,16.67,0.4831,1,G,32.7,0.2281,22.81,0.15,15.0,0.2703,27.03,Fresh Starter,0.3,30.0,35.78,2,18,2782,G,36.63,57,12,184.82,17544,9
44,10.49,94.67,49.79,36.0,0.6206,5,B+,66.65,0.4879,48.79,0.5117,51.17,0.3919,39.19,Consistent Climber,0.45,45.0,51.59,0,70,2783,B,62.0,373,68,713.58,17545,6
15,8.93,77.08,22.79,7.14,0.3046,1,G,25,0.1667,16.67,0.1463,14.63,1.0,100.0,Fresh Starter,0.1,10.0,18.6,1,46,2784,G,27.96,84,15,134.02,17546,8
48,12.59,122.09,52.4,35.16,0.7074,5,A-,73.76,0.5029,50.29,0.5124,51.24,0.4895,48.95,Consistent Climber,0.6,60.0,61.72,1,78,2785,A-,70.15,344,65,818.25,17547,8
52,13.17,124.8,70.69,60.24,0.8318,6,A,84.5,0.6868,68.68,0.7276,72.76,0.6028,60.28,High Achiever,0.6,60.0,78.16,5,94,2786,A,86.2,431,79,1040.67,17548,0
29,11.16,100.92,39.51,27.91,0.561,3,C,50.89,0.3842,38.42,0.3913,39.13,0.3448,34.48,Deep Focus Learner,0.3,30.0,43.56,0,98,2787,C+,56.67,190,34,379.3,17549,10
40,13.7,147.96,40.33,30.59,0.7091,7,B+,65.37,0.4224,42.24,0.4825,48.25,0.3644,36.44,Flexible Learner,0.25,25.0,55.26,1,42,2788,C+,55.02,232,48,657.72,17550,10
51,11.93,113.21,64.88,52.33,0.8096,6,A,81.87,0.6507,65.07,0.7237,72.37,0.5197,51.97,High Achiever,0.8,80.0,75.85,5,82,2789,A,83.56,355,67,799.55,17551,3
21,8.9,77.97,67.93,50.0,0.8134,2,A-,74.07,0.6281,62.81,0.6346,63.46,0.5882,58.82,Deep Focus Learner,0.55,55.0,66.67,6,66,2790,A-,75.9,121,23,204.6,17552,3
34,12.57,110.72,49.48,23.53,0.5863,3,C+,57.15,0.4,40.0,0.4326,43.26,0.2833,28.33,Consistent Climber,0.55,55.0,44.54,2,98,2791,B,62.08,275,47,590.58,17553,7
21,15.38,144.85,44.64,28.89,0.5533,5,C,52.33,0.3169,31.69,0.3804,38.04,0.2,20.0,Deep Focus Learner,0.3,30.0,35.69,1,30,2792,E,41.69,142,25,384.55,17554,5
40,10.14,92.33,44.45,19.61,0.5723,5,C,53.62,0.4157,41.57,0.4159,41.59,0.4146,41.46,Flexible Learner,0.55,55.0,46.76,0,54,2793,C+,56.94,255,47,476.7,17555,9
40,12.64,110.85,49.4,31.91,0.713,5,B+,67.18,0.4543,45.43,0.4903,49.03,0.3,30.0,Flexible Learner,0.45,45.0,51.96,1,54,2794,C+,57.92,317,55,695.03,17556,8
41,11.14,103.62,66.14,49.38,0.7699,4,A,81.49,0.6156,61.56,0.6456,64.56,0.5301,53.01,Consistent Climber,0.45,45.0,69.19,2,98,2795,A,82.31,320,60,668.48,17557,2
22,11.14,108.51,43.21,29.41,0.5921,3,C+,57.9,0.4444,44.44,0.4777,47.77,0.3559,35.59,Weekend Learner,0.6,60.0,54.97,0,42,2796,C+,57.41,216,42,468.05,17558,9
34,11.86,124.17,64.51,56.92,0.8414,4,A,85.31,0.645,64.5,0.6822,68.22,0.598,59.8,Consistent Climber,0.55,55.0,79.67,3,66,2797,A,83.63,231,48,569.12,17559,2
20,10.66,94.99,28.85,21.21,0.5163,2,D,49.19,0.2922,29.22,0.3178,31.78,0.16,16.0,Weekend Learner,0.15,15.0,32.32,1,66,2798,E,40.41,154,28,298.6,17560,11
19,12.54,129.91,40.51,29.03,0.6447,2,B,60.31,0.4163,41.63,0.4962,49.62,0.2821,28.21,Weekend Learner,0.45,45.0,54.41,0,88,2799,B,63.18,209,42,526.85,17561,11
25,14.34,133.76,52.51,37.7,0.7847,2,A-,76.01,0.5556,55.56,0.578,57.8,0.5211,52.11,Deep Focus Learner,0.55,55.0,68.85,2,30,2800,B+,65.84,180,32,458.78,17562,6
20,12.11,108.03,36.78,20.0,0.5898,3,E,43.81,0.3694,36.94,0.3854,38.54,0.2667,26.67,Fresh Starter,0.25,25.0,42.13,0,42,2801,D,46.97,111,20,242.25,17563,7
34,11.07,104.67,57.76,39.8,0.7353,5,A-,75.49,0.5505,55.05,0.5691,56.91,0.4754,47.54,Consistent Climber,0.5,50.0,63.12,1,66,2802,A-,70.84,307,58,642.05,17564,5
41,14.18,129.17,57.42,37.72,0.6496,4,B,64.76,0.5196,51.96,0.5133,51.33,0.5303,53.03,Consistent Climber,0.35,35.0,64.37,1,94,2803,A-,77.72,358,63,893.37,17565,4
23,10.71,97.64,60.18,38.89,0.75,2,A-,70.68,0.5891,58.91,0.6228,62.28,0.3333,33.33,Deep Focus Learner,0.75,75.0,62.32,1,42,2804,B+,68.28,129,24,257.07,17566,3
38,11.87,112.22,44.19,32.08,0.6632,4,B,64.18,0.476,47.6,0.4817,48.17,0.4615,46.15,Flexible Learner,0.4,40.0,58.47,1,66,2805,B,61.63,229,43,510.22,17567,10
46,13.13,120.98,73.16,60.61,0.8583,5,A+,93.56,0.7226,72.26,0.7326,73.26,0.7,70.0,High Achiever,0.6,60.0,80.73,5,90,2806,A,87.63,393,71,931.88,17568,1
42,14.05,135.43,75.23,65.62,0.9598,5,A+,98,0.7338,73.38,0.7718,77.18,0.6569,65.69,High Achiever,0.8,80.0,82.4,6,66,2807,A,88.33,308,57,800.82,17569,1
12,15.36,144.35,27.68,7.41,0.5643,2,D,46.23,0.2879,28.79,0.3636,36.36,0.1364,13.64,Fresh Starter,0.35,35.0,36.73,0,18,2808,G,33.64,66,12,184.33,17570,7
44,13.45,129.95,47.25,32.05,0.6873,4,B+,68.01,0.4555,45.55,0.5101,51.01,0.3986,39.86,Flexible Learner,0.4,40.0,54.7,1,100,2809,B+,67.84,292,54,726.35,17571,6
40,12.91,134.36,31.38,11.11,0.5147,4,C,51.37,0.3153,31.53,0.3571,35.71,0.2604,26.04,Flexible Learner,0.35,35.0,40.36,0,70,2810,D,47.27,222,46,593.93,17572,12
38,14.87,142.48,48.04,25.25,0.6415,5,B,64.83,0.4105,41.05,0.462,46.2,0.3429,34.29,Consistent Climber,0.55,55.0,51.38,2,98,2811,B+,67.32,324,60,892.08,17573,10
17,12.03,131.1,47.45,26.09,0.5773,2,E,41.52,0.4359,43.59,0.5238,52.38,0.3333,33.33,Fresh Starter,0.6,60.0,51.48,1,37,2812,C,51.79,78,17,204.58,17574,4
36,11.02,104.26,58.45,32.31,0.6699,4,B+,69.76,0.4702,47.02,0.5182,51.82,0.3077,30.77,Consistent Climber,0.7,70.0,51.71,4,98,2813,B+,69.34,285,54,595.03,17575,6
16,9.76,90.28,37.74,13.64,0.5577,2,C,53.3,0.2941,29.41,0.3187,31.87,0.0909,9.09,Deep Focus Learner,0.4,40.0,34.03,0,52,2814,E,41.55,102,20,195.12,17576,7
26,18.03,167.24,64.01,35.53,0.7948,3,A-,77.26,0.6092,60.92,0.6786,67.86,0.5444,54.44,Deep Focus Learner,0.8,80.0,78.66,3,94,2815,A,84.97,174,30,540.8,17577,3
20,12.12,109.11,11.14,0.0,0.336,2,G,25,0.1053,10.53,0.119,11.9,0.0667,6.67,Fresh Starter,0.05,5.0,15.22,0,30,2816,G,20,114,20,242.47,17578,12
13,20.41,173.87,34.3,28.95,0.6054,2,D,48.08,0.3614,36.14,0.3889,38.89,0.3404,34.04,Fresh Starter,0.35,35.0,52.45,0,19,2817,D,45.09,83,13,265.28,17579,6
44,13.02,140.84,46.86,35.38,0.6378,3,B+,67.23,0.4492,44.92,0.5639,56.39,0.3605,36.05,Consistent Climber,0.3,30.0,57.64,2,90,2818,B+,65.99,305,64,833.2,17580,9
42,14.42,139.35,50.4,33.33,0.6552,5,B,62.62,0.4849,48.49,0.5274,52.74,0.4444,44.44,Flexible Learner,0.45,45.0,61.97,0,54,2819,B,63.6,299,55,792.98,17581,7
34,9.88,94.93,56.43,48.21,0.7539,4,A-,72.1,0.553,55.3,0.5537,55.37,0.55,55.0,Flexible Learner,0.75,75.0,62.71,3,30,2820,B,63.13,217,43,424.75,17582,5
18,11.52,107.23,50.94,35.71,0.7101,3,B+,66.34,0.5122,51.22,0.5812,58.12,0.3404,34.04,Weekend Learner,0.55,55.0,58.97,0,27,2821,C+,59.14,164,30,345.73,17583,4
27,16.18,174.39,60.38,39.73,0.7981,3,A-,75.72,0.5119,51.19,0.5517,55.17,0.4909,49.09,Deep Focus Learner,0.35,35.0,70.18,2,42,2822,B+,69.67,168,34,550.22,17584,3
16,9.2,82.73,51.67,28.57,0.5648,2,C,52.26,0.4815,48.15,0.5165,51.65,0.2941,29.41,Deep Focus Learner,0.35,35.0,50.9,1,36,2823,C+,57.08,108,21,193.27,17585,5
19,8.95,74.4,45.47,38.1,0.6013,2,C+,55.18,0.4417,44.17,0.4609,46.09,0.0,0.0,Deep Focus Learner,0.35,35.0,45.24,2,40,2824,D,48.73,120,21,187.92,17586,7
28,13.07,112.0,48.87,32.76,0.7911,4,A-,74.8,0.4908,49.08,0.5443,54.43,0.35,35.0,Deep Focus Learner,0.55,55.0,62.72,1,82,2825,B+,67.8,218,36,470.63,17587,7
39,14.05,132.83,47.51,27.27,0.6842,6,B,64.95,0.4336,43.36,0.4765,47.65,0.3488,34.88,Flexible Learner,0.45,45.0,49.67,1,100,2826,B+,65.77,256,47,660.43,17588,6
51,13.29,128.33,66.53,49.63,0.8439,5,A,87.81,0.6262,62.62,0.6431,64.31,0.6,60.0,High Achiever,0.65,65.0,75.32,4,78,2827,A,81.82,420,78,1036.77,17589,2
39,10.06,90.03,43.66,18.84,0.6077,5,B,62.42,0.398,39.8,0.4176,41.76,0.2258,22.58,Consistent Climber,0.35,35.0,42.8,1,78,2828,C+,55.5,304,56,563.42,17590,10
10,14.38,143.17,21.19,0.0,0.3681,3,G,25,0.1538,15.38,0.2273,22.73,0.1,10.0,Fresh Starter,0.05,5.0,27.2,0,67,2829,G,35.5,52,10,143.78,17591,6
18,12.71,123.04,36.67,17.86,0.5165,2,D,45.46,0.2727,27.27,0.2639,26.39,0.2895,28.95,Deep Focus Learner,0.3,30.0,34.6,0,39,2830,E,41.66,110,21,267.0,17592,8
37,10.73,109.92,71.75,49.33,0.8429,4,A,86.96,0.6434,64.34,0.6746,67.46,0.5397,53.97,Consistent Climber,0.6,60.0,70.84,7,74,2831,A-,79.63,272,56,600.95,17593,2
40,10.7,100.71,48.59,29.23,0.6322,4,C+,58.24,0.4964,49.64,0.5066,50.66,0.449,44.9,Flexible Learner,0.4,40.0,57.3,1,54,2832,C+,58.87,276,53,567.28,17594,8
25,13.02,117.63,43.76,18.67,0.5163,3,D,49.23,0.3443,34.43,0.3333,33.33,0.375,37.5,Weekend Learner,0.45,45.0,39.62,2,66,2833,C,50.17,273,48,625.03,17595,9
16,14.44,144.73,52.08,28.95,0.7019,2,B,64.71,0.4649,46.49,0.6034,60.34,0.3214,32.14,Weekend Learner,0.6,60.0,54.63,1,60,2834,B,64.85,114,22,317.7,17596,4
22,13.01,135.63,44.77,32.65,0.6491,2,B,60.18,0.3835,38.35,0.3462,34.62,0.4216,42.16,Weekend Learner,0.2,20.0,49.36,1,82,2835,C+,57.95,206,42,546.45,17597,9
8,14.74,149.17,15.33,7.14,0.3762,1,G,25,0.1429,14.29,0.1667,16.67,0.0833,8.33,Fresh Starter,0.1,10.0,16.9,0,12,2836,G,20,42,8,117.88,17598,5
25,12.81,138.66,46.98,30.77,0.6571,2,C+,57.23,0.4186,41.86,0.4524,45.24,0.3864,38.64,Weekend Learner,0.2,20.0,53.91,1,42,2837,C+,56.59,172,37,473.93,17599,7
37,8.59,83.21,57.27,43.4,0.6762,3,B+,69.15,0.5039,50.39,0.5023,50.23,0.5128,51.28,Consistent Climber,0.6,60.0,55.55,4,90,2838,B+,69.92,258,53,455.47,17600,6
15,17.29,165.48,15.83,7.14,0.3311,4,G,25,0.1325,13.25,0.1522,15.22,0.1081,10.81,Fresh Starter,0.15,15.0,21.92,0,34,2839,G,22.03,83,15,259.42,17601,8
23,9.6,94.04,44.14,24.32,0.5546,2,C,52.98,0.4,40.0,0.443,44.3,0.1875,18.75,Weekend Learner,0.55,55.0,43.18,2,42,2840,C,50.26,190,38,364.72,17602,9
24,15.48,141.04,22.27,7.5,0.4921,2,G,35.36,0.2158,21.58,0.3067,30.67,0.1094,10.94,Fresh Starter,0.25,25.0,26.03,0,42,2841,G,31.21,139,24,371.47,17603,13
37,11.48,110.19,44.85,19.35,0.581,5,B,61.68,0.4163,41.63,0.4615,46.15,0.2857,28.57,Consistent Climber,0.45,45.0,49.24,0,66,2842,C+,56.71,245,47,539.48,17604,12
20,11.35,118.17,57.45,45.61,0.7108,2,B+,66.22,0.5542,55.42,0.5902,59.02,0.4545,45.45,Weekend Learner,0.6,60.0,61.32,0,54,2843,B,64.67,166,35,397.18,17605,4
26,10.29,91.5,37.49,32.56,0.5368,2,C,50.83,0.4019,40.19,0.4382,43.82,0.2222,22.22,Weekend Learner,0.35,35.0,44.06,0,54,2844,C,50.4,214,39,401.25,17606,9
29,11.17,116.88,48.08,28.95,0.6922,4,B,63.67,0.46,46.0,0.5,50.0,0.3929,39.29,Flexible Learner,0.4,40.0,55.67,0,54,2845,C+,55.22,150,32,357.58,17607,8
31,11.8,115.82,36.89,19.15,0.5145,3,D,48.37,0.288,28.8,0.2951,29.51,0.2742,27.42,Deep Focus Learner,0.4,40.0,32.21,1,66,2846,D,46.32,184,35,412.95,17608,9
38,18.14,190.84,61.55,38.89,0.7763,4,A-,77.12,0.5135,51.35,0.6627,66.27,0.4432,44.32,Consistent Climber,0.45,45.0,63.34,1,82,2847,A-,74.77,259,51,925.03,17609,3
47,10.2,95.59,64.25,51.35,0.8423,4,A,84.06,0.6289,62.89,0.6389,63.89,0.5714,57.14,High Achiever,0.75,75.0,69.22,1,58,2848,A-,72.81,380,72,734.7,17610,2
16,10.35,122.29,24.17,9.09,0.4817,2,G,31.44,0.1884,18.84,0.2571,25.71,0.1176,11.76,Fresh Starter,0.25,25.0,27.28,0,64,2849,G,34.86,69,16,165.6,17611,7
45,14.09,142.05,55.38,29.51,0.6919,4,A-,71.94,0.5182,51.82,0.5907,59.07,0.4085,40.85,Consistent Climber,0.5,50.0,60.66,0,74,2850,B+,67.68,357,69,972.45,17612,3
24,11.82,114.68,34.96,12.12,0.5792,2,E,42.74,0.3387,33.87,0.375,37.5,0.2143,21.43,Fresh Starter,0.45,45.0,44.56,1,30,2851,E,42.78,124,24,283.63,17613,10
26,12.7,139.69,63.09,38.46,0.7528,2,A-,75.48,0.5548,55.48,0.5976,59.76,0.5,50.0,Flexible Learner,0.5,50.0,64.81,3,54,2852,A-,70.63,146,31,393.85,17614,3
16,12.82,124.01,30.42,14.29,0.5081,2,D,48.87,0.3162,31.62,0.3333,33.33,0.2821,28.21,Deep Focus Learner,0.45,45.0,36.56,0,40,2853,E,40.39,117,22,282.03,17615,9
20,15.52,160.25,53.28,19.61,0.7073,2,B+,65.34,0.4601,46.01,0.5,50.0,0.4393,43.93,Weekend Learner,0.35,35.0,59.49,3,66,2854,B+,66.52,163,32,496.78,17616,8
40,16.47,164.37,43.93,35.42,0.6679,4,C+,59.62,0.4237,42.37,0.5,50.0,0.375,37.5,Flexible Learner,0.3,30.0,55.13,0,94,2855,B,64.05,262,49,806.95,17617,10
48,14.74,151.55,63.36,43.68,0.8706,6,A,89.27,0.5791,57.91,0.6739,67.39,0.4586,45.86,High Achiever,0.4,40.0,72.5,3,94,2856,A,80.04,411,81,1194.27,17618,4
36,15.17,152.9,33.97,16.13,0.5727,4,C,52.73,0.3188,31.88,0.4949,49.49,0.1574,15.74,Flexible Learner,0.35,35.0,40.51,0,66,2857,D,46.1,207,40,606.65,17619,10
42,11.36,99.78,67.93,56.57,0.8124,4,A,85.54,0.6369,63.69,0.6434,64.34,0.6066,60.66,Consistent Climber,0.4,40.0,69.91,2,86,2858,A,82.25,347,61,693.05,17620,2
45,19.03,187.12,30.99,9.93,0.583,5,B,61.88,0.2886,28.86,0.3566,35.66,0.2564,25.64,Consistent Climber,0.3,30.0,46.13,0,78,2859,C,50.37,402,73,1389.38,17621,13
19,14.2,148.0,49.48,30.0,0.7014,2,B,63.67,0.4688,46.88,0.6,60.0,0.3529,35.29,Weekend Learner,0.4,40.0,61.36,1,88,2860,B+,66.7,224,45,638.93,17622,7
38,12.05,110.7,47.98,26.32,0.6812,4,B+,65.61,0.4453,44.53,0.5028,50.28,0.3067,30.67,Flexible Learner,0.45,45.0,51.38,1,86,2861,B,60.37,256,47,566.27,17623,8
24,10.96,98.98,39.18,23.33,0.6089,3,C+,56.8,0.3818,38.18,0.36,36.0,0.45,45.0,Deep Focus Learner,0.3,30.0,47.83,0,42,2862,D,47.75,165,30,328.67,17624,9
27,11.66,103.94,33.7,17.39,0.452,3,E,42.47,0.2757,27.57,0.2727,27.27,0.2903,29.03,Flexible Learner,0.3,30.0,33.36,0,54,2863,G,39.64,185,33,384.73,17625,11
33,10.26,92.78,38.18,16.67,0.5812,4,C+,55.01,0.3,30.0,0.3315,33.15,0.0769,7.69,Flexible Learner,0.15,15.0,30.76,0,42,2864,G,39.07,210,38,389.92,17626,12
42,14.86,129.76,62.94,35.0,0.7636,3,A-,79.71,0.5522,55.22,0.642,64.2,0.3824,38.24,Consistent Climber,0.45,45.0,63.3,2,86,2865,A-,79.37,393,65,966.12,17627,2
12,11.82,110.08,24.47,12.5,0.4068,2,G,25.49,0.2308,23.08,0.26,26.0,0.1333,13.33,Fresh Starter,0.25,25.0,25.96,1,30,2866,G,29.17,65,12,141.78,17628,8
17,11.68,140.64,24.49,20.0,0.4983,2,E,40.3,0.2429,24.29,0.2581,25.81,0.2308,23.08,Fresh Starter,0.3,30.0,34.51,1,37,2867,G,35.89,70,17,198.5,17629,11
41,13.07,134.62,42.16,19.51,0.5321,7,C,50.55,0.3205,32.05,0.3478,34.78,0.2755,27.55,Flexible Learner,0.35,35.0,41.92,3,30,2868,E,44.24,259,52,679.57,17630,10
42,12.32,117.27,54.95,29.47,0.7425,4,A-,73.56,0.5052,50.52,0.555,55.5,0.3478,34.78,Flexible Learner,0.65,65.0,55.03,1,54,2869,B,61.6,287,54,665.03,17631,6
23,11.57,108.85,38.19,21.15,0.5234,2,D,48.0,0.3502,35.02,0.3711,37.11,0.2931,29.31,Weekend Learner,0.35,35.0,39.11,0,66,2870,D,48.28,217,40,462.62,17632,12
45,10.22,85.23,50.8,35.71,0.6497,4,B+,65.87,0.473,47.3,0.4783,47.83,0.4375,43.75,Consistent Climber,0.75,75.0,52.5,1,98,2871,B,63.29,370,63,643.77,17633,10
26,12.26,128.83,46.92,20.69,0.6078,2,C+,57.19,0.4126,41.26,0.4348,43.48,0.3919,39.19,Deep Focus Learner,0.65,65.0,55.99,2,54,2872,B,60.65,143,30,367.75,17634,7
27,12.83,120.74,59.17,30.95,0.6658,3,B+,65.41,0.5128,51.28,0.5546,55.46,0.3784,37.84,Flexible Learner,0.35,35.0,60.58,3,30,2873,B,61.51,156,29,372.2,17635,6
16,12.28,119.91,36.36,16.0,0.4478,2,E,42.33,0.2891,28.91,0.2785,27.85,0.3061,30.61,Weekend Learner,0.2,20.0,36.77,1,24,2874,G,37.84,128,25,307.08,17636,9
23,15.7,155.06,37.28,14.71,0.4872,3,D,45.62,0.3203,32.03,0.39,39.0,0.2756,27.56,Weekend Learner,0.45,45.0,40.96,0,42,2875,D,45.6,256,48,753.53,17637,10
32,11.61,111.96,30.33,15.0,0.5031,3,E,44.38,0.2541,25.41,0.2714,27.14,0.2,20.0,Flexible Learner,0.25,25.0,33.0,0,30,2876,G,36.36,185,36,417.87,17638,11
38,11.84,105.77,48.01,29.23,0.636,3,B,62.2,0.4559,45.59,0.4884,48.84,0.3333,33.33,Flexible Learner,0.4,40.0,49.91,1,66,2877,C+,59.38,272,49,580.03,17639,6
17,14.94,157.68,21.11,9.38,0.4365,2,E,42.75,0.1789,17.89,0.1579,15.79,0.1882,18.82,Weekend Learner,0.25,25.0,27.72,0,49,2878,G,30.09,123,25,373.5,17640,11
42,10.52,99.08,41.47,40.32,0.6334,4,C+,56.9,0.4286,42.86,0.4575,45.75,0.2979,29.79,Flexible Learner,0.45,45.0,48.53,0,66,2879,C+,56.28,259,50,526.17,17641,10
41,14.62,158.88,44.53,12.68,0.4703,7,E,43.65,0.3689,36.89,0.4468,44.68,0.313,31.3,Flexible Learner,0.25,25.0,45.45,1,58,2880,D,49.59,225,47,687.32,17642,11
33,15.03,148.04,39.53,16.67,0.6231,4,B,60.24,0.4129,41.29,0.4667,46.67,0.3694,36.94,Deep Focus Learner,0.4,40.0,57.17,0,30,2881,C+,55.25,201,38,571.22,17643,11
49,11.67,102.41,72.48,56.67,0.8919,4,A+,93.38,0.6575,65.75,0.6873,68.73,0.4925,49.25,High Achiever,0.8,80.0,69.81,7,54,2882,A-,77.24,438,75,875.32,17644,2
32,17.45,177.45,38.46,5.63,0.6013,3,C,54.86,0.3333,33.33,0.4118,41.18,0.3067,30.67,Flexible Learner,0.25,25.0,47.07,0,58,2883,C,51.08,201,38,662.98,17645,8
51,18.73,191.8,46.17,29.26,0.7286,5,A-,76.07,0.414,41.4,0.5248,52.48,0.3566,35.66,Consistent Climber,0.35,35.0,58.35,0,70,2884,B,60.03,413,78,1461.3,17646,9
9,10.51,95.52,19.81,25.0,0.5095,2,G,37.04,0.2083,20.83,0.2381,23.81,0.0,0.0,Fresh Starter,0.2,20.0,21.45,0,25,2885,G,25.11,48,9,94.6,17647,6
36,13.97,143.22,64.45,41.03,0.7422,5,A-,78.05,0.5483,54.83,0.6134,61.34,0.4929,49.29,Consistent Climber,0.4,40.0,67.86,4,94,2886,A-,78.0,259,51,712.72,17648,4
9,19.08,192.45,24.38,33.33,0.5556,1,E,43.19,0.2979,29.79,0.3846,38.46,0.2647,26.47,Fresh Starter,0.2,20.0,42.69,0,13,2887,G,34.32,47,9,171.75,17649,7
20,11.66,122.21,45.84,27.5,0.58,2,C,54.49,0.4024,40.24,0.4324,43.24,0.3448,34.48,Weekend Learner,0.1,10.0,47.06,1,54,2888,C,53.52,169,35,408.08,17650,8
24,10.42,87.95,37.25,22.0,0.5206,2,D,47.01,0.3132,31.32,0.3174,31.74,0.2857,28.57,Weekend Learner,0.3,30.0,33.9,1,66,2889,E,42.92,265,45,468.87,17651,13
17,17.72,189.81,25.37,15.79,0.5203,4,G,38.64,0.2353,23.53,0.3333,33.33,0.1897,18.97,Fresh Starter,0.35,35.0,38.31,0,37,2890,G,36.26,85,17,301.27,17652,10
41,15.38,149.39,71.47,50.0,0.8808,3,A+,92.92,0.6448,64.48,0.735,73.5,0.5838,58.38,High Achiever,0.8,80.0,80.23,6,54,2891,A,84.24,290,54,830.65,17653,2
44,11.21,112.35,49.31,34.29,0.6516,5,B,63.93,0.4475,44.75,0.4934,49.34,0.3368,33.68,Consistent Climber,0.4,40.0,51.77,1,66,2892,B,60.57,324,65,728.37,17654,11
38,10.3,97.83,37.95,23.08,0.5327,4,C,50.1,0.366,36.6,0.3552,35.52,0.4038,40.38,Flexible Learner,0.2,20.0,43.26,0,66,2893,C,50.98,235,45,463.52,17655,10
26,10.51,87.26,43.18,28.57,0.6011,4,C+,57.15,0.3737,37.37,0.3918,39.18,0.2593,25.93,Deep Focus Learner,0.35,35.0,40.81,1,46,2894,D,49.18,198,34,357.47,17656,10
21,14.65,134.95,15.79,2.94,0.352,2,G,25,0.1417,14.17,0.16,16.0,0.1111,11.11,Fresh Starter,0.1,10.0,19.22,0,54,2895,G,26.08,120,21,307.73,17657,12
38,11.36,112.53,51.25,35.94,0.6854,3,B+,65.86,0.4718,47.18,0.4824,48.24,0.4487,44.87,Flexible Learner,0.35,35.0,54.88,0,70,2896,B+,67.56,248,48,545.32,17658,7
26,9.81,90.14,51.12,27.59,0.6602,3,C+,59.93,0.4654,46.54,0.4741,47.41,0.4167,41.67,Flexible Learner,0.6,60.0,50.97,1,82,2897,B,61.82,159,31,304.2,17659,5
40,13.97,140.74,65.08,28.0,0.8596,5,A,85.04,0.5804,58.04,0.6407,64.07,0.5207,52.07,Consistent Climber,0.7,70.0,72.0,3,82,2898,A,81.66,336,66,922.05,17660,2
44,17.44,165.82,36.02,16.0,0.5871,4,C+,58.65,0.311,31.1,0.3986,39.86,0.2524,25.24,Consistent Climber,0.4,40.0,42.78,0,62,2899,D,47.51,344,61,1064.02,17661,12
37,13.58,144.3,29.89,20.0,0.6361,4,B,60.43,0.3302,33.02,0.386,38.6,0.2653,26.53,Flexible Learner,0.3,30.0,44.18,0,54,2900,E,44.39,212,43,583.9,17662,12
30,10.42,92.04,36.29,8.7,0.5973,4,C+,55.96,0.3714,37.14,0.3702,37.02,0.3793,37.93,Deep Focus Learner,0.35,35.0,42.22,1,90,2901,C,53.74,210,38,396.0,17663,12
32,14.69,153.88,42.5,30.43,0.6197,4,B+,66.83,0.4043,40.43,0.4773,47.73,0.3592,35.92,Consistent Climber,0.35,35.0,55.71,0,58,2902,C+,59.29,230,46,675.95,17664,8
35,9.73,83.41,59.75,51.67,0.7048,4,A-,71.16,0.5824,58.24,0.5948,59.48,0.4828,48.28,Consistent Climber,0.7,70.0,61.54,2,98,2903,A-,77.07,261,46,447.57,17665,4
47,12.29,128.39,62.99,49.07,0.8048,5,A,83.54,0.6257,62.57,0.6733,67.33,0.5608,56.08,Consistent Climber,0.7,70.0,75.9,3,98,2904,A,85.28,350,72,885.2,17666,4
14,13.96,130.93,12.65,0.0,0.3387,4,G,25,0.1184,11.84,0.1633,16.33,0.037,3.7,Fresh Starter,0.15,15.0,22.07,0,21,2905,G,20,76,14,195.43,17667,9
40,15.38,168.38,54.93,43.9,0.783,4,A,80.25,0.5117,51.17,0.6293,62.93,0.4372,43.72,Consistent Climber,0.45,45.0,69.56,0,90,2906,A-,76.13,299,62,953.67,17668,6
40,9.41,86.93,48.19,23.33,0.6423,5,B+,66.29,0.4506,45.06,0.4366,43.66,0.5179,51.79,Consistent Climber,0.55,55.0,52.64,0,82,2907,B,62.52,324,63,592.87,17669,8
25,16.84,178.17,56.28,25.86,0.7512,4,A-,71.77,0.4641,46.41,0.4821,48.21,0.4536,45.36,Deep Focus Learner,0.55,55.0,69.69,4,30,2908,B+,67.64,153,30,505.05,17670,7
35,12.56,115.38,42.32,21.92,0.6022,5,B+,65.1,0.403,40.3,0.4136,41.36,0.375,37.5,Consistent Climber,0.25,25.0,49.93,1,62,2909,C+,56.35,263,47,590.52,17671,9
29,10.87,102.03,32.46,25.58,0.5053,3,D,46.2,0.3196,31.96,0.3822,38.22,0.0541,5.41,Deep Focus Learner,0.35,35.0,35.76,0,66,2910,E,43.59,194,37,402.2,17672,10
26,9.94,86.98,57.4,46.03,0.7364,3,A-,73.66,0.5216,52.16,0.5286,52.86,0.4545,45.45,Weekend Learner,0.65,65.0,55.95,3,90,2911,A-,70.74,232,42,417.48,17673,4
45,9.21,85.3,72.54,54.29,0.8267,6,A,83.65,0.6889,68.89,0.6985,69.85,0.6415,64.15,High Achiever,0.6,60.0,74.64,6,30,2912,A-,78.14,315,60,552.55,17674,1
37,11.82,111.43,72.49,51.19,0.8203,4,A,83.35,0.6903,69.03,0.7371,73.71,0.5676,56.76,Consistent Climber,0.85,85.0,77.18,8,66,2913,A,83.7,268,50,590.77,17675,3
39,14.16,142.54,64.22,40.98,0.7951,4,A-,78.25,0.5719,57.19,0.6283,62.83,0.4926,49.26,Consistent Climber,0.65,65.0,69.77,3,90,2914,A,81.56,327,63,892.18,17676,5
16,16.59,164.36,26.1,13.51,0.6199,3,C,51.58,0.2674,26.74,0.2941,29.41,0.2286,22.86,Fresh Starter,0.25,25.0,43.45,0,60,2915,E,43.82,86,16,265.5,17677,10
23,11.68,105.33,31.19,11.54,0.5251,2,D,48.64,0.312,31.2,0.3187,31.87,0.2885,28.85,Weekend Learner,0.25,25.0,37.35,0,66,2916,E,44.19,234,42,490.35,17678,13
49,10.85,104.21,49.0,35.29,0.5862,5,B,63.14,0.4436,44.36,0.4803,48.03,0.3514,35.14,Consistent Climber,0.35,35.0,54.25,1,78,2917,B,62.31,390,76,824.78,17679,9
19,12.51,116.19,35.56,26.09,0.5762,2,C,50.03,0.4381,43.81,0.4861,48.61,0.3333,33.33,Deep Focus Learner,0.4,40.0,49.57,0,52,2918,C,51.5,105,19,237.67,17680,8
57,11.5,111.84,73.62,51.22,0.8575,5,A,89.2,0.6913,69.13,0.7248,72.48,0.6242,62.42,High Achiever,0.7,70.0,78.26,5,94,2919,A,88.45,447,87,1000.75,17681,1
44,9.88,84.23,71.04,53.0,0.8469,5,A,86.6,0.7143,71.43,0.7337,73.37,0.5745,57.45,Consistent Climber,0.8,80.0,74.91,4,66,2920,A,82.09,385,67,661.97,17682,1
37,12.89,138.88,34.53,26.0,0.5893,4,C,53.53,0.3519,35.19,0.4182,41.82,0.283,28.3,Flexible Learner,0.3,30.0,45.79,0,66,2921,C,50.51,216,45,580.17,17683,10
34,10.3,95.82,33.83,22.64,0.5961,2,B,60.13,0.3277,32.77,0.3485,34.85,0.2162,21.62,Consistent Climber,0.3,30.0,37.71,0,58,2922,E,43.63,235,45,463.62,17684,12
40,12.24,108.03,68.96,52.43,0.8223,4,A,87.82,0.6686,66.86,0.698,69.8,0.5814,58.14,High Achiever,0.8,80.0,74.19,5,66,2923,A-,78.16,341,59,722.18,17685,2
13,8.66,91.41,22.18,25.0,0.4497,2,G,34.88,0.2241,22.41,0.2273,22.73,0.2143,21.43,Fresh Starter,0.3,30.0,32.27,0,19,2924,G,29.24,58,13,112.62,17686,8
44,17.07,176.26,24.63,16.67,0.4719,5,D,45.18,0.2929,29.29,0.375,37.5,0.2552,25.52,Flexible Learner,0.2,20.0,39.02,1,82,2925,D,45.05,280,54,922.02,17687,14
32,12.47,142.91,45.89,30.95,0.67,3,B+,68.31,0.4593,45.93,0.5429,54.29,0.402,40.2,Flexible Learner,0.4,40.0,61.17,1,54,2926,B,62.73,172,39,486.27,17688,7
39,11.91,110.98,59.02,44.68,0.773,4,A-,76.55,0.5779,57.79,0.6121,61.21,0.4386,43.86,Consistent Climber,0.7,70.0,65.71,1,66,2927,B+,69.66,289,53,631.28,17689,3
37,13.2,138.95,48.42,27.54,0.6324,4,B,62.46,0.4508,45.08,0.4672,46.72,0.4366,43.66,Consistent Climber,0.3,30.0,59.73,1,78,2928,B+,66.61,264,54,713.07,17690,8
41,12.84,131.55,47.79,34.09,0.7013,5,A-,70.19,0.4419,44.19,0.4625,46.25,0.4082,40.82,Consistent Climber,0.3,30.0,55.75,1,42,2929,C+,57.36,258,52,667.65,17691,7
16,10.45,100.17,36.03,11.11,0.5206,2,D,49.11,0.3307,33.07,0.3333,33.33,0.3214,32.14,Weekend Learner,0.4,40.0,37.75,1,24,2930,E,40.68,127,25,261.35,17692,7
44,11.48,107.74,58.72,26.83,0.7312,5,A-,71.87,0.4757,47.57,0.4969,49.69,0.3977,39.77,Consistent Climber,0.25,25.0,55.12,2,98,2931,A-,74.71,412,76,872.23,17693,5
20,10.91,94.7,66.36,53.85,0.8135,4,A-,77.76,0.6742,67.42,0.7168,71.68,0.4211,42.11,Deep Focus Learner,0.65,65.0,73.77,3,42,2932,A-,76.69,132,23,251.0,17694,0
36,12.66,128.8,53.4,20.97,0.6483,3,B+,68.36,0.4041,40.41,0.3973,39.73,0.4141,41.41,Consistent Climber,0.4,40.0,50.07,3,66,2933,B,62.29,245,48,607.5,17695,9
18,12.93,116.43,25.91,10.91,0.4496,2,E,40.21,0.2303,23.03,0.2414,24.14,0.1818,18.18,Weekend Learner,0.05,5.0,26.62,0,63,2934,G,33.75,178,32,413.77,17696,11
43,11.34,106.67,71.28,56.44,0.8345,4,A,87.33,0.6712,67.12,0.7097,70.97,0.5543,55.43,High Achiever,0.5,50.0,74.24,4,90,2935,A,85.58,371,70,794.07,17697,1
19,13.05,147.1,47.49,46.67,0.7009,2,B,63.91,0.4783,47.83,0.4615,46.15,0.4906,49.06,Deep Focus Learner,0.4,40.0,61.17,1,40,2936,C+,59.56,92,20,261.1,17698,5
18,13.23,145.0,41.1,18.18,0.6437,2,B,61.97,0.4328,43.28,0.4722,47.22,0.4184,41.84,Weekend Learner,0.35,35.0,58.99,0,87,2937,B+,65.37,134,29,383.72,17699,6
20,8.6,79.98,56.26,0.0,0.6155,2,D,47.93,0.4257,42.57,0.381,38.1,0.6471,64.71,Fresh Starter,0.45,45.0,46.64,2,30,2938,C,53.49,101,20,172.03,17700,4
31,15.57,146.63,33.79,10.13,0.5046,3,D,46.81,0.2933,29.33,0.3529,35.29,0.2022,20.22,Flexible Learner,0.35,35.0,32.68,0,54,2939,E,43.4,225,40,622.67,17701,10
20,11.79,111.84,60.92,43.33,0.756,2,B+,69.91,0.5429,54.29,0.5821,58.21,0.4146,41.46,Weekend Learner,0.7,70.0,61.97,6,66,2940,A-,70.11,175,33,389.02,17702,6
27,11.17,109.11,55.16,32.08,0.7368,4,B+,67.28,0.4607,46.07,0.4581,45.81,0.4722,47.22,Deep Focus Learner,0.6,60.0,53.41,3,66,2941,B,64.89,191,38,424.48,17703,8
52,9.5,84.52,73.78,57.14,0.8871,6,A,89.13,0.6711,67.11,0.6546,65.46,0.7797,77.97,High Achiever,0.6,60.0,71.75,5,58,2942,A,80.27,447,82,779.28,17704,0
9,9.14,81.37,42.99,0.0,0.5652,2,E,41.59,0.3913,39.13,0.3421,34.21,0.625,62.5,Fresh Starter,0.4,40.0,51.25,1,29,2943,C,50.5,46,9,82.22,17705,4
22,11.22,108.4,37.38,27.27,0.5356,2,D,46.15,0.3631,36.31,0.3986,39.86,0.2439,24.39,Weekend Learner,0.65,65.0,39.61,0,30,2944,G,39.52,179,35,392.68,17706,9
45,11.97,107.89,66.44,41.74,0.8234,5,A,81.58,0.5922,59.22,0.6048,60.48,0.5373,53.73,High Achiever,0.7,70.0,68.49,5,90,2945,A,81.78,358,64,765.95,17707,4
33,13.14,159.78,42.88,28.85,0.6756,3,B+,65.43,0.4132,41.32,0.5283,52.83,0.3596,35.96,Flexible Learner,0.6,60.0,57.79,0,66,2946,B,61.86,167,39,512.55,17708,9
21,10.85,97.36,54.66,39.13,0.7528,2,B+,66.48,0.5174,51.74,0.5305,53.05,0.4565,45.65,Weekend Learner,0.65,65.0,55.95,2,78,2947,B+,67.56,259,47,509.97,17709,6
26,12.93,128.81,34.25,15.22,0.5484,3,D,48.79,0.2958,29.58,0.303,30.3,0.2895,28.95,Weekend Learner,0.2,20.0,44.03,1,54,2948,D,47.61,213,42,543.03,17710,11
40,14.89,156.1,55.72,39.39,0.7895,3,A,84.42,0.5367,53.67,0.6526,65.26,0.4695,46.95,High Achiever,0.4,40.0,74.53,1,58,2949,A-,74.32,259,52,774.3,17711,7
44,15.64,157.94,44.82,30.1,0.5942,5,B,62.06,0.4272,42.72,0.5426,54.26,0.3505,35.05,Consistent Climber,0.55,55.0,56.71,1,94,2950,B+,65.66,323,62,969.98,17712,10
25,13.71,118.42,32.26,23.64,0.5444,2,D,49.89,0.2872,28.72,0.2838,28.38,0.2979,29.79,Flexible Learner,0.1,10.0,37.62,0,42,2951,E,41.6,195,33,452.32,17713,12
20,9.99,97.5,21.33,15.38,0.5183,2,E,43.1,0.2222,22.22,0.2447,24.47,0.0714,7.14,Deep Focus Learner,0.15,15.0,24.24,0,30,2952,G,25.28,108,22,219.7,17714,10
55,15.83,144.66,67.36,47.37,0.8816,6,A,88.77,0.6157,61.57,0.6633,66.33,0.5509,55.09,High Achiever,0.5,50.0,74.03,5,98,2953,A,84.69,510,88,1393.43,17715,1
17,9.36,90.23,75.69,56.76,0.7542,2,A-,73.12,0.6821,68.21,0.7031,70.31,0.5652,56.52,Weekend Learner,0.65,65.0,70.7,7,73,2954,A,83.76,151,30,280.67,17716,2
29,15.8,138.02,45.6,20.69,0.605,5,C,54.12,0.3536,35.36,0.3966,39.66,0.2769,27.69,Flexible Learner,0.15,15.0,44.6,2,78,2955,C+,55.08,181,30,474.03,17717,9
37,14.79,134.2,49.93,28.57,0.716,6,B+,66.21,0.4317,43.17,0.4439,44.39,0.4118,41.18,Flexible Learner,0.4,40.0,52.0,0,66,2956,B,61.32,315,54,798.75,17718,6
39,11.28,103.28,40.6,27.4,0.5941,5,C+,59.36,0.3592,35.92,0.3834,38.34,0.25,25.0,Consistent Climber,0.2,20.0,39.74,1,94,2957,C+,57.32,309,56,631.68,17719,9
17,10.8,102.92,67.87,48.15,0.802,2,A-,77.53,0.6129,61.29,0.6104,61.04,0.625,62.5,Deep Focus Learner,0.75,75.0,68.64,5,53,2958,A-,76.48,93,18,194.4,17720,2
19,9.37,99.44,34.81,25.0,0.5345,2,G,38.58,0.3294,32.94,0.3016,30.16,0.4091,40.91,Fresh Starter,0.45,45.0,41.27,0,64,2959,D,46.91,85,19,177.98,17721,7
40,12.71,124.51,67.11,49.02,0.8173,3,A,83.2,0.6431,64.31,0.6957,69.57,0.5385,53.85,Consistent Climber,0.6,60.0,76.62,5,78,2960,A,83.05,311,60,762.4,17722,2
49,15.69,162.83,58.66,34.04,0.7507,5,A-,76.62,0.4985,49.85,0.5771,57.71,0.4125,41.25,Consistent Climber,0.3,30.0,64.6,2,86,2961,A-,73.42,335,65,1020.05,17723,5
35,13.34,130.08,49.29,25.0,0.7183,3,B+,67.18,0.4602,46.02,0.5115,51.15,0.3826,38.26,Flexible Learner,0.25,25.0,52.69,2,94,2962,B,64.71,289,54,720.37,17724,8
9,12.54,108.31,7.02,7.14,0.3305,3,G,25,0.0741,7.41,0.0698,6.98,0.0909,9.09,Fresh Starter,0.05,5.0,8.69,0,13,2963,G,20,54,9,112.85,17725,7
25,15.53,153.75,35.5,19.3,0.5114,3,D,47.41,0.3067,30.67,0.3402,34.02,0.2576,25.76,Flexible Learner,0.3,30.0,35.5,0,66,2964,D,46.37,163,31,481.42,17726,9
22,13.55,136.72,25.25,4.0,0.5143,4,E,40.71,0.25,25.0,0.2456,24.56,0.2542,25.42,Fresh Starter,0.15,15.0,35.77,0,58,2965,E,40.15,116,22,298.2,17727,9
38,9.88,89.24,46.68,24.14,0.6661,4,B,60.32,0.4,40.0,0.4048,40.48,0.3684,36.84,Flexible Learner,0.3,30.0,41.78,0,100,2966,C+,59.02,290,54,533.27,17728,9
15,15.9,160.12,27.15,16.0,0.5576,2,E,42.6,0.1818,18.18,0.2,20.0,0.1667,16.67,Fresh Starter,0.25,25.0,33.72,1,38,2967,G,35.89,77,15,238.48,17729,6
21,12.27,120.95,47.62,25.93,0.5879,2,C,54.12,0.4186,41.86,0.4865,48.65,0.3273,32.73,Deep Focus Learner,0.25,25.0,54.86,1,70,2968,B,60.01,129,25,306.8,17730,6
37,12.18,106.3,58.68,48.19,0.7702,4,A-,74.95,0.5517,55.17,0.5833,58.33,0.4,40.0,Flexible Learner,0.5,50.0,60.12,1,90,2969,A-,71.82,261,45,548.27,17731,2
25,13.98,148.53,53.61,35.14,0.7283,3,A-,70.78,0.5169,51.69,0.5729,57.29,0.4786,47.86,Weekend Learner,0.4,40.0,68.47,2,54,2970,B+,68.57,236,48,671.03,17732,7
32,12.76,117.08,33.9,13.46,0.5366,3,C,50.19,0.314,31.4,0.3533,35.33,0.2105,21.05,Deep Focus Learner,0.25,25.0,38.86,0,54,2971,E,42.77,207,37,472.17,17733,12
27,10.8,95.57,46.3,25.71,0.6221,3,C+,58.63,0.4798,47.98,0.5105,51.05,0.3333,33.33,Deep Focus Learner,0.45,45.0,53.26,2,30,2972,C,52.96,173,31,334.8,17734,8
41,17.54,176.04,34.89,15.13,0.589,5,B,62.71,0.2922,29.22,0.3689,36.89,0.2419,24.19,Consistent Climber,0.2,20.0,45.27,0,98,2973,C+,56.9,308,58,1017.12,17735,13
25,11.91,108.83,27.02,12.5,0.5266,3,D,46.74,0.2667,26.67,0.3008,30.08,0.1111,11.11,Deep Focus Learner,0.4,40.0,29.8,0,30,2974,G,34.37,150,27,321.58,17736,12
39,15.49,166.54,34.23,25.32,0.5864,4,C,52.06,0.3583,35.83,0.3737,37.37,0.3484,34.84,Flexible Learner,0.4,40.0,53.73,0,30,2975,D,49.19,254,51,789.83,17737,14
38,12.87,125.29,53.11,41.12,0.7214,4,A-,73.08,0.526,52.6,0.5455,54.55,0.4915,49.15,Consistent Climber,0.35,35.0,60.48,2,98,2976,A-,70.51,327,62,798.07,17738,7
15,10.5,89.68,20.95,7.14,0.3802,3,G,25,0.1954,19.54,0.2208,22.08,0.0,0.0,Fresh Starter,0.2,20.0,20.34,0,22,2977,G,24.59,87,15,157.45,17739,9
24,17.66,171.06,53.94,46.88,0.7829,3,A-,76.3,0.5683,56.83,0.619,61.9,0.5263,52.63,Deep Focus Learner,0.65,65.0,74.8,1,70,2978,A-,74.16,139,25,441.47,17740,5
45,15.24,161.18,52.11,25.27,0.6046,5,B,63.17,0.3901,39.01,0.4409,44.09,0.3484,34.84,Consistent Climber,0.35,35.0,50.83,1,78,2979,B,62.5,282,57,868.75,17741,6
26,9.66,86.05,48.28,31.25,0.6045,3,C+,56.51,0.461,46.1,0.4692,46.92,0.4167,41.67,Deep Focus Learner,0.3,30.0,48.52,1,66,2980,C+,59.54,154,28,270.47,17742,6
45,14.6,136.76,56.41,36.88,0.7414,5,A-,76.67,0.5571,55.71,0.6095,60.95,0.4695,46.95,Consistent Climber,0.45,45.0,67.19,2,98,2981,A-,78.18,438,78,1139.15,17743,3
37,14.09,156.66,53.03,42.31,0.745,5,A-,76.14,0.513,51.3,0.6111,61.11,0.4684,46.84,Consistent Climber,0.45,45.0,69.13,0,62,2982,B+,69.17,230,49,690.5,17744,7
54,17.94,187.07,62.07,31.82,0.7822,4,A,80.42,0.5047,50.47,0.6429,64.29,0.4463,44.63,High Achiever,0.4,40.0,69.77,6,98,2983,A-,78.84,424,82,1471.17,17745,5
45,12.16,129.67,49.86,40.51,0.7566,7,B+,68.96,0.5077,50.77,0.5562,55.62,0.43,43.0,Flexible Learner,0.7,70.0,63.28,3,58,2984,B,63.33,260,54,656.9,17746,8
29,15.75,164.21,30.09,19.15,0.5657,4,C,51.69,0.2703,27.03,0.3276,32.76,0.2441,24.41,Flexible Learner,0.35,35.0,40.52,0,78,2985,D,46.26,185,36,566.97,17747,11
21,9.16,92.63,21.03,6.25,0.4283,2,G,37.46,0.2037,20.37,0.2159,21.59,0.15,15.0,Weekend Learner,0.2,20.0,24.23,0,30,2986,G,26.6,216,45,412.35,17748,12
36,11.38,107.24,70.93,42.67,0.8357,5,A,83.06,0.6764,67.64,0.7087,70.87,0.5797,57.97,Consistent Climber,0.55,55.0,75.64,5,90,2987,A,88.14,275,52,591.58,17749,2
42,15.98,166.02,47.84,24.03,0.6565,4,B+,65.4,0.3861,38.61,0.5333,53.33,0.3025,30.25,Consistent Climber,0.5,50.0,50.28,2,54,2988,C+,56.73,373,73,1166.18,17750,8
15,9.11,78.0,31.27,19.23,0.5144,2,D,47.93,0.2923,29.23,0.2923,29.23,0.0,0,Weekend Learner,0.3,30.0,29.23,0,34,2989,G,33.6,130,23,209.47,17751,8
35,15.95,148.82,46.86,31.4,0.6459,4,B,62.62,0.4228,42.28,0.4748,47.48,0.3551,35.51,Flexible Learner,0.65,65.0,53.97,0,54,2990,C+,55.65,246,43,685.88,17752,9
27,14.72,138.2,53.12,28.21,0.6724,3,B,62.82,0.4637,46.37,0.5,50.0,0.4118,41.18,Weekend Learner,0.6,60.0,54.7,2,42,2991,C+,59.79,248,45,662.18,17753,6
34,16.79,161.73,53.51,32.04,0.7696,3,A,81.83,0.5238,52.38,0.6549,65.49,0.4173,41.73,Consistent Climber,0.35,35.0,70.54,2,86,2992,A-,75.54,252,45,755.43,17754,6
15,7.37,87.99,24.08,36.36,0.4596,2,G,38.46,0.25,25.0,0.2727,27.27,0.1818,18.18,Weekend Learner,0.35,35.0,29.75,0,34,2993,G,29.21,88,22,162.23,17755,9
56,14.77,144.62,68.3,43.23,0.8281,6,A,87.59,0.5975,59.75,0.6701,67.01,0.4807,48.07,High Achiever,0.7,70.0,73.27,4,78,2994,A,81.09,472,89,1314.62,17756,2
21,8.46,94.03,17.92,16.67,0.3687,2,G,25.98,0.1477,14.77,0.1587,15.87,0.12,12.0,Fresh Starter,0.1,10.0,21.15,0,42,2995,G,28.36,88,21,177.65,17757,10
24,15.58,153.86,57.5,33.87,0.8173,2,A-,77.05,0.5472,54.72,0.6774,67.74,0.3636,36.36,Deep Focus Learner,0.75,75.0,69.93,4,42,2996,B+,68.42,159,30,467.3,17758,5
27,9.92,94.48,51.95,37.93,0.7106,4,B+,67.03,0.5175,51.75,0.5164,51.64,0.5238,52.38,Flexible Learner,0.6,60.0,56.27,1,46,2997,C+,58.79,143,28,277.83,17759,4
44,9.79,86.75,61.74,38.89,0.7469,5,A-,78.87,0.5747,57.47,0.5798,57.98,0.5366,53.66,Consistent Climber,0.7,70.0,62.48,2,66,2998,B+,69.0,348,65,636.08,17760,4
40,13.53,127.14,54.26,40.43,0.7637,4,A,80.19,0.5482,54.82,0.5907,59.07,0.4423,44.23,Consistent Climber,0.5,50.0,68.37,1,58,2999,A-,71.86,363,66,892.82,17761,6
47,10.98,101.56,67.52,40.0,0.7757,5,A,80.18,0.6322,63.22,0.6808,68.08,0.4667,46.67,Consistent Climber,0.7,70.0,70.23,3,58,3000,A-,75.64,397,74,812.63,17762,1
